scenario_type,scheduler_type,seed,tt_rate_mult,tt_deadline,dynamic_config_id,cnt_staleness,cnt_failure_rate,cnt_noise_id,mission_count,experiment,tt_miss_rate,rc_miss_rate,be_miss_rate,tt_misses,rc_misses,be_misses,tt_total,rc_total,be_total,jain_index,mean_utilization,mean_worst_tt_aos,max_worst_tt_aos,mean_sched_time,median_sched_time,p95_sched_time,max_sched_time
balanced,FIFO,1026,1.0,3.0,B1-a,0,0.0,none,0,B,0.0381679389312977,0.0,0.0,40,0,0,1048,2000,1361,0.9998728379943336,226.05,-1.01,1.0,6.568808013980743e-06,6.582999958482105e-06,9.044100715982494e-06,1.8917000488727357e-05
balanced,FIFO,1027,1.0,3.0,B1-a,0,0.0,none,0,B,0.0338818973862536,0.0,0.0,35,0,0,1033,2000,1368,0.9999588349449312,227.425,-1.114,1.0,6.179380026878789e-06,5.874999715160811e-06,8.294050485346813e-06,1.6291999600070994e-05
balanced,FIFO,1028,1.0,3.0,B1-a,0,0.0,none,0,B,0.0452830188679245,0.0,0.0,48,0,0,1060,2000,1364,0.9999986926842716,227.425,-1.43,1.0,6.0182980068930194e-06,5.709000106435269e-06,8.624999327366823e-06,1.4666999959445093e-05
balanced,FIFO,1029,1.0,3.0,B1-a,0,0.0,none,0,B,0.0458452722063037,0.0,0.0,48,0,0,1047,2000,1361,0.9999557002131764,226.85,-1.612,1.0,5.693539997082553e-06,5.290999979479238e-06,8.379200062336164e-06,1.5666999388486147e-05
balanced,FIFO,1000,1.0,3.0,B1-b,0,0.0,none,0,B,0.0039024390243902,0.0,0.0,4,0,0,1025,2000,1361,0.9999811226925628,227.125,-1.744,1.0,5.546661999687785e-06,5.291999514156487e-06,7.419049325108061e-06,3.362600000400562e-05
balanced,FIFO,1001,1.0,3.0,B1-b,0,0.0,none,0,B,0.01171875,0.0,0.0,12,0,0,1024,2000,1372,0.9998990026511804,227.85,-1.738,1.0,6.007537982441136e-06,5.416999556473456e-06,8.41904970911855e-06,7.541800005128607e-05
balanced,FIFO,1002,1.0,3.0,B1-b,0,0.0,none,0,B,0.0178926441351888,0.0,0.0,18,0,0,1006,2000,1383,0.9999319534729773,228.125,-1.05,1.0,6.379986010870197e-06,6.250000296859071e-06,8.294049621326847e-06,1.5999999959603883e-05
balanced,FIFO,1003,1.0,3.0,B1-b,0,0.0,none,0,B,0.0118343195266272,0.0,0.0,12,0,0,1014,2000,1320,0.9999997856653408,223.9,-1.89,1.0,5.221821991653996e-06,4.958000317856204e-06,7.667000318178907e-06,1.500000053056283e-05
balanced,FIFO,1004,1.0,3.0,B1-b,0,0.0,none,0,B,0.0102459016393442,0.0,0.0,10,0,0,976,2000,1365,0.9999692223053648,226.2,-1.332,1.0,6.149383994852542e-06,5.832999704580288e-06,8.710099791642277e-06,1.7000999832816888e-05
balanced,FIFO,1005,1.0,3.0,B1-b,0,0.0,none,0,B,0.0190657769304099,0.0,0.0,20,0,0,1049,2000,1327,0.9999719544582816,224.55,-0.756,1.0,6.709772003887338e-06,6.666999979643151e-06,8.967300300355411e-06,3.779300004680408e-05
balanced,FIFO,1006,1.0,3.0,B1-b,0,0.0,none,0,B,0.0,0.0,0.0,0,0,0,1045,2000,1330,0.9999357694251348,225.5,-2.054,1.0,5.189606021303916e-06,4.959000307280803e-06,6.961049621168057e-06,1.908400008687749e-05
balanced,FIFO,1007,1.0,3.0,B1-b,0,0.0,none,0,B,0.0228174603174603,0.0,0.0,23,0,0,1008,2000,1341,0.9999946366962392,224.825,-1.494,1.0,5.984130013530375e-06,5.583000529441051e-06,8.416050150117371e-06,3.587600076571107e-05
balanced,FIFO,1008,1.0,3.0,B1-b,0,0.0,none,0,B,0.008955223880597,0.0,0.0,9,0,0,1005,2000,1326,0.9999991426619148,224.225,-1.928,1.0,5.575307990511646e-06,5.332999990059761e-06,7.832999517631834e-06,1.62090000230819e-05
balanced,FIFO,1009,1.0,3.0,B1-b,0,0.0,none,0,B,0.0352716873212583,0.0,0.0,37,0,0,1049,2000,1343,0.9999991552234644,225.825,-1.09,1.0,6.426017978810705e-06,6.24999984211172e-06,8.666999747219961e-06,1.766700006555766e-05
balanced,FIFO,1010,1.0,3.0,B1-b,0,0.0,none,0,B,0.0,0.0,0.0,0,0,0,1022,2000,1311,0.9999980763385798,223.5,-2.28,1.0,5.299417996866395e-06,5.083000360173173e-06,7.544050276919732e-06,1.183299991680542e-05
balanced,FIFO,1011,1.0,3.0,B1-b,0,0.0,none,0,B,0.0057803468208092,0.0,0.0,6,0,0,1038,2000,1350,0.9999466261470166,226.9,-1.766,1.0,5.682104014340439e-06,5.417000465968158e-06,7.631250718986842e-06,1.6541999684704933e-05
balanced,FIFO,1012,1.0,3.0,B1-b,0,0.0,none,0,B,0.0030150753768844,0.0,0.0,3,0,0,995,2000,1349,0.9999965959185064,225.7,-1.884,1.0,5.425856024885434e-06,5.084000349597773e-06,7.627100694662656e-06,1.0834000022441614e-05
balanced,FIFO,1013,1.0,3.0,B1-b,0,0.0,none,0,B,0.020812685827552,0.0,0.0,21,0,0,1009,2000,1335,0.9999894879787528,224.575,-2.134,1.0,5.253119990811683e-06,4.91700029670028e-06,8.000049956535803e-06,2.40420004047337e-05
balanced,FIFO,1014,1.0,3.0,B1-b,0,0.0,none,0,B,0.0019782393669634,0.0,0.0,2,0,0,1011,2000,1381,0.9998989103200868,228.075,-0.844,1.0,6.422631993700634e-06,6.374999429681338e-06,8.04199958110985e-06,1.874999998108251e-05
balanced,FIFO,1015,1.0,3.0,B1-b,0,0.0,none,0,B,0.0059055118110236,0.0,0.0,6,0,0,1016,2000,1323,0.999999144247374,223.95,-1.986,1.0,5.318502006048221e-06,4.916000307275681e-06,7.796150339345327e-06,2.887600021495018e-05
balanced,FIFO,1016,1.0,3.0,B1-b,0,0.0,none,0,B,0.0038948393378773,0.0,0.0,4,0,0,1027,2000,1336,0.9997967100020584,225.175,-1.856,1.0,5.398013998274109e-06,5.207999492995441e-06,7.458050231434754e-06,2.1083000319777057e-05
balanced,FIFO,1017,1.0,3.0,B1-b,0,0.0,none,0,B,0.0127077223851417,0.0,0.0,13,0,0,1023,2000,1352,0.9999424263107002,225.825,-1.11,1.0,6.397205970642972e-06,5.999999757477781e-06,9.63220004450704e-06,2.083399976982037e-05
balanced,FIFO,1018,1.0,3.0,B1-b,0,0.0,none,0,B,0.0185365853658536,0.0,0.0,19,0,0,1025,2000,1283,0.9999955720307596,220.725,-2.062,1.0,5.188777979128645e-06,4.750000243802788e-06,7.752099872959659e-06,1.3042000318819191e-05
balanced,FIFO,1019,1.0,3.0,B1-b,0,0.0,none,0,B,0.023391812865497,0.0,0.0,24,0,0,1026,2000,1363,0.999997409305879,226.4,-1.252,1.0,5.941785990216886e-06,5.750499894929817e-06,8.128049603328688e-06,1.4500000361294951e-05
balanced,FIFO,1020,1.0,3.0,B1-b,0,0.0,none,0,B,0.0029556650246305,0.0,0.0,3,0,0,1015,2000,1338,0.9998821392080544,224.55,-1.718,1.0,5.607179971775622e-06,5.208500169828767e-06,7.502099788325721e-06,1.9500999769661576e-05
balanced,FIFO,1021,1.0,3.0,B1-b,0,0.0,none,0,B,0.0284872298624754,0.0,0.0,29,0,0,1018,2000,1362,0.9999388562306876,226.725,-1.644,1.0,5.662188010319369e-06,5.3544999900623225e-06,8.29310006338346e-06,1.8041999283013865e-05
balanced,FIFO,1022,1.0,3.0,B1-b,0,0.0,none,0,B,0.0056657223796034,0.0,0.0,6,0,0,1059,2000,1353,0.9999999480405304,226.85,-1.58,1.0,5.8395080031914405e-06,5.583000529441051e-06,7.999999979801942e-06,1.4332999853650108e-05
balanced,FIFO,1023,1.0,3.0,B1-b,0,0.0,none,0,B,0.0079920079920079,0.0,0.0,8,0,0,1001,2000,1351,0.9999991521090864,226.15,-1.334,1.0,6.040113989001839e-06,5.709000106435269e-06,8.249999200415915e-06,2.912499985541217e-05
balanced,FIFO,1024,1.0,3.0,B1-b,0,0.0,none,0,B,0.0108588351431391,0.0,0.0,11,0,0,1013,2000,1320,0.9999878821864157,223.35,-1.782,1.0,5.452606004837435e-06,5.083999894850422e-06,8.086050002020782e-06,1.7999999727180693e-05
balanced,FIFO,1025,1.0,3.0,B1-b,0,0.0,none,0,B,0.0241206030150753,0.0,0.0,24,0,0,995,2000,1357,0.9999662462005372,224.75,-1.532,1.0,5.601436005235882e-06,5.333000444807112e-06,7.957999514474068e-06,1.2124999557272533e-05
balanced,FIFO,1026,1.0,3.0,B1-b,0,0.0,none,0,B,0.0048732943469785,0.0,0.0,5,0,0,1026,2000,1349,0.9998676563571322,225.475,-1.024,1.0,6.205169991517323e-06,6.416999895009212e-06,8.041049977691727e-06,1.6417000551882666e-05
balanced,FIFO,1027,1.0,3.0,B1-b,0,0.0,none,0,B,0.0,0.0,0.0,0,0,0,1013,2000,1354,0.9999768760424788,226.875,-1.908,0.0,5.434115993921296e-06,5.33299953531241e-06,6.792000021960121e-06,1.7208999452122953e-05
balanced,FIFO,1028,1.0,3.0,B1-b,0,0.0,none,0,B,0.0019230769230769,0.0,0.0,2,0,0,1040,2000,1348,0.9999974493431746,226.875,-1.732,1.0,5.448765990877291e-06,5.33299953531241e-06,7.083050149958581e-06,1.3792000572721008e-05
balanced,FIFO,1029,1.0,3.0,B1-b,0,0.0,none,0,B,0.0126705653021442,0.0,0.0,13,0,0,1026,2000,1348,0.9999696726222757,226.225,-1.658,1.0,5.732117993829888e-06,5.3544999900623225e-06,8.086050002020782e-06,2.0708000192826148e-05
balanced,FIFO,1000,1.0,3.0,B1-c,0,0.0,none,0,B,0.0,0.0,0.0,0,0,0,1016,2000,1358,0.9999911301891936,226.775,-1.762,1.0,5.562288004512084e-06,5.3754997679789085e-06,7.292000191227999e-06,1.4709000424772968e-05
balanced,FIFO,1001,1.0,3.0,B1-c,0,0.0,none,0,B,0.0049407114624505,0.0,0.0,5,0,0,1012,2000,1367,0.9999320780347912,227.35,-1.756,1.0,5.549483988943393e-06,5.2915002015652135e-06,7.667000318178907e-06,1.675099974818295e-05
balanced,FIFO,1002,1.0,3.0,B1-c,0,0.0,none,0,B,0.0080482897384305,0.0,0.0,8,0,0,994,2000,1380,0.9998934373511082,227.85,-1.402,1.0,5.8587120020092695e-06,5.625000085274223e-06,7.712200294918145e-06,3.174999983457383e-05
balanced,FIFO,1003,1.0,3.0,B1-c,0,0.0,none,0,B,0.0109343936381709,0.0,0.0,11,0,0,1006,2000,1317,0.999994616767692,223.5,-1.944,1.0,5.4909420032345225e-06,5.124999916006345e-06,7.921150381662297e-06,3.1583999771100935e-05
balanced,FIFO,1004,1.0,3.0,B1-c,0,0.0,none,0,B,0.001031991744066,0.0,0.0,1,0,0,969,2000,1361,0.9999786066237316,225.95,-1.596,1.0,5.667301984431105e-06,5.416999556473456e-06,7.210100193333345e-06,4.166700000496349e-05
balanced,FIFO,1005,1.0,3.0,B1-c,0,0.0,none,0,B,0.004803073967339,0.0,0.0,5,0,0,1041,2000,1321,0.999906528685202,224.275,-0.986,1.0,6.201938002050156e-06,6.250000296859071e-06,7.960100401760426e-06,1.3792000572721008e-05
balanced,FIFO,1006,1.0,3.0,B1-c,0,0.0,none,0,B,0.0,0.0,0.0,0,0,0,1034,2000,1324,0.999952439836393,224.775,-2.172,1.0,5.1677479859790765e-06,4.874999831372406e-06,6.624999559790012e-06,2.2750000425730832e-05
balanced,FIFO,1007,1.0,3.0,B1-c,0,0.0,none,0,B,0.0090180360721442,0.0,0.0,9,0,0,998,2000,1331,0.999957836151284,224.175,-1.614,1.0,5.668504016284714e-06,5.458500254462706e-06,7.916049935374758e-06,2.9584000003524125e-05
balanced,FIFO,1008,1.0,3.0,B1-c,0,0.0,none,0,B,0.0,0.0,0.0,0,0,0,994,2000,1321,0.9999986560580548,223.8,-2.34,0.0,4.981107989806333e-06,4.791999344888609e-06,6.458049938373733e-06,1.6167000467248727e-05
balanced,FIFO,1009,1.0,3.0,B1-c,0,0.0,none,0,B,0.0231213872832369,0.0,0.0,24,0,0,1038,2000,1335,1.0,225.275,-1.322,1.0,5.832098024256993e-06,5.500500265043229e-06,8.209000043279957e-06,1.5999999959603883e-05
balanced,FIFO,1010,1.0,3.0,B1-c,0,0.0,none,0,B,0.0,0.0,0.0,0,0,0,1008,2000,1306,0.9999973585330004,222.775,-2.428,0.0,4.834772007598076e-06,4.729500233224826e-06,5.791999683424365e-06,1.4041999747860244e-05
balanced,FIFO,1011,1.0,3.0,B1-c,0,0.0,none,0,B,0.0,0.0,0.0,0,0,0,1032,2000,1343,0.9999359455488012,226.375,-1.78,1.0,5.38384595165553e-06,5.249999958323315e-06,7.00005052749475e-06,1.5333000192185864e-05
balanced,FIFO,1012,1.0,3.0,B1-c,0,0.0,none,0,B,0.0,0.0,0.0,0,0,0,985,2000,1343,0.999995665762898,225.075,-2.14,0.0,5.231589982940932e-06,5.124999916006345e-06,6.749999556632247e-06,1.5209000594040845e-05
balanced,FIFO,1013,1.0,3.0,B1-c,0,0.0,none,0,B,0.015015015015015,0.0,0.0,15,0,0,999,2000,1331,0.999999138678936,224.175,-2.234,1.0,5.233842006418854e-06,4.957999863108853e-06,7.792000360495877e-06,1.5416999303852208e-05
balanced,FIFO,1014,1.0,3.0,B1-c,0,0.0,none,0,B,0.0,0.0,0.0,0,0,0,1002,2000,1376,0.9998790347984964,227.525,-1.6,1.0,5.746867984271376e-06,5.500000042957254e-06,7.253050171129869e-06,3.579300027922727e-05
balanced,FIFO,1015,1.0,3.0,B1-c,0,0.0,none,0,B,0.0,0.0,0.0,0,0,0,1007,2000,1318,0.9999965642970337,223.5,-2.114,1.0,5.193019975195057e-06,5.082999450678472e-06,6.79404997754318e-06,1.3916999705543276e-05
balanced,FIFO,1016,1.0,3.0,B1-c,0,0.0,none,0,B,0.0,0.0,0.0,0,0,0,1015,2000,1330,0.99976814879695,224.525,-2.058,0.0,5.170331998670008e-06,5.166999471839517e-06,6.666999979643151e-06,1.104199964174768e-05
balanced,FIFO,1017,1.0,3.0,B1-c,0,0.0,none,0,B,0.0,0.0,0.0,0,0,0,1012,2000,1345,0.9998779185106058,225.35,-1.448,1.0,5.866875990250264e-06,5.625000085274223e-06,7.91699953879288e-06,2.520899943192489e-05
balanced,FIFO,1018,1.0,3.0,B1-c,0,0.0,none,0,B,0.0049261083743842,0.0,0.0,5,0,0,1015,2000,1279,0.9999995080014812,220.525,-2.19,1.0,5.129707984451671e-06,4.792000254383311e-06,7.211049705801996e-06,1.795899970602477e-05
balanced,FIFO,1019,1.0,3.0,B1-c,0,0.0,none,0,B,0.0108588351431391,0.0,0.0,11,0,0,1013,2000,1358,0.999978803158499,226.025,-1.258,1.0,6.053061972124851e-06,5.750000127591193e-06,7.999999979801942e-06,2.3167000108514912e-05
balanced,FIFO,1020,1.0,3.0,B1-c,0,0.0,none,0,B,0.0,0.0,0.0,0,0,0,1005,2000,1332,0.9998960804285952,223.925,-1.91,1.0,5.271124005957972e-06,5.041999429522548e-06,6.833000043116044e-06,1.9209000129194465e-05
balanced,FIFO,1021,1.0,3.0,B1-c,0,0.0,none,0,B,0.0178217821782178,0.0,0.0,18,0,0,1010,2000,1355,0.999969476832916,226.275,-1.672,1.0,5.649877990435925e-06,5.291499746817863e-06,7.83509949542349e-06,4.191700008959742e-05
balanced,FIFO,1022,1.0,3.0,B1-c,0,0.0,none,0,B,0.0,0.0,0.0,0,0,0,1049,2000,1345,0.9999999477551048,226.15,-1.904,1.0,5.373325962864328e-06,5.208999937167391e-06,6.794050023017915e-06,1.7917999684868846e-05
balanced,FIFO,1023,1.0,3.0,B1-c,0,0.0,none,0,B,0.0,0.0,0.0,0,0,0,992,2000,1346,0.9999997874403612,225.75,-1.828,1.0,5.276456005958607e-06,5.208500169828767e-06,6.752100443918606e-06,1.566700029798085e-05
balanced,FIFO,1024,1.0,3.0,B1-c,0,0.0,none,0,B,0.0029880478087649,0.0,0.0,3,0,0,1004,2000,1314,0.999951372652758,222.875,-1.924,1.0,5.210029990848852e-06,4.957999408361502e-06,7.296150170077449e-06,1.4458999430644326e-05
balanced,FIFO,1025,1.0,3.0,B1-c,0,0.0,none,0,B,0.0162271805273833,0.0,0.0,16,0,0,986,2000,1350,0.9999878030600768,224.2,-1.548,1.0,5.788892014606973e-06,5.416000021796208e-06,8.3351004832366e-06,2.204200063715689e-05
balanced,FIFO,1026,1.0,3.0,B1-c,0,0.0,none,0,B,0.0,0.0,0.0,0,0,0,1016,2000,1340,0.9998392034612558,224.925,-1.896,0.0,5.360780007322319e-06,5.333000444807112e-06,6.544100779137805e-06,1.3291999493958429e-05
balanced,FIFO,1027,1.0,3.0,B1-c,0,0.0,none,0,B,0.0,0.0,0.0,0,0,0,998,2000,1346,0.999974351935952,225.9,-2.088,0.0,5.121202029840788e-06,5.041499662183924e-06,6.291999852692243e-06,1.4792000001762062e-05
balanced,FIFO,1028,1.0,3.0,B1-c,0,0.0,none,0,B,0.0,0.0,0.0,0,0,0,1032,2000,1340,0.9999957565500268,226.125,-2.022,0.0,5.359743989174604e-06,5.251000402495265e-06,6.58605040371185e-06,1.5083000107551923e-05
balanced,FIFO,1029,1.0,3.0,B1-c,0,0.0,none,0,B,0.0029498525073746,0.0,0.0,3,0,0,1017,2000,1341,0.9999923970625628,225.725,-1.688,1.0,5.619033978291555e-06,5.3544999900623225e-06,7.711099851803735e-06,1.3125000805302989e-05
balanced,FIFO,1000,1.0,3.0,B1-d,0,0.0,none,0,B,0.0857142857142857,0.0,0.0,93,0,0,1085,2000,1403,0.9999991682699996,229.55,-1.244,1.0,6.1487380080507135e-06,5.708000571758021e-06,8.380149665754285e-06,1.6166999557754025e-05
balanced,FIFO,1001,1.0,3.0,B1-d,0,0.0,none,0,B,0.1007393715341959,0.0,0.0,109,0,0,1082,2000,1414,0.9999974470138138,230.025,-0.774,1.0,6.614891995923245e-06,6.499999471998308e-06,8.838150233714255e-06,2.058300015050918e-05
balanced,FIFO,1002,1.0,3.0,B1-d,0,0.0,none,0,B,0.133953488372093,0.0,0.0,144,0,0,1075,2000,1415,0.9999668039584128,229.1,-0.678,1.0,6.5301079830533125e-06,6.665999535471201e-06,8.627100214653181e-06,1.4582999938284049e-05
balanced,FIFO,1003,1.0,3.0,B1-d,0,0.0,none,0,B,0.0607476635514018,0.0,0.0,65,0,0,1070,2000,1376,0.9999974446812604,228.175,-0.926,1.0,6.303355994532467e-06,6.374999884428689e-06,8.465200153295877e-06,1.704199985397281e-05
balanced,FIFO,1004,1.0,3.0,B1-d,0,0.0,none,0,B,0.0893203883495145,0.0,0.0,92,0,0,1030,2000,1402,0.9999999467865064,228.275,-0.784,1.0,6.562266009495943e-06,6.50000038149301e-06,8.707999768375885e-06,1.820799934648676e-05
balanced,FIFO,1005,1.0,3.0,B1-d,0,0.0,none,0,B,0.0863309352517985,0.0,0.0,96,0,0,1112,2000,1366,0.99998485995458,227.15,-0.646,1.0,6.768981997083756e-06,6.8125000325380825e-06,8.750000233703759e-06,1.62090000230819e-05
balanced,FIFO,1006,1.0,3.0,B1-d,0,0.0,none,0,B,0.0768526989935956,0.0,0.0,84,0,0,1093,2000,1360,0.999961670009806,226.85,-1.398,1.0,6.101473958551651e-06,5.7705001381691545e-06,8.586049261793958e-06,2.1916999685345218e-05
balanced,FIFO,1007,1.0,3.0,B1-d,0,0.0,none,0,B,0.0909935004642525,0.0,0.0,98,0,0,1077,2000,1371,0.9999386306219606,226.825,-0.838,1.0,6.482137960119871e-06,6.521000159409596e-06,8.749999369683793e-06,2.7542000680114143e-05
balanced,FIFO,1008,1.0,3.0,B1-d,0,0.0,none,0,B,0.0647279549718574,0.0,0.0,69,0,0,1066,2000,1371,0.9999991606324886,227.625,-1.302,1.0,5.945097984294989e-06,5.792000138171716e-06,8.044050400712874e-06,1.6042000424931757e-05
balanced,FIFO,1009,1.0,3.0,B1-d,0,0.0,none,0,B,0.1029143897996357,0.0,0.0,113,0,0,1098,2000,1387,0.9999999476115092,228.45,-0.716,1.0,6.657362027908675e-06,6.479499916167697e-06,8.624999327366823e-06,2.00829999812413e-05
balanced,FIFO,1010,1.0,3.0,B1-d,0,0.0,none,0,B,0.0753676470588235,0.0,0.0,82,0,0,1088,2000,1346,0.9999999470311656,225.725,-1.606,1.0,5.766085991126601e-06,5.249999958323315e-06,8.374999242732884e-06,1.8708999959926587e-05
balanced,FIFO,1011,1.0,3.0,B1-d,0,0.0,none,0,B,0.095667870036101,0.0,0.0,106,0,0,1108,2000,1389,0.9999040236862692,229.075,-0.772,1.0,6.581827999980305e-06,6.458999905589735e-06,8.544050615455488e-06,2.658399989741156e-05
balanced,FIFO,1012,1.0,3.0,B1-d,0,0.0,none,0,B,0.0772163965681601,0.0,0.0,81,0,0,1049,2000,1394,0.9999999473225362,228.475,-0.998,1.0,6.347388018184574e-06,6.207999831531197e-06,8.460099707008338e-06,1.449999945180025e-05
balanced,FIFO,1013,1.0,3.0,B1-d,0,0.0,none,0,B,0.0931326434619002,0.0,0.0,99,0,0,1063,2000,1376,0.9999995210787606,227.05,-1.194,1.0,6.048342036592658e-06,5.625000085274223e-06,8.416999662586022e-06,1.6250000044237822e-05
balanced,FIFO,1014,1.0,3.0,B1-d,0,0.0,none,0,B,0.0943925233644859,0.0,0.0,101,0,0,1070,2000,1419,0.9999768972080826,229.675,-0.452,1.0,6.60036401313846e-06,6.750000466126949e-06,8.37500010675285e-06,1.5251000149874017e-05
balanced,FIFO,1015,1.0,3.0,B1-d,0,0.0,none,0,B,0.0651162790697674,0.0,0.0,70,0,0,1075,2000,1364,0.99998295627063,226.9,-1.03,1.0,6.27388999600953e-06,6.166999810375273e-06,8.338150064446377e-06,1.4584000382455995e-05
balanced,FIFO,1016,1.0,3.0,B1-d,0,0.0,none,0,B,0.0863509749303621,0.0,0.0,93,0,0,1077,2000,1386,0.9999390246218156,227.725,-0.708,1.0,6.750197964720428e-06,6.541999937326182e-06,8.710149768376138e-06,6.050100000720704e-05
balanced,FIFO,1017,1.0,3.0,B1-d,0,0.0,none,0,B,0.1031307550644567,0.0,0.0,112,0,0,1086,2000,1395,0.9999924110192,228.15,-0.518,1.0,7.566950009277207e-06,6.916500296938466e-06,8.75005021043762e-06,0.0003595479993236
balanced,FIFO,1018,1.0,3.0,B1-d,0,0.0,none,0,B,0.0661764705882353,0.0,0.0,72,0,0,1088,2000,1336,0.9999997876362234,224.95,-0.968,1.0,6.270475991186686e-06,6.457999916165136e-06,8.50000014906982e-06,2.9083999834256247e-05
balanced,FIFO,1019,1.0,3.0,B1-d,0,0.0,none,0,B,0.1070110701107011,0.0,0.0,116,0,0,1084,2000,1403,0.9999614936247916,228.35,-0.34,1.0,6.946141993466881e-06,6.999999641266186e-06,8.874999412000762e-06,4.045999958179891e-05
balanced,FIFO,1020,1.0,3.0,B1-d,0,0.0,none,0,B,0.0883458646616541,0.0,0.0,94,0,0,1064,2000,1382,0.999955083831942,226.55,-0.792,1.0,6.4657080019969725e-06,6.624999514315277e-06,8.544050569980752e-06,1.7125999875133857e-05
balanced,FIFO,1021,1.0,3.0,B1-d,0,0.0,none,0,B,0.085422469823584,0.0,0.0,92,0,0,1077,2000,1401,0.9999997905419644,228.825,-0.534,1.0,6.723980010065134e-06,6.541999937326182e-06,8.625000191386789e-06,3.216699951735791e-05
balanced,FIFO,1022,1.0,3.0,B1-d,0,0.0,none,0,B,0.0737410071942446,0.0,0.0,82,0,0,1112,2000,1401,0.9999995365998104,229.65,-0.698,1.0,6.591392024347442e-06,6.582999958482105e-06,8.340199201484206e-06,1.9209000129194465e-05
balanced,FIFO,1023,1.0,3.0,B1-d,0,0.0,none,0,B,0.1046728971962616,0.0,0.0,112,0,0,1070,2000,1399,0.999991097587404,228.875,-0.954,1.0,6.456640010583215e-06,6.207999831531197e-06,8.961050298239568e-06,1.566700029798085e-05
balanced,FIFO,1024,1.0,3.0,B1-d,0,0.0,none,0,B,0.0730129390018484,0.0,0.0,79,0,0,1082,2000,1364,0.999999155999378,226.675,-0.642,1.0,6.56095600061235e-06,6.667000434390502e-06,8.583050612287479e-06,2.258299991808599e-05
balanced,FIFO,1025,1.0,3.0,B1-d,0,0.0,none,0,B,0.0992438563327032,0.0,0.0,105,0,0,1058,2000,1399,0.999955083831942,227.45,-0.788,1.0,6.637957972998265e-06,6.5415001699875575e-06,8.999999408842996e-06,3.2126000405696686e-05
balanced,FIFO,1026,1.0,3.0,B1-d,0,0.0,none,0,B,0.0888888888888888,0.0,0.0,96,0,0,1080,2000,1384,0.9998338408534476,227.175,-1.174,1.0,6.492281983810244e-06,6.229499831533758e-06,8.878050675775737e-06,5.620899992209161e-05
balanced,FIFO,1027,1.0,3.0,B1-d,0,0.0,none,0,B,0.0865475070555032,0.0,0.0,92,0,0,1063,2000,1384,0.999980948832575,227.95,-1.104,1.0,6.341308006085456e-06,6.1044997892167885e-06,8.750000233703759e-06,2.9083999834256247e-05
balanced,FIFO,1028,1.0,3.0,B1-d,0,0.0,none,0,B,0.0888485947416137,0.0,0.0,98,0,0,1103,2000,1388,0.9999948111787964,229.05,-0.784,1.0,6.419842015020549e-06,6.395500349754002e-06,8.503049730279597e-06,2.633399981277762e-05
balanced,FIFO,1029,1.0,3.0,B1-d,0,0.0,none,0,B,0.1055045871559633,0.0,0.0,115,0,0,1090,2000,1383,0.9999986818552096,227.9,-0.942,1.0,6.572874024641351e-06,6.37500033917604e-06,8.584000170230865e-06,9.77099998635822e-05
balanced,FIFO,1000,1.0,3.0,B1-e,0,0.0,none,0,B,0.0365033621517771,0.0,0.0,38,0,0,1041,2000,1377,0.9999618451856632,227.875,-1.524,1.0,5.812118006360834e-06,5.541999598790426e-06,7.833050358385662e-06,1.8041999283013865e-05
balanced,FIFO,1001,1.0,3.0,B1-e,0,0.0,none,0,B,0.0516252390057361,0.0,0.0,54,0,0,1046,2000,1387,0.9999033201502244,228.475,-1.362,1.0,6.00511601078324e-06,5.687500106432708e-06,8.29410050755541e-06,3.208399994036881e-05
balanced,FIFO,1002,1.0,3.0,B1-e,0,0.0,none,0,B,0.053449951409135,0.0,0.0,55,0,0,1029,2000,1394,0.9999280219604,228.6,-1.05,1.0,6.242972025575e-06,6.0420006775530055e-06,8.128049557853954e-06,1.5749999874969944e-05
balanced,FIFO,1003,1.0,3.0,B1-e,0,0.0,none,0,B,0.0551790900290416,0.0,0.0,57,0,0,1033,2000,1334,1.0,224.3,-1.824,1.0,5.431948007753818e-06,5.082999450678472e-06,8.086050002020782e-06,1.795899970602477e-05
balanced,FIFO,1004,1.0,3.0,B1-e,0,0.0,none,0,B,0.0432595573440643,0.0,0.0,43,0,0,994,2000,1377,0.9999609932185988,226.725,-1.314,1.0,5.966171960608335e-06,5.750000127591193e-06,8.086050002020782e-06,1.6334000065398868e-05
balanced,FIFO,1005,1.0,3.0,B1-e,0,0.0,none,0,B,0.0541044776119402,0.0,0.0,58,0,0,1072,2000,1347,0.999994710451154,225.675,-0.64,1.0,6.58877398018376e-06,6.624999969062628e-06,8.624999327366823e-06,1.5333999726863112e-05
balanced,FIFO,1006,1.0,3.0,B1-e,0,0.0,none,0,B,0.0319248826291079,0.0,0.0,34,0,0,1065,2000,1347,0.9999646028375538,226.425,-1.902,1.0,5.426487994554918e-06,5.124999916006345e-06,7.71314985286153e-06,1.6749999304011e-05
balanced,FIFO,1007,1.0,3.0,B1-e,0,0.0,none,0,B,0.0612244897959183,0.0,0.0,63,0,0,1029,2000,1354,0.9999991394777492,225.325,-1.482,1.0,5.59335599973565e-06,5.375000000640284e-06,7.958050400702631e-06,1.0082999324367847e-05
balanced,FIFO,1008,1.0,3.0,B1-e,0,0.0,none,0,B,0.0436893203883495,0.0,0.0,45,0,0,1030,2000,1336,0.9999973731907852,224.7,-1.892,1.0,5.255932024738286e-06,4.957999408361502e-06,7.708050316068692e-06,1.0417000339657534e-05
balanced,FIFO,1009,1.0,3.0,B1-e,0,0.0,none,0,B,0.0684803001876172,0.0,0.0,73,0,0,1066,2000,1356,0.9999997882221888,226.325,-1.024,1.0,6.149032005851041e-06,5.834000148752239e-06,8.669050612297722e-06,3.0791999961365946e-05
balanced,FIFO,1010,1.0,3.0,B1-e,0,0.0,none,0,B,0.0285442435775451,0.0,0.0,30,0,0,1051,2000,1321,0.9999999467865064,224.225,-2.14,1.0,5.41086802695645e-06,5.04200033901725e-06,8.008350005184176e-06,2.895899979193928e-05
balanced,FIFO,1011,1.0,3.0,B1-e,0,0.0,none,0,B,0.0434372049102927,0.0,0.0,46,0,0,1059,2000,1368,0.9999561441978774,227.775,-1.292,1.0,6.019797971021035e-06,5.770999905507779e-06,8.291999665743788e-06,3.779300004680408e-05
balanced,FIFO,1012,1.0,3.0,B1-e,0,0.0,none,0,B,0.0266009852216748,0.0,0.0,27,0,0,1015,2000,1359,0.9999991513278008,226.35,-1.85,1.0,5.485954021423822e-06,5.166999926586868e-06,7.669050319236702e-06,1.4000000192027072e-05
balanced,FIFO,1013,1.0,3.0,B1-e,0,0.0,none,0,B,0.0487329434697855,0.0,0.0,50,0,0,1026,2000,1349,0.9999922840101544,225.325,-1.792,1.0,5.602201972578769e-06,5.33299953531241e-06,8.334000085596927e-06,2.708400006667944e-05
balanced,FIFO,1014,1.0,3.0,B1-e,0,0.0,none,0,B,0.0368932038834951,0.0,0.0,38,0,0,1030,2000,1391,0.9998842872086816,228.4,-0.81,1.0,6.440368033509003e-06,6.332999873848166e-06,8.211050044337752e-06,2.4041999495239e-05
balanced,FIFO,1015,1.0,3.0,B1-e,0,0.0,none,0,B,0.0414657666345226,0.0,0.0,43,0,0,1037,2000,1337,1.0,224.6,-1.976,1.0,5.4148520157468736e-06,5.083999894850422e-06,7.919050358395905e-06,1.6666999727021903e-05
balanced,FIFO,1016,1.0,3.0,B1-e,0,0.0,none,0,B,0.0372848948374761,0.0,0.0,39,0,0,1046,2000,1349,0.9998156494694084,225.75,-1.804,1.0,5.458331974296016e-06,5.208000402490143e-06,7.62709983064269e-06,1.4082999769016167e-05
balanced,FIFO,1017,1.0,3.0,B1-e,0,0.0,none,0,B,0.0487571701720841,0.0,0.0,51,0,0,1046,2000,1360,0.9999522644270692,226.05,-1.094,1.0,6.410203994164476e-06,6.041999768058304e-06,9.83399968390586e-06,2.208400019299006e-05
balanced,FIFO,1018,1.0,3.0,B1-e,0,0.0,none,0,B,0.0533841754051477,0.0,0.0,56,0,0,1049,2000,1292,0.9999995070799208,221.075,-2.056,1.0,5.247785979008768e-06,4.750000698550139e-06,8.044100422921472e-06,1.4207999811333138e-05
balanced,FIFO,1019,1.0,3.0,B1-e,0,0.0,none,0,B,0.055185537583254,0.0,0.0,58,0,0,1051,2000,1375,0.9999997888057324,227.075,-1.244,1.0,6.03937197047344e-06,5.750000127591193e-06,8.58605017128866e-06,1.208300000143936e-05
balanced,FIFO,1020,1.0,3.0,B1-e,0,0.0,none,0,B,0.0405405405405405,0.0,0.0,42,0,0,1036,2000,1355,0.999866553390067,225.375,-1.464,1.0,5.653787993651349e-06,5.479500032379292e-06,7.627049853908828e-06,1.025099936668994e-05
balanced,FIFO,1021,1.0,3.0,B1-e,0,0.0,none,0,B,0.0571705426356589,0.0,0.0,59,0,0,1032,2000,1373,0.9999350576163526,227.15,-1.628,1.0,5.702639995433856e-06,5.333999979484361e-06,8.17535042187955e-06,1.6542000594199635e-05
balanced,FIFO,1022,1.0,3.0,B1-e,0,0.0,none,0,B,0.032497678737233,0.0,0.0,35,0,0,1077,2000,1362,0.9999995319382944,227.25,-1.44,1.0,5.852678003066103e-06,5.541999598790426e-06,8.002999538803123e-06,1.5874999917286914e-05
balanced,FIFO,1023,1.0,3.0,B1-e,0,0.0,none,0,B,0.0410557184750733,0.0,0.0,42,0,0,1023,2000,1364,0.9999986757808258,226.825,-1.26,1.0,5.949108001004788e-06,5.750000127591193e-06,8.252100087702273e-06,1.6251000488409773e-05
balanced,FIFO,1024,1.0,3.0,B1-e,0,0.0,none,0,B,0.0447035957240038,0.0,0.0,46,0,0,1029,2000,1335,0.9999934711570286,224.0,-1.77,1.0,6.078120024540112e-06,5.687500106432708e-06,8.79199978953693e-06,1.5999999959603883e-05
balanced,FIFO,1025,1.0,3.0,B1-e,0,0.0,none,0,B,0.0650246305418719,0.0,0.0,66,0,0,1015,2000,1375,0.9999259310157514,225.55,-1.472,1.0,5.9952079991489886e-06,5.5840000641183e-06,8.794099767328587e-06,1.433300076314481e-05
balanced,FIFO,1026,1.0,3.0,B1-e,0,0.0,none,0,B,0.0381679389312977,0.0,0.0,40,0,0,1048,2000,1361,0.9998728379943336,226.05,-1.01,1.0,6.314477961495868e-06,6.416999895009212e-06,8.212199600166055e-06,1.5083000107551923e-05
balanced,FIFO,1027,1.0,3.0,B1-e,0,0.0,none,0,B,0.0338818973862536,0.0,0.0,35,0,0,1033,2000,1368,0.9999588349449312,227.425,-1.114,1.0,6.171794009787845e-06,5.832999704580288e-06,8.291999620269053e-06,3.366700002516154e-05
balanced,FIFO,1028,1.0,3.0,B1-e,0,0.0,none,0,B,0.0452830188679245,0.0,0.0,48,0,0,1060,2000,1364,0.9999986926842716,227.425,-1.43,1.0,5.7600920044933445e-06,5.500000042957254e-06,7.878050382714717e-06,1.6542000594199635e-05
balanced,FIFO,1029,1.0,3.0,B1-e,0,0.0,none,0,B,0.0458452722063037,0.0,0.0,48,0,0,1047,2000,1361,0.9999557002131764,226.85,-1.612,1.0,5.756967992056161e-06,5.333999979484361e-06,8.296150508613205e-06,2.2917000023880973e-05
balanced,FIFO,1000,1.0,3.0,B2-phase,0,0.0,none,0,B,0.3026926648096564,0.0,0.0,326,0,0,1077,1740,1289,0.9999593457833108,201.6,-1.066,1.0,5.943379990640096e-06,5.999999757477781e-06,8.9610494342196e-06,2.1083999854454305e-05
balanced,FIFO,1001,1.0,3.0,B2-phase,0,0.0,none,0,B,0.3011472275334608,0.0,0.0,315,0,0,1046,1721,1297,0.9999587782916178,201.0,-1.172,1.0,6.2219839983299605e-06,6.083000243961578e-06,9.293100401919216e-06,3.879199994116789e-05
balanced,FIFO,1002,1.0,3.0,B2-phase,0,0.0,none,0,B,0.31957773512476,0.0,0.0,333,0,0,1042,1721,1278,0.9999000640203464,199.325,-1.248,1.0,6.057551996491384e-06,5.958499968983233e-06,1.0345499413233472e-05,1.62090000230819e-05
balanced,FIFO,1003,1.0,3.0,B2-phase,0,0.0,none,0,B,0.307981220657277,0.0,0.0,328,0,0,1065,1717,1253,0.9999678746244935,198.1,-1.188,1.0,5.809647967907949e-06,5.874999715160811e-06,8.666999747219961e-06,1.529200017102994e-05
balanced,FIFO,1004,1.0,3.0,B2-phase,0,0.0,none,0,B,0.323444976076555,0.0,0.0,338,0,0,1045,1726,1278,0.9999764102175792,199.5,-1.12,1.0,5.9798739821417255e-06,5.917000635236036e-06,9.04199987417087e-06,2.858300013031112e-05
balanced,FIFO,1005,1.0,3.0,B2-phase,0,0.0,none,0,B,0.3426966292134831,0.0,0.0,366,0,0,1068,1721,1260,0.9999702379978028,197.2,-0.446,1.0,6.586774015886476e-06,7.334000656555872e-06,9.00210034160409e-06,3.937600013159681e-05
balanced,FIFO,1006,1.0,3.0,B2-phase,0,0.0,none,0,B,0.2888482632541133,0.0,0.0,316,0,0,1094,1745,1267,0.9999451913367636,201.35,-1.466,1.0,6.019232010658016e-06,5.957999746897258e-06,9.335099957752388e-06,1.662499926169403e-05
balanced,FIFO,1007,1.0,3.0,B2-phase,0,0.0,none,0,B,0.3298479087452471,0.0,0.0,347,0,0,1052,1715,1297,0.9999678399142398,199.925,-0.78,1.0,6.5503679961693705e-06,6.958000085433014e-06,9.417000001121778e-06,1.929199970618356e-05
balanced,FIFO,1008,1.0,3.0,B2-phase,0,0.0,none,0,B,0.3055827619980411,0.0,0.0,312,0,0,1021,1720,1253,0.9999500851948258,197.575,-1.31,1.0,6.024442011039355e-06,6.042000222805655e-06,9.040999475473657e-06,3.85429993912112e-05
balanced,FIFO,1009,1.0,3.0,B2-phase,0,0.0,none,0,B,0.2992565055762082,0.0,0.0,322,0,0,1076,1715,1276,0.9999964912828428,199.85,-0.92,1.0,6.113107980127097e-06,6.459000360337086e-06,8.874999412000762e-06,3.7459999475686345e-05
balanced,FIFO,1010,1.0,3.0,B2-phase,0,0.0,none,0,B,0.3045540796963947,0.0,0.0,321,0,0,1054,1716,1253,0.9999295413737306,197.6,-1.178,1.0,5.712778034649091e-06,5.645500095852185e-06,8.752100211495415e-06,1.6667000636516605e-05
balanced,FIFO,1011,1.0,3.0,B2-phase,0,0.0,none,0,B,0.3163737280296022,0.0,0.0,342,0,0,1081,1705,1271,0.9999836797979256,198.9,-0.942,1.0,6.059721976271249e-06,6.374999429681338e-06,8.583000635553617e-06,3.5166999623470474e-05
balanced,FIFO,1012,1.0,3.0,B2-phase,0,0.0,none,0,B,0.3190883190883191,0.0,0.0,336,0,0,1053,1692,1290,0.9998302657402004,198.5,-0.816,1.0,6.173701989609981e-06,6.729500000801636e-06,9.086050295081802e-06,1.6250000044237822e-05
balanced,FIFO,1013,1.0,3.0,B2-phase,0,0.0,none,0,B,0.2948960302457467,0.0,0.0,312,0,0,1058,1722,1264,0.9999475209516662,199.3,-1.366,1.0,5.671343993526534e-06,5.375000000640284e-06,8.919049878386429e-06,1.516700012871297e-05
balanced,FIFO,1014,1.0,3.0,B2-phase,0,0.0,none,0,B,0.3272377285851781,0.0,0.0,340,0,0,1039,1719,1315,0.999644128113879,200.85,-0.562,1.0,6.552158012709697e-06,7.167000148911029e-06,9.6271005077142e-06,3.0500999855576083e-05
balanced,FIFO,1015,1.0,3.0,B2-phase,0,0.0,none,0,B,0.2839622641509434,0.0,0.0,301,0,0,1060,1728,1267,0.9999954147370352,199.4,-1.042,1.0,5.8995259951188925e-06,6.208999366208445e-06,8.9169998318539e-06,3.045900029974291e-05
balanced,FIFO,1016,1.0,3.0,B2-phase,0,0.0,none,0,B,0.3099906629318394,0.0,0.0,332,0,0,1071,1718,1254,0.99991519965493,197.475,-0.912,1.0,5.997284015393234e-06,6.45849968350376e-06,8.666050189276574e-06,2.445899917802308e-05
balanced,FIFO,1017,1.0,3.0,B2-phase,0,0.0,none,0,B,0.3374291115311909,0.0,0.0,357,0,0,1058,1717,1282,0.9998504107167684,198.275,-0.46,1.0,6.449477987189312e-06,7.291999736480648e-06,8.91905069693166e-06,1.3750000107393134e-05
balanced,FIFO,1018,1.0,3.0,B2-phase,0,0.0,none,0,B,0.3023474178403756,0.0,0.0,322,0,0,1065,1729,1237,0.9999894243963312,196.8,-1.04,1.0,6.037298013325199e-06,6.5415001699875575e-06,8.753050633458768e-06,2.4916999791457783e-05
balanced,FIFO,1019,1.0,3.0,B2-phase,0,0.0,none,0,B,0.3110273327049953,0.0,0.0,330,0,0,1061,1719,1296,0.9999896054608288,200.1,-0.664,1.0,6.335954001770006e-06,7.001000085438136e-06,9.041050316227485e-06,1.841700031945948e-05
balanced,FIFO,1020,1.0,3.0,B2-phase,0,0.0,none,0,B,0.2905342080599812,0.0,0.0,310,0,0,1067,1703,1276,0.9999999273863848,198.425,-1.052,1.0,5.881364015294821e-06,5.916999725741334e-06,8.584000170230865e-06,3.662600011011818e-05
balanced,FIFO,1021,1.0,3.0,B2-phase,0,0.0,none,0,B,0.3233364573570759,0.0,0.0,345,0,0,1067,1719,1281,0.9999054435616258,199.0,-0.838,1.0,6.094948003010359e-06,6.646000201726565e-06,8.628000614407936e-06,1.62090000230819e-05
balanced,FIFO,1022,1.0,3.0,B2-phase,0,0.0,none,0,B,0.2935779816513761,0.0,0.0,320,0,0,1090,1728,1290,0.9999716169457052,200.75,-0.72,1.0,6.290596014878247e-06,7.0205001065914985e-06,8.709000212547835e-06,4.408399945532437e-05
balanced,FIFO,1023,1.0,3.0,B2-phase,0,0.0,none,0,B,0.3227315247895229,0.0,0.0,345,0,0,1069,1715,1267,0.9998590603108304,198.875,-0.566,1.0,6.235628012291272e-06,6.875000053696567e-06,8.834000254864804e-06,2.750000021478627e-05
balanced,FIFO,1024,1.0,3.0,B2-phase,0,0.0,none,0,B,0.2982791586998088,0.0,0.0,312,0,0,1046,1732,1246,0.9999464923103798,197.25,-0.95,1.0,6.014966011207435e-06,6.459000360337086e-06,8.794099812803323e-06,1.4666999959445093e-05
balanced,FIFO,1025,1.0,3.0,B2-phase,0,0.0,none,0,B,0.3163361661945231,0.0,0.0,335,0,0,1059,1718,1290,0.9999988300005412,198.875,-0.788,1.0,6.1588740009028695e-06,6.687499990221113e-06,8.749999369683793e-06,1.8542000361776445e-05
balanced,FIFO,1026,1.0,3.0,B2-phase,0,0.0,none,0,B,0.3273921200750469,0.0,0.0,349,0,0,1066,1718,1301,0.9998893284543748,199.95,-0.7,1.0,6.210342004123959e-06,6.604499958484666e-06,8.750000233703759e-06,1.7458000002079643e-05
balanced,FIFO,1027,1.0,3.0,B2-phase,0,0.0,none,0,B,0.2962962962962963,0.0,0.0,320,0,0,1080,1694,1266,0.9998778197579044,198.05,-0.738,1.0,6.338463979773224e-06,7.04200010659406e-06,8.916999877328636e-06,3.258400010963669e-05
balanced,FIFO,1028,1.0,3.0,B2-phase,0,0.0,none,0,B,0.3125590179414542,0.0,0.0,331,0,0,1059,1716,1281,0.9999511002444988,199.675,-0.93,1.0,5.933289998210966e-06,6.166999810375273e-06,8.541999750377727e-06,2.020899955823552e-05
balanced,FIFO,1029,1.0,3.0,B2-phase,0,0.0,none,0,B,0.3109640831758034,0.0,0.0,329,0,0,1058,1718,1291,0.9999838714880164,200.75,-1.16,1.0,5.907079999815323e-06,5.895500180486124e-06,8.628050591141798e-06,1.912500010803342e-05
balanced,FIFO,1000,1.0,3.0,B3-correlated,0,0.0,none,0,B,0.2062937062937063,0.0,0.0,236,0,0,1144,2000,1439,0.9999895846839588,230.15,-0.984,1.0,6.550680031068623e-06,5.917000635236036e-06,9.17319994186982e-06,1.8917000488727357e-05
balanced,FIFO,1001,1.0,3.0,B3-correlated,0,0.0,none,0,B,0.2154648132059079,0.0,0.0,248,0,0,1151,2000,1454,0.9999555779561444,231.275,-0.774,1.0,6.607158024053206e-06,6.416999895009212e-06,8.750999768381007e-06,2.0333999600552488e-05
balanced,FIFO,1002,1.0,3.0,B3-correlated,0,0.0,none,0,B,0.2309711286089238,0.0,0.0,264,0,0,1143,2000,1452,0.99990566209274,230.575,-0.474,1.0,6.766377971871407e-06,6.7914997998741455e-06,8.627050192444584e-06,1.637499917706009e-05
balanced,FIFO,1003,1.0,3.0,B3-correlated,0,0.0,none,0,B,0.1868327402135231,0.0,0.0,210,0,0,1124,2000,1402,0.99998946847614,227.85,-1.22,1.0,6.495455982076237e-06,5.541999598790426e-06,8.667000656714663e-06,0.0002408800000921
balanced,FIFO,1004,1.0,3.0,B3-correlated,0,0.0,none,0,B,0.2143514259429622,0.0,0.0,233,0,0,1087,2000,1441,0.9999997826571726,229.1,-0.934,1.0,6.51104202188435e-06,6.333500095934141e-06,9.002100296129354e-06,3.28759997501038e-05
balanced,FIFO,1005,1.0,3.0,B3-correlated,0,0.0,none,0,B,0.1912521440823327,0.0,0.0,223,0,0,1166,2000,1409,0.9999986721160192,228.55,-0.596,1.0,6.871957994007971e-06,6.833000043116044e-06,8.958049875218421e-06,3.74589999410091e-05
balanced,FIFO,1006,1.0,3.0,B3-correlated,0,0.0,none,0,B,0.1762652705061082,0.0,0.0,202,0,0,1146,2000,1420,0.9999896705822188,229.725,-1.208,1.0,6.145707984615001e-06,5.832999704580288e-06,8.582999771533651e-06,1.9334000171511437e-05
balanced,FIFO,1007,1.0,3.0,B3-correlated,0,0.0,none,0,B,0.2061674008810572,0.0,0.0,234,0,0,1135,2000,1416,0.9999995148315456,228.25,-0.786,1.0,6.492862023151247e-06,6.584000402654056e-06,8.709000212547835e-06,1.6834000234666746e-05
balanced,FIFO,1008,1.0,3.0,B3-correlated,0,0.0,none,0,B,0.1856763925729443,0.0,0.0,210,0,0,1131,2000,1403,0.9999638122605774,228.125,-1.396,1.0,5.960447975667193e-06,5.500000042957254e-06,8.499999285049854e-06,1.7249999473278876e-05
balanced,FIFO,1009,1.0,3.0,B3-correlated,0,0.0,none,0,B,0.2256410256410256,0.0,0.0,264,0,0,1170,2000,1423,0.9999946565143288,229.175,-0.514,1.0,6.681117998596164e-06,6.479499916167697e-06,8.750000233703759e-06,3.337599991937168e-05
balanced,FIFO,1010,1.0,3.0,B3-correlated,0,0.0,none,0,B,0.1780104712041884,0.0,0.0,204,0,0,1146,2000,1401,0.999989575073618,228.25,-1.548,1.0,5.952625961072044e-06,5.249999958323315e-06,8.752100211495415e-06,3.195899989805184e-05
balanced,FIFO,1011,1.0,3.0,B3-correlated,0,0.0,none,0,B,0.2208121827411167,0.0,0.0,261,0,0,1182,2000,1430,0.9998730717720185,230.125,-0.914,1.0,6.455059972722665e-06,6.124999345047399e-06,8.833999345370103e-06,1.6916999811655842e-05
balanced,FIFO,1012,1.0,3.0,B3-correlated,0,0.0,none,0,B,0.2101513802315227,0.0,0.0,236,0,0,1123,2000,1427,0.999993483272638,228.925,-1.004,1.0,6.287949985562591e-06,5.8964997151633725e-06,8.666999747219961e-06,2.791699989757035e-05
balanced,FIFO,1013,1.0,3.0,B3-correlated,0,0.0,none,0,B,0.2198581560283688,0.0,0.0,248,0,0,1128,2000,1422,0.9999605197699554,228.4,-1.12,1.0,6.281477990341955e-06,5.812500603497028e-06,8.834000254864804e-06,1.700000029813964e-05
balanced,FIFO,1014,1.0,3.0,B3-correlated,0,0.0,none,0,B,0.195575221238938,0.0,0.0,221,0,0,1130,2000,1453,0.9999019800039208,230.725,-0.356,1.0,6.990872023379779e-06,7.04200010659406e-06,9.084000339498743e-06,2.6918000003206544e-05
balanced,FIFO,1015,1.0,3.0,B3-correlated,0,0.0,none,0,B,0.1943462897526501,0.0,0.0,220,0,0,1132,2000,1410,0.9999805938288376,228.025,-1.018,1.0,6.369188011376536e-06,6.3544994191033766e-06,9.08509987311845e-06,1.5333000192185864e-05
balanced,FIFO,1016,1.0,3.0,B3-correlated,0,0.0,none,0,B,0.2094240837696335,0.0,0.0,240,0,0,1146,2000,1424,0.9999140348618722,228.625,-0.822,1.0,6.7767880154860905e-06,6.792000021960121e-06,8.91905069693166e-06,5.391699960455298e-05
balanced,FIFO,1017,1.0,3.0,B3-correlated,0,0.0,none,0,B,0.2,0.0,0.0,228,0,0,1140,2000,1430,0.9999807370115432,229.225,-0.954,1.0,6.515624007079168e-06,6.104499334469438e-06,9.250000402971637e-06,1.541700021334691e-05
balanced,FIFO,1018,1.0,3.0,B3-correlated,0,0.0,none,0,B,0.1758620689655172,0.0,0.0,204,0,0,1160,2000,1358,0.9999980548153048,225.1,-1.376,1.0,6.02783600515977e-06,5.3754997679789085e-06,8.459000127913896e-06,7.104299947968684e-05
balanced,FIFO,1019,1.0,3.0,B3-correlated,0,0.0,none,0,B,0.2301724137931034,0.0,0.0,267,0,0,1160,2000,1444,0.9999986585474084,229.55,-0.67,1.0,7.202202030384796e-06,7.166999694163678e-06,1.0258350721414891e-05,5.0750999434967525e-05
balanced,FIFO,1020,1.0,3.0,B3-correlated,0,0.0,none,0,B,0.2090345438441098,0.0,0.0,236,0,0,1129,2000,1429,0.9999258620553334,228.15,-0.706,1.0,6.726146024448099e-06,7.146000370994443e-06,8.919049832911695e-06,3.600099989853334e-05
balanced,FIFO,1021,1.0,3.0,B3-correlated,0,0.0,none,0,B,0.1778761061946902,0.0,0.0,201,0,0,1130,2000,1426,0.9999668039584128,229.3,-0.974,1.0,6.254817999433726e-06,6.125000254542101e-06,8.750050255912356e-06,1.6584000150032807e-05
balanced,FIFO,1022,1.0,3.0,B3-correlated,0,0.0,none,0,B,0.1899059024807528,0.0,0.0,222,0,0,1169,2000,1433,0.9999991567742228,229.975,-0.89,1.0,6.581718011148041e-06,6.457999916165136e-06,9.291999958804809e-06,1.820899979065871e-05
balanced,FIFO,1023,1.0,3.0,B3-correlated,0,0.0,none,0,B,0.2010723860589812,0.0,0.0,225,0,0,1119,2000,1425,0.9999716419118604,229.225,-1.122,1.0,6.290608000199427e-06,5.875000169908162e-06,8.919049832911695e-06,3.179299983457895e-05
balanced,FIFO,1024,1.0,3.0,B3-correlated,0,0.0,none,0,B,0.1968225948808473,0.0,0.0,223,0,0,1133,2000,1405,0.9999945967278648,227.425,-1.152,1.0,6.2197320239647525e-06,5.791999683424365e-06,8.791050231593544e-06,1.5376000192190986e-05
balanced,FIFO,1025,1.0,3.0,B3-correlated,0,0.0,none,0,B,0.2234234234234234,0.0,0.0,248,0,0,1110,2000,1447,0.999912826758001,228.775,-0.766,1.0,6.655725972450455e-06,6.541999937326182e-06,8.999999454317732e-06,1.862599947344279e-05
balanced,FIFO,1026,1.0,3.0,B3-correlated,0,0.0,none,0,B,0.1864111498257839,0.0,0.0,214,0,0,1148,2000,1420,0.9999308807225268,228.625,-0.876,1.0,6.687873996270355e-06,6.582999958482105e-06,9.125000360654669e-06,2.7417000637797173e-05
balanced,FIFO,1027,1.0,3.0,B3-correlated,0,0.0,none,0,B,0.2112676056338028,0.0,0.0,240,0,0,1136,2000,1434,0.9999308168311546,229.825,-0.982,1.0,6.478662011431879e-06,5.917000635236036e-06,8.83299985616759e-06,1.820800025598146e-05
balanced,FIFO,1028,1.0,3.0,B3-correlated,0,0.0,none,0,B,0.2121739130434782,0.0,0.0,244,0,0,1150,2000,1435,0.9999980869665028,230.1,-0.814,1.0,6.902434015501058e-06,6.958000085433014e-06,9.62504964263644e-06,2.883400065911701e-05
balanced,FIFO,1029,1.0,3.0,B3-correlated,0,0.0,none,0,B,0.2195975503062117,0.0,0.0,251,0,0,1143,2000,1431,0.9999862827670404,229.425,-0.928,1.0,6.334633977530757e-06,6.082999789214227e-06,8.919049832911695e-06,1.2458999663067516e-05
balanced,RoundRobin,1000,1.0,3.0,B1-a,0,0.0,none,0,B,0.4178674351585014,0.344,0.6463326071169209,435,688,890,1041,2000,1377,0.9988184635743396,112.05,0.488,1.0,5.982348002362415e-06,5.667000550602097e-06,8.044100422921472e-06,2.237599983345717e-05
balanced,RoundRobin,1001,1.0,3.0,B1-a,0,0.0,none,0,B,0.4282982791586998,0.343,0.642393655371305,448,686,891,1046,2000,1387,0.9983052954368756,112.7,0.478,1.0,5.983164010103792e-06,5.70800011701067e-06,8.084000000962988e-06,1.979199987545144e-05
balanced,RoundRobin,1002,1.0,3.0,B1-a,0,0.0,none,0,B,0.4382896015549077,0.344,0.6463414634146342,451,688,901,1029,2000,1394,0.9987371252131712,112.05,0.428,1.0,5.72085799103661e-06,5.500000042957254e-06,7.792000360495877e-06,1.3500000022759195e-05
balanced,RoundRobin,1003,1.0,3.0,B1-a,0,0.0,none,0,B,0.441432720232333,0.3415,0.6401799100449775,456,683,854,1033,2000,1334,0.9990226959264668,111.675,0.524,1.0,5.619522014967516e-06,5.292000423651189e-06,7.833999916329049e-06,3.008299972862005e-05
balanced,RoundRobin,1004,1.0,3.0,B1-a,0,0.0,none,0,B,0.4235412474849094,0.344,0.6383442265795207,421,688,879,994,2000,1377,0.9985823320628202,112.425,0.398,1.0,6.102525981987128e-06,5.70800011701067e-06,8.002049980859736e-06,6.675199983874336e-05
balanced,RoundRobin,1005,1.0,3.0,B1-a,0,0.0,none,0,B,0.4328358208955223,0.344,0.6495916852264291,464,688,875,1072,2000,1347,0.9983188189819774,111.225,0.54,1.0,5.800791986985132e-06,5.542000053537777e-06,7.586049832752904e-06,4.533500032266602e-05
balanced,RoundRobin,1006,1.0,3.0,B1-a,0,0.0,none,0,B,0.4431924882629108,0.343,0.6399406087602079,472,686,862,1065,2000,1347,0.9992136190387204,112.025,0.48,1.0,5.781290017694119e-06,5.583000529441051e-06,7.586049832752904e-06,2.6959000024362467e-05
balanced,RoundRobin,1007,1.0,3.0,B1-a,0,0.0,none,0,B,0.4071914480077745,0.345,0.6403249630723782,419,690,867,1029,2000,1354,0.9993993204500604,111.875,0.426,1.0,5.79282600665465e-06,5.604500074696261e-06,7.713099876127668e-06,2.237599983345717e-05
balanced,RoundRobin,1008,1.0,3.0,B1-a,0,0.0,none,0,B,0.4407766990291262,0.343,0.6272455089820359,454,686,838,1030,2000,1336,0.9986559924876957,112.775,0.488,1.0,5.937788002484012e-06,5.520500053535216e-06,7.919049494375939e-06,7.541800005128607e-05
balanced,RoundRobin,1009,1.0,3.0,B1-a,0,0.0,none,0,B,0.4380863039399624,0.3445,0.6415929203539823,467,689,870,1066,2000,1356,0.9988786634198776,112.575,0.498,1.0,5.968945992208319e-06,5.750000127591193e-06,7.91905040387064e-06,1.424999936716631e-05
balanced,RoundRobin,1010,1.0,3.0,B1-a,0,0.0,none,0,B,0.4357754519505233,0.3435,0.6267978803936411,458,687,828,1051,2000,1321,0.9988428196411758,112.35,0.478,1.0,5.680518010194647e-06,5.520500053535216e-06,7.627050717928794e-06,2.100100027746521e-05
balanced,RoundRobin,1011,1.0,3.0,B1-a,0,0.0,none,0,B,0.4230406043437205,0.344,0.6505847953216374,448,688,890,1059,2000,1368,0.9985102078352032,112.1,0.46,1.0,5.8651919953263136e-06,5.625000085274223e-06,7.874999937484972e-06,1.5084000551723877e-05
balanced,RoundRobin,1012,1.0,3.0,B1-a,0,0.0,none,0,B,0.4334975369458128,0.343,0.6364974245768947,440,686,865,1015,2000,1359,0.9987772527640872,112.725,0.494,1.0,5.8281080109736646e-06,5.625000085274223e-06,7.667000318178907e-06,1.716699989628978e-05
balanced,RoundRobin,1013,1.0,3.0,B1-a,0,0.0,none,0,B,0.4434697855750487,0.3425,0.6286137879911046,455,685,848,1026,2000,1349,0.9982758736808076,112.525,0.56,1.0,5.749376032326836e-06,5.479500032379292e-06,7.627100694662656e-06,1.8375000763626304e-05
balanced,RoundRobin,1014,1.0,3.0,B1-a,0,0.0,none,0,B,0.4223300970873786,0.3425,0.6498921639108555,435,685,904,1030,2000,1391,0.999036128090842,112.025,0.464,1.0,5.881275981664657e-06,5.707999662263319e-06,7.961049959703813e-06,1.704199985397281e-05
balanced,RoundRobin,1015,1.0,3.0,B1-a,0,0.0,none,0,B,0.4271938283510125,0.344,0.643979057591623,443,688,861,1037,2000,1337,0.9984790834543807,111.15,0.468,1.0,5.684370011294959e-06,5.458000487124082e-06,7.544050231444997e-06,1.4082999769016167e-05
balanced,RoundRobin,1016,1.0,3.0,B1-a,0,0.0,none,0,B,0.4235181644359465,0.3435,0.6397331356560415,443,687,863,1046,2000,1349,0.9990410938632966,112.075,0.468,1.0,5.827473996760091e-06,5.582999619946349e-06,8.254150043285331e-06,1.5499999790336005e-05
balanced,RoundRobin,1017,1.0,3.0,B1-a,0,0.0,none,0,B,0.4426386233269598,0.345,0.6463235294117647,463,690,879,1046,2000,1360,0.9988552074513124,111.55,0.5,1.0,5.6255860035889786e-06,5.416000021796208e-06,7.625049875059631e-06,1.4874999578751158e-05
balanced,RoundRobin,1018,1.0,3.0,B1-a,0,0.0,none,0,B,0.434699714013346,0.3425,0.6191950464396285,456,685,800,1049,2000,1292,0.9984406917551208,112.825,0.442,1.0,5.597273979219608e-06,5.375000000640284e-06,7.630099435118605e-06,1.4082999769016167e-05
balanced,RoundRobin,1019,1.0,3.0,B1-a,0,0.0,none,0,B,0.4081826831588963,0.344,0.648,429,688,891,1051,2000,1375,0.9984834738758642,111.925,0.418,1.0,5.78734199734754e-06,5.5625000641157385e-06,7.627099876117425e-06,1.6916999811655842e-05
balanced,RoundRobin,1020,1.0,3.0,B1-a,0,0.0,none,0,B,0.4295366795366795,0.344,0.6376383763837639,445,688,864,1036,2000,1355,0.9983159152632004,111.875,0.432,1.0,5.785534034657758e-06,5.417000465968158e-06,8.127050023176706e-06,1.4458999430644326e-05
balanced,RoundRobin,1021,1.0,3.0,B1-a,0,0.0,none,0,B,0.4321705426356589,0.3435,0.6431172614712308,446,687,883,1032,2000,1373,0.9979132153124975,112.375,0.45,1.0,5.7705880171852185e-06,5.5625000641157385e-06,7.71314985286153e-06,1.712500034045661e-05
balanced,RoundRobin,1022,1.0,3.0,B1-a,0,0.0,none,0,B,0.4345403899721448,0.343,0.6497797356828194,468,686,885,1077,2000,1362,0.9979168041744012,111.5,0.512,1.0,5.6954440078698095e-06,5.500000042957254e-06,7.541049853898585e-06,1.408400021318812e-05
balanced,RoundRobin,1023,1.0,3.0,B1-a,0,0.0,none,0,B,0.3939393939393939,0.343,0.6642228739002932,403,686,906,1023,2000,1364,0.9990966882748664,111.45,0.39,1.0,5.859873996087117e-06,5.541999598790426e-06,7.963149982970205e-06,1.5500000699830707e-05
balanced,RoundRobin,1024,1.0,3.0,B1-a,0,0.0,none,0,B,0.4421768707482993,0.3435,0.6329588014981273,455,687,845,1029,2000,1335,0.9991266613077718,111.675,0.456,1.0,5.627546002870076e-06,5.416500243882183e-06,7.626000297022983e-06,1.7334000403934624e-05
balanced,RoundRobin,1025,1.0,3.0,B1-a,0,0.0,none,0,B,0.4472906403940886,0.3405,0.6276363636363637,454,681,863,1015,2000,1375,0.9985087720949672,112.3,0.46,1.0,5.684362004103605e-06,5.437500021798769e-06,7.711049875069874e-06,1.4459000340139028e-05
balanced,RoundRobin,1026,1.0,3.0,B1-a,0,0.0,none,0,B,0.4446564885496183,0.342,0.6451138868479059,466,684,878,1048,2000,1361,0.9991528734178888,111.375,0.46,1.0,5.697192013030872e-06,5.45799957762938e-06,7.883349917392471e-06,1.5791999430803116e-05
balanced,RoundRobin,1027,1.0,3.0,B1-a,0,0.0,none,0,B,0.4298160696999032,0.342,0.6440058479532164,444,684,881,1033,2000,1368,0.998658306632552,112.225,0.454,1.0,5.8723680176626654e-06,5.5840000641183e-06,8.083000466285739e-06,1.754200002324069e-05
balanced,RoundRobin,1028,1.0,3.0,B1-a,0,0.0,none,0,B,0.4349056603773585,0.344,0.6414956011730205,461,688,875,1060,2000,1364,0.99887286745188,112.2,0.478,1.0,5.722431977119413e-06,5.52099982087384e-06,7.833050358385662e-06,1.3625000065076163e-05
balanced,RoundRobin,1029,1.0,3.0,B1-a,0,0.0,none,0,B,0.4106972301814708,0.3435,0.6576047024246877,430,687,895,1047,2000,1361,0.9986277773778452,111.075,0.426,1.0,5.844301984325284e-06,5.5840000641183e-06,7.919100380604502e-06,1.937500019266736e-05
balanced,RoundRobin,1000,1.0,3.0,B1-b,0,0.0,none,0,B,0.4156097560975609,0.3435,0.6421748714180749,426,687,874,1025,2000,1361,0.9986277773778452,111.925,0.478,1.0,5.733889991461183e-06,5.5625000641157385e-06,7.500049832742661e-06,1.4876000022923108e-05
balanced,RoundRobin,1001,1.0,3.0,B1-b,0,0.0,none,0,B,0.427734375,0.343,0.6362973760932945,438,686,873,1024,2000,1372,0.9979576018522188,112.625,0.474,1.0,5.78568397941126e-06,5.582999619946349e-06,7.919050358395905e-06,1.67500002135057e-05
balanced,RoundRobin,1002,1.0,3.0,B1-b,0,0.0,none,0,B,0.4373757455268389,0.344,0.6428054953000724,440,688,889,1006,2000,1383,0.9983605886186296,111.825,0.416,1.0,5.7316399943374566e-06,5.541499831451802e-06,7.669049455216734e-06,1.4999999621068127e-05
balanced,RoundRobin,1003,1.0,3.0,B1-b,0,0.0,none,0,B,0.4428007889546351,0.3415,0.634090909090909,449,683,837,1014,2000,1320,0.9987537064932251,111.6,0.522,1.0,5.788626023786492e-06,5.417000465968158e-06,7.711049875069874e-06,2.7250999664829575e-05
balanced,RoundRobin,1004,1.0,3.0,B1-b,0,0.0,none,0,B,0.4221311475409836,0.344,0.6351648351648351,412,688,867,976,2000,1365,0.9982608748161992,112.2,0.388,1.0,5.772841988800792e-06,5.5840000641183e-06,7.708999874012079e-06,1.408300067851087e-05
balanced,RoundRobin,1005,1.0,3.0,B1-b,0,0.0,none,0,B,0.430886558627264,0.344,0.6435568952524491,452,688,854,1049,2000,1327,0.9979292080277232,111.025,0.52,1.0,5.640413977744174e-06,5.500000042957254e-06,7.335099326155612e-06,1.316700036113616e-05
balanced,RoundRobin,1006,1.0,3.0,B1-b,0,0.0,none,0,B,0.4411483253588517,0.343,0.6345864661654136,461,686,844,1045,2000,1330,0.9990014634210324,111.875,0.47,1.0,5.719359985960182e-06,5.5840000641183e-06,7.416999369525001e-06,1.2583999705384484e-05
balanced,RoundRobin,1007,1.0,3.0,B1-b,0,0.0,none,0,B,0.4047619047619047,0.345,0.6353467561521253,408,690,852,1008,2000,1341,0.9992136190387204,111.775,0.418,1.0,5.70002601853048e-06,5.541999598790426e-06,7.333050189117785e-06,1.608399998076493e-05
balanced,RoundRobin,1008,1.0,3.0,B1-b,0,0.0,none,0,B,0.4398009950248756,0.3425,0.6229260935143288,442,685,826,1005,2000,1326,0.9983071588517116,112.65,0.456,1.0,5.630286004816298e-06,5.416999556473456e-06,7.460100232492549e-06,2.470900017215172e-05
balanced,RoundRobin,1009,1.0,3.0,B1-b,0,0.0,none,0,B,0.440419447092469,0.344,0.6381236038719286,462,688,857,1049,2000,1343,0.99852671206251,112.325,0.498,1.0,5.806096003652783e-06,5.624999630526872e-06,7.541999411841971e-06,1.4792000001762062e-05
balanced,RoundRobin,1010,1.0,3.0,B1-b,0,0.0,none,0,B,0.4344422700587084,0.3435,0.6216628527841342,444,687,815,1022,2000,1311,0.9984491818174668,112.2,0.464,1.0,5.65572401319514e-06,5.500000042957254e-06,7.458050231434754e-06,1.4416999874811154e-05
balanced,RoundRobin,1011,1.0,3.0,B1-b,0,0.0,none,0,B,0.4190751445086705,0.344,0.6451851851851852,435,688,871,1038,2000,1350,0.9982594420965278,111.975,0.452,1.0,5.814910004119156e-06,5.582999619946349e-06,7.752099872959659e-06,1.5999999959603883e-05
balanced,RoundRobin,1012,1.0,3.0,B1-b,0,0.0,none,0,B,0.4331658291457286,0.3425,0.631578947368421,431,685,852,995,2000,1349,0.99854834694508,112.725,0.49,1.0,5.6611039708514e-06,5.541999598790426e-06,7.252050590977886e-06,1.2041999980283435e-05
balanced,RoundRobin,1013,1.0,3.0,B1-b,0,0.0,none,0,B,0.44400396432111,0.3425,0.6239700374531835,448,685,833,1009,2000,1335,0.9979220171191864,112.35,0.552,1.0,5.624507988613914e-06,5.45799957762938e-06,7.335100190175579e-06,1.516700012871297e-05
balanced,RoundRobin,1014,1.0,3.0,B1-b,0,0.0,none,0,B,0.4213649851632047,0.3425,0.6466328747284577,426,685,893,1011,2000,1381,0.9987708976437428,111.85,0.46,1.0,5.774053974164417e-06,5.666000106430147e-06,7.586049832752904e-06,1.437499940948328e-05
balanced,RoundRobin,1015,1.0,3.0,B1-b,0,0.0,none,0,B,0.4261811023622047,0.3435,0.6394557823129252,433,687,846,1016,2000,1323,0.9981458604883456,111.0,0.456,1.0,5.681264001395903e-06,5.375000000640284e-06,7.292000191227999e-06,8.616800005256664e-05
balanced,RoundRobin,1016,1.0,3.0,B1-b,0,0.0,none,0,B,0.4196689386562804,0.3435,0.6362275449101796,431,687,850,1027,2000,1336,0.9988388253921592,111.9,0.462,1.0,5.681460024788976e-06,5.521500042959815e-06,7.585150297018115e-06,1.4833999557595234e-05
balanced,RoundRobin,1017,1.0,3.0,B1-b,0,0.0,none,0,B,0.4418377321603128,0.3445,0.643491124260355,452,689,870,1023,2000,1352,0.9985306004728493,111.375,0.496,1.0,5.629426017549122e-06,5.416499789134832e-06,7.458050276909489e-06,1.4041999747860244e-05
balanced,RoundRobin,1018,1.0,3.0,B1-b,0,0.0,none,0,B,0.4321951219512195,0.3425,0.6157443491816056,443,685,790,1025,2000,1283,0.998067438304398,112.625,0.43,1.0,5.628744022033061e-06,5.45799957762938e-06,7.627049853908828e-06,2.1709000066039152e-05
balanced,RoundRobin,1019,1.0,3.0,B1-b,0,0.0,none,0,B,0.4064327485380117,0.3435,0.6434336023477623,417,687,877,1026,2000,1363,0.9981164461339784,111.8,0.412,1.0,5.895468022572459e-06,5.708000571758021e-06,7.708049452048726e-06,1.595899993844796e-05
balanced,RoundRobin,1020,1.0,3.0,B1-b,0,0.0,none,0,B,0.4275862068965517,0.344,0.6322869955156951,434,688,846,1015,2000,1338,0.9979666237532034,111.7,0.426,1.0,5.722302026697435e-06,5.416999556473456e-06,7.419050234602762e-06,3.020900021510897e-05
balanced,RoundRobin,1021,1.0,3.0,B1-b,0,0.0,none,0,B,0.4302554027504912,0.3435,0.6402349486049926,438,687,872,1018,2000,1362,0.9976587789815689,112.225,0.446,1.0,5.811726001411443e-06,5.666000106430147e-06,7.627099876117425e-06,1.5792000340297818e-05
balanced,TwinSync,1028,1.0,3.0,B1-d,0,0.0,none,0,B,0.0,0.0,0.0835734870317002,0,0,116,1103,2000,1388,0.9999999464906708,219.075,-3.0,-3.0,2.8819829976782783e-05,3.0708499707543524e-05,4.129614990233676e-05,0.0001058359994203
balanced,TwinSync,1029,1.0,3.0,B1-d,0,0.0,none,0,B,0.0,0.0,0.0954446854663774,0,0,132,1090,2000,1383,0.9999995139291172,218.225,-3.0,-3.0,2.7114884005641212e-05,2.7958999908150872e-05,4.200935009066597e-05,6.729300002916716e-05
balanced,TwinSync,1000,1.0,3.0,B1-e,0,0.0,none,0,B,0.0,0.0,0.0566448801742919,0,0,78,1041,2000,1377,0.9999907959058012,219.325,-3.0,-3.0,2.7307952019327783e-05,2.8229500458110124e-05,4.0181600388677895e-05,5.046000023867237e-05
balanced,TwinSync,1001,1.0,3.0,B1-e,0,0.0,none,0,B,0.0,0.0,0.0692141312184571,0,0,96,1046,2000,1387,0.9999760049752948,219.225,-3.0,-3.0,2.6646122023521457e-05,2.791699989757035e-05,3.8590300300711525e-05,5.246000000624917e-05
balanced,TwinSync,1002,1.0,3.0,B1-e,0,0.0,none,0,B,0.0,0.0,0.0710186513629842,0,0,99,1029,2000,1394,0.9999781236381964,219.25,-3.0,-3.0,2.5780784009839408e-05,2.658350013007293e-05,3.792005009017885e-05,0.0001640450000195
balanced,TwinSync,1003,1.0,3.0,B1-e,0,0.0,none,0,B,0.0,0.0,0.0502248875562218,0,0,67,1033,2000,1334,0.9999986191697896,217.475,-3.0,-3.0,2.2357471996656386e-05,2.606300040497445e-05,3.517949962770216e-05,7.083499986038078e-05
balanced,TwinSync,1004,1.0,3.0,B1-e,0,0.0,none,0,B,0.0,0.0,0.0421205519244734,0,0,58,994,2000,1377,0.9999973011929278,219.875,-3.0,-3.0,2.4758818042755597e-05,2.687549977054005e-05,3.591045033317638e-05,4.796000030182768e-05
balanced,TwinSync,1005,1.0,3.0,B1-e,0,0.0,none,0,B,0.0,0.0,0.0601336302895322,0,0,81,1072,2000,1347,0.999999131439292,218.3,-3.0,-3.0,2.604256797349081e-05,2.720849988691043e-05,3.662810013338458e-05,0.0001005439999062
balanced,TwinSync,1006,1.0,3.0,B1-e,0,0.0,none,0,B,0.0,0.0,0.050482553823311,0,0,68,1065,2000,1347,0.9999410245098672,219.025,-3.0,-3.0,2.6416551996589987e-05,2.6750000415631803e-05,4.062919924763264e-05,0.0006137620002846
balanced,TwinSync,1007,1.0,3.0,B1-e,0,0.0,none,0,B,0.0,0.0,0.0487444608567208,0,0,66,1029,2000,1354,0.9999920725746978,218.2,-3.0,-3.0,2.368154001123912e-05,2.6313000034861037e-05,3.646524965006392e-05,6.641799973294837e-05
balanced,TwinSync,1008,1.0,3.0,B1-e,0,0.0,none,0,B,0.0,0.0,0.0449101796407185,0,0,60,1030,2000,1336,1.0,219.2,-3.0,-3.0,2.436385200417135e-05,2.4521500108676264e-05,3.6342300427349975e-05,4.854300004808465e-05
balanced,TwinSync,1009,1.0,3.0,B1-e,0,0.0,none,0,B,0.0,0.0,0.0619469026548672,0,0,84,1066,2000,1356,1.0,218.75,-3.0,-3.0,2.508600401415606e-05,2.5979500151152024e-05,3.500725042613339e-05,4.670999987865798e-05
balanced,TwinSync,1010,1.0,3.0,B1-e,0,0.0,none,0,B,0.0,0.0,0.0196820590461771,0,0,26,1051,2000,1321,0.9999921757177312,219.2,-3.0,-3.0,2.253371398001036e-05,2.3354500171990367e-05,3.492629998618212e-05,8.558600075048162e-05
balanced,TwinSync,1011,1.0,3.0,B1-e,0,0.0,none,0,B,0.0,0.0,0.0679824561403508,0,0,93,1059,2000,1368,0.999986064274614,218.5,-3.0,-3.0,2.497891998791601e-05,2.7563500225369356e-05,3.858609943563352e-05,7.896000079199439e-05
balanced,TwinSync,1012,1.0,3.0,B1-e,0,0.0,none,0,B,0.0,0.0,0.0463576158940397,0,0,63,1015,2000,1359,0.9999991199948608,219.05,-3.0,-3.0,2.4124121988279512e-05,2.7917500119656324e-05,3.4548249459476203e-05,6.100100017647492e-05
balanced,TwinSync,1013,1.0,3.0,B1-e,0,0.0,none,0,B,0.0,0.0,0.0415122312824314,0,0,56,1026,2000,1349,0.9999933605794666,218.875,-3.0,-3.0,2.385483798389032e-05,2.737499971772195e-05,3.617419952206546e-05,5.050100025982829e-05
balanced,TwinSync,1014,1.0,3.0,B1-e,0,0.0,none,0,B,0.0,0.0,0.0726096333572969,0,0,101,1030,2000,1391,0.9999400800847,218.225,-3.0,-3.0,2.693362798527232e-05,2.9229499887151175e-05,3.7334049920900725e-05,7.337599981838139e-05
balanced,TwinSync,1015,1.0,3.0,B1-e,0,0.0,none,0,B,0.0,0.0,0.0448765893792071,0,0,60,1037,2000,1337,0.9999708646694186,217.725,-3.0,-3.0,2.252296398000908e-05,2.543750042605097e-05,3.488225038381642e-05,5.40429991815472e-05
balanced,TwinSync,1016,1.0,3.0,B1-e,0,0.0,none,0,B,0.0,0.0,0.0526315789473684,0,0,71,1046,2000,1349,0.9999893004900594,218.7,-3.0,-3.0,2.478824000900204e-05,2.568849959061481e-05,3.5796149859379505e-05,5.662599960487569e-05
balanced,TwinSync,1017,1.0,3.0,B1-e,0,0.0,none,0,B,0.0,0.0,0.0595588235294117,0,0,81,1046,2000,1360,0.9999964964411506,218.25,-3.0,-3.0,2.280604199950176e-05,2.333349948457908e-05,3.805339924838335e-05,6.254300024011172e-05
balanced,TwinSync,1018,1.0,3.0,B1-e,0,0.0,none,0,B,0.0,0.0,0.0224458204334365,0,0,29,1049,2000,1292,1.0,219.15,-3.0,-3.0,1.764708999689901e-05,1.614600023458479e-05,3.435689977777654e-05,5.145899922354147e-05
balanced,TwinSync,1019,1.0,3.0,B1-e,0,0.0,none,0,B,0.0,0.0,0.0647272727272727,0,0,89,1051,2000,1375,0.999975915171596,218.375,-3.0,-3.0,2.4611348017060664e-05,2.7354499707143987e-05,3.7338199899750176e-05,6.079299964767415e-05
balanced,TwinSync,1020,1.0,3.0,B1-e,0,0.0,none,0,B,0.0,0.0,0.0391143911439114,0,0,53,1036,2000,1355,0.9999803210235249,219.425,-3.0,-3.0,2.402744797836931e-05,2.5625500256865053e-05,3.563545024007907e-05,4.4459000491769984e-05
balanced,TwinSync,1021,1.0,3.0,B1-e,0,0.0,none,0,B,0.0,0.0,0.0575382374362709,0,0,79,1032,2000,1373,0.9999735544675248,219.25,-3.0,-3.0,2.5165001998175284e-05,2.7958999908150872e-05,3.871735034408629e-05,4.595900009007892e-05
balanced,TwinSync,1022,1.0,3.0,B1-e,0,0.0,none,0,B,0.0,0.0,0.0616740088105726,0,0,84,1077,2000,1362,0.999998646031024,218.425,-3.0,-3.0,2.435141397472762e-05,2.7292000595480204e-05,3.700100023706909e-05,5.887600036658114e-05
balanced,TwinSync,1023,1.0,3.0,B1-e,0,0.0,none,0,B,0.0,0.0,0.063049853372434,0,0,86,1023,2000,1364,0.9999906831870116,218.275,-3.0,-3.0,2.56582719830476e-05,2.743800041571376e-05,3.77613995624415e-05,4.891800017503556e-05
balanced,TwinSync,1024,1.0,3.0,B1-e,0,0.0,none,0,B,0.0,0.0,0.0516853932584269,0,0,69,1029,2000,1335,0.9999964567599594,217.3,-3.0,-3.0,2.299818598476122e-05,2.5854499654087704e-05,3.617534994191373e-05,5.908499952056445e-05
balanced,TwinSync,1025,1.0,3.0,B1-e,0,0.0,none,0,B,0.0,0.0,0.0509090909090909,0,0,70,1015,2000,1375,0.9999757567974696,219.125,-3.0,-3.0,2.275039000414836e-05,2.4750499960646263e-05,3.558610019354091e-05,5.495899949892191e-05
balanced,TwinSync,1026,1.0,3.0,B1-e,0,0.0,none,0,B,0.0,0.0,0.0536370315944158,0,0,73,1048,2000,1361,0.9999921317615216,218.45,-3.0,-3.0,2.499351400365413e-05,2.7208999654249052e-05,3.491909956210293e-05,4.504200023802696e-05
balanced,TwinSync,1027,1.0,3.0,B1-e,0,0.0,none,0,B,0.0,0.0,0.0621345029239766,0,0,85,1033,2000,1368,0.9999945102976934,218.45,-3.0,-3.0,2.690444801191916e-05,2.8166999982204288e-05,3.873400032716743e-05,5.316800070431782e-05
balanced,TwinSync,1028,1.0,3.0,B1-e,0,0.0,none,0,B,0.0,0.0,0.0601173020527859,0,0,82,1060,2000,1364,0.9999997826571726,218.75,-3.0,-3.0,2.73636280271603e-05,2.7958499686064897e-05,3.801554971687437e-05,0.0008377249996556
balanced,TwinSync,1029,1.0,3.0,B1-e,0,0.0,none,0,B,0.0,0.0,0.0734753857457751,0,0,100,1047,2000,1361,1.0,217.9,-3.0,-3.0,2.677019602560904e-05,2.8501000087999276e-05,4.219090055812556e-05,6.025199945725035e-05
balanced,TwinSync,1000,1.0,3.0,B2-phase,0,0.0,none,0,B,0.0,0.0,0.1574864235841737,0,0,203,1077,1740,1289,0.9999997298594702,191.25,-3.0,-3.0,2.612951198716473e-05,3.043800006707897e-05,4.829505082852847e-05,6.850200043118093e-05
balanced,TwinSync,1001,1.0,3.0,B2-phase,0,0.0,none,0,B,0.0,0.0,0.1503469545104086,0,0,195,1046,1721,1297,0.9999845731768272,191.1,-3.0,-3.0,2.5222145990483117e-05,2.9333999918890186e-05,4.812599945580587e-05,6.741800007148413e-05
balanced,TwinSync,1002,1.0,3.0,B2-phase,0,0.0,none,0,B,0.0,0.0,0.1580594679186228,0,0,202,1042,1721,1278,0.9999241517216304,189.05,-3.0,-3.0,2.626061999580997e-05,2.8979999569855863e-05,4.979509958502604e-05,8.804299977782648e-05
balanced,TwinSync,1003,1.0,3.0,B2-phase,0,0.0,none,0,B,0.0,0.0,0.1580207501995211,0,0,198,1065,1717,1253,0.9999374137874922,188.225,-3.0,-3.0,2.5477745995885925e-05,2.8521499643829884e-05,4.930339941893179e-05,7.733500024187379e-05
balanced,TwinSync,1004,1.0,3.0,B2-phase,0,0.0,none,0,B,0.0,0.0,0.1478873239436619,0,0,189,1045,1726,1278,0.9999864837467054,190.2,-3.0,-3.0,2.598885399493156e-05,2.9333999918890186e-05,5.150519968992739e-05,6.008499985910021e-05
balanced,TwinSync,1005,1.0,3.0,B2-phase,0,0.0,none,0,B,0.0,0.0,0.1587301587301587,0,0,200,1068,1721,1260,0.9999999308571432,188.8,-3.0,-3.0,2.482949797376932e-05,2.720900010899641e-05,4.871110013482394e-05,7.158399967011064e-05
balanced,TwinSync,1006,1.0,3.0,B2-phase,0,0.0,none,0,B,0.0,0.0,0.1452249408050513,0,0,184,1094,1745,1267,0.999951452929253,192.3,-3.0,-3.0,2.4901721988499047e-05,2.670900039447588e-05,4.917004939670733e-05,5.841699930897448e-05
balanced,TwinSync,1007,1.0,3.0,B2-phase,0,0.0,none,0,B,0.0,0.0,0.1603700848111025,0,0,208,1052,1715,1297,0.9999982696119072,189.6,-3.0,-3.0,2.6088359996720105e-05,2.902149981309776e-05,4.90870506837382e-05,7.516799996665213e-05
balanced,TwinSync,1008,1.0,3.0,B2-phase,0,0.0,none,0,B,0.0,0.0,0.1332801276935355,0,0,167,1021,1720,1253,0.9999721535730448,190.2,-3.0,-3.0,2.453210400744865e-05,2.6209000225208e-05,4.904505021841032e-05,5.695999971067067e-05
balanced,TwinSync,1009,1.0,3.0,B2-phase,0,0.0,none,0,B,0.0,0.0,0.1567398119122257,0,0,200,1076,1715,1276,0.9999944579043626,190.05,-3.0,-3.0,2.5843410003290047e-05,2.8833499982283683e-05,5.058399983681738e-05,0.0001420030002918
balanced,TwinSync,1010,1.0,3.0,B2-phase,0,0.0,none,0,B,0.0,0.0,0.13487629688747,0,0,169,1054,1716,1253,0.9999843938942256,189.175,-3.0,-3.0,2.430663198538241e-05,2.5792499400267843e-05,4.9086100216300106e-05,7.36680003683432e-05
balanced,TwinSync,1011,1.0,3.0,B2-phase,0,0.0,none,0,B,0.0,0.0,0.1667977970102281,0,0,212,1081,1705,1271,0.9999843938942256,188.1,-3.0,-3.0,2.5228429974959e-05,2.812500042637112e-05,4.87551496917149e-05,5.9376000535849016e-05
balanced,TwinSync,1012,1.0,3.0,B2-phase,0,0.0,none,0,B,0.0,0.0,0.1627906976744186,0,0,210,1053,1692,1290,0.9999596465146778,188.4,-3.0,-3.0,2.6011498008301717e-05,2.9834000088158064e-05,4.888015055257711e-05,5.966800017631613e-05
balanced,TwinSync,1013,1.0,3.0,B2-phase,0,0.0,none,0,B,0.0,0.0,0.1479430379746835,0,0,187,1058,1722,1264,0.9999568783335636,189.575,-3.0,-3.0,2.5648830001955504e-05,2.8417000066838227e-05,4.945899950143939e-05,0.0001864200003183
balanced,TwinSync,1014,1.0,3.0,B2-phase,0,0.0,none,0,B,0.0,0.0,0.1650190114068441,0,0,217,1039,1719,1315,0.9997250693907124,190.0,-3.0,-3.0,2.6035164008135324e-05,3.0479999622912143e-05,4.8584000069240574e-05,9.091799984162208e-05
balanced,TwinSync,1015,1.0,3.0,B2-phase,0,0.0,none,0,B,0.0,0.0,0.1444356748224151,0,0,183,1060,1728,1267,0.9999917037381584,190.225,-3.0,-3.0,2.476790402215556e-05,2.858399966498837e-05,4.904505021841032e-05,5.904299996473128e-05
balanced,TwinSync,1016,1.0,3.0,B2-phase,0,0.0,none,0,B,0.0,0.0,0.1562998405103668,0,0,196,1071,1718,1254,0.9999999308571432,188.725,-3.0,-3.0,2.52201240073191e-05,2.7854499876411865e-05,4.979504960829217e-05,5.270999918138841e-05
balanced,TwinSync,1017,1.0,3.0,B2-phase,0,0.0,none,0,B,0.0,0.0,0.156786271450858,0,0,201,1058,1717,1282,0.9999750662815592,189.55,-3.0,-3.0,2.5058628001715988e-05,2.789599966490641e-05,4.8003049414546695e-05,8.141900070768315e-05
balanced,TwinSync,1018,1.0,3.0,B2-phase,0,0.0,none,0,B,0.0,0.0,0.1333872271624899,0,0,165,1065,1729,1237,0.999997538126892,190.325,-3.0,-3.0,2.333494002050429e-05,2.485450022504665e-05,4.800304946002143e-05,5.97929993091384e-05
balanced,TwinSync,1019,1.0,3.0,B2-phase,0,0.0,none,0,B,0.0,0.0,0.1628086419753086,0,0,211,1061,1719,1296,0.9999993790216112,189.5,-3.0,-3.0,2.5598849993912157e-05,2.9020999591011787e-05,4.879715015704277e-05,6.008499985910021e-05
balanced,TwinSync,1020,1.0,3.0,B2-phase,0,0.0,none,0,B,0.0,0.0,0.1410658307210031,0,0,180,1067,1703,1276,0.9999955911217316,189.825,-3.0,-3.0,2.5077416001295207e-05,2.708400006667944e-05,4.8544100491199056e-05,6.600199958484154e-05
balanced,TwinSync,1021,1.0,3.0,B2-phase,0,0.0,none,0,B,0.0,0.0,0.1631537861046057,0,0,209,1067,1719,1281,0.999972445148624,189.425,-3.0,-3.0,2.5416587996005545e-05,2.881299997170572e-05,4.896320019724953e-05,8.466899998893496e-05
balanced,TwinSync,1022,1.0,3.0,B2-phase,0,0.0,none,0,B,0.0,0.0,0.1635658914728682,0,0,211,1090,1728,1290,0.999964107487558,190.225,-3.0,-3.0,2.6250759989125076e-05,3.054249964407063e-05,4.971734956598083e-05,5.4875999921932817e-05
balanced,TwinSync,1023,1.0,3.0,B2-phase,0,0.0,none,0,B,0.0,0.0,0.1838989739542225,0,0,233,1069,1715,1267,0.9999525908537378,186.875,-3.0,-3.0,2.7061216005677125e-05,3.0855000204610405e-05,5.113014958624262e-05,8.033499943849165e-05
balanced,TwinSync,1024,1.0,3.0,B2-phase,0,0.0,none,0,B,0.0,0.0,0.1508828250401284,0,0,188,1046,1732,1246,0.9999453648180648,188.5,-3.0,-3.0,2.456985002027068e-05,2.7334000151313376e-05,4.838224954255565e-05,5.3667999964091e-05
balanced,TwinSync,1025,1.0,3.0,B2-phase,0,0.0,none,0,B,0.0,0.0,0.1542635658914728,0,0,199,1059,1718,1290,0.9999999308571432,189.325,-3.0,-3.0,2.5413401981495557e-05,2.812550019370974e-05,4.875724966950656e-05,5.983499977446627e-05
balanced,TwinSync,1026,1.0,3.0,B2-phase,0,0.0,none,0,B,0.0,0.0,0.1683320522674865,0,0,219,1066,1718,1301,0.999945937179002,189.35,-3.0,-3.0,2.5743325973962786e-05,2.9250999432406388e-05,4.77120501727768e-05,5.604299985861872e-05
balanced,TwinSync,1027,1.0,3.0,B2-phase,0,0.0,none,0,B,0.0,0.0,0.1635071090047393,0,0,207,1080,1694,1266,0.99996921823961,187.525,-3.0,-3.0,2.5499247987681884e-05,2.9291999453562312e-05,4.829299996345071e-05,8.233500011556316e-05
balanced,TwinSync,1028,1.0,3.0,B2-phase,0,0.0,none,0,B,0.0,0.0,0.1553473848555815,0,0,199,1059,1716,1281,0.9999844594477924,189.525,-3.0,-3.0,2.563875199848553e-05,2.885450021494762e-05,4.8628049671606274e-05,6.833400038885884e-05
balanced,TwinSync,1029,1.0,3.0,B2-phase,0,0.0,none,0,B,0.0,0.0,0.1595662277304415,0,0,206,1058,1718,1291,0.999986512097135,190.05,-3.0,-3.0,2.6308757998776854e-05,2.9083999834256247e-05,4.954299952260044e-05,5.933499960519839e-05
balanced,TwinSync,1000,1.0,3.0,B3-correlated,0,0.0,none,0,B,0.0,0.0,0.1160528144544822,0,0,167,1144,2000,1439,0.999993637754344,219.875,-3.0,-3.0,2.8550096027174733e-05,2.8875499992864206e-05,4.837810042772616e-05,7.779400038998574e-05
balanced,TwinSync,1001,1.0,3.0,B3-correlated,0,0.0,none,0,B,0.0,0.0,0.1313617606602476,0,0,191,1151,2000,1454,0.9999789969974108,219.75,-3.0,-3.0,2.868195200790069e-05,2.808399995046784e-05,4.90072497541405e-05,0.0001505449999967
balanced,TwinSync,1002,1.0,3.0,B3-correlated,0,0.0,none,0,B,0.0,0.0,0.1301652892561983,0,0,189,1143,2000,1452,0.99997893912586,219.7,-3.0,-3.0,2.80392760050745e-05,2.752149976004148e-05,4.854510002587631e-05,9.1044000328111e-05
balanced,TwinSync,1003,1.0,3.0,B3-correlated,0,0.0,none,0,B,0.0,0.0,0.1112696148359486,0,0,156,1124,2000,1402,0.9999973804739676,218.175,-3.0,-3.0,2.531864999582467e-05,2.7145999865751943e-05,5.051350026405998e-05,7.687700053793378e-05
balanced,TwinSync,1004,1.0,3.0,B3-correlated,0,0.0,none,0,B,0.0,0.0,0.1040943789035392,0,0,150,1087,2000,1441,0.9999991450384552,220.1,-3.0,-3.0,2.8253168014998665e-05,2.833399958035443e-05,5.1378100488364e-05,0.0001151689994003
balanced,TwinSync,1005,1.0,3.0,B3-correlated,0,0.0,none,0,B,0.0,0.0,0.1185237757274663,0,0,167,1166,2000,1409,0.9999991590923664,218.85,-3.0,-3.0,2.7533555985428397e-05,2.7709000278264284e-05,4.7227750474121405e-05,7.083499986038078e-05
balanced,TwinSync,1006,1.0,3.0,B3-correlated,0,0.0,none,0,B,0.0,0.0,0.1098591549295774,0,0,156,1146,2000,1420,0.9999617051413552,219.925,-3.0,-3.0,2.6911614018899853e-05,2.718799987633247e-05,4.8500999582756776e-05,0.0001242939997609
balanced,TwinSync,1007,1.0,3.0,B3-correlated,0,0.0,none,0,B,0.0,0.0,0.1115819209039548,0,0,158,1135,2000,1416,0.9999980869665028,218.6,-3.0,-3.0,2.6421177988595447e-05,2.8063000172551256e-05,4.804055033673645e-05,7.36680003683432e-05
balanced,TwinSync,1008,1.0,3.0,B3-correlated,0,0.0,none,0,B,0.0,0.0,0.1062009978617248,0,0,149,1131,2000,1403,0.9999995250313242,219.925,-3.0,-3.0,2.7180949988178326e-05,2.560450002420112e-05,4.8545050049142446e-05,8.145999981934438e-05
balanced,TwinSync,1009,1.0,3.0,B3-correlated,0,0.0,none,0,B,0.0,0.0,0.1264933239634574,0,0,180,1170,2000,1423,0.9999986902893758,219.175,-3.0,-3.0,2.7502190001541747e-05,2.716699964366853e-05,4.42551499872934e-05,8.137700024235528e-05
balanced,TwinSync,1010,1.0,3.0,B3-correlated,0,0.0,none,0,B,0.0,0.0,0.0913633119200571,0,0,128,1146,2000,1401,0.9999974259052068,219.925,-3.0,-3.0,2.6025190018117427e-05,2.700050026760437e-05,4.685159988184749e-05,5.083399992145132e-05
balanced,TwinSync,1011,1.0,3.0,B3-correlated,0,0.0,none,0,B,0.0,0.0,0.1342657342657342,0,0,192,1182,2000,1430,0.9999897460472582,218.8,-3.0,-3.0,2.6968354010023176e-05,2.8499999643827323e-05,4.695339948739271e-05,6.308399952104082e-05
balanced,TwinSync,1012,1.0,3.0,B3-correlated,0,0.0,none,0,B,0.0,0.0,0.1121233356692361,0,0,160,1123,2000,1427,0.9999957055901024,219.575,-3.0,-3.0,2.5983777972214738e-05,2.9229499887151175e-05,4.635070022231956e-05,6.266799937293399e-05
balanced,TwinSync,1013,1.0,3.0,B3-correlated,0,0.0,none,0,B,0.0,0.0,0.1068917018284106,0,0,152,1128,2000,1422,0.9999923830673896,219.7,-3.0,-3.0,2.6212688024315867e-05,2.8626000130316243e-05,4.850305049330928e-05,6.400100028258748e-05
balanced,TwinSync,1014,1.0,3.0,B3-correlated,0,0.0,none,0,B,0.0,0.0,0.1293874741913283,0,0,188,1130,2000,1453,0.999952176358287,218.85,-3.0,-3.0,2.862990199537308e-05,3.0479999622912143e-05,4.698284997175504e-05,6.991800000832882e-05
balanced,TwinSync,1015,1.0,3.0,B3-correlated,0,0.0,none,0,B,0.0,0.0,0.1085106382978723,0,0,153,1132,2000,1410,0.999989575073618,218.6,-3.0,-3.0,2.521182799137023e-05,2.766699935818906e-05,4.708399960691167e-05,6.42929999230546e-05
balanced,TwinSync,1016,1.0,3.0,B3-correlated,0,0.0,none,0,B,0.0,0.0,0.1228932584269662,0,0,175,1146,2000,1424,0.9999881149998948,219.025,-3.0,-3.0,2.730443201289745e-05,2.7250499897490957e-05,4.701249954450758e-05,6.166799994389294e-05
balanced,TwinSync,1017,1.0,3.0,B3-correlated,0,0.0,none,0,B,0.0,0.0,0.1202797202797202,0,0,172,1140,2000,1430,0.9999974069214452,219.025,-3.0,-3.0,2.7247446019828203e-05,2.9021500267845116e-05,4.900309977529105e-05,6.725099956383929e-05
balanced,TwinSync,1018,1.0,3.0,B3-correlated,0,0.0,none,0,B,0.0,0.0,0.0854197349042709,0,0,116,1160,2000,1358,0.9999999475635124,219.525,-3.0,-3.0,2.1836251999047815e-05,1.9834000340779312e-05,4.5602749969475534e-05,7.987700064404635e-05
balanced,TwinSync,1019,1.0,3.0,B3-correlated,0,0.0,none,0,B,0.0,0.0,0.1308864265927977,0,0,189,1160,2000,1444,0.9999809837961926,218.775,-3.0,-3.0,2.6916281994999737e-05,2.87719999505498e-05,4.7792999839657566e-05,5.658400004904252e-05
balanced,TwinSync,1020,1.0,3.0,B3-correlated,0,0.0,none,0,B,0.0,0.0,0.106368089573128,0,0,152,1129,2000,1429,0.9999669868083512,219.875,-3.0,-3.0,2.6922463983282795e-05,2.7188500098418444e-05,4.825930041079117e-05,0.0001533370004835
balanced,TwinSync,1021,1.0,3.0,B3-correlated,0,0.0,none,0,B,0.0,0.0,0.1107994389901823,0,0,158,1130,2000,1426,0.9999642766098038,219.75,-3.0,-3.0,2.6817976031452414e-05,2.8167999971628888e-05,4.7557550624333074e-05,0.0002870469998015
balanced,TwinSync,1022,1.0,3.0,B3-correlated,0,0.0,none,0,B,0.0,0.0,0.1235170969993021,0,0,177,1169,2000,1433,0.9999995280718096,219.075,-3.0,-3.0,2.684157200019399e-05,2.866700015147217e-05,4.850309956054843e-05,0.0001224190000357
balanced,TwinSync,1023,1.0,3.0,B3-correlated,0,0.0,none,0,B,0.0,0.0,0.1164912280701754,0,0,166,1119,2000,1425,0.9999923408492296,219.25,-3.0,-3.0,2.7394129994718243e-05,2.8124999971623765e-05,4.708405044766551e-05,5.5251000048883725e-05
balanced,TwinSync,1024,1.0,3.0,B3-correlated,0,0.0,none,0,B,0.0,0.0,0.1167259786476868,0,0,164,1133,2000,1405,0.999990982054288,218.025,-3.0,-3.0,2.6235668008666837e-05,2.6230000457871935e-05,4.730340046990021e-05,0.0006509300001198
balanced,TwinSync,1025,1.0,3.0,B3-correlated,0,0.0,none,0,B,0.0,0.0,0.1112646855563234,0,0,161,1110,2000,1447,0.9999742809397107,219.85,-3.0,-3.0,2.5285003983299248e-05,2.600049947432126e-05,4.7067050036275736e-05,5.220900038693799e-05
balanced,TwinSync,1026,1.0,3.0,B3-correlated,0,0.0,none,0,B,0.0,0.0,0.1112676056338028,0,0,158,1148,2000,1420,0.9999923970625628,219.0,-3.0,-3.0,2.819278397510061e-05,2.9417000405373983e-05,4.809024990208854e-05,6.954300079087261e-05
balanced,TwinSync,1027,1.0,3.0,B3-correlated,0,0.0,none,0,B,0.0,0.0,0.1234309623430962,0,0,177,1136,2000,1434,0.9999846922404066,219.075,-3.0,-3.0,2.840168198235915e-05,2.8396500056260265e-05,4.767004975292366e-05,6.758499966963427e-05
balanced,TwinSync,1028,1.0,3.0,B3-correlated,0,0.0,none,0,B,0.0,0.0,0.1226480836236933,0,0,176,1150,2000,1435,0.9999999473225362,219.275,-3.0,-3.0,2.818070201465161e-05,2.968799981317716e-05,4.929505025756952e-05,5.904299996473128e-05
balanced,TwinSync,1029,1.0,3.0,B3-correlated,0,0.0,none,0,B,0.0,0.0,0.1334730957372467,0,0,191,1143,2000,1431,0.9999999470311656,218.725,-3.0,-3.0,2.7928215997235385e-05,2.8125999961048365e-05,4.787599941664666e-05,7.083499986038078e-05
balanced,FIFO,1000,1.0,3.0,B1-a,0,0.0,none,0,B,0.0365033621517771,0.0,0.0,38,0,0,1041,2000,1377,0.9999618451856632,227.875,-1.524,1.0,6.601210014196112e-06,5.709000106435269e-06,8.33399922157696e-06,0.0002885889998651
balanced,FIFO,1001,1.0,3.0,B1-a,0,0.0,none,0,B,0.0516252390057361,0.0,0.0,54,0,0,1046,2000,1387,0.9999033201502244,228.475,-1.362,1.0,6.362220010487363e-06,5.95800065639196e-06,8.921149856178087e-06,3.2375000046158675e-05
balanced,FIFO,1002,1.0,3.0,B1-a,0,0.0,none,0,B,0.053449951409135,0.0,0.0,55,0,0,1029,2000,1394,0.9999280219604,228.6,-1.05,1.0,6.238196010599495e-06,6.000000212225132e-06,8.166050065483432e-06,3.17920002999017e-05
balanced,FIFO,1003,1.0,3.0,B1-a,0,0.0,none,0,B,0.0551790900290416,0.0,0.0,57,0,0,1033,2000,1334,1.0,224.3,-1.824,1.0,5.491333997269976e-06,5.083999894850422e-06,8.0830504430196e-06,4.550100038613891e-05
balanced,FIFO,1004,1.0,3.0,B1-a,0,0.0,none,0,B,0.0432595573440643,0.0,0.0,43,0,0,994,2000,1377,0.9999609932185988,226.725,-1.314,1.0,5.8652599927881965e-06,5.667000550602097e-06,8.002050844879702e-06,1.39580006361939e-05
balanced,FIFO,1005,1.0,3.0,B1-a,0,0.0,none,0,B,0.0541044776119402,0.0,0.0,58,0,0,1072,2000,1347,0.999994710451154,225.675,-0.64,1.0,6.418534012482269e-06,6.541999937326182e-06,8.211050044337752e-06,1.5501000234507956e-05
balanced,FIFO,1006,1.0,3.0,B1-a,0,0.0,none,0,B,0.0319248826291079,0.0,0.0,34,0,0,1065,2000,1347,0.9999646028375538,226.425,-1.902,1.0,5.4544819995498985e-06,5.083999894850422e-06,8.041050023166463e-06,2.562600002420368e-05
balanced,FIFO,1007,1.0,3.0,B1-a,0,0.0,none,0,B,0.0612244897959183,0.0,0.0,63,0,0,1029,2000,1354,0.9999991394777492,225.325,-1.482,1.0,6.018149995725253e-06,5.667000550602097e-06,8.58814928506035e-06,2.750000021478627e-05
balanced,FIFO,1008,1.0,3.0,B1-a,0,0.0,none,0,B,0.0436893203883495,0.0,0.0,45,0,0,1030,2000,1336,0.9999973731907852,224.7,-1.892,1.0,5.525671995201265e-06,5.146000148670282e-06,8.338150064446377e-06,1.3792000572721008e-05
balanced,FIFO,1009,1.0,3.0,B1-a,0,0.0,none,0,B,0.0684803001876172,0.0,0.0,73,0,0,1066,2000,1356,0.9999997882221888,226.325,-1.024,1.0,6.460796006649616e-06,6.208500508364523e-06,8.958049875218421e-06,4.183400051260833e-05
balanced,FIFO,1010,1.0,3.0,B1-a,0,0.0,none,0,B,0.0285442435775451,0.0,0.0,30,0,0,1051,2000,1321,0.9999999467865064,224.225,-2.14,1.0,5.411166008343571e-06,5.104499905428384e-06,7.999999979801942e-06,1.8249999811814632e-05
balanced,FIFO,1011,1.0,3.0,B1-a,0,0.0,none,0,B,0.0434372049102927,0.0,0.0,46,0,0,1059,2000,1368,0.9999561441978774,227.775,-1.292,1.0,6.005375978929806e-06,5.708000571758021e-06,8.254150043285331e-06,1.6375000086554792e-05
balanced,FIFO,1012,1.0,3.0,B1-a,0,0.0,none,0,B,0.0266009852216748,0.0,0.0,27,0,0,1015,2000,1359,0.9999991513278008,226.35,-1.85,1.0,5.424940001830691e-06,5.083999894850422e-06,7.627049853908828e-06,1.383400012855418e-05
balanced,FIFO,1013,1.0,3.0,B1-a,0,0.0,none,0,B,0.0487329434697855,0.0,0.0,50,0,0,1026,2000,1349,0.9999922840101544,225.325,-1.792,1.0,5.471523994856397e-06,5.167000381334219e-06,8.003050425031686e-06,1.4000999726704322e-05
balanced,FIFO,1014,1.0,3.0,B1-a,0,0.0,none,0,B,0.0368932038834951,0.0,0.0,38,0,0,1030,2000,1391,0.9998842872086816,228.4,-0.81,1.0,6.180275979204453e-06,6.125000254542101e-06,7.915999958640896e-06,1.5749999874969944e-05
balanced,FIFO,1015,1.0,3.0,B1-a,0,0.0,none,0,B,0.0414657666345226,0.0,0.0,43,0,0,1037,2000,1337,1.0,224.6,-1.976,1.0,5.703680000806344e-06,5.124999916006345e-06,8.964249855125666e-06,3.5583999306254555e-05
balanced,FIFO,1016,1.0,3.0,B1-a,0,0.0,none,0,B,0.0372848948374761,0.0,0.0,39,0,0,1046,2000,1349,0.9998156494694084,225.75,-1.804,1.0,5.732577992603183e-06,5.375000000640284e-06,8.541000170225743e-06,1.6959000276983716e-05
balanced,FIFO,1017,1.0,3.0,B1-a,0,0.0,none,0,B,0.0487571701720841,0.0,0.0,51,0,0,1046,2000,1360,0.9999522644270692,226.05,-1.094,1.0,6.2509700201189845e-06,5.95800065639196e-06,8.630149750388224e-06,2.3208999664348084e-05
balanced,FIFO,1018,1.0,3.0,B1-a,0,0.0,none,0,B,0.0533841754051477,0.0,0.0,56,0,0,1049,2000,1292,0.9999995070799208,221.075,-2.056,1.0,5.287482021230971e-06,4.832999820791883e-06,8.084000000962988e-06,1.7334000403934624e-05
balanced,FIFO,1019,1.0,3.0,B1-a,0,0.0,none,0,B,0.055185537583254,0.0,0.0,58,0,0,1051,2000,1375,0.9999997888057324,227.075,-1.244,1.0,6.14218997907301e-06,5.8544997045828495e-06,8.75415021255321e-06,1.541700021334691e-05
balanced,FIFO,1020,1.0,3.0,B1-a,0,0.0,none,0,B,0.0405405405405405,0.0,0.0,42,0,0,1036,2000,1355,0.999866553390067,225.375,-1.464,1.0,5.8801879767997885e-06,5.707999662263319e-06,8.085149602266027e-06,1.5874999917286914e-05
balanced,FIFO,1021,1.0,3.0,B1-a,0,0.0,none,0,B,0.0571705426356589,0.0,0.0,59,0,0,1032,2000,1373,0.9999350576163526,227.15,-1.628,1.0,5.703692017050344e-06,5.45799957762938e-06,8.088149979812438e-06,1.583399989613099e-05
balanced,FIFO,1022,1.0,3.0,B1-a,0,0.0,none,0,B,0.032497678737233,0.0,0.0,35,0,0,1077,2000,1362,0.9999995319382944,227.25,-1.44,1.0,5.998174017804558e-06,5.750000127591193e-06,8.002099957593598e-06,1.3084000784147063e-05
balanced,FIFO,1023,1.0,3.0,B1-a,0,0.0,none,0,B,0.0410557184750733,0.0,0.0,42,0,0,1023,2000,1364,0.9999986757808258,226.825,-1.26,1.0,5.99911398239783e-06,5.667000095854746e-06,8.416999662586022e-06,2.229199981229613e-05
balanced,FIFO,1024,1.0,3.0,B1-a,0,0.0,none,0,B,0.0447035957240038,0.0,0.0,46,0,0,1029,2000,1335,0.9999934711570286,224.0,-1.77,1.0,5.534731993975584e-06,5.1254996833449695e-06,8.0830504430196e-06,3.312599983473774e-05
balanced,FIFO,1025,1.0,3.0,B1-a,0,0.0,none,0,B,0.0650246305418719,0.0,0.0,66,0,0,1015,2000,1375,0.9999259310157514,225.55,-1.472,1.0,5.825377984365332e-06,5.45900002180133e-06,8.335099619216633e-06,1.595899993844796e-05
balanced,TwinSync,1000,1.0,3.0,B1-a,0,0.0,none,0,B,0.0,0.0,0.0566448801742919,0,0,78,1041,2000,1377,0.9999907959058012,219.325,-3.0,-3.0,2.8815990019211316e-05,3.1334000141214347e-05,4.067114969075191e-05,7.80849995862809e-05
balanced,TwinSync,1001,1.0,3.0,B1-a,0,0.0,none,0,B,0.0,0.0,0.0692141312184571,0,0,96,1046,2000,1387,0.9999760049752948,219.225,-3.0,-3.0,2.7320958011841863e-05,2.8833999749622308e-05,3.844090024358591e-05,6.200200004968792e-05
balanced,TwinSync,1002,1.0,3.0,B1-a,0,0.0,none,0,B,0.0,0.0,0.0710186513629842,0,0,99,1029,2000,1394,0.9999781236381964,219.25,-3.0,-3.0,2.6243587984936316e-05,2.7167499865754507e-05,3.962600021623075e-05,5.537600009120069e-05
balanced,TwinSync,1003,1.0,3.0,B1-a,0,0.0,none,0,B,0.0,0.0,0.0502248875562218,0,0,67,1033,2000,1334,0.9999986191697896,217.475,-3.0,-3.0,2.3233427986269816e-05,2.612549997138558e-05,3.887804996338673e-05,7.571000060124788e-05
balanced,TwinSync,1004,1.0,3.0,B1-a,0,0.0,none,0,B,0.0,0.0,0.0421205519244734,0,0,58,994,2000,1377,0.9999973011929278,219.875,-3.0,-3.0,2.61639999862382e-05,2.7875000341737177e-05,3.912600004696287e-05,4.854300004808465e-05
balanced,TwinSync,1005,1.0,3.0,B1-a,0,0.0,none,0,B,0.0,0.0,0.0601336302895322,0,0,81,1072,2000,1347,0.999999131439292,218.3,-3.0,-3.0,2.502774199820124e-05,2.666700038389536e-05,3.521315011312253e-05,7.954400007292861e-05
balanced,TwinSync,1006,1.0,3.0,B1-a,0,0.0,none,0,B,0.0,0.0,0.050482553823311,0,0,68,1065,2000,1347,0.9999410245098672,219.025,-3.0,-3.0,2.5885415974698843e-05,2.768849981293897e-05,4.042745049446238e-05,7.662600000912789e-05
balanced,TwinSync,1007,1.0,3.0,B1-a,0,0.0,none,0,B,0.0,0.0,0.0487444608567208,0,0,66,1029,2000,1354,0.9999920725746978,218.2,-3.0,-3.0,2.460914201037667e-05,2.7479500204208307e-05,3.770900002564304e-05,5.612600034510251e-05
balanced,TwinSync,1008,1.0,3.0,B1-a,0,0.0,none,0,B,0.0,0.0,0.0449101796407185,0,0,60,1030,2000,1336,1.0,219.2,-3.0,-3.0,2.575842400619877e-05,2.5291500151070068e-05,4.116969980714198e-05,0.0002272960000482
balanced,TwinSync,1009,1.0,3.0,B1-a,0,0.0,none,0,B,0.0,0.0,0.0619469026548672,0,0,84,1066,2000,1356,1.0,218.75,-3.0,-3.0,2.5743007998244137e-05,2.700000004551839e-05,3.56700502379681e-05,5.554299968935084e-05
balanced,TwinSync,1010,1.0,3.0,B1-a,0,0.0,none,0,B,0.0,0.0,0.0196820590461771,0,0,26,1051,2000,1321,0.9999921757177312,219.2,-3.0,-3.0,2.2527863991854247e-05,2.358350002396037e-05,3.434024984017014e-05,5.6209999456768855e-05
balanced,TwinSync,1011,1.0,3.0,B1-a,0,0.0,none,0,B,0.0,0.0,0.0679824561403508,0,0,93,1059,2000,1368,0.999986064274614,218.5,-3.0,-3.0,2.4059501998635824e-05,2.679250019355095e-05,3.512920006869535e-05,4.6084000132395886e-05
balanced,TwinSync,1012,1.0,3.0,B1-a,0,0.0,none,0,B,0.0,0.0,0.0463576158940397,0,0,63,1015,2000,1359,0.9999991199948608,219.05,-3.0,-3.0,2.433918200767948e-05,2.8167499749542912e-05,3.592215030039369e-05,6.541799939441262e-05
balanced,TwinSync,1013,1.0,3.0,B1-a,0,0.0,none,0,B,0.0,0.0,0.0415122312824314,0,0,56,1026,2000,1349,0.9999933605794666,218.875,-3.0,-3.0,2.385305801180948e-05,2.7334000151313376e-05,3.704714981722645e-05,6.066800051485188e-05
balanced,TwinSync,1014,1.0,3.0,B1-a,0,0.0,none,0,B,0.0,0.0,0.0726096333572969,0,0,101,1030,2000,1391,0.9999400800847,218.225,-3.0,-3.0,2.7224217972616314e-05,2.9729499601671705e-05,3.708609983732458e-05,6.420899990189355e-05
balanced,TwinSync,1015,1.0,3.0,B1-a,0,0.0,none,0,B,0.0,0.0,0.0448765893792071,0,0,60,1037,2000,1337,0.9999708646694186,217.725,-3.0,-3.0,2.3358488000667425e-05,2.656250035215635e-05,3.738850036825169e-05,4.5167999815021176e-05
balanced,TwinSync,1016,1.0,3.0,B1-a,0,0.0,none,0,B,0.0,0.0,0.0526315789473684,0,0,71,1046,2000,1349,0.9999893004900594,218.7,-3.0,-3.0,2.5717639953654726e-05,2.6396499833936105e-05,3.805130013461165e-05,5.741699987993343e-05
balanced,TwinSync,1017,1.0,3.0,B1-a,0,0.0,none,0,B,0.0,0.0,0.0595588235294117,0,0,81,1046,2000,1360,0.9999964964411506,218.25,-3.0,-3.0,2.3880705983174263e-05,2.4333500277862186e-05,3.938015011044626e-05,7.90839994806447e-05
balanced,TwinSync,1018,1.0,3.0,B1-a,0,0.0,none,0,B,0.0,0.0,0.0224458204334365,0,0,29,1049,2000,1292,1.0,219.15,-3.0,-3.0,1.8550082022557038e-05,1.6812499779916834e-05,3.617215038502763e-05,5.01669992445386e-05
balanced,TwinSync,1019,1.0,3.0,B1-a,0,0.0,none,0,B,0.0,0.0,0.0647272727272727,0,0,89,1051,2000,1375,0.999975915171596,218.375,-3.0,-3.0,2.612603599300201e-05,2.875100017263321e-05,3.993044983872095e-05,6.35839996903087e-05
balanced,TwinSync,1020,1.0,3.0,B1-a,0,0.0,none,0,B,0.0,0.0,0.0391143911439114,0,0,53,1036,2000,1355,0.9999803210235249,219.425,-3.0,-3.0,2.416731199809874e-05,2.5876000108837616e-05,3.7259300324876665e-05,4.616699970938498e-05
balanced,TwinSync,1021,1.0,3.0,B1-a,0,0.0,none,0,B,0.0,0.0,0.0575382374362709,0,0,79,1032,2000,1373,0.9999735544675248,219.25,-3.0,-3.0,2.4118803987221327e-05,2.6604999675328145e-05,3.729505074261396e-05,5.716800023947144e-05
balanced,TwinSync,1022,1.0,3.0,B1-a,0,0.0,none,0,B,0.0,0.0,0.0616740088105726,0,0,84,1077,2000,1362,0.999998646031024,218.425,-3.0,-3.0,2.4845938014550484e-05,2.816800042637624e-05,3.725214987753133e-05,6.166799994389294e-05
balanced,TwinSync,1023,1.0,3.0,B1-a,0,0.0,none,0,B,0.0,0.0,0.063049853372434,0,0,86,1023,2000,1364,0.9999906831870116,218.275,-3.0,-3.0,2.5923626015355696e-05,2.772950028884225e-05,3.7875050065849794e-05,4.983399958291557e-05
balanced,TwinSync,1024,1.0,3.0,B1-a,0,0.0,none,0,B,0.0,0.0,0.0516853932584269,0,0,69,1029,2000,1335,0.9999964567599594,217.3,-3.0,-3.0,2.2542084003362103e-05,2.5167499643430347e-05,3.62277503882069e-05,4.570900000544498e-05
balanced,TwinSync,1025,1.0,3.0,B1-a,0,0.0,none,0,B,0.0,0.0,0.0509090909090909,0,0,70,1015,2000,1375,0.9999757567974696,219.125,-3.0,-3.0,2.3366983981759404e-05,2.5770999855012636e-05,3.5629200192488496e-05,7.304300015675835e-05
balanced,TwinSync,1026,1.0,3.0,B1-a,0,0.0,none,0,B,0.0,0.0,0.0536370315944158,0,0,73,1048,2000,1361,0.9999921317615216,218.45,-3.0,-3.0,2.569776202108187e-05,2.7833999865833903e-05,3.645900051196804e-05,5.2876000154356007e-05
balanced,TwinSync,1027,1.0,3.0,B1-a,0,0.0,none,0,B,0.0,0.0,0.0621345029239766,0,0,85,1033,2000,1368,0.9999945102976934,218.45,-3.0,-3.0,2.747135400022671e-05,2.950050020444905e-05,3.90450496070116e-05,6.383500021911459e-05
balanced,TwinSync,1028,1.0,3.0,B1-a,0,0.0,none,0,B,0.0,0.0,0.0601173020527859,0,0,82,1060,2000,1364,0.9999997826571726,218.75,-3.0,-3.0,2.5823259989920187e-05,2.785500009849784e-05,3.832534976027088e-05,5.266700009087799e-05
balanced,TwinSync,1029,1.0,3.0,B1-a,0,0.0,none,0,B,0.0,0.0,0.0734753857457751,0,0,100,1047,2000,1361,1.0,217.9,-3.0,-3.0,2.585216597253748e-05,2.7500499982124893e-05,3.9096549608075285e-05,5.512600000656676e-05
balanced,TwinSync,1000,1.0,3.0,B1-b,0,0.0,none,0,B,0.0,0.0,0.0433504775900073,0,0,59,1025,2000,1361,0.9999921096443816,219.15,-3.0,-3.0,2.708755401545204e-05,2.92299996544898e-05,3.608610040828353e-05,8.433499988313997e-05
balanced,TwinSync,1001,1.0,3.0,B1-b,0,0.0,none,0,B,0.0,0.0,0.053935860058309,0,0,74,1024,2000,1372,0.999978082652946,219.2,-3.0,-3.0,2.7582811988395407e-05,2.9230000109237156e-05,3.754709996428573e-05,7.07929993950529e-05
balanced,TwinSync,1002,1.0,3.0,B1-b,0,0.0,none,0,B,0.0,0.0,0.059291395516992,0,0,82,1006,2000,1383,0.999975688444271,219.125,-3.0,-3.0,2.598340797158016e-05,2.70214995907736e-05,3.72982494354801e-05,9.87110006462899e-05
balanced,TwinSync,1003,1.0,3.0,B1-b,0,0.0,none,0,B,0.0,0.0,0.0356060606060606,0,0,47,1014,2000,1320,0.99999799939982,217.45,-3.0,-3.0,2.2827959995993297e-05,2.725000013015233e-05,3.34253499204351e-05,5.370899998524692e-05
balanced,TwinSync,1004,1.0,3.0,B1-b,0,0.0,none,0,B,0.0,0.0,0.0315018315018315,0,0,43,976,2000,1365,0.9999980031674202,219.65,-3.0,-3.0,2.518955398045364e-05,2.712600007725996e-05,3.52551496689557e-05,7.437600015691714e-05
balanced,TwinSync,1005,1.0,3.0,B1-b,0,0.0,none,0,B,0.0,0.0,0.0406932931424265,0,0,54,1049,2000,1327,0.9999991249271502,218.25,-3.0,-3.0,2.4330641976121117e-05,2.5375500172231117e-05,3.4003050086539584e-05,5.395900006988086e-05
balanced,TwinSync,1006,1.0,3.0,B1-b,0,0.0,none,0,B,0.0,0.0,0.0345864661654135,0,0,46,1045,2000,1330,0.9999369569627652,218.9,-3.0,-3.0,2.42238939863455e-05,2.606249972814112e-05,3.462805029812443e-05,6.291799945756793e-05
balanced,TwinSync,1007,1.0,3.0,B1-b,0,0.0,none,0,B,0.0,0.0,0.0343027591349739,0,0,46,1008,2000,1341,0.9999891386867784,218.2,-3.0,-3.0,2.414417798900104e-05,2.745849997154437e-05,3.412805012885655e-05,6.354299966915278e-05
balanced,TwinSync,1008,1.0,3.0,B1-b,0,0.0,none,0,B,0.0,0.0,0.030920060331825,0,0,41,1005,2000,1326,0.999999779585228,219.25,-3.0,-3.0,2.410972603320261e-05,2.4124999981722794e-05,3.479924994280736e-05,6.62929996906314e-05
balanced,TwinSync,1009,1.0,3.0,B1-b,0,0.0,none,0,B,0.0,0.0,0.0513775130305286,0,0,69,1049,2000,1343,0.9999986346158952,218.475,-3.0,-3.0,2.5270261972764276e-05,2.6292500024283072e-05,3.388640006960485e-05,5.629299994325265e-05
balanced,TwinSync,1010,1.0,3.0,B1-b,0,0.0,none,0,B,0.0,0.0,0.0061022120518688,0,0,8,1022,2000,1311,0.9999907354668804,219.225,-3.0,-3.0,2.200552999602223e-05,2.3250499907589983e-05,3.0086050173849795e-05,3.858400032186182e-05
balanced,TwinSync,1011,1.0,3.0,B1-b,0,0.0,none,0,B,0.0,0.0,0.0525925925925925,0,0,71,1038,2000,1350,0.999990726784175,218.275,-3.0,-3.0,2.3360304005109355e-05,2.439600029902067e-05,3.455964988461345e-05,5.64599995414028e-05
balanced,TwinSync,1012,1.0,3.0,B1-b,0,0.0,none,0,B,0.0,0.0,0.0340993328391401,0,0,46,995,2000,1349,0.9999986165699722,219.075,-3.0,-3.0,2.4013327983993804e-05,2.7042499823437535e-05,3.3877099667734e-05,5.86260002819472e-05
balanced,TwinSync,1013,1.0,3.0,B1-b,0,0.0,none,0,B,0.0,0.0,0.0292134831460674,0,0,39,1009,2000,1335,0.9999906656620194,218.675,-3.0,-3.0,2.283897000233992e-05,2.647949986567255e-05,3.254199968978355e-05,4.408399945532437e-05
balanced,TwinSync,1014,1.0,3.0,B1-b,0,0.0,none,0,B,0.0,0.0,0.0637219406227371,0,0,88,1011,2000,1381,0.9999467234949388,217.975,-3.0,-3.0,2.703694201591133e-05,2.9542500215029577e-05,3.701555024235857e-05,7.666800047445577e-05
balanced,TwinSync,1015,1.0,3.0,B1-b,0,0.0,none,0,B,0.0,0.0,0.0294784580498866,0,0,39,1016,2000,1323,0.9999706722724576,217.725,-3.0,-3.0,2.227725802913483e-05,2.514650032026111e-05,3.283399933025066e-05,6.612700053665321e-05
balanced,TwinSync,1016,1.0,3.0,B1-b,0,0.0,none,0,B,0.0,0.0,0.0396706586826347,0,0,53,1027,2000,1336,0.999982196902261,218.6,-3.0,-3.0,2.4674742027855245e-05,2.575049984443467e-05,3.525099969010625e-05,6.654299977526534e-05
balanced,TwinSync,1017,1.0,3.0,B1-b,0,0.0,none,0,B,0.0,0.0,0.0495562130177514,0,0,67,1023,2000,1352,0.9999955303267332,218.125,-3.0,-3.0,2.2615682020841637e-05,2.3271000372915296e-05,3.509235002638888e-05,6.758499966963427e-05
balanced,TwinSync,1018,1.0,3.0,B1-b,0,0.0,none,0,B,0.0,0.0,0.010132501948558,0,0,13,1025,2000,1283,0.9999999451797724,219.075,-3.0,-3.0,1.7539780023071215e-05,1.602099973752047e-05,3.175099941472581e-05,6.791800024075201e-05
balanced,TwinSync,1019,1.0,3.0,B1-b,0,0.0,none,0,B,0.0,0.0,0.0513573000733675,0,0,70,1026,2000,1363,0.9999757112607552,218.275,-3.0,-3.0,2.435871799752931e-05,2.752149976004148e-05,3.4440899844412324e-05,3.979299981438089e-05
balanced,TwinSync,1020,1.0,3.0,B1-b,0,0.0,none,0,B,0.0,0.0,0.0246636771300448,0,0,33,1015,2000,1338,0.99998017316897,219.275,-3.0,-3.0,2.305938799690921e-05,2.4521500108676264e-05,3.179615027875115e-05,4.533399987849407e-05
balanced,TwinSync,1021,1.0,3.0,B1-b,0,0.0,none,0,B,0.0,0.0,0.0469897209985315,0,0,64,1018,2000,1362,0.9999780415524095,219.2,-3.0,-3.0,2.382260598096764e-05,2.6521500331000425e-05,3.492004998406628e-05,4.716800049209269e-05
balanced,TwinSync,1022,1.0,3.0,B1-b,0,0.0,none,0,B,0.0,0.0,0.0517368810051736,0,0,70,1059,2000,1353,0.9999991281923416,218.35,-3.0,-3.0,2.4857919961505103e-05,2.858400011973572e-05,3.5709000258066226e-05,5.891700038773706e-05
balanced,TwinSync,1023,1.0,3.0,B1-b,0,0.0,none,0,B,0.0,0.0,0.0503330866025166,0,0,68,1001,2000,1351,0.9999891079403116,218.1,-3.0,-3.0,2.533477203360235e-05,2.747949974946096e-05,3.4167050171163285e-05,5.062600030214526e-05
balanced,TwinSync,1024,1.0,3.0,B1-b,0,0.0,none,0,B,0.0,0.0,0.0393939393939393,0,0,52,1013,2000,1320,0.99999643330049,217.05,-3.0,-3.0,2.1902184009377374e-05,2.5250500129914144e-05,3.171109979120956e-05,3.958399975090288e-05
balanced,TwinSync,1025,1.0,3.0,B1-b,0,0.0,none,0,B,0.0,0.0,0.0346352247605011,0,0,47,995,2000,1357,0.9999820626054928,219.0,-3.0,-3.0,2.110181199532235e-05,2.3376000171992928e-05,2.8877149770778487e-05,5.4459000239148736e-05
balanced,TwinSync,1026,1.0,3.0,B1-b,0,0.0,none,0,B,0.0,0.0,0.0415122312824314,0,0,56,1026,2000,1349,0.9999933356252908,218.275,-3.0,-3.0,2.5319282001873943e-05,2.6938500013784505e-05,3.5546150638765535e-05,4.508399979386013e-05
balanced,TwinSync,1027,1.0,3.0,B1-b,0,0.0,none,0,B,0.0,0.0,0.0502215657311669,0,0,68,1013,2000,1354,0.9999933042342364,218.175,-3.0,-3.0,2.653797797756852e-05,2.825100000336533e-05,3.4509350280131904e-05,7.81680000727647e-05
balanced,TwinSync,1028,1.0,3.0,B1-b,0,0.0,none,0,B,0.0,0.0,0.0445103857566765,0,0,60,1040,2000,1348,0.999999781231644,218.7,-3.0,-3.0,2.5702190012452772e-05,2.825000001394073e-05,3.620899956331413e-05,6.308499996521277e-05
balanced,TwinSync,1029,1.0,3.0,B1-b,0,0.0,none,0,B,0.0,0.0,0.0600890207715133,0,0,81,1026,2000,1348,0.999999502900685,217.825,-3.0,-3.0,2.694583799893735e-05,2.898000002460321e-05,3.758705042855581e-05,6.587600000784732e-05
balanced,TwinSync,1000,1.0,3.0,B1-c,0,0.0,none,0,B,0.0,0.0,0.0397643593519882,0,0,54,1016,2000,1358,0.9999933481199312,219.075,-3.0,-3.0,2.680071198119549e-05,2.8875499992864206e-05,3.5132250513925097e-05,4.875100057688542e-05
balanced,TwinSync,1001,1.0,3.0,B1-c,0,0.0,none,0,B,0.0,0.0,0.0482809070958302,0,0,66,1012,2000,1367,0.9999801359449704,219.125,-3.0,-3.0,2.5840329986749565e-05,2.7459000193630345e-05,3.371109955878637e-05,4.9292999392491765e-05
balanced,TwinSync,1002,1.0,3.0,B1-c,0,0.0,none,0,B,0.0,0.0,0.0557971014492753,0,0,77,994,2000,1380,0.9999755738781624,218.975,-3.0,-3.0,2.548432799812872e-05,2.658399989741156e-05,3.583605025596625e-05,4.354199973022333e-05
balanced,TwinSync,1003,1.0,3.0,B1-c,0,0.0,none,0,B,0.0,0.0,0.0318906605922551,0,0,42,1006,2000,1317,0.9999997770805352,217.4,-3.0,-3.0,2.194261000295228e-05,2.581349963293178e-05,3.2338150049326935e-05,5.296000017551705e-05
balanced,TwinSync,1004,1.0,3.0,B1-c,0,0.0,none,0,B,0.0,0.0,0.0279206465833945,0,0,38,969,2000,1361,0.9999964400269132,219.55,-3.0,-3.0,2.5054490011825693e-05,2.7250499897490957e-05,3.5219400115238375e-05,6.687599943688838e-05
balanced,TwinSync,1005,1.0,3.0,B1-c,0,0.0,none,0,B,0.0,0.0,0.0340651021953065,0,0,45,1041,2000,1321,0.9999986294961162,218.275,-3.0,-3.0,2.286194400221575e-05,2.3084000531525817e-05,3.121525051028583e-05,5.083399992145132e-05
balanced,TwinSync,1006,1.0,3.0,B1-c,0,0.0,none,0,B,0.0,0.0,0.0287009063444108,0,0,38,1034,2000,1324,0.9999403601981158,218.775,-3.0,-3.0,2.4390903983658063e-05,2.670900039447588e-05,3.4764649944918334e-05,5.491699994308874e-05
balanced,TwinSync,1007,1.0,3.0,B1-c,0,0.0,none,0,B,0.0,0.0,0.024793388429752,0,0,33,998,2000,1331,0.9999874904830376,218.175,-3.0,-3.0,2.3000206012511626e-05,2.5770999855012636e-05,3.296525023870344e-05,6.162699992273701e-05
balanced,TwinSync,1008,1.0,3.0,B1-c,0,0.0,none,0,B,0.0,0.0,0.0249810749432248,0,0,33,994,2000,1321,0.9999997787550412,219.2,-3.0,-3.0,2.3749120011416385e-05,2.4251000468211718e-05,3.302180066384606e-05,6.116799977462506e-05
balanced,TwinSync,1009,1.0,3.0,B1-c,0,0.0,none,0,B,0.0,0.0,0.0434456928838951,0,0,58,1038,2000,1335,0.999999506618169,218.425,-3.0,-3.0,2.4972592011181404e-05,2.4792000203888165e-05,3.422149975449428e-05,0.0002490050001142
balanced,TwinSync,1010,1.0,3.0,B1-c,0,0.0,none,0,B,0.0,0.0,0.0022970903522205,0,0,3,1008,2000,1306,0.9999892099242272,219.25,-3.0,-3.0,2.0386975969813647e-05,2.145849975931924e-05,2.7467299332784016e-05,5.80850000915234e-05
balanced,TwinSync,1011,1.0,3.0,B1-c,0,0.0,none,0,B,0.0,0.0,0.046909903201787,0,0,63,1032,2000,1343,0.999992080009504,218.2,-3.0,-3.0,2.343189399834955e-05,2.323000035175937e-05,3.6169099985272624e-05,4.96259999636095e-05
balanced,TwinSync,1012,1.0,3.0,B1-c,0,0.0,none,0,B,0.0,0.0,0.0282948622486969,0,0,38,985,2000,1343,0.999997278246222,218.975,-3.0,-3.0,2.3150662011175883e-05,2.3917500129755357e-05,3.471314994385465e-05,6.075100009184098e-05
balanced,TwinSync,1013,1.0,3.0,B1-c,0,0.0,none,0,B,0.0,0.0,0.0255447032306536,0,0,34,999,2000,1331,0.9999920127175288,218.5,-3.0,-3.0,2.3592865976752364e-05,2.677100019354839e-05,3.396940055608865e-05,7.516799996665213e-05
balanced,TwinSync,1014,1.0,3.0,B1-c,0,0.0,none,0,B,0.0,0.0,0.0595930232558139,0,0,82,1002,2000,1376,0.9999465222251072,217.825,-3.0,-3.0,2.61373639532394e-05,2.7750999834097456e-05,3.537715015227149e-05,4.929300030198647e-05
balanced,TwinSync,1015,1.0,3.0,B1-c,0,0.0,none,0,B,0.0,0.0,0.0257966616084977,0,0,34,1007,2000,1318,0.9999730529173892,217.5,-3.0,-3.0,2.18547700005729e-05,2.472950018272968e-05,3.254504918004386e-05,4.24170002588653e-05
balanced,TwinSync,1016,1.0,3.0,B1-c,0,0.0,none,0,B,0.0,0.0,0.0338345864661654,0,0,45,1015,2000,1330,0.9999821131442994,218.45,-3.0,-3.0,2.328761199896689e-05,2.358350002396037e-05,3.266909970989218e-05,4.254299983585952e-05
balanced,TwinSync,1017,1.0,3.0,B1-c,0,0.0,none,0,B,0.0,0.0,0.0423791821561338,0,0,57,1012,2000,1345,0.9999955134799986,218.075,-3.0,-3.0,2.23499240273668e-05,2.3062500076775905e-05,3.321315030007099e-05,4.925099983665859e-05
balanced,TwinSync,1018,1.0,3.0,B1-c,0,0.0,none,0,B,0.0,0.0,0.0062548866301798,0,0,8,1015,2000,1279,1.0,218.9,-3.0,-3.0,1.7273435987590345e-05,1.5938000160531374e-05,3.13402505526028e-05,4.687599994213088e-05
balanced,TwinSync,1019,1.0,3.0,B1-c,0,0.0,none,0,B,0.0,0.0,0.0449189985272459,0,0,61,1013,2000,1358,0.999977875988722,218.25,-3.0,-3.0,2.3958484038303146e-05,2.700000004551839e-05,3.3503049962746445e-05,4.2250999285897706e-05
balanced,TwinSync,1020,1.0,3.0,B1-c,0,0.0,none,0,B,0.0,0.0,0.0202702702702702,0,0,27,1005,2000,1332,0.999984082756448,219.325,-3.0,-3.0,2.1748085973740672e-05,2.2646500383416424e-05,2.8674199711531397e-05,9.0710000222316e-05
balanced,TwinSync,1021,1.0,3.0,B1-c,0,0.0,none,0,B,0.0,0.0,0.0413284132841328,0,0,56,1010,2000,1355,0.9999801172936476,219.075,-3.0,-3.0,2.337535801962076e-05,2.5584000013623157e-05,3.4630150321390825e-05,0.0001079189996744
balanced,TwinSync,1022,1.0,3.0,B1-c,0,0.0,none,0,B,0.0,0.0,0.0446096654275092,0,0,60,1049,2000,1345,0.9999991249271502,218.25,-3.0,-3.0,2.3849537974456325e-05,2.7479500204208307e-05,3.3583999538677745e-05,4.95429994771257e-05
balanced,TwinSync,1023,1.0,3.0,B1-c,0,0.0,none,0,B,0.0,0.0,0.0453194650817236,0,0,61,992,2000,1346,0.9999905772909142,218.025,-3.0,-3.0,2.4955831991974265e-05,2.739650017247186e-05,3.322150027997849e-05,4.13349998780177e-05
balanced,TwinSync,1024,1.0,3.0,B1-c,0,0.0,none,0,B,0.0,0.0,0.032724505327245,0,0,43,1004,2000,1314,0.9999979880328193,217.05,-3.0,-3.0,2.1463274013513e-05,2.454249988659285e-05,3.05440998999984e-05,4.100099977222271e-05
balanced,TwinSync,1025,1.0,3.0,B1-c,0,0.0,none,0,B,0.0,0.0,0.0296296296296296,0,0,40,986,2000,1350,0.9999799293267674,218.775,-3.0,-3.0,2.0661600015955623e-05,2.2521499886352103e-05,2.937919994110416e-05,7.458500022039516e-05
balanced,TwinSync,1026,1.0,3.0,B1-c,0,0.0,none,0,B,0.0,0.0,0.0335820895522388,0,0,45,1016,2000,1340,0.9999933105301654,218.175,-3.0,-3.0,2.4688618004802265e-05,2.374999985477189e-05,3.5303350114190824e-05,0.0001082109993149
balanced,TwinSync,1027,1.0,3.0,B1-c,0,0.0,none,0,B,0.0,0.0,0.0401188707280832,0,0,54,998,2000,1346,0.9999919976473084,218.25,-3.0,-3.0,2.5956818006307e-05,2.727149967540754e-05,3.350214956299169e-05,0.000112084999273
balanced,TwinSync,1028,1.0,3.0,B1-c,0,0.0,none,0,B,0.0,0.0,0.0373134328358208,0,0,50,1032,2000,1340,1.0,218.65,-3.0,-3.0,2.5141434012766693e-05,2.7584000235947315e-05,3.4588149901537684e-05,6.18760004726937e-05
balanced,TwinSync,1029,1.0,3.0,B1-c,0,0.0,none,0,B,0.0,0.0,0.0529455630126771,0,0,71,1017,2000,1341,0.9999986152673094,217.825,-3.0,-3.0,2.622695398713404e-05,2.789599966490641e-05,3.5461050129015344e-05,0.0002803809993565
balanced,TwinSync,1000,1.0,3.0,B1-d,0,0.0,none,0,B,0.0,0.0,0.0833927298645759,0,0,117,1085,2000,1403,0.999986257329782,219.45,-3.0,-3.0,2.892254800099181e-05,3.04384998344176e-05,4.117629937354649e-05,4.895999973086873e-05
balanced,TwinSync,1001,1.0,3.0,B1-d,0,0.0,none,0,B,0.0,0.0,0.0947666195190947,0,0,134,1082,2000,1414,0.9999894587044748,219.3,-3.0,-3.0,2.8600151983482647e-05,2.9938000352558447e-05,4.255035028108977e-05,5.129300006956328e-05
balanced,TwinSync,1002,1.0,3.0,B1-d,0,0.0,none,0,B,0.0,0.0,0.0975265017667844,0,0,138,1075,2000,1415,0.9999784073428852,219.05,-3.0,-3.0,2.803028602829727e-05,2.887599976020283e-05,3.992955030298616e-05,5.650099956255872e-05
balanced,TwinSync,1003,1.0,3.0,B1-d,0,0.0,none,0,B,0.0,0.0,0.0806686046511628,0,0,111,1070,2000,1376,0.999998043917954,218.25,-3.0,-3.0,2.676094401977025e-05,2.8771499728463823e-05,3.934234969165117e-05,5.950100057816599e-05
balanced,TwinSync,1004,1.0,3.0,B1-d,0,0.0,none,0,B,0.0,0.0,0.0677603423680456,0,0,95,1030,2000,1402,0.9999986384369256,219.875,-3.0,-3.0,2.839949199369585e-05,2.977150006699958e-05,3.971319979427789e-05,6.275100076891249e-05
balanced,TwinSync,1005,1.0,3.0,B1-d,0,0.0,none,0,B,0.0,0.0,0.0790629575402635,0,0,108,1112,2000,1366,0.999999144247374,218.7,-3.0,-3.0,2.753151399883791e-05,2.6896999770542607e-05,4.063429964844544e-05,0.0002394630000708
balanced,TwinSync,1006,1.0,3.0,B1-d,0,0.0,none,0,B,0.0,0.0,0.0639705882352941,0,0,87,1093,2000,1360,0.9999416237600408,219.275,-3.0,-3.0,2.667719399141788e-05,2.8916999781358758e-05,3.854409987980034e-05,6.0168000345584005e-05
balanced,TwinSync,1007,1.0,3.0,B1-d,0,0.0,none,0,B,0.0,0.0,0.0649161196207148,0,0,89,1077,2000,1371,0.9999861805920236,218.95,-3.0,-3.0,2.563364999696205e-05,2.7292000595480204e-05,3.8064950558691614e-05,5.800100007036235e-05
balanced,TwinSync,1008,1.0,3.0,B1-d,0,0.0,none,0,B,0.0,0.0,0.0707512764405543,0,0,97,1066,2000,1371,1.0,219.8,-3.0,-3.0,2.6845029984542635e-05,2.7625500024441862e-05,4.01795003654115e-05,9.896000028675188e-05
balanced,TwinSync,1009,1.0,3.0,B1-d,0,0.0,none,0,B,0.0,0.0,0.0865176640230713,0,0,120,1098,2000,1387,0.9999999464411252,219.175,-3.0,-3.0,2.796231799584348e-05,2.85420001091552e-05,4.051764963151071e-05,7.5459000072442e-05
balanced,TwinSync,1010,1.0,3.0,B1-d,0,0.0,none,0,B,0.0,0.0,0.0453194650817236,0,0,61,1088,2000,1346,0.9999935074029022,219.375,-3.0,-3.0,2.5343739996969816e-05,2.7145999865751943e-05,3.670899968710728e-05,6.19590000496828e-05
balanced,TwinSync,1011,1.0,3.0,B1-d,0,0.0,none,0,B,0.0,0.0,0.0892728581713463,0,0,124,1108,2000,1389,0.9999995188615366,218.975,-3.0,-3.0,2.6602336003634266e-05,2.804299992931192e-05,3.987715072071296e-05,4.833399998460664e-05
balanced,TwinSync,1012,1.0,3.0,B1-d,0,0.0,none,0,B,0.0,0.0,0.0753228120516499,0,0,105,1049,2000,1394,0.9999973387976688,219.375,-3.0,-3.0,2.8184877983221668e-05,3.056350033148192e-05,4.142839948144682e-05,6.64589997541043e-05
balanced,TwinSync,1013,1.0,3.0,B1-d,0,0.0,none,0,B,0.0,0.0,0.0661337209302325,0,0,91,1063,2000,1376,0.9999922048175528,219.2,-3.0,-3.0,2.690237401293416e-05,2.8604500585061032e-05,4.041800002596574e-05,7.183499928942183e-05
balanced,TwinSync,1014,1.0,3.0,B1-d,0,0.0,none,0,B,0.0,0.0,0.1007751937984496,0,0,143,1070,2000,1419,0.9999542844394996,218.175,-3.0,-3.0,2.9563984009655545e-05,3.100000003541936e-05,4.246319986123125e-05,5.8709000768431e-05
balanced,TwinSync,1015,1.0,3.0,B1-d,0,0.0,none,0,B,0.0,0.0,0.0718475073313783,0,0,98,1075,2000,1364,0.999982379111459,217.85,-3.0,-3.0,2.7188885993382428e-05,2.929250058514299e-05,4.046525000376277e-05,7.641800038982183e-05
balanced,TwinSync,1016,1.0,3.0,B1-d,0,0.0,none,0,B,0.0,0.0,0.0822510822510822,0,0,114,1077,2000,1386,0.999997356078112,219.025,-3.0,-3.0,2.8484966016549156e-05,2.9333999918890186e-05,4.008609994343715e-05,7.004300005064579e-05
balanced,TwinSync,1017,1.0,3.0,B1-d,0,0.0,none,0,B,0.0,0.0,0.0888888888888888,0,0,124,1086,2000,1395,0.9999991370779692,218.65,-3.0,-3.0,2.7272446013739683e-05,3.0167500426614424e-05,3.742009989764483e-05,6.150199988042004e-05
balanced,TwinSync,1018,1.0,3.0,B1-d,0,0.0,none,0,B,0.0,0.0,0.0553892215568862,0,0,74,1088,2000,1336,0.9999999462920748,219.225,-3.0,-3.0,2.3719026024991764e-05,2.620899977046065e-05,3.730869943865399e-05,5.225100085226586e-05
balanced,TwinSync,1019,1.0,3.0,B1-d,0,0.0,none,0,B,0.0,0.0,0.089807555238774,0,0,126,1084,2000,1403,0.9999662462005372,218.525,-3.0,-3.0,2.776880000419624e-05,3.004199970746413e-05,4.2888500411208944e-05,5.887600036658114e-05
balanced,TwinSync,1020,1.0,3.0,B1-d,0,0.0,none,0,B,0.0,0.0,0.0607814761215629,0,0,84,1064,2000,1382,0.9999663088650164,219.825,-3.0,-3.0,2.628201802690455e-05,2.7375999707146548e-05,3.784025007007585e-05,4.995900053472724e-05
balanced,TwinSync,1021,1.0,3.0,B1-d,0,0.0,none,0,B,0.0,0.0,0.084939329050678,0,0,119,1077,2000,1401,0.9999805758188208,219.475,-3.0,-3.0,2.7544879996639796e-05,2.979199962283019e-05,3.94610997318523e-05,5.633499949908583e-05
balanced,TwinSync,1022,1.0,3.0,B1-d,0,0.0,none,0,B,0.0,0.0,0.0949321912919343,0,0,133,1112,2000,1401,1.0,218.55,-3.0,-3.0,2.880704998460715e-05,3.112499962298898e-05,4.278430033082256e-05,7.396000000881031e-05
balanced,TwinSync,1023,1.0,3.0,B1-d,0,0.0,none,0,B,0.0,0.0,0.0972122944960686,0,0,136,1070,2000,1399,0.9999877803101802,218.325,-3.0,-3.0,2.818645000479592e-05,2.927150035247905e-05,4.029924998576461e-05,6.954299988137791e-05
balanced,TwinSync,1024,1.0,3.0,B1-d,0,0.0,none,0,B,0.0,0.0,0.0835777126099706,0,0,114,1082,2000,1364,0.9999955926642344,217.425,-3.0,-3.0,2.582449599140091e-05,2.833399958035443e-05,3.6602750515157806e-05,4.7126000026764814e-05
balanced,TwinSync,1025,1.0,3.0,B1-d,0,0.0,none,0,B,0.0,0.0,0.0736240171551108,0,0,103,1058,2000,1399,0.999982444676348,219.3,-3.0,-3.0,2.50534159840754e-05,2.708400006667944e-05,3.792115053329325e-05,6.612700053665321e-05
balanced,TwinSync,1026,1.0,3.0,B1-d,0,0.0,none,0,B,0.0,0.0,0.0751445086705202,0,0,104,1080,2000,1384,0.9999945967278648,218.65,-3.0,-3.0,2.802555601010681e-05,2.937599992947071e-05,4.091800019523362e-05,8.229300055972999e-05
balanced,TwinSync,1027,1.0,3.0,B1-d,0,0.0,none,0,B,0.0,0.0,0.078757225433526,0,0,109,1063,2000,1384,0.999986090249504,218.6,-3.0,-3.0,2.8533620003145188e-05,2.9834000088158064e-05,4.159234954386192e-05,9.670999952504644e-05
balanced,RoundRobin,1022,1.0,3.0,B1-b,0,0.0,none,0,B,0.4324834749763928,0.343,0.6467110125646711,458,686,875,1059,2000,1353,0.9976189401757088,111.375,0.504,1.0,6.674025982647436e-06,5.709000106435269e-06,7.752050760245763e-06,0.0003835070001514
balanced,RoundRobin,1023,1.0,3.0,B1-b,0,0.0,none,0,B,0.3916083916083916,0.343,0.6602516654330126,392,686,892,1001,2000,1351,0.9988103036625544,111.25,0.386,1.0,5.890892018214799e-06,5.667000550602097e-06,7.624999852851033e-06,2.0666999262175523e-05
balanced,RoundRobin,1024,1.0,3.0,B1-b,0,0.0,none,0,B,0.4402764067127344,0.3435,0.6287878787878788,446,687,830,1013,2000,1320,0.99893131418527,111.5,0.452,1.0,5.6948800065583785e-06,5.582999619946349e-06,7.499999810534064e-06,1.5751000319141895e-05
balanced,RoundRobin,1025,1.0,3.0,B1-b,0,0.0,none,0,B,0.4442211055276382,0.3405,0.6219602063375093,442,681,844,995,2000,1357,0.9982548204525348,112.175,0.448,1.0,5.732894005632261e-06,5.500000042957254e-06,7.624999852851033e-06,2.5875000574160367e-05
balanced,RoundRobin,1026,1.0,3.0,B1-b,0,0.0,none,0,B,0.4434697855750487,0.342,0.6412157153446998,455,684,865,1026,2000,1349,0.998871657458879,111.175,0.448,1.0,5.747707999034901e-06,5.625000085274223e-06,7.461050654455901e-06,1.9500999769661576e-05
balanced,RoundRobin,1027,1.0,3.0,B1-b,0,0.0,none,0,B,0.4284304047384007,0.342,0.6403249630723782,434,684,867,1013,2000,1354,0.9983100852241342,111.975,0.45,1.0,5.735292012104765e-06,5.541499831451802e-06,7.458000254700892e-06,2.9751000511168968e-05
balanced,RoundRobin,1028,1.0,3.0,B1-b,0,0.0,none,0,B,0.4336538461538461,0.344,0.6357566765578635,451,688,857,1040,2000,1348,0.9986206618734232,112.1,0.472,1.0,5.667717994583655e-06,5.45900002180133e-06,7.419049370582796e-06,2.5375999939569734e-05
balanced,RoundRobin,1029,1.0,3.0,B1-b,0,0.0,none,0,B,0.4074074074074074,0.3435,0.6528189910979229,418,687,880,1026,2000,1348,0.9983859644408316,111.0,0.402,1.0,5.735870006901678e-06,5.541999598790426e-06,7.583050273751724e-06,1.6125000001920853e-05
balanced,RoundRobin,1000,1.0,3.0,B1-c,0,0.0,none,0,B,0.4183070866141732,0.3435,0.6391752577319587,425,687,868,1016,2000,1358,0.9987162031965776,111.95,0.478,1.0,5.694956005754648e-06,5.541999598790426e-06,7.332999348363955e-06,1.5499999790336005e-05
balanced,RoundRobin,1001,1.0,3.0,B1-c,0,0.0,none,0,B,0.4318181818181818,0.342,0.6335040234089246,437,684,866,1012,2000,1367,0.9980607642124883,112.6,0.472,1.0,5.593634019533056e-06,5.396000233304221e-06,7.380149327218529e-06,1.5042000086396e-05
balanced,RoundRobin,1002,1.0,3.0,B1-c,0,0.0,none,0,B,0.4416498993963783,0.343,0.6413043478260869,439,686,885,994,2000,1380,0.9984192492340584,111.725,0.416,1.0,5.614196017631912e-06,5.417000011220807e-06,7.419049370582796e-06,2.2541999896930065e-05
balanced,RoundRobin,1003,1.0,3.0,B1-c,0,0.0,none,0,B,0.4463220675944334,0.3415,0.6317388003037205,449,683,832,1006,2000,1317,0.9988677115015226,111.55,0.522,1.0,5.541610007639974e-06,5.3544999900623225e-06,7.24999977137486e-06,1.6416999642387964e-05
balanced,RoundRobin,1004,1.0,3.0,B1-c,0,0.0,none,0,B,0.4241486068111455,0.3435,0.633357825128582,411,687,862,969,2000,1361,0.9983969939849396,112.175,0.388,1.0,5.672020011843415e-06,5.5625000641157385e-06,7.374999768217094e-06,1.566700029798085e-05
balanced,RoundRobin,1005,1.0,3.0,B1-c,0,0.0,none,0,B,0.4322766570605187,0.3435,0.6411809235427707,450,687,847,1041,2000,1321,0.9979220171191864,111.0,0.514,1.0,5.559479996009032e-06,5.375000000640284e-06,7.086049663485026e-06,1.4000999726704322e-05
balanced,RoundRobin,1006,1.0,3.0,B1-c,0,0.0,none,0,B,0.4448742746615087,0.3425,0.6314199395770392,460,685,836,1034,2000,1324,0.9990226959264668,111.825,0.468,1.0,5.503444001078606e-06,5.375000000640284e-06,7.041049684630707e-06,1.3625000065076163e-05
balanced,RoundRobin,1007,1.0,3.0,B1-c,0,0.0,none,0,B,0.407815631262525,0.3445,0.6311044327573253,407,689,840,998,2000,1331,0.9992573937871044,111.75,0.418,1.0,5.54588200066064e-06,5.375000000640284e-06,7.087150106599434e-06,1.570899985381402e-05
balanced,RoundRobin,1008,1.0,3.0,B1-c,0,0.0,none,0,B,0.4446680080482897,0.3425,0.619227857683573,442,685,818,994,2000,1321,0.9982953770625936,112.6,0.456,1.0,5.5680540008324895e-06,5.417000465968158e-06,7.208000170066953e-06,1.6667000636516605e-05
balanced,RoundRobin,1009,1.0,3.0,B1-c,0,0.0,none,0,B,0.4450867052023121,0.344,0.6337078651685393,462,688,846,1038,2000,1335,0.9985823320628202,112.275,0.498,1.0,7.65480000882235e-06,5.582999619946349e-06,7.499999810534064e-06,0.000924642999962
balanced,RoundRobin,1010,1.0,3.0,B1-c,0,0.0,none,0,B,0.4384920634920635,0.3425,0.6179173047473201,442,685,807,1008,2000,1306,0.9984738013876724,112.225,0.454,1.0,5.545525998968515e-06,5.437500021798769e-06,7.12499972905789e-06,1.3916999705543276e-05
balanced,RoundRobin,1011,1.0,3.0,B1-c,0,0.0,none,0,B,0.4215116279069767,0.3435,0.6418466120625466,435,687,862,1032,2000,1343,0.9983610437383932,112.025,0.452,1.0,5.579286014835816e-06,5.45799957762938e-06,7.210100193333345e-06,1.4833000022917986e-05
balanced,RoundRobin,1012,1.0,3.0,B1-c,0,0.0,none,0,B,0.4365482233502538,0.3425,0.6284437825763217,430,685,844,985,2000,1343,0.9986372619546549,112.65,0.49,1.0,5.7867779978550975e-06,5.624999630526872e-06,7.335100190175579e-06,1.516700012871297e-05
balanced,RoundRobin,1013,1.0,3.0,B1-c,0,0.0,none,0,B,0.4474474474474474,0.342,0.6220886551465064,447,684,828,999,2000,1331,0.9980268697703704,112.25,0.552,1.0,5.590784023297602e-06,5.45900002180133e-06,7.211049705801996e-06,1.1625000297499357e-05
balanced,RoundRobin,1014,1.0,3.0,B1-c,0,0.0,none,0,B,0.4241516966067864,0.342,0.6446220930232558,425,684,887,1002,2000,1376,0.9988246815001742,111.775,0.46,1.0,5.853419999766629e-06,5.667000095854746e-06,7.419050189128028e-06,1.8041999283013865e-05
balanced,RoundRobin,1015,1.0,3.0,B1-c,0,0.0,none,0,B,0.4289970208540218,0.3435,0.637329286798179,432,687,840,1007,2000,1318,0.9982456794908208,110.875,0.456,1.0,5.67452594077622e-06,5.45900002180133e-06,7.5503493917494705e-06,1.5333999726863112e-05
balanced,RoundRobin,1016,1.0,3.0,B1-c,0,0.0,none,0,B,0.4236453201970443,0.343,0.6330827067669172,430,686,842,1015,2000,1330,0.9988891615971042,111.825,0.462,1.0,5.693311995855766e-06,5.541499831451802e-06,7.249999725900125e-06,1.879199953691568e-05
balanced,RoundRobin,1017,1.0,3.0,B1-c,0,0.0,none,0,B,0.4466403162055335,0.344,0.6394052044609665,452,688,860,1012,2000,1345,0.9985549657136072,111.375,0.496,1.0,5.688087978342083e-06,5.542000508285128e-06,7.333999747061171e-06,1.4125000234344045e-05
balanced,RoundRobin,1018,1.0,3.0,B1-c,0,0.0,none,0,B,0.4354679802955665,0.342,0.6145426114151681,442,684,786,1015,2000,1279,0.9980540555099182,112.45,0.428,1.0,5.498095984876272e-06,5.416000021796208e-06,7.335100190175579e-06,9.250000402971637e-06
balanced,RoundRobin,1019,1.0,3.0,B1-c,0,0.0,none,0,B,0.4096742349457058,0.3435,0.6391752577319587,415,687,868,1013,2000,1358,0.9982157746035096,111.825,0.41,1.0,5.972453991489602e-06,5.707999662263319e-06,7.627099876117425e-06,5.2168000365782063e-05
balanced,RoundRobin,1020,1.0,3.0,B1-c,0,0.0,none,0,B,0.4318407960199005,0.3435,0.6283783783783784,434,687,837,1005,2000,1332,0.9980337193321448,111.725,0.426,1.0,5.754280011387891e-06,5.500000042957254e-06,7.749999895168003e-06,1.5208999684546145e-05
balanced,RoundRobin,1021,1.0,3.0,B1-c,0,0.0,none,0,B,0.4316831683168317,0.343,0.6383763837638377,436,686,865,1010,2000,1355,0.9977726452111216,112.125,0.444,1.0,6.081810000978294e-06,5.666999641107395e-06,7.794050361553671e-06,0.0001185860000987
balanced,RoundRobin,1022,1.0,3.0,B1-c,0,0.0,none,0,B,0.434699714013346,0.3425,0.6438661710037175,456,685,866,1049,2000,1345,0.9976903480505458,111.3,0.502,1.0,5.771296040620655e-06,5.5840000641183e-06,7.333050189117785e-06,2.020899955823552e-05
balanced,RoundRobin,1023,1.0,3.0,B1-c,0,0.0,none,0,B,0.3951612903225806,0.342,0.6582466567607727,392,684,886,992,2000,1346,0.9988041281496276,111.2,0.386,1.0,5.793251979412162e-06,5.541999598790426e-06,7.505099347326901e-06,2.270900040457491e-05
balanced,RoundRobin,1024,1.0,3.0,B1-c,0,0.0,none,0,B,0.4442231075697211,0.343,0.6248097412480974,446,686,821,1004,2000,1314,0.9990107111887344,111.55,0.452,1.0,5.547613978706068e-06,5.458999112306628e-06,7.333050189117785e-06,1.4334000297822058e-05
balanced,RoundRobin,1025,1.0,3.0,B1-c,0,0.0,none,0,B,0.447261663286004,0.34,0.62,441,680,837,986,2000,1350,0.9982804761547294,112.025,0.448,1.0,5.624612000246998e-06,5.417000465968158e-06,7.378050213446839e-06,3.591699987737229e-05
balanced,RoundRobin,1026,1.0,3.0,B1-c,0,0.0,none,0,B,0.4468503937007874,0.3415,0.6380597014925373,454,683,855,1016,2000,1340,0.9988940018749886,111.075,0.448,1.0,5.655939994539949e-06,5.500000042957254e-06,7.249999725900125e-06,3.0666999919048976e-05
balanced,RoundRobin,1027,1.0,3.0,B1-c,0,0.0,none,0,B,0.4338677354709419,0.341,0.6359583952451708,433,682,856,998,2000,1346,0.9982608748161992,111.95,0.442,1.0,5.758511990279658e-06,5.582999619946349e-06,7.541999411841971e-06,2.354200023546582e-05
balanced,RoundRobin,1028,1.0,3.0,B1-c,0,0.0,none,0,B,0.436046511627907,0.3435,0.6320895522388059,450,687,847,1032,2000,1340,0.9986158874265088,112.125,0.47,1.0,5.87120800264529e-06,5.582999619946349e-06,7.419050189128028e-06,8.887700005288934e-05
balanced,RoundRobin,1029,1.0,3.0,B1-c,0,0.0,none,0,B,0.4110127826941986,0.343,0.6502609992542878,418,686,872,1017,2000,1341,0.9984108447081356,110.9,0.4,1.0,5.797808016723138e-06,5.582999619946349e-06,7.546150254711388e-06,2.9458999961207155e-05
balanced,RoundRobin,1000,1.0,3.0,B1-d,0,0.0,none,0,B,0.4230414746543778,0.344,0.6550249465431219,459,688,919,1085,2000,1403,0.9986856165886284,112.325,0.506,1.0,6.079284003135399e-06,5.834000148752239e-06,8.50000014906982e-06,1.7874999684863724e-05
balanced,RoundRobin,1001,1.0,3.0,B1-d,0,0.0,none,0,B,0.4306839186691312,0.3435,0.6527581329561527,466,687,923,1082,2000,1414,0.9981067691917992,112.725,0.492,1.0,5.924995984969428e-06,5.645500095852185e-06,8.416000127908774e-06,1.5208000149868894e-05
balanced,RoundRobin,1002,1.0,3.0,B1-d,0,0.0,none,0,B,0.4418604651162791,0.3435,0.6593639575971731,475,687,933,1075,2000,1415,0.9983582189388251,111.825,0.452,1.0,5.88574804351083e-06,5.625000085274223e-06,8.292000529763754e-06,1.4584000382455995e-05
balanced,RoundRobin,1003,1.0,3.0,B1-d,0,0.0,none,0,B,0.4439252336448598,0.3425,0.653343023255814,475,685,899,1070,2000,1376,0.9989515084298722,111.8,0.54,1.0,5.914517991186585e-06,5.542000508285128e-06,8.082999556791037e-06,3.229200046916958e-05
balanced,RoundRobin,1004,1.0,3.0,B1-d,0,0.0,none,0,B,0.4281553398058252,0.3435,0.6497860199714693,441,687,911,1030,2000,1402,0.998529248477723,112.35,0.408,1.0,5.7989660035673294e-06,5.542000053537777e-06,8.215200023187202e-06,1.4959000509406906e-05
balanced,RoundRobin,1005,1.0,3.0,B1-d,0,0.0,none,0,B,0.4343525179856115,0.344,0.6581259150805271,483,688,899,1112,2000,1366,0.9980513099333784,111.375,0.534,1.0,6.178777979584993e-06,5.70800011701067e-06,8.291999620269053e-06,0.0001338769998255
balanced,RoundRobin,1006,1.0,3.0,B1-d,0,0.0,none,0,B,0.4437328453796889,0.3435,0.6470588235294118,485,687,880,1093,2000,1360,0.999195513194618,111.975,0.476,1.0,6.000258004860371e-06,5.687500106432708e-06,8.125000022118911e-06,8.495999918523012e-05
balanced,RoundRobin,1007,1.0,3.0,B1-d,0,0.0,none,0,B,0.4103992571959146,0.3455,0.6484318016046682,442,691,889,1077,2000,1371,0.9991591137233222,112.075,0.438,1.0,5.927209984292859e-06,5.625000085274223e-06,8.291050062325666e-06,1.9207999685022514e-05
balanced,RoundRobin,1008,1.0,3.0,B1-d,0,0.0,none,0,B,0.4465290806754221,0.343,0.637490882567469,476,686,874,1066,2000,1371,0.9983750590319206,113.05,0.474,1.0,5.86152999130718e-06,5.500000042957254e-06,8.125000022118911e-06,3.1167000088316854e-05
balanced,RoundRobin,1009,1.0,3.0,B1-d,0,0.0,none,0,B,0.4453551912568306,0.344,0.6510454217736121,489,688,903,1098,2000,1387,0.9986788677723096,112.725,0.512,1.0,5.893725996429567e-06,5.687500106432708e-06,8.083049578999635e-06,2.554200000304263e-05
balanced,RoundRobin,1010,1.0,3.0,B1-d,0,0.0,none,0,B,0.4393382352941176,0.3435,0.6396731054977711,478,687,861,1088,2000,1346,0.9985755918540924,112.175,0.478,1.0,5.692564005585154e-06,5.416999556473456e-06,8.086050002020782e-06,1.5458999769180082e-05
balanced,RoundRobin,1011,1.0,3.0,B1-d,0,0.0,none,0,B,0.4241877256317689,0.344,0.660187185025198,470,688,917,1108,2000,1389,0.9985040146458792,112.325,0.468,1.0,6.013388012434007e-06,5.750000127591193e-06,8.45899926389393e-06,1.5166999219218267e-05
balanced,RoundRobin,1012,1.0,3.0,B1-d,0,0.0,none,0,B,0.4413727359389895,0.343,0.6477761836441894,463,686,903,1049,2000,1394,0.9987250190534604,112.775,0.512,1.0,5.930961970079807e-06,5.667000550602097e-06,8.169100465238441e-06,1.7249999473278876e-05
balanced,RoundRobin,1013,1.0,3.0,B1-d,0,0.0,none,0,B,0.4468485418626529,0.3425,0.6402616279069767,475,685,881,1063,2000,1376,0.9981839379400028,112.5,0.562,1.0,6.016353985614842e-06,5.625000085274223e-06,8.211050044337752e-06,4.5000000682193786e-05
balanced,RoundRobin,1014,1.0,3.0,B1-d,0,0.0,none,0,B,0.4271028037383177,0.343,0.6610288935870331,457,686,938,1070,2000,1419,0.9988507465819793,111.975,0.488,1.0,5.9742759804066735e-06,5.625499852612848e-06,8.166999623426819e-06,1.912600055220537e-05
balanced,RoundRobin,1015,1.0,3.0,B1-d,0,0.0,none,0,B,0.4269767441860465,0.344,0.656891495601173,459,688,896,1075,2000,1364,0.9984973564604396,111.1,0.466,1.0,5.82052998834115e-06,5.5840000641183e-06,7.958999958646018e-06,1.4792000001762062e-05
balanced,RoundRobin,1016,1.0,3.0,B1-d,0,0.0,none,0,B,0.4215413184772516,0.344,0.6544011544011544,454,688,907,1077,2000,1386,0.9988285459912845,112.0,0.472,1.0,6.052757973520784e-06,5.8125001487496775e-06,8.374999242732884e-06,1.4416999874811154e-05
balanced,RoundRobin,1017,1.0,3.0,B1-d,0,0.0,none,0,B,0.4419889502762431,0.3445,0.6587813620071684,480,689,919,1086,2000,1395,0.99846778953523,111.8,0.52,1.0,5.999938013701467e-06,5.750000127591193e-06,8.294099598060709e-06,1.595899993844796e-05
balanced,RoundRobin,1018,1.0,3.0,B1-d,0,0.0,none,0,B,0.4402573529411764,0.3425,0.6369760479041916,479,685,851,1088,2000,1336,0.9979081011610048,112.7,0.472,1.0,5.910998026593006e-06,5.666000106430147e-06,8.044049582167642e-06,1.6125000001920853e-05
balanced,RoundRobin,1019,1.0,3.0,B1-d,0,0.0,none,0,B,0.4178966789667896,0.344,0.6550249465431219,453,688,919,1084,2000,1403,0.9981099924792088,112.15,0.444,1.0,6.019759999617236e-06,5.708000571758021e-06,8.215200023187202e-06,1.9750999854295515e-05
balanced,RoundRobin,1020,1.0,3.0,B1-d,0,0.0,none,0,B,0.4295112781954887,0.344,0.64616497829233,457,688,893,1064,2000,1382,0.9980446178793696,112.125,0.442,1.0,5.8021460135933015e-06,5.45900002180133e-06,7.917000402812846e-06,1.6334000065398868e-05
balanced,RoundRobin,1021,1.0,3.0,B1-d,0,0.0,none,0,B,0.4271123491179202,0.344,0.6595289079229122,460,688,924,1077,2000,1401,0.9980579677141938,112.125,0.45,1.0,5.840886016812874e-06,5.625000085274223e-06,8.002049980859736e-06,1.3875000149710104e-05
balanced,RoundRobin,1022,1.0,3.0,B1-d,0,0.0,none,0,B,0.4334532374100719,0.3425,0.6638115631691649,482,685,930,1112,2000,1401,0.9978670801819858,111.625,0.52,1.0,5.982781995044206e-06,5.750000127591193e-06,8.169049579009878e-06,2.8417000066838227e-05
balanced,RoundRobin,1023,1.0,3.0,B1-d,0,0.0,none,0,B,0.4009345794392523,0.343,0.6783416726233024,429,686,949,1070,2000,1399,0.9989192903662092,111.375,0.42,1.0,6.144485987533699e-06,5.750000127591193e-06,8.419049663643817e-06,2.666700038389536e-05
balanced,RoundRobin,1024,1.0,3.0,B1-d,0,0.0,none,0,B,0.4436229205175601,0.3445,0.6444281524926686,480,689,879,1082,2000,1364,0.9990651106567,111.9,0.49,1.0,5.874353983017499e-06,5.687500106432708e-06,8.04199958110985e-06,2.100100027746521e-05
balanced,RoundRobin,1025,1.0,3.0,B1-d,0,0.0,none,0,B,0.444234404536862,0.3415,0.6368834882058614,470,683,891,1058,2000,1399,0.9984353278712768,112.575,0.468,1.0,5.9839900077349735e-06,5.791999683424365e-06,8.3791500856023e-06,1.5251000149874017e-05
balanced,RoundRobin,1026,1.0,3.0,B1-d,0,0.0,none,0,B,0.4453703703703703,0.3425,0.6560693641618497,481,685,908,1080,2000,1384,0.9990294468521052,111.225,0.464,1.0,5.88812401110772e-06,5.5834998420323245e-06,8.209000043279957e-06,2.8708999707305335e-05
balanced,RoundRobin,1027,1.0,3.0,B1-d,0,0.0,none,0,B,0.4308560677328316,0.342,0.6517341040462428,458,684,902,1063,2000,1384,0.9980872552811904,112.25,0.456,1.0,5.851858008099952e-06,5.5625000641157385e-06,8.291999620269053e-06,1.4125000234344045e-05
balanced,RoundRobin,1028,1.0,3.0,B1-d,0,0.0,none,0,B,0.4406165004533091,0.3445,0.6498559077809798,486,689,902,1103,2000,1388,0.9988285459912845,112.375,0.506,1.0,6.023388006724417e-06,5.625000085274223e-06,8.12920002317696e-06,0.0001009190000331
balanced,RoundRobin,1029,1.0,3.0,B1-d,0,0.0,none,0,B,0.4146788990825688,0.344,0.6666666666666666,452,688,922,1090,2000,1383,0.9984161875919496,111.175,0.43,1.0,6.044222005584743e-06,5.791000148747116e-06,8.416050104642635e-06,2.208300065831281e-05
balanced,RoundRobin,1000,1.0,3.0,B1-e,0,0.0,none,0,B,0.4178674351585014,0.344,0.6463326071169209,435,688,890,1041,2000,1377,0.9988184635743396,112.05,0.488,1.0,5.977796005026903e-06,5.729500117013231e-06,7.999999979801942e-06,1.9584000256145373e-05
balanced,RoundRobin,1001,1.0,3.0,B1-e,0,0.0,none,0,B,0.4282982791586998,0.343,0.642393655371305,448,686,891,1046,2000,1387,0.9983052954368756,112.7,0.478,1.0,5.845770005180384e-06,5.542000508285128e-06,8.124999158098945e-06,1.4917000044079032e-05
balanced,RoundRobin,1002,1.0,3.0,B1-e,0,0.0,none,0,B,0.4382896015549077,0.344,0.6463414634146342,451,688,901,1029,2000,1394,0.9987371252131712,112.05,0.428,1.0,5.851850008184556e-06,5.542000508285128e-06,8.000049956535803e-06,3.4624999898369424e-05
balanced,RoundRobin,1003,1.0,3.0,B1-e,0,0.0,none,0,B,0.441432720232333,0.3415,0.6401799100449775,456,683,854,1033,2000,1334,0.9990226959264668,111.675,0.524,1.0,5.948858028204995e-06,5.541999598790426e-06,8.584000170230865e-06,3.179300074407365e-05
balanced,RoundRobin,1004,1.0,3.0,B1-e,0,0.0,none,0,B,0.4235412474849094,0.344,0.6383442265795207,421,688,879,994,2000,1377,0.9985823320628202,112.425,0.398,1.0,5.759934017987689e-06,5.500000042957254e-06,7.794049497533703e-06,3.4209000659757294e-05
balanced,RoundRobin,1005,1.0,3.0,B1-e,0,0.0,none,0,B,0.4328358208955223,0.344,0.6495916852264291,464,688,875,1072,2000,1347,0.9983188189819774,111.225,0.54,1.0,5.865290000656387e-06,5.583000529441051e-06,8.461100105705552e-06,1.4334000297822058e-05
balanced,RoundRobin,1006,1.0,3.0,B1-e,0,0.0,none,0,B,0.4431924882629108,0.343,0.6399406087602079,472,686,862,1065,2000,1347,0.9992136190387204,112.025,0.48,1.0,5.696699992768117e-06,5.542000053537777e-06,7.336050612138932e-06,1.2834000699513126e-05
balanced,RoundRobin,1007,1.0,3.0,B1-e,0,0.0,none,0,B,0.4071914480077745,0.345,0.6403249630723782,419,690,867,1029,2000,1354,0.9993993204500604,111.875,0.426,1.0,5.792197986011161e-06,5.500000042957254e-06,7.921150381662297e-06,1.5626000276824925e-05
balanced,RoundRobin,1008,1.0,3.0,B1-e,0,0.0,none,0,B,0.4407766990291262,0.343,0.6272455089820359,454,686,838,1030,2000,1336,0.9986559924876957,112.775,0.488,1.0,5.704332015739055e-06,5.45799957762938e-06,7.958999958646018e-06,1.4376000763149932e-05
balanced,RoundRobin,1009,1.0,3.0,B1-e,0,0.0,none,0,B,0.4380863039399624,0.3445,0.6415929203539823,467,689,870,1066,2000,1356,0.9988786634198776,112.575,0.498,1.0,5.784949982626131e-06,5.5840000641183e-06,7.792000360495877e-06,1.4000000192027072e-05
balanced,RoundRobin,1010,1.0,3.0,B1-e,0,0.0,none,0,B,0.4357754519505233,0.3435,0.6267978803936411,458,687,828,1051,2000,1321,0.9988428196411758,112.35,0.478,1.0,5.637592003040481e-06,5.354500444809673e-06,7.72265034356677e-06,2.1333999939088244e-05
balanced,RoundRobin,1011,1.0,3.0,B1-e,0,0.0,none,0,B,0.4230406043437205,0.344,0.6505847953216374,448,688,890,1059,2000,1368,0.9985102078352032,112.1,0.46,1.0,5.758765981227043e-06,5.583000529441051e-06,7.749999895168003e-06,2.666700038389536e-05
balanced,RoundRobin,1012,1.0,3.0,B1-e,0,0.0,none,0,B,0.4334975369458128,0.343,0.6364974245768947,440,686,865,1015,2000,1359,0.9987772527640872,112.725,0.494,1.0,5.668096026056446e-06,5.416500243882183e-06,7.669050273761966e-06,1.4209000255505089e-05
balanced,RoundRobin,1013,1.0,3.0,B1-e,0,0.0,none,0,B,0.4434697855750487,0.3425,0.6286137879911046,455,685,848,1026,2000,1349,0.9982758736808076,112.525,0.56,1.0,5.730214008508483e-06,5.45900002180133e-06,7.794100338287533e-06,1.4582999938284049e-05
balanced,RoundRobin,1014,1.0,3.0,B1-e,0,0.0,none,0,B,0.4223300970873786,0.3425,0.6498921639108555,435,685,904,1030,2000,1391,0.999036128090842,112.025,0.464,1.0,5.811287970573176e-06,5.625000085274223e-06,7.796149475325361e-06,1.754200002324069e-05
balanced,RoundRobin,1015,1.0,3.0,B1-e,0,0.0,none,0,B,0.4271938283510125,0.344,0.643979057591623,443,688,861,1037,2000,1337,0.9984790834543807,111.15,0.468,1.0,5.817851986648748e-06,5.500000042957254e-06,8.006249981917784e-06,1.7249999473278876e-05
balanced,RoundRobin,1016,1.0,3.0,B1-e,0,0.0,none,0,B,0.4235181644359465,0.3435,0.6397331356560415,443,687,863,1046,2000,1349,0.9990410938632966,112.075,0.468,1.0,5.814926023958833e-06,5.625000085274223e-06,7.791049938532524e-06,1.8042000192508567e-05
balanced,RoundRobin,1017,1.0,3.0,B1-e,0,0.0,none,0,B,0.4426386233269598,0.345,0.6463235294117647,463,690,879,1046,2000,1360,0.9988552074513124,111.55,0.5,1.0,5.782282007203321e-06,5.500000042957254e-06,7.79404945205897e-06,2.720900010899641e-05
balanced,RoundRobin,1018,1.0,3.0,B1-e,0,0.0,none,0,B,0.434699714013346,0.3425,0.6191950464396285,456,685,800,1049,2000,1292,0.9984406917551208,112.825,0.442,1.0,5.579027985731955e-06,5.333999979484361e-06,8.127099999910567e-06,1.4334000297822058e-05
balanced,RoundRobin,1019,1.0,3.0,B1-e,0,0.0,none,0,B,0.4081826831588963,0.344,0.648,429,688,891,1051,2000,1375,0.9984834738758642,111.925,0.418,1.0,5.808019997857627e-06,5.542000508285128e-06,7.712200294918145e-06,3.120900055364473e-05
balanced,RoundRobin,1020,1.0,3.0,B1-e,0,0.0,none,0,B,0.4295366795366795,0.344,0.6376383763837639,445,688,864,1036,2000,1355,0.9983159152632004,111.875,0.432,1.0,5.798041993330116e-06,5.416499789134832e-06,8.134299559969797e-06,3.658399964479031e-05
balanced,RoundRobin,1021,1.0,3.0,B1-e,0,0.0,none,0,B,0.4321705426356589,0.3435,0.6431172614712308,446,687,883,1032,2000,1373,0.9979132153124975,112.375,0.45,1.0,5.746392003857182e-06,5.52099982087384e-06,7.708049452048726e-06,1.4834000467089936e-05
balanced,RoundRobin,1022,1.0,3.0,B1-e,0,0.0,none,0,B,0.4345403899721448,0.343,0.6497797356828194,468,686,885,1077,2000,1362,0.9979168041744012,111.5,0.512,1.0,5.970698031887877e-06,5.749999218096491e-06,7.95800042396877e-06,2.8626000130316243e-05
balanced,RoundRobin,1023,1.0,3.0,B1-e,0,0.0,none,0,B,0.3939393939393939,0.343,0.6642228739002932,403,686,906,1023,2000,1364,0.9990966882748664,111.45,0.39,1.0,5.87661598547129e-06,5.541000064113177e-06,8.253049600170924e-06,1.7626000044401735e-05
balanced,RoundRobin,1024,1.0,3.0,B1-e,0,0.0,none,0,B,0.4421768707482993,0.3435,0.6329588014981273,455,687,845,1029,2000,1335,0.9991266613077718,111.675,0.456,1.0,5.728152005758602e-06,5.582999619946349e-06,8.046150423979266e-06,1.4332999853650108e-05
balanced,RoundRobin,1025,1.0,3.0,B1-e,0,0.0,none,0,B,0.4472906403940886,0.3405,0.6276363636363637,454,681,863,1015,2000,1375,0.9985087720949672,112.3,0.46,1.0,5.725949982661405e-06,5.45799957762938e-06,7.874999982959708e-06,3.112499962298898e-05
balanced,RoundRobin,1026,1.0,3.0,B1-e,0,0.0,none,0,B,0.4446564885496183,0.342,0.6451138868479059,466,684,878,1048,2000,1361,0.9991528734178888,111.375,0.46,1.0,5.774096012828523e-06,5.542000508285128e-06,7.848549921618528e-06,1.5624999832652975e-05
balanced,RoundRobin,1027,1.0,3.0,B1-e,0,0.0,none,0,B,0.4298160696999032,0.342,0.6440058479532164,444,684,881,1033,2000,1368,0.998658306632552,112.225,0.454,1.0,5.652272004226689e-06,5.417000465968158e-06,7.671150297028358e-06,1.39579997266992e-05
balanced,RoundRobin,1028,1.0,3.0,B1-e,0,0.0,none,0,B,0.4349056603773585,0.344,0.6414956011730205,461,688,875,1060,2000,1364,0.99887286745188,112.2,0.478,1.0,5.882528001166065e-06,5.625000085274223e-06,8.264600046459222e-06,1.4874999578751158e-05
balanced,RoundRobin,1029,1.0,3.0,B1-e,0,0.0,none,0,B,0.4106972301814708,0.3435,0.6576047024246877,430,687,895,1047,2000,1361,0.9986277773778452,111.075,0.426,1.0,5.821190008646226e-06,5.5840000641183e-06,7.958050400702631e-06,1.4708999515278263e-05
balanced,RoundRobin,1000,1.0,3.0,B2-phase,0,0.0,none,0,B,0.4196843082636954,0.3367816091954023,0.6586501163692785,452,586,849,1077,1740,1289,0.99971708591507,101.1,0.27,1.0,5.612440005279496e-06,5.5830000746937e-06,9.252099516743328e-06,1.7917000150191598e-05
balanced,RoundRobin,1001,1.0,3.0,B2-phase,0,0.0,none,0,B,0.4321223709369025,0.337013364323068,0.6407093292212799,452,580,831,1046,1721,1297,0.9995899292478252,101.7,0.172,1.0,5.459522019009455e-06,5.458000487124082e-06,9.004200319395746e-06,1.8583999917609617e-05
balanced,RoundRobin,1002,1.0,3.0,B2-phase,0,0.0,none,0,B,0.4337811900191938,0.3422428820453225,0.661189358372457,452,589,845,1042,1721,1278,0.9996999569382644,98.85,0.154,1.0,5.52151402553136e-06,5.479500032379292e-06,9.51350002651451e-06,1.8249999811814632e-05
balanced,RoundRobin,1003,1.0,3.0,B2-phase,0,0.0,none,0,B,0.4422535211267606,0.337798485730926,0.6528332003192339,471,580,818,1065,1717,1253,0.9995586732111904,99.725,0.258,1.0,5.932274010774563e-06,5.416499789134832e-06,9.17114989533729e-06,0.000216712999645
balanced,RoundRobin,1004,1.0,3.0,B2-phase,0,0.0,none,0,B,0.4296650717703349,0.3424101969872538,0.6533646322378717,449,591,835,1045,1726,1278,0.9996001599360256,100.025,0.118,1.0,5.4505140069522894e-06,5.43750047654612e-06,9.127100338446323e-06,1.583399989613099e-05
balanced,RoundRobin,1005,1.0,3.0,B2-phase,0,0.0,none,0,B,0.4194756554307116,0.3387565368971528,0.665079365079365,448,583,838,1068,1721,1260,0.9996200520309474,99.075,0.18,1.0,5.515760030903039e-06,5.52099982087384e-06,9.26249949770862e-06,1.716699989628978e-05
balanced,RoundRobin,1006,1.0,3.0,B2-phase,0,0.0,none,0,B,0.4424131627056673,0.3461318051575931,0.6464088397790055,484,604,819,1094,1745,1267,0.9999778343052252,101.025,0.286,1.0,5.6891779859142846e-06,5.687500106432708e-06,9.629199666960627e-06,1.9707999854290392e-05
balanced,RoundRobin,1007,1.0,3.0,B2-phase,0,0.0,none,0,B,0.4192015209125475,0.3393586005830903,0.6515034695451041,441,582,845,1052,1715,1297,0.9998917099975836,100.425,0.208,1.0,5.530472004465991e-06,5.604500074696261e-06,9.169099894279495e-06,1.662500017118873e-05
balanced,RoundRobin,1008,1.0,3.0,B2-phase,0,0.0,none,0,B,0.44564152791381,0.3465116279069767,0.636073423782921,455,596,797,1021,1720,1253,0.9994426681733118,99.875,0.228,1.0,5.297708008583868e-06,5.292000423651189e-06,9.12919949769275e-06,1.5917000382614788e-05
balanced,RoundRobin,1009,1.0,3.0,B2-phase,0,0.0,none,0,B,0.4442379182156133,0.3416909620991253,0.6496865203761756,478,586,829,1076,1715,1276,0.9999675337851548,100.525,0.292,1.0,5.4462499938381374e-06,5.541499831451802e-06,9.002999877338879e-06,1.7834000573202502e-05
balanced,RoundRobin,1010,1.0,3.0,B2-phase,0,0.0,none,0,B,0.444022770398482,0.3414918414918415,0.6408619313647247,468,586,803,1054,1716,1253,0.999702823179792,99.8,0.302,1.0,5.492945994774345e-06,5.458000032376731e-06,9.377099559060296e-06,2.595899968582671e-05
balanced,RoundRobin,1011,1.0,3.0,B2-phase,0,0.0,none,0,B,0.4199814986123959,0.3407624633431085,0.6632572777340676,454,581,843,1081,1705,1271,0.9997084338216768,99.35,0.256,1.0,5.604837971986853e-06,5.625000085274223e-06,9.544049180476574e-06,1.7625000509724487e-05
balanced,RoundRobin,1012,1.0,3.0,B2-phase,0,0.0,none,0,B,0.4368471035137702,0.3416075650118203,0.6550387596899225,460,578,845,1053,1692,1290,0.9996317314880626,99.5,0.256,1.0,5.506844006959e-06,5.541000064113177e-06,9.16699991648784e-06,1.62090000230819e-05
balanced,RoundRobin,1013,1.0,3.0,B2-phase,0,0.0,none,0,B,0.4527410207939508,0.3373983739837398,0.6416139240506329,479,581,811,1058,1722,1264,0.9992866813212408,100.425,0.334,1.0,5.428381984529551e-06,5.333999979484361e-06,9.338150402982131e-06,1.995899947360158e-05
balanced,RoundRobin,1014,1.0,3.0,B2-phase,0,0.0,none,0,B,0.4302213666987488,0.3362420011634671,0.6509505703422053,447,578,856,1039,1719,1315,0.9998815308631136,101.15,0.162,1.0,5.777646003480186e-06,5.791999683424365e-06,9.877099728328174e-06,1.7082999875128735e-05
balanced,RoundRobin,1015,1.0,3.0,B2-phase,0,0.0,none,0,B,0.4311320754716981,0.3379629629629629,0.6495659037095501,457,584,823,1060,1728,1267,0.999901423128146,100.575,0.298,1.0,5.452601995784789e-06,5.500000042957254e-06,9.00304985407274e-06,1.7000999832816888e-05
balanced,RoundRobin,1016,1.0,3.0,B2-phase,0,0.0,none,0,B,0.4313725490196078,0.3410942956926659,0.6507177033492823,462,586,816,1071,1718,1254,0.999880173872468,99.575,0.306,1.0,5.401346010330599e-06,5.437500021798769e-06,9.044049920703398e-06,1.6582999705860857e-05
balanced,RoundRobin,1017,1.0,3.0,B2-phase,0,0.0,none,0,B,0.4385633270321361,0.3424577751892836,0.6536661466458659,464,588,838,1058,1717,1282,0.9998342480386018,100.0,0.242,1.0,5.498113971043494e-06,5.437499567051418e-06,9.503050023340618e-06,1.6916999811655842e-05
balanced,RoundRobin,1018,1.0,3.0,B2-phase,0,0.0,none,0,B,0.4422535211267606,0.3395026026604974,0.6394502829426031,471,587,791,1065,1729,1237,0.9997404146539072,100.75,0.236,1.0,5.611770015093498e-06,5.416000021796208e-06,9.127100338446323e-06,0.0001081270002032
balanced,RoundRobin,1019,1.0,3.0,B2-phase,0,0.0,none,0,B,0.4175306314797361,0.3426410703897615,0.6527777777777778,443,589,846,1061,1719,1296,0.9998370568852518,100.175,0.14,1.0,5.682508022800903e-06,5.709000106435269e-06,9.378049981023647e-06,3.9958999877853785e-05
balanced,RoundRobin,1020,1.0,3.0,B2-phase,0,0.0,none,0,B,0.4414245548266167,0.3411626541397534,0.6449843260188087,471,581,823,1067,1703,1276,0.9999258313753426,99.65,0.286,1.0,5.4630320064461554e-06,5.458500254462706e-06,9.08304991753539e-06,1.6375000086554792e-05
balanced,RoundRobin,1021,1.0,3.0,B2-phase,0,0.0,none,0,B,0.4376757263355201,0.3426410703897615,0.6572989851678376,467,589,842,1067,1719,1281,0.9994768283079484,99.75,0.2,1.0,5.572284011577722e-06,5.542000508285128e-06,9.209000381815711e-06,3.720899985637516e-05
balanced,RoundRobin,1022,1.0,3.0,B2-phase,0,0.0,none,0,B,0.4302752293577981,0.3379629629629629,0.6534883720930232,469,584,843,1090,1728,1290,0.9998513011152416,101.05,0.146,1.0,5.636537991449586e-06,5.687500106432708e-06,9.419099978913434e-06,1.8041999283013865e-05
balanced,RoundRobin,1023,1.0,3.0,B2-phase,0,0.0,none,0,B,0.4162768942937324,0.3416909620991253,0.6787687450670876,445,586,860,1069,1715,1267,0.9995595146652494,98.475,0.258,1.0,5.60996798958513e-06,5.542000508285128e-06,9.503050023340618e-06,1.766700006555766e-05
balanced,RoundRobin,1024,1.0,3.0,B2-phase,0,0.0,none,0,B,0.4378585086042065,0.3371824480369515,0.6524879614767255,458,584,813,1046,1732,1246,0.9995970972731434,99.5,0.176,1.0,5.465621992698289e-06,5.375000000640284e-06,9.503050023340618e-06,2.4083000425889622e-05
balanced,RoundRobin,1025,1.0,3.0,B2-phase,0,0.0,none,0,B,0.4447592067988669,0.3393480791618161,0.6496124031007752,471,583,838,1059,1718,1290,0.999908083926728,99.275,0.312,1.0,5.59377002355177e-06,5.583500296779675e-06,9.250049515685532e-06,3.67499997082632e-05
balanced,RoundRobin,1026,1.0,3.0,B2-phase,0,0.0,none,0,B,0.4409005628517823,0.3416763678696158,0.6548808608762491,470,587,852,1066,1718,1301,0.9999553877487476,99.925,0.266,1.0,5.774363997261389e-06,5.665999651682796e-06,9.713150484458307e-06,6.837700038886396e-05
balanced,RoundRobin,1027,1.0,3.0,B2-phase,0,0.0,none,0,B,0.4314814814814814,0.3429752066115702,0.6571879936808847,466,581,832,1080,1694,1266,0.999702823179792,98.725,0.206,1.0,5.646073987009004e-06,5.5840000641183e-06,9.379150424138057e-06,3.13340005959617e-05
balanced,RoundRobin,1028,1.0,3.0,B2-phase,0,0.0,none,0,B,0.4362606232294617,0.3374125874125874,0.6541764246682279,462,579,838,1059,1716,1281,0.9996893698223576,99.95,0.292,1.0,5.658846006554086e-06,5.39599977855687e-06,9.337149958810185e-06,7.025100057944655e-05
balanced,RoundRobin,1029,1.0,3.0,B2-phase,0,0.0,none,0,B,0.4111531190926276,0.339930151338766,0.6669248644461657,435,584,861,1058,1718,1291,0.9997843977563008,99.575,0.174,1.0,5.630593972455244e-06,5.542000508285128e-06,9.792000128072686e-06,2.2791999981564004e-05
balanced,RoundRobin,1000,1.0,3.0,B3-correlated,0,0.0,none,0,B,0.4204545454545454,0.345,0.6712995135510771,481,690,966,1144,2000,1439,0.9985241411021624,112.325,0.51,1.0,6.186410017107846e-06,5.8544997045828495e-06,9.083050736080624e-06,1.7999999727180693e-05
balanced,RoundRobin,1001,1.0,3.0,B3-correlated,0,0.0,none,0,B,0.4335360556038227,0.344,0.6671251719394773,499,688,970,1151,2000,1454,0.99807808354224,113.05,0.516,1.0,6.378465977832093e-06,5.999999757477781e-06,9.417000001121778e-06,1.700000029813964e-05
balanced,RoundRobin,1002,1.0,3.0,B3-correlated,0,0.0,none,0,B,0.4435695538057743,0.3445,0.6701101928374655,507,689,973,1143,2000,1452,0.998297694496862,112.4,0.49,1.0,6.368790014676051e-06,5.875000169908162e-06,9.458049999011563e-06,4.054199962411076e-05
balanced,RoundRobin,1003,1.0,3.0,B3-correlated,0,0.0,none,0,B,0.4412811387900356,0.343,0.6647646219686163,496,686,932,1124,2000,1402,0.9987735128387158,112.05,0.548,1.0,6.242463996386505e-06,5.7914999160857406e-06,9.2940999820712e-06,4.191700008959742e-05
balanced,RoundRobin,1004,1.0,3.0,B3-correlated,0,0.0,none,0,B,0.4287028518859245,0.3445,0.6627342123525329,466,689,955,1087,2000,1441,0.998394380549981,112.675,0.458,1.0,6.096291983340052e-06,5.667000095854746e-06,9.208049914377624e-06,1.6416999642387964e-05
balanced,RoundRobin,1005,1.0,3.0,B3-correlated,0,0.0,none,0,B,0.4399656946826758,0.3445,0.6706884315117104,513,689,945,1166,2000,1409,0.9978550597373356,111.7,0.58,1.0,6.136287984190858e-06,5.708500339096645e-06,9.291999958804809e-06,3.870899945468409e-05
balanced,RoundRobin,1006,1.0,3.0,B3-correlated,0,0.0,none,0,B,0.4424083769633508,0.3435,0.6640845070422535,507,687,943,1146,2000,1420,0.9989587336932576,112.525,0.492,1.0,6.16712598639424e-06,5.833000159327639e-06,9.127050361712462e-06,1.7499999557912815e-05
balanced,RoundRobin,1007,1.0,3.0,B3-correlated,0,0.0,none,0,B,0.413215859030837,0.346,0.6652542372881356,469,692,942,1135,2000,1416,0.998858031145773,112.2,0.458,1.0,6.127704022219405e-06,5.834000148752239e-06,8.919099855120292e-06,3.1833999855734874e-05
balanced,RoundRobin,1008,1.0,3.0,B3-correlated,0,0.0,none,0,B,0.4420866489832007,0.3445,0.6507483962936564,500,689,913,1131,2000,1403,0.9982448449371272,113.4,0.514,1.0,5.9698980057874e-06,5.604500074696261e-06,9.04199987417087e-06,1.5874999917286914e-05
balanced,RoundRobin,1009,1.0,3.0,B3-correlated,0,0.0,none,0,B,0.435042735042735,0.345,0.6711173576950106,509,690,955,1170,2000,1423,0.9986554063536448,112.725,0.52,1.0,6.347894008285948e-06,5.958000201644609e-06,9.377100423080262e-06,3.7834000067960005e-05
balanced,RoundRobin,1010,1.0,3.0,B3-correlated,0,0.0,none,0,B,0.4432809773123909,0.3445,0.6545324768022841,508,689,917,1146,2000,1401,0.9985738068033072,112.7,0.502,1.0,7.392148003418697e-06,5.625000085274223e-06,9.336049515695777e-06,0.0006659300006504
balanced,RoundRobin,1011,1.0,3.0,B3-correlated,0,0.0,none,0,B,0.4247038917089678,0.3445,0.679020979020979,502,689,971,1182,2000,1430,0.9980557839237932,112.35,0.504,1.0,6.211799996890477e-06,5.791999683424365e-06,9.377100423080262e-06,1.8458999875292648e-05
balanced,RoundRobin,1012,1.0,3.0,B3-correlated,0,0.0,none,0,B,0.4381121994657168,0.344,0.6629292221443588,492,688,946,1123,2000,1427,0.9986068133734404,113.05,0.534,1.0,6.085878001613309e-06,5.791999683424365e-06,9.000000318337698e-06,1.6292000509565696e-05
balanced,RoundRobin,1013,1.0,3.0,B3-correlated,0,0.0,none,0,B,0.4423758865248227,0.3435,0.6568213783403657,499,687,934,1128,2000,1422,0.997936395041292,112.9,0.578,1.0,5.997381989800488e-06,5.5840000641183e-06,8.79199978953693e-06,1.6250000044237822e-05
balanced,RoundRobin,1014,1.0,3.0,B3-correlated,0,0.0,none,0,B,0.4247787610619469,0.3435,0.6744666207845836,480,687,980,1130,2000,1453,0.9987614920200822,112.25,0.488,1.0,6.12465600897849e-06,5.834000148752239e-06,9.003050718092706e-06,1.6459000107715838e-05
balanced,RoundRobin,1015,1.0,3.0,B3-correlated,0,0.0,none,0,B,0.4257950530035335,0.3445,0.6702127659574468,482,689,945,1132,2000,1410,0.9982639516538372,111.675,0.486,1.0,6.249376014238805e-06,5.7705001381691545e-06,9.504150466455026e-06,1.7583000044396613e-05
balanced,RoundRobin,1016,1.0,3.0,B3-correlated,0,0.0,none,0,B,0.424956369982548,0.344,0.6671348314606742,487,688,950,1146,2000,1424,0.9988303249097472,112.525,0.524,1.0,6.133641996711959e-06,5.791000148747116e-06,9.17114989533729e-06,3.054199987673201e-05
balanced,RoundRobin,1017,1.0,3.0,B3-correlated,0,0.0,none,0,B,0.4412280701754386,0.3455,0.6706293706293707,503,691,959,1140,2000,1430,0.9984989187356912,112.1,0.528,1.0,6.782229987948085e-06,5.70800011701067e-06,9.04199987417087e-06,0.0003585899994504
balanced,RoundRobin,1018,1.0,3.0,B3-correlated,0,0.0,none,0,B,0.4362068965517241,0.3435,0.6494845360824743,506,687,882,1160,2000,1358,0.9978910173777612,113.05,0.502,1.0,6.026878007105552e-06,5.625000085274223e-06,9.085100737138415e-06,2.4167000447050668e-05
balanced,RoundRobin,1019,1.0,3.0,B3-correlated,0,0.0,none,0,B,0.4155172413793103,0.3445,0.6738227146814404,482,689,973,1160,2000,1444,0.9982683531421768,112.3,0.47,1.0,6.275358009588672e-06,5.917000635236036e-06,9.044049875228664e-06,2.8957999347767327e-05
balanced,RoundRobin,1020,1.0,3.0,B3-correlated,0,0.0,none,0,B,0.4295837023914969,0.3445,0.6655003498950315,485,689,951,1129,2000,1429,0.9979729900381372,112.175,0.46,1.0,6.047734021194628e-06,5.5840000641183e-06,9.000000318337698e-06,1.741699998092372e-05
balanced,RoundRobin,1021,1.0,3.0,B3-correlated,0,0.0,none,0,B,0.4353982300884956,0.3445,0.664796633941094,492,689,948,1130,2000,1426,0.997497780637092,112.675,0.494,1.0,5.925037983615766e-06,5.500499810295878e-06,8.960100694821448e-06,1.650000012887176e-05
balanced,RoundRobin,1022,1.0,3.0,B3-correlated,0,0.0,none,0,B,0.4422583404619333,0.3435,0.672016748080949,517,687,963,1169,2000,1433,0.997702919014448,112.0,0.55,1.0,6.154455995783792e-06,5.7705001381691545e-06,8.84020023477205e-06,3.725100032170303e-05
balanced,RoundRobin,1023,1.0,3.0,B3-correlated,0,0.0,none,0,B,0.4039320822162645,0.344,0.6849122807017544,452,688,976,1119,2000,1425,0.99885610027425,111.85,0.418,1.0,6.118628019976313e-06,5.666999641107395e-06,8.968449856183715e-06,1.6291999600070994e-05
balanced,RoundRobin,1024,1.0,3.0,B3-correlated,0,0.0,none,0,B,0.4430714916151809,0.345,0.6576512455516014,502,690,924,1133,2000,1405,0.9986878547105562,112.275,0.494,1.0,6.046690001312527e-06,5.625000085274223e-06,8.961050298239568e-06,3.920899962395197e-05
balanced,RoundRobin,1025,1.0,3.0,B3-correlated,0,0.0,none,0,B,0.4432432432432432,0.342,0.6530753282653766,492,684,945,1110,2000,1447,0.9981515272867624,112.825,0.482,1.0,6.088622019888134e-06,5.687500106432708e-06,8.836100278131196e-06,1.8000999261857942e-05
balanced,RoundRobin,1026,1.0,3.0,B3-correlated,0,0.0,none,0,B,0.4442508710801394,0.3425,0.6683098591549296,510,685,949,1148,2000,1420,0.9988365193312312,111.825,0.5,1.0,6.02543197965133e-06,5.666999641107395e-06,8.9169998318539e-06,1.62090000230819e-05
balanced,RoundRobin,1027,1.0,3.0,B3-correlated,0,0.0,none,0,B,0.4295774647887324,0.3435,0.6687587168758717,488,687,959,1136,2000,1434,0.9982478095384522,112.65,0.486,1.0,6.152812016807729e-06,5.687500106432708e-06,9.250049515685532e-06,2.229199981229613e-05
balanced,RoundRobin,1028,1.0,3.0,B3-correlated,0,0.0,none,0,B,0.4356521739130435,0.345,0.6662020905923345,501,690,956,1150,2000,1435,0.998611525485966,112.6,0.512,1.0,6.015038014083984e-06,5.625000085274223e-06,9.086050340556538e-06,1.650000012887176e-05
balanced,RoundRobin,1029,1.0,3.0,B3-correlated,0,0.0,none,0,B,0.4129483814523184,0.3445,0.6827393431167016,472,689,977,1143,2000,1431,0.998416043493194,111.425,0.442,1.0,6.310194010438863e-06,5.7920005929190665e-06,9.377100423080262e-06,2.8249999559193384e-05
asymmetric,TwinSync,1000,1.0,3.0,B1-a,0,0.0,none,0,B,0.0,0.0,0.9587155963302753,0,0,627,679,836,654,0.9893748539791384,67.17142857142856,-2.918,-2.0,1.4634634024332628e-05,1.4541999917128123e-05,1.9761399880735545e-05,3.612599994085031e-05
asymmetric,TwinSync,1001,1.0,3.0,B1-a,0,0.0,none,0,B,0.0,0.0,0.960352422907489,0,0,654,664,826,681,0.9883170164498404,66.17142857142856,-2.918,-2.0,1.4508956006466176e-05,1.45009998959722e-05,1.937709930643905e-05,3.845899937005015e-05
asymmetric,TwinSync,1002,1.0,3.0,B1-a,0,0.0,none,0,B,0.0,0.0,0.9596412556053812,0,0,642,680,831,669,0.9903443770707552,66.8,-2.918,-2.0,1.4492560010694433e-05,1.4521000139211536e-05,1.900005004245031e-05,5.729300028178841e-05
asymmetric,TwinSync,1003,1.0,3.0,B1-a,0,0.0,none,0,B,0.0,0.0,0.9576642335766424,0,0,656,676,842,685,0.9885566936601612,67.25714285714285,-2.918,-2.0,1.4914387993485434e-05,1.4917000044079032e-05,1.837805025388661e-05,8.283500028483104e-05
asymmetric,TwinSync,1004,1.0,3.0,B1-a,0,0.0,none,0,B,0.0,0.0,0.9618208516886932,0,0,655,689,825,681,0.9921014789845168,66.77142857142859,-2.918,-2.0,1.4484963985523793e-05,1.4459000340139028e-05,1.9262500154582077e-05,4.5959999624756165e-05
asymmetric,TwinSync,1005,1.0,3.0,B1-a,0,0.0,none,0,B,0.0,0.0,0.9619883040935672,0,0,658,679,832,684,0.989968756566939,66.88571428571429,-2.918,-2.0,1.4699716000905027e-05,1.4604499938286608e-05,1.9502099348756016e-05,3.762599953915924e-05
asymmetric,TwinSync,1006,1.0,3.0,B1-a,0,0.0,none,0,B,0.0,0.0,0.9593023255813954,0,0,660,689,848,688,0.9895296653888418,68.08571428571427,-2.918,-2.0,1.5140374045586214e-05,1.5250000615196768e-05,2.0094400406378543e-05,4.979299956175964e-05
asymmetric,TwinSync,1007,1.0,3.0,B1-a,0,0.0,none,0,B,0.0,0.0,0.957037037037037,0,0,646,685,851,675,0.9884550864485944,68.2,-2.918,-2.0,1.4504034028504976e-05,1.4562499927706083e-05,1.9377100170459016e-05,4.012600038549863e-05
asymmetric,TwinSync,1008,1.0,3.0,B1-a,0,0.0,none,0,B,0.0,0.0,0.9611940298507464,0,0,644,674,820,670,0.990770874132099,65.99999999999999,-2.918,-2.0,1.4448452000578982e-05,1.4292000741988886e-05,1.9586050211728437e-05,6.050200045137899e-05
asymmetric,TwinSync,1009,1.0,3.0,B1-a,0,0.0,none,0,B,0.0,0.0,0.9557522123893806,0,0,648,675,844,678,0.987773136260543,67.5142857142857,-2.918,-2.0,1.5308529984395135e-05,1.4666999959445093e-05,1.8621499930304677e-05,0.0004055079998579
asymmetric,TwinSync,1010,1.0,3.0,B1-a,0,0.0,none,0,B,0.0,0.0,0.9605263157894736,0,0,657,675,839,684,0.9884023574743908,67.22857142857141,-2.918,-2.0,1.4689296020151231e-05,1.4749999536434188e-05,1.925005012708425e-05,4.066699966642773e-05
asymmetric,TwinSync,1011,1.0,3.0,B1-a,0,0.0,none,0,B,0.0,0.0,0.9538002980625933,0,0,640,683,831,671,0.9905345490687524,67.0,-2.918,-2.0,1.4423781987716213e-05,1.4375000318977982e-05,1.8669100381885072e-05,4.037600047013257e-05
asymmetric,TwinSync,1012,1.0,3.0,B1-a,0,0.0,none,0,B,0.0,0.0,0.9622356495468278,0,0,637,687,838,662,0.9904054282249276,67.45714285714286,-2.918,-2.0,1.4108531977399251e-05,1.4166999790177217e-05,1.7937850134330782e-05,3.1208999644150026e-05
asymmetric,TwinSync,1013,1.0,3.0,B1-a,0,0.0,none,0,B,0.0,0.0,0.9620991253644317,0,0,660,682,849,686,0.9883654161191932,67.94285714285715,-2.918,-2.0,1.4758640032596304e-05,1.4666999959445093e-05,1.9213150108043915e-05,0.0001244200002474
asymmetric,TwinSync,1014,1.0,3.0,B1-a,0,0.0,none,0,B,0.0,0.0,0.9540059347181008,0,0,643,677,843,674,0.9884626933536946,67.4,-2.918,-2.0,1.4565406007022827e-05,1.4334000297822058e-05,1.9384299730518243e-05,9.37509994400898e-05
asymmetric,TwinSync,1015,1.0,3.0,B1-a,0,0.0,none,0,B,0.0,0.0,0.9583975346687212,0,0,622,685,841,649,0.9896575113089096,67.62857142857142,-2.918,-2.0,1.4370885994139826e-05,1.4271499821916224e-05,1.9086100110143885e-05,4.320900006860029e-05
asymmetric,TwinSync,1016,1.0,3.0,B1-a,0,0.0,none,0,B,0.0,0.0,0.9592760180995475,0,0,636,685,843,663,0.9894209042660488,67.74285714285713,-2.918,-2.0,1.4414868002859294e-05,1.4396499864233192e-05,1.87521000043489e-05,3.495900000416441e-05
asymmetric,TwinSync,1017,1.0,3.0,B1-a,0,0.0,none,0,B,0.0,0.0,0.9613670133729568,0,0,647,683,859,673,0.9872677322552724,68.54285714285713,-2.918,-2.0,1.4333038017866783e-05,1.4500000361294951e-05,1.920805057125108e-05,2.420900000288384e-05
asymmetric,TwinSync,1018,1.0,3.0,B1-a,0,0.0,none,0,B,0.0,0.0,0.9606413994169096,0,0,659,687,839,686,0.9902909438066178,67.5142857142857,-2.918,-2.0,1.4626435984609995e-05,1.4687499970023056e-05,1.8792000446410384e-05,3.275099970778683e-05
asymmetric,TwinSync,1019,1.0,3.0,B1-a,0,0.0,none,0,B,0.0,0.0,0.9616519174041298,0,0,652,677,860,678,0.9861546049606674,68.42857142857142,-2.918,-2.0,1.4660406004622929e-05,1.4458500118053053e-05,2.017325000451819e-05,4.23339997723815e-05
asymmetric,TwinSync,1020,1.0,3.0,B1-a,0,0.0,none,0,B,0.0,0.0,0.9643916913946587,0,0,650,687,836,674,0.9906328633229388,67.34285714285714,-2.918,-2.0,1.4480865989753513e-05,1.4458499663305702e-05,1.872769998954025e-05,3.791800008912105e-05
asymmetric,TwinSync,1021,1.0,3.0,B1-a,0,0.0,none,0,B,0.0,0.0,0.9560283687943264,0,0,674,674,845,705,0.9876137053279068,67.48571428571428,-2.918,-2.0,1.459288998012198e-05,1.4646499948867133e-05,1.883924956018745e-05,3.629299953900045e-05
asymmetric,TwinSync,1022,1.0,3.0,B1-a,0,0.0,none,0,B,0.0,0.0,0.9588068181818182,0,0,675,667,832,704,0.9881562376150425,66.54285714285713,-2.918,-2.0,1.4921964013410616e-05,1.4916499367245706e-05,1.8804500405167334e-05,5.375099954108009e-05
asymmetric,TwinSync,1023,1.0,3.0,B1-a,0,0.0,none,0,B,0.0,0.0,0.9506531204644412,0,0,655,659,826,689,0.9876420074876268,65.97142857142856,-2.918,-2.0,1.4936100011254894e-05,1.4958000065234955e-05,1.9391699333937125e-05,3.737600036402e-05
asymmetric,TwinSync,1024,1.0,3.0,B1-a,0,0.0,none,0,B,0.0,0.0,0.9567164179104478,0,0,641,694,851,670,0.9897792985287398,68.45714285714284,-2.918,-2.0,1.4378959998794016e-05,1.4458999430644326e-05,1.792529928934527e-05,3.5709000258066226e-05
asymmetric,TwinSync,1025,1.0,3.0,B1-a,0,0.0,none,0,B,0.0,0.0,0.9576642335766424,0,0,656,673,824,685,0.9900465203519904,66.25714285714285,-2.918,-2.0,1.4260443989769557e-05,1.4291999832494184e-05,1.7550350003148188e-05,6.570999994437443e-05
asymmetric,TwinSync,1026,1.0,3.0,B1-a,0,0.0,none,0,B,0.0,0.0,0.9543446244477172,0,0,648,672,843,679,0.9874203365418122,67.37142857142857,-2.918,-2.0,1.4186132024406106e-05,1.4416999874811154e-05,1.8002100568992317e-05,2.6251000235788524e-05
asymmetric,TwinSync,1027,1.0,3.0,B1-a,0,0.0,none,0,B,0.0,0.0,0.956845238095238,0,0,643,681,826,672,0.9908270849894026,66.65714285714286,-2.918,-2.0,1.4496039995719911e-05,1.4375000318977982e-05,1.987504947464913e-05,4.470899966690922e-05
asymmetric,TwinSync,1028,1.0,3.0,B1-a,0,0.0,none,0,B,0.0,0.0,0.9558173784977908,0,0,649,676,852,679,0.9870362358901332,67.94285714285714,-2.918,-2.0,1.4702019981996271e-05,1.4917000044079032e-05,1.875004995781637e-05,3.166699934809003e-05
asymmetric,TwinSync,1029,1.0,3.0,B1-a,0,0.0,none,0,B,0.0,0.0,0.9539375928677564,0,0,642,685,843,673,0.9894209042660488,67.74285714285715,-2.918,-2.0,1.4230196011340011e-05,1.4291999832494184e-05,1.837709983192326e-05,2.6000000616477337e-05
asymmetric,TwinSync,1000,1.0,3.0,B1-b,0,0.0,none,0,B,0.0,0.0,0.9583333333333334,0,0,621,672,832,648,0.9888093106535364,66.74285714285713,-2.918,-2.0,1.3889872003346682e-05,1.4146499779599251e-05,1.6709000192349777e-05,2.3208999664348084e-05
asymmetric,TwinSync,1001,1.0,3.0,B1-b,0,0.0,none,0,B,0.0,0.0,0.9598811292719168,0,0,646,659,822,673,0.988031604600145,65.8,-2.918,-2.0,1.4302532026704284e-05,1.4416999874811154e-05,1.7626000044401735e-05,3.3291999898210634e-05
asymmetric,TwinSync,1002,1.0,3.0,B1-b,0,0.0,none,0,B,0.0,0.0,0.9590288315629742,0,0,632,673,827,659,0.989809043062792,66.37142857142857,-2.918,-2.0,1.4155689994368003e-05,1.4416999874811154e-05,1.7002100275931297e-05,2.820800000336021e-05
asymmetric,TwinSync,1003,1.0,3.0,B1-b,0,0.0,none,0,B,0.0,0.0,0.9571639586410636,0,0,648,671,839,677,0.9881541539433504,66.94285714285715,-2.918,-2.0,1.44377420147066e-05,1.4708999515278263e-05,1.7628050045459528e-05,3.308400027890457e-05
asymmetric,TwinSync,1004,1.0,3.0,B1-b,0,0.0,none,0,B,0.0,0.0,0.9615384615384616,0,0,650,681,823,676,0.991276015955136,66.42857142857142,-2.918,-2.0,1.4467338001850296e-05,1.4584000382455995e-05,1.7332999959762674e-05,4.733500009024283e-05
asymmetric,TwinSync,1005,1.0,3.0,B1-b,0,0.0,none,0,B,0.0,0.0,0.9615384615384616,0,0,650,671,829,676,0.9891492967666674,66.4857142857143,-2.918,-2.0,1.4258778017392617e-05,1.4541999917128123e-05,1.6960149878286753e-05,2.687600044737337e-05
asymmetric,TwinSync,1006,1.0,3.0,B1-b,0,0.0,none,0,B,0.0,0.0,0.9589442815249268,0,0,654,681,846,682,0.9885819665032528,67.74285714285713,-2.918,-2.0,1.469785996596329e-05,1.4937999821995618e-05,1.80419993284886e-05,3.166700025758473e-05
asymmetric,TwinSync,1007,1.0,3.0,B1-b,0,0.0,none,0,B,0.0,0.0,0.9565868263473054,0,0,639,681,848,668,0.9882112498045,67.91428571428571,-2.918,-2.0,1.4162956007567116e-05,1.4333499620988732e-05,1.7252100360565236e-05,3.075099994021002e-05
asymmetric,TwinSync,1008,1.0,3.0,B1-b,0,0.0,none,0,B,0.0,0.0,0.9607843137254902,0,0,637,665,818,663,0.989711492210407,65.62857142857142,-2.918,-2.0,1.4107627976045478e-05,1.4166999790177217e-05,1.708399945528072e-05,8.912599969335133e-05
asymmetric,TwinSync,1009,1.0,3.0,B1-b,0,0.0,none,0,B,0.0,0.0,0.9552238805970148,0,0,640,667,841,670,0.9868613138686132,67.11428571428571,-2.918,-2.0,1.4370702017913573e-05,1.462599993828917e-05,1.7086050274883745e-05,4.679300036514178e-05
asymmetric,TwinSync,1010,1.0,3.0,B1-b,0,0.0,none,0,B,0.0,0.0,0.9600591715976332,0,0,649,667,838,676,0.987254747269933,66.94285714285715,-2.918,-2.0,1.453388999834715e-05,1.475099998060614e-05,1.741699998092372e-05,2.8084000405215196e-05
asymmetric,TwinSync,1011,1.0,3.0,B1-b,0,0.0,none,0,B,0.0,0.0,0.9531722054380664,0,0,631,676,826,662,0.9901250996267726,66.5142857142857,-2.918,-2.0,1.4183366009092423e-05,1.4291999832494184e-05,1.7208049939654302e-05,3.6501000067801215e-05
asymmetric,TwinSync,1012,1.0,3.0,B1-b,0,0.0,none,0,B,0.0,0.0,0.961890243902439,0,0,631,682,837,656,0.9898128898128898,67.25714285714285,-2.918,-2.0,1.4938959984647227e-05,1.4332999853650108e-05,1.7129200341514657e-05,0.0003960490003009
asymmetric,TwinSync,1013,1.0,3.0,B1-b,0,0.0,none,0,B,0.0,0.0,0.9617083946980854,0,0,653,677,846,679,0.987962680214338,67.62857142857142,-2.918,-2.0,1.445655800125678e-05,1.462500040361192e-05,1.754200002324069e-05,3.3584000448172446e-05
asymmetric,TwinSync,1014,1.0,3.0,B1-b,0,0.0,none,0,B,0.0,0.0,0.9535928143712576,0,0,637,672,842,668,0.9878048780487804,67.2,-2.918,-2.0,1.4269113986301816e-05,1.45009998959722e-05,1.7711050531943325e-05,2.7750999834097456e-05
asymmetric,TwinSync,1015,1.0,3.0,B1-b,0,0.0,none,0,B,0.0,0.0,0.958139534883721,0,0,618,678,837,645,0.989105393392648,67.2,-2.918,-2.0,1.4004843978909776e-05,1.4000499959365698e-05,1.716909991955617e-05,5.391800004872493e-05
asymmetric,TwinSync,1016,1.0,3.0,B1-b,0,0.0,none,0,B,0.0,0.0,0.958904109589041,0,0,630,676,839,657,0.9885566936601612,67.25714285714285,-2.918,-2.0,1.4139357988824483e-05,1.4374999864230633e-05,1.7127100318248267e-05,3.508499958115863e-05
asymmetric,TwinSync,1017,1.0,3.0,B1-b,0,0.0,none,0,B,0.0,0.0,0.9611360239162928,0,0,643,674,856,669,0.9861803035684606,68.11428571428571,-2.918,-2.0,1.4333651983179152e-05,1.462499949411722e-05,1.7586050444151623e-05,3.283399928477593e-05
asymmetric,TwinSync,1018,1.0,3.0,B1-b,0,0.0,none,0,B,0.0,0.0,0.9602941176470589,0,0,653,679,832,680,0.989968756566939,66.88571428571429,-2.918,-2.0,1.6505398007211626e-05,1.4583499705622671e-05,1.72961999396648e-05,0.0010962710002786
asymmetric,TwinSync,1019,1.0,3.0,B1-b,0,0.0,none,0,B,0.0,0.0,0.9613095238095238,0,0,646,670,857,672,0.9853609741070856,68.05714285714285,-2.918,-2.0,1.474556198809296e-05,1.4666999959445093e-05,1.7919100173457988e-05,9.187700015900192e-05
asymmetric,TwinSync,1020,1.0,3.0,B1-b,0,0.0,none,0,B,0.0,0.0,0.963855421686747,0,0,640,683,833,664,0.99041997457524,67.05714285714285,-2.918,-2.0,1.447885601010057e-05,1.4562499927706083e-05,1.746520042615884e-05,4.283399994164938e-05
asymmetric,TwinSync,1021,1.0,3.0,B1-b,0,0.0,none,0,B,0.0,0.0,0.9556509298998568,0,0,668,668,843,699,0.9868956394976404,67.2,-2.918,-2.0,1.4963631992941372e-05,1.51250005728798e-05,1.7754199643604803e-05,4.729299962491496e-05
asymmetric,TwinSync,1022,1.0,3.0,B1-b,0,0.0,none,0,B,0.0,0.0,0.9584527220630372,0,0,669,661,829,698,0.987577338185576,66.2,-2.918,-2.0,1.485120599863876e-05,1.4959000054659556e-05,1.833814981182513e-05,2.5084000299102627e-05
asymmetric,TwinSync,1023,1.0,3.0,B1-b,0,0.0,none,0,B,0.0,0.0,0.9501466275659824,0,0,648,650,823,682,0.9865304903367742,65.54285714285713,-2.918,-2.0,1.4457356017373968e-05,1.4646000181528508e-05,1.7211050362675447e-05,2.5459000426053532e-05
asymmetric,TwinSync,1024,1.0,3.0,B1-b,0,0.0,none,0,B,0.0,0.0,0.9563253012048192,0,0,635,688,849,664,0.9891466279220698,68.17142857142856,-2.918,-2.0,1.4335095991555136e-05,1.4416999874811154e-05,1.741699998092372e-05,4.200099920126377e-05
asymmetric,TwinSync,1025,1.0,3.0,B1-b,0,0.0,none,0,B,0.0,0.0,0.9573529411764706,0,0,651,668,821,680,0.9896730268615728,65.94285714285715,-2.918,-2.0,1.4464278010564156e-05,1.450100035071955e-05,1.783515008355607e-05,5.52929996047169e-05
asymmetric,TwinSync,1026,1.0,3.0,B1-b,0,0.0,none,0,B,0.0,0.0,0.9538002980625933,0,0,640,667,841,671,0.9868613138686132,67.11428571428571,-2.918,-2.0,1.4400096028111875e-05,1.4541999917128123e-05,1.7208049939654302e-05,4.600099964591209e-05
asymmetric,TwinSync,1027,1.0,3.0,B1-b,0,0.0,none,0,B,0.0,0.0,0.956390977443609,0,0,636,675,824,665,0.9902163844382298,66.37142857142857,-2.918,-2.0,1.4122893997409846e-05,1.4334000297822058e-05,1.700304983387468e-05,2.6959000024362467e-05
asymmetric,TwinSync,1028,1.0,3.0,B1-b,0,0.0,none,0,B,0.0,0.0,0.9552238805970148,0,0,640,670,847,670,0.9867011959306758,67.4857142857143,-2.918,-2.0,1.424509000389662e-05,1.45009998959722e-05,1.729199993860675e-05,2.554200000304263e-05
asymmetric,TwinSync,1029,1.0,3.0,B1-b,0,0.0,none,0,B,0.0,0.0,0.9534534534534534,0,0,635,680,840,666,0.989041095890411,67.42857142857142,-2.918,-2.0,1.4151773968478664e-05,1.4291999832494184e-05,1.696105027804151e-05,4.150099994149059e-05
asymmetric,TwinSync,1000,1.0,3.0,B1-c,0,0.0,none,0,B,0.0,0.0,0.9580745341614908,0,0,617,668,830,644,0.9884400294593366,66.5142857142857,-2.918,-2.0,1.3908294004068012e-05,1.4125000234344045e-05,1.6544100571991293e-05,2.8418000511010177e-05
asymmetric,TwinSync,1001,1.0,3.0,B1-c,0,0.0,none,0,B,0.0,0.0,0.9597014925373134,0,0,643,656,820,670,0.9878048780487804,65.6,-2.918,-2.0,1.405550200615835e-05,1.4125000234344045e-05,1.7715249623506675e-05,3.737600036402e-05
asymmetric,TwinSync,1002,1.0,3.0,B1-c,0,0.0,none,0,B,0.0,0.0,0.9588414634146342,0,0,629,670,827,656,0.9893649985613422,66.28571428571429,-2.918,-2.0,1.409257795967278e-05,1.4250500043999637e-05,1.662710014898039e-05,4.166700000496349e-05
asymmetric,TwinSync,1003,1.0,3.0,B1-c,0,0.0,none,0,B,0.0,0.0,0.956973293768546,0,0,645,666,836,674,0.9877405061343626,66.62857142857142,-2.918,-2.0,1.4274622006269056e-05,1.4500000361294951e-05,1.7209000361617655e-05,2.6124999749299604e-05
asymmetric,TwinSync,1004,1.0,3.0,B1-c,0,0.0,none,0,B,0.0,0.0,0.9613670133729568,0,0,647,677,821,673,0.9909576034575924,66.2,-2.918,-2.0,1.4304713979072405e-05,1.447950035071699e-05,1.712500034045661e-05,3.8250999750744086e-05
asymmetric,TwinSync,1005,1.0,3.0,B1-c,0,0.0,none,0,B,0.0,0.0,0.9612518628912072,0,0,645,669,828,671,0.9889685282238464,66.37142857142858,-2.918,-2.0,1.4577289990484131e-05,1.4584000382455995e-05,1.7044049855030604e-05,0.0001265440005226
asymmetric,TwinSync,1006,1.0,3.0,B1-c,0,0.0,none,0,B,0.0,0.0,0.9587628865979382,0,0,651,678,844,679,0.9883686950637126,67.54285714285714,-2.918,-2.0,1.4830461999736143e-05,1.4999999621068127e-05,1.7973550575334217e-05,4.562599951896118e-05
asymmetric,TwinSync,1007,1.0,3.0,B1-c,0,0.0,none,0,B,0.0,0.0,0.956390977443609,0,0,636,677,847,665,0.9877098469216782,67.74285714285713,-2.918,-2.0,1.4713799993842258e-05,1.4874999578751158e-05,1.762505048645835e-05,3.325099987705471e-05
asymmetric,TwinSync,1008,1.0,3.0,B1-c,0,0.0,none,0,B,0.0,0.0,0.9606656580937972,0,0,635,662,814,661,0.9897502523715638,65.3142857142857,-2.918,-2.0,1.4097604023845634e-05,1.4166999790177217e-05,1.6752100191297358e-05,4.758399973070482e-05
asymmetric,TwinSync,1009,1.0,3.0,B1-c,0,0.0,none,0,B,0.0,0.0,0.954954954954955,0,0,636,663,839,666,0.9864555002667272,66.88571428571429,-2.918,-2.0,1.4504768007100213e-05,1.4792000001762062e-05,1.716699989628978e-05,2.470900017215172e-05
asymmetric,TwinSync,1010,1.0,3.0,B1-c,0,0.0,none,0,B,0.0,0.0,0.9598811292719168,0,0,646,665,836,673,0.98718759886112,66.77142857142859,-2.918,-2.0,1.561404197855154e-05,1.4834000012342584e-05,1.7294049939664543e-05,0.0005323859995769
asymmetric,TwinSync,1011,1.0,3.0,B1-c,0,0.0,none,0,B,0.0,0.0,0.952959028831563,0,0,628,673,826,659,0.98968952744218,66.42857142857142,-2.918,-2.0,1.5951058032442235e-05,1.4416999874811154e-05,1.7125049453170504e-05,0.0008587669999542
asymmetric,TwinSync,1012,1.0,3.0,B1-c,0,0.0,none,0,B,0.0,0.0,0.9617737003058104,0,0,629,680,835,654,0.9897595418133333,67.08571428571429,-2.918,-2.0,1.403548201051308e-05,1.4271500276663572e-05,1.6792000678833574e-05,2.4166999537555967e-05
asymmetric,TwinSync,1013,1.0,3.0,B1-c,0,0.0,none,0,B,0.0,0.0,0.9614243323442137,0,0,648,675,845,674,0.987773136260543,67.5142857142857,-2.918,-2.0,1.4793391977946158e-05,1.4459000340139028e-05,1.662805057094374e-05,0.0001692539999567
asymmetric,TwinSync,1014,1.0,3.0,B1-c,0,0.0,none,0,B,0.0,0.0,0.9534534534534534,0,0,635,670,839,666,0.9878687463515764,66.97142857142856,-2.918,-2.0,1.4478679975582054e-05,1.425099981133826e-05,1.7502099581179206e-05,0.0001883790000647
asymmetric,TwinSync,1015,1.0,3.0,B1-c,0,0.0,none,0,B,0.0,0.0,0.9578783151326054,0,0,614,673,835,641,0.988591093018848,66.94285714285714,-2.918,-2.0,1.374889598810114e-05,1.3874999694962751e-05,1.6083050422821543e-05,4.6210000618884806e-05
asymmetric,TwinSync,1016,1.0,3.0,B1-c,0,0.0,none,0,B,0.0,0.0,0.9586523736600306,0,0,626,671,838,653,0.9879004932819082,67.05714285714285,-2.918,-2.0,1.42009379924275e-05,1.4541999917128123e-05,1.6667000636516605e-05,3.749999996216502e-05
asymmetric,TwinSync,1017,1.0,3.0,B1-c,0,0.0,none,0,B,0.0,0.0,0.9609022556390976,0,0,639,670,853,665,0.9859023292396007,67.82857142857142,-2.918,-2.0,1.446778201534471e-05,1.4792000001762062e-05,1.729409996187314e-05,2.7167000553163238e-05
asymmetric,TwinSync,1016,1.0,3.0,B3-correlated,0,0.0,none,0,B,0.0,0.0,0.961206896551724,0,0,669,716,859,696,0.9918239124472128,69.54285714285713,-2.918,-2.0,1.5275132007445792e-05,1.4666999959445093e-05,2.3000049623078667e-05,3.3709000490489416e-05
asymmetric,TwinSync,1017,1.0,3.0,B3-correlated,0,0.0,none,0,B,0.0,0.0022883295194508,0.963172804532578,0,2,680,718,874,706,0.9908139840601492,70.28571428571429,-2.918,-2.0,1.5573216016491642e-05,1.4999999621068127e-05,2.280660087308205e-05,3.775000004679896e-05
asymmetric,TwinSync,1018,1.0,3.0,B3-correlated,0,0.0,none,0,B,0.0,0.0,0.9625,0,0,693,715,862,720,0.9914909312711868,69.62857142857142,-2.918,-2.0,1.580108601046959e-05,1.5084000551723877e-05,2.2838149561721363e-05,4.033400000480469e-05
asymmetric,TwinSync,1019,1.0,3.0,B3-correlated,0,0.0,none,0,B,0.0,0.0011389521640091,0.9632248939179632,0,1,681,706,878,707,0.9885844027391112,70.22857142857141,-2.918,-2.0,1.541745598660782e-05,1.4666999959445093e-05,2.242324985672894e-05,4.400099987833528e-05
asymmetric,TwinSync,1020,1.0,3.0,B3-correlated,0,0.0,none,0,B,0.0,0.0,0.9661495063469676,0,0,685,722,853,709,0.9932247584165338,69.31428571428572,-2.918,-2.0,1.586953997866658e-05,1.529199971628259e-05,2.312709966645343e-05,5.2585000048566144e-05
asymmetric,TwinSync,1021,1.0,3.0,B3-correlated,0,0.0,none,0,B,0.0,0.0011627906976744,0.9579375848032564,0,1,706,711,860,737,0.9912985177400064,69.34285714285714,-2.918,-2.0,1.6476466009407887e-05,1.5958500171109335e-05,2.3840250742068742e-05,4.158400042797439e-05
asymmetric,TwinSync,1022,1.0,3.0,B3-correlated,0,0.0,none,0,B,0.0,0.0,0.9604904632152588,0,0,705,705,847,734,0.9918032786885246,68.4857142857143,-2.918,-2.0,1.5667812011088246e-05,1.5271000393113354e-05,2.2881300446897508e-05,3.95420001950697e-05
asymmetric,TwinSync,1023,1.0,3.0,B3-correlated,0,0.0,none,0,B,0.0,0.0,0.952712100139082,0,0,685,699,841,719,0.9916760243878544,67.97142857142856,-2.918,-2.0,1.5135278028537869e-05,1.4541999917128123e-05,2.2458999455921003e-05,3.7042000258225016e-05
asymmetric,TwinSync,1024,1.0,3.0,B3-correlated,0,0.0,none,0,B,0.0,0.0011560693641618,0.9587482219061166,0,1,674,724,865,703,0.992287545487742,70.05714285714285,-2.918,-2.0,1.518406200921163e-05,1.4708500202686992e-05,2.237919939034327e-05,2.887600021495018e-05
asymmetric,TwinSync,1025,1.0,3.0,B3-correlated,0,0.0,none,0,B,0.0,0.0011904761904761,0.9594972067039106,0,1,687,707,840,716,0.9928620331372032,68.08571428571427,-2.918,-2.0,1.563707395871461e-05,1.491699958933168e-05,2.3208050106404694e-05,4.254200030118227e-05
asymmetric,TwinSync,1026,1.0,3.0,B3-correlated,0,0.0,none,0,B,0.0,0.0,0.9565826330532212,0,0,683,712,862,714,0.9909999135991704,69.6,-2.918,-2.0,1.5491122003368218e-05,1.4979500065237517e-05,2.2378049834514965e-05,3.46669994542026e-05
asymmetric,TwinSync,1027,1.0,3.0,B3-correlated,0,0.0,none,0,B,0.0,0.0023696682464454,0.9585714285714284,0,2,671,718,844,700,0.9937214574581376,68.62857142857142,-2.918,-2.0,1.4815715978329536e-05,1.4333499620988732e-05,2.2505149900098328e-05,2.529199991840869e-05
asymmetric,TwinSync,1028,1.0,3.0,B3-correlated,0,0.0,none,0,B,0.0,0.0011534025374855,0.957983193277311,0,1,684,711,867,714,0.9905419439025128,69.74285714285713,-2.918,-2.0,1.5655751991289434e-05,1.4875500255584484e-05,2.309230053469945e-05,3.1208999644150026e-05
asymmetric,TwinSync,1029,1.0,3.0,B3-correlated,0,0.0,none,0,B,0.0,0.0011627906976744,0.9562146892655368,0,1,677,719,860,708,0.9921902518404708,69.62857142857142,-2.918,-2.0,1.5473378016395146e-05,1.502150007581804e-05,2.229824981441197e-05,3.30420007230714e-05
asymmetric,FIFO,1000,1.0,3.0,B1-a,0,0.0,none,0,B,0.8586156111929307,0.6124401913875598,0.0,583,512,0,679,836,654,0.99866672083498,75.11428571428571,0.898,1.0,5.4326899917214174e-06,5.251000402495265e-06,6.33399945400015e-06,1.5874999917286914e-05
asymmetric,FIFO,1001,1.0,3.0,B1-a,0,0.0,none,0,B,0.9246987951807228,0.6416464891041163,0.0,614,530,0,664,826,681,0.9999349678090654,74.4857142857143,0.868,1.0,5.374352000217186e-06,5.292000423651189e-06,6.291999898166978e-06,1.279199932469055e-05
asymmetric,FIFO,1002,1.0,3.0,B1-a,0,0.0,none,0,B,0.9176470588235294,0.6209386281588448,0.0,624,516,0,680,831,669,0.9999990059740956,74.5142857142857,0.908,1.0,5.3350199741544204e-06,5.291499746817863e-06,6.125000254542101e-06,1.4167000699671917e-05
asymmetric,FIFO,1003,1.0,3.0,B1-a,0,0.0,none,0,B,0.9260355029585798,0.6413301662707839,0.0,626,540,0,676,842,685,0.999935229227811,74.6,0.94,1.0,5.43083999218652e-06,5.290999979479238e-06,6.125000254542101e-06,2.208400019299006e-05
asymmetric,FIFO,1004,1.0,3.0,B1-a,0,0.0,none,0,B,0.9390420899854862,0.64,0.0,647,528,0,689,825,681,0.9997992502611796,74.42857142857142,0.922,1.0,5.3700000171375e-06,5.249999958323315e-06,6.252050297916865e-06,1.9916999917768408e-05
asymmetric,FIFO,1005,1.0,3.0,B1-a,0,0.0,none,0,B,0.9499263622974964,0.6418269230769231,0.0,645,534,0,679,832,684,0.9995836802664446,74.25714285714285,0.898,1.0,5.333713990694378e-06,5.249999958323315e-06,6.171150653244691e-06,1.4125000234344045e-05
asymmetric,FIFO,1006,1.0,3.0,B1-a,0,0.0,none,0,B,0.9230769230769232,0.6462264150943396,0.0,636,548,0,689,848,688,0.9999750505475906,75.14285714285712,0.94,1.0,5.495434008480516e-06,5.291499746817863e-06,6.33399945400015e-06,2.883400065911701e-05
asymmetric,FIFO,1007,1.0,3.0,B1-a,0,0.0,none,0,B,0.948905109489051,0.6321974148061105,0.0,650,538,0,685,851,675,0.9997022196485572,74.34285714285714,0.944,1.0,5.2123579807812345e-06,5.124999916006345e-06,6.000050188958994e-06,1.274999976885738e-05
asymmetric,FIFO,1008,1.0,3.0,B1-a,0,0.0,none,0,B,0.9154302670623146,0.624390243902439,0.0,617,512,0,674,820,670,0.9999990059740956,74.57142857142857,0.944,1.0,5.388022012994043e-06,5.124999916006345e-06,6.2110502767609415e-06,3.920900053344667e-05
asymmetric,FIFO,1009,1.0,3.0,B1-a,0,0.0,none,0,B,0.9066666666666666,0.6374407582938388,0.0,612,538,0,675,844,678,0.9999842532084088,74.85714285714286,0.916,1.0,5.432187999758753e-06,5.375000000640284e-06,6.291999852692243e-06,1.4917000044079032e-05
asymmetric,FIFO,1010,1.0,3.0,B1-a,0,0.0,none,0,B,0.9422222222222222,0.6412395709177592,0.0,636,538,0,675,839,684,0.9997378123719788,74.54285714285713,0.93,1.0,5.42378201680549e-06,5.292000423651189e-06,6.209000275703147e-06,2.820900044753216e-05
asymmetric,FIFO,1011,1.0,3.0,B1-a,0,0.0,none,0,B,0.9150805270863837,0.6221419975932612,0.0,625,517,0,683,831,671,0.9999990099264772,74.54285714285714,0.904,1.0,5.347113989046193e-06,5.33299953531241e-06,6.166000275698025e-06,1.1791999895649496e-05
asymmetric,FIFO,1012,1.0,3.0,B1-a,0,0.0,none,0,B,0.9475982532751092,0.6133651551312649,0.0,651,514,0,687,838,662,0.9996295650210872,74.05714285714285,0.936,1.0,5.393544028265751e-06,5.290999979479238e-06,6.125000254542101e-06,2.6959000024362467e-05
asymmetric,FIFO,1013,1.0,3.0,B1-a,0,0.0,none,0,B,0.969208211143695,0.6431095406360424,0.0,661,546,0,682,849,686,0.999048307891431,74.31428571428572,0.958,1.0,5.370197983211256e-06,5.3124999794818e-06,6.207999831531197e-06,1.3626000509248117e-05
asymmetric,FIFO,1014,1.0,3.0,B1-a,0,0.0,none,0,B,0.9497784342688332,0.6287069988137604,0.0,643,530,0,677,843,674,0.9995853736405438,74.05714285714286,0.938,1.0,5.366534021959524e-06,5.291999968903838e-06,6.252100274650728e-06,1.51250005728798e-05
asymmetric,FIFO,1015,1.0,3.0,B1-a,0,0.0,none,0,B,0.8423357664233576,0.6087990487514863,0.0,577,512,0,685,841,649,0.9980844021813916,75.17142857142858,0.86,1.0,5.547027971260832e-06,5.249999958323315e-06,6.252100274650728e-06,6.262599981710082e-05
asymmetric,FIFO,1016,1.0,3.0,B1-a,0,0.0,none,0,B,0.9094890510948904,0.6287069988137604,0.0,623,530,0,685,843,663,0.999999001998,74.14285714285712,0.91,1.0,5.30672402055643e-06,5.250000413070666e-06,6.166999810375273e-06,1.3416999536275398e-05
asymmetric,FIFO,1017,1.0,3.0,B1-a,0,0.0,none,0,B,0.903367496339678,0.6426076833527358,0.0,617,552,0,683,859,673,0.9999207593019775,74.82857142857142,0.88,1.0,5.645376000757096e-06,5.458000487124082e-06,7.92114951764233e-06,1.3500000022759195e-05
asymmetric,FIFO,1018,1.0,3.0,B1-a,0,0.0,none,0,B,0.9243085880640466,0.6400476758045291,0.0,635,537,0,687,839,686,0.999999001998,75.05714285714284,0.942,1.0,5.411517991888104e-06,5.33299953531241e-06,6.250000296859071e-06,1.4584000382455995e-05
asymmetric,FIFO,1019,1.0,3.0,B1-a,0,0.0,none,0,B,0.964549483013294,0.6325581395348837,0.0,653,544,0,677,860,678,0.9993483243071906,74.28571428571429,0.956,1.0,5.438436004624236e-06,5.292000423651189e-06,6.207999877005932e-06,2.562600002420368e-05
asymmetric,FIFO,1020,1.0,3.0,B1-a,0,0.0,none,0,B,0.9534206695778747,0.6291866028708134,0.0,655,526,0,687,836,674,0.9993981568553696,74.02857142857142,0.94,1.0,5.377600000429084e-06,5.249999958323315e-06,6.166999810375273e-06,2.6374999833933543e-05
asymmetric,FIFO,1021,1.0,3.0,B1-a,0,0.0,none,0,B,0.956973293768546,0.6615384615384615,0.0,645,559,0,674,845,705,0.9994962971596988,75.0,0.938,1.0,5.379794009058969e-06,5.249999958323315e-06,6.000000212225132e-06,5.941699964751024e-05
asymmetric,FIFO,1022,1.0,3.0,B1-a,0,0.0,none,0,B,0.9760119940029984,0.6574519230769231,0.0,651,547,0,667,832,704,0.998288323369949,74.54285714285713,0.958,1.0,5.727200028559309e-06,5.33299953531241e-06,8.584000170230865e-06,2.624999979161657e-05
asymmetric,FIFO,1023,1.0,3.0,B1-a,0,0.0,none,0,B,0.881638846737481,0.648910411622276,0.0,581,536,0,659,826,689,0.9998359850697888,75.11428571428571,0.924,1.0,5.341609998140484e-06,5.208999937167391e-06,6.29104943072889e-06,2.0918000700476117e-05
asymmetric,FIFO,1024,1.0,3.0,B1-a,0,0.0,none,0,B,0.9596541786743517,0.6286721504112809,0.0,666,535,0,694,851,670,0.999448366476532,73.97142857142856,0.938,1.0,5.314351976267063e-06,5.249999958323315e-06,6.088150212235628e-06,1.8292000277142503e-05
asymmetric,FIFO,1025,1.0,3.0,B1-a,0,0.0,none,0,B,0.9405646359583952,0.633495145631068,0.0,633,522,0,673,824,685,0.9997984351989732,74.45714285714286,0.91,1.0,5.303778012603288e-06,5.291999514156487e-06,6.041999768058304e-06,1.2208000043756329e-05
asymmetric,FIFO,1026,1.0,3.0,B1-a,0,0.0,none,0,B,0.9136904761904762,0.6405693950177936,0.0,614,540,0,672,843,679,0.999991018053712,74.57142857142856,0.904,1.0,5.310307955369353e-06,5.292000423651189e-06,6.127050255599896e-06,1.0875000043597538e-05
asymmetric,FIFO,1027,1.0,3.0,B1-a,0,0.0,none,0,B,0.908957415565345,0.62590799031477,0.0,619,517,0,681,826,672,0.9999911247680112,74.65714285714286,0.932,1.0,5.206779991567601e-06,5.165999937162269e-06,5.921149750065521e-06,1.383400012855418e-05
asymmetric,FIFO,1028,1.0,3.0,B1-a,0,0.0,none,0,B,0.9615384615384616,0.6396713615023474,0.0,650,545,0,676,852,679,0.9993429697766096,74.05714285714285,0.904,1.0,5.402095997851575e-06,5.333000444807112e-06,6.044050633136065e-06,2.604200017231051e-05
asymmetric,FIFO,1029,1.0,3.0,B1-a,0,0.0,none,0,B,0.945985401459854,0.6215895610913404,0.0,648,524,0,685,843,673,0.99970342487824,74.25714285714285,0.942,1.0,5.308366015015053e-06,5.249999958323315e-06,5.9610501921270026e-06,2.5375999939569734e-05
asymmetric,FIFO,1000,1.0,3.0,B1-b,0,0.0,none,0,B,0.8571428571428571,0.6033653846153846,0.0,576,502,0,672,832,648,0.99866672083498,74.94285714285715,0.898,1.0,5.361955998523627e-06,5.249999958323315e-06,6.002050167808191e-06,1.5084000551723877e-05
asymmetric,FIFO,1001,1.0,3.0,B1-b,0,0.0,none,0,B,0.9241274658573596,0.6301703163017032,0.0,609,518,0,659,822,673,0.9999349678090654,74.25714285714285,0.868,1.0,5.32293799915351e-06,5.291999514156487e-06,6.083049811422825e-06,1.3374999980442226e-05
asymmetric,FIFO,1002,1.0,3.0,B1-b,0,0.0,none,0,B,0.8930163447251115,0.6094316807738815,0.0,601,504,0,673,827,659,0.9997825065683016,74.57142857142857,0.906,1.0,5.252661991107743e-06,5.207999947742792e-06,5.874999305888195e-06,2.1042000298621133e-05
asymmetric,FIFO,1003,1.0,3.0,B1-b,0,0.0,none,0,B,0.9135618479880776,0.6317044100119189,0.0,613,530,0,671,839,677,0.999999001998,74.54285714285714,0.934,1.0,5.361548011933337e-06,5.333999979484361e-06,6.041999813533039e-06,1.4125000234344045e-05
asymmetric,FIFO,1004,1.0,3.0,B1-b,0,0.0,none,0,B,0.9383259911894272,0.6330498177399757,0.0,639,521,0,681,823,676,0.9997992502611796,74.28571428571428,0.922,1.0,5.290857976433472e-06,5.249999958323315e-06,5.917000635236036e-06,1.250000059371814e-05
asymmetric,FIFO,1005,1.0,3.0,B1-b,0,0.0,none,0,B,0.9493293591654248,0.6308805790108565,0.0,637,523,0,671,829,676,0.9995836802664446,74.02857142857142,0.898,1.0,5.337929991583223e-06,5.290999979479238e-06,5.921150614085487e-06,2.0792000213987197e-05
asymmetric,FIFO,1006,1.0,3.0,B1-b,0,0.0,none,0,B,0.922173274596182,0.6382978723404256,0.0,628,540,0,681,846,682,0.9999750505475906,74.97142857142858,0.94,1.0,5.384527999922284e-06,5.292000423651189e-06,5.957999792371993e-06,1.7792000107874628e-05
asymmetric,FIFO,1007,1.0,3.0,B1-b,0,0.0,none,0,B,0.948604992657856,0.6226415094339622,0.0,646,528,0,681,848,668,0.9997022196485572,74.14285714285714,0.944,1.0,5.450112013932084e-06,5.292000423651189e-06,6.128049790277144e-06,2.329199924133718e-05
asymmetric,FIFO,1008,1.0,3.0,B1-b,0,0.0,none,0,B,0.9142857142857144,0.6149144254278729,0.0,608,503,0,665,818,663,0.9999990059740956,74.37142857142857,0.944,1.0,5.290434024573187e-06,5.166999471839517e-06,5.877050170965957e-06,1.358400004392024e-05
asymmetric,FIFO,1009,1.0,3.0,B1-b,0,0.0,none,0,B,0.9055472263868066,0.6266349583828775,0.0,604,527,0,667,841,670,0.9999842532084088,74.62857142857142,0.916,1.0,5.335765999916475e-06,5.249999958323315e-06,5.878049705643205e-06,3.545900017343229e-05
asymmetric,FIFO,1010,1.0,3.0,B1-b,0,0.0,none,0,B,0.9415292353823088,0.6312649164677804,0.0,628,529,0,667,838,676,0.9997378123719788,74.31428571428572,0.93,1.0,5.492260019309469e-06,5.333500212145736e-06,6.166050252431887e-06,2.8917000236106105e-05
asymmetric,FIFO,1011,1.0,3.0,B1-b,0,0.0,none,0,B,0.9142011834319528,0.6089588377723971,0.0,618,503,0,676,826,662,0.9999990099264772,74.28571428571429,0.904,1.0,5.187001992453588e-06,5.124999916006345e-06,5.832999750055023e-06,1.3666999620909335e-05
asymmetric,FIFO,1012,1.0,3.0,B1-b,0,0.0,none,0,B,0.9472140762463344,0.6057347670250897,0.0,646,507,0,682,837,656,0.9996295650210872,73.88571428571429,0.936,1.0,5.259930005195201e-06,5.124999916006345e-06,5.876000614080112e-06,3.0084000172792003e-05
asymmetric,FIFO,1013,1.0,3.0,B1-b,0,0.0,none,0,B,0.9689807976366324,0.6335697399527187,0.0,656,536,0,677,846,679,0.999048307891431,74.11428571428571,0.958,1.0,5.298699978084187e-06,5.249999958323315e-06,5.875050146642025e-06,1.449999945180025e-05
asymmetric,FIFO,1014,1.0,3.0,B1-b,0,0.0,none,0,B,0.949404761904762,0.6211401425178147,0.0,638,523,0,672,842,668,0.9995853736405438,73.88571428571429,0.938,1.0,5.235416008872562e-06,5.166999471839517e-06,5.875050146642025e-06,1.904199962154962e-05
asymmetric,FIFO,1015,1.0,3.0,B1-b,0,0.0,none,0,B,0.8407079646017699,0.6021505376344086,0.0,570,504,0,678,837,645,0.9980844021813916,75.05714285714285,0.86,1.0,5.222969990427373e-06,5.165999937162269e-06,5.878050569663172e-06,1.329200040345313e-05
asymmetric,FIFO,1016,1.0,3.0,B1-b,0,0.0,none,0,B,0.908284023668639,0.6197854588796186,0.0,614,520,0,676,839,657,0.999999001998,73.97142857142856,0.91,1.0,5.36076399293961e-06,5.292000423651189e-06,6.082999789214227e-06,1.4291999832494184e-05
asymmetric,FIFO,1017,1.0,3.0,B1-b,0,0.0,none,0,B,0.9020771513353116,0.6366822429906542,0.0,608,545,0,674,856,669,0.9999207593019775,74.71428571428571,0.88,1.0,5.4646279859298375e-06,5.333999979484361e-06,6.000000212225132e-06,4.333400011091726e-05
asymmetric,FIFO,1018,1.0,3.0,B1-b,0,0.0,none,0,B,0.9234167893961708,0.6298076923076923,0.0,627,524,0,679,832,680,0.999999001998,74.88571428571427,0.942,1.0,5.400087989983149e-06,5.292000423651189e-06,5.957999746897258e-06,2.5833000108832493e-05
asymmetric,FIFO,1019,1.0,3.0,B1-b,0,0.0,none,0,B,0.964179104477612,0.6242707117852976,0.0,646,535,0,670,857,672,0.9993483243071906,74.11428571428571,0.956,1.0,5.337517997759278e-06,5.292000423651189e-06,5.877050170965957e-06,1.608399998076493e-05
asymmetric,FIFO,1020,1.0,3.0,B1-b,0,0.0,none,0,B,0.9531478770131772,0.6158463385354142,0.0,651,513,0,683,833,664,0.9993981568553696,73.74285714285713,0.94,1.0,5.542538014196907e-06,5.3544999900623225e-06,6.87149959048835e-06,1.7666999156062957e-05
asymmetric,FIFO,1021,1.0,3.0,B1-b,0,0.0,none,0,B,0.9565868263473054,0.6536180308422301,0.0,639,551,0,668,843,699,0.9994962971596988,74.82857142857142,0.938,1.0,5.391969998527202e-06,5.33299953531241e-06,6.000000212225132e-06,2.433400004520081e-05
asymmetric,FIFO,1022,1.0,3.0,B1-b,0,0.0,none,0,B,0.9757942511346444,0.6489746682750301,0.0,645,538,0,661,829,698,0.998288323369949,74.37142857142858,0.958,1.0,5.445777993372758e-06,5.332999990059761e-06,6.083050629968057e-06,1.7999999727180693e-05
asymmetric,FIFO,1023,1.0,3.0,B1-b,0,0.0,none,0,B,0.88,0.6391251518833536,0.0,572,526,0,650,823,682,0.9998359850697888,74.91428571428571,0.924,1.0,5.297077997965971e-06,5.249999958323315e-06,5.919050590819096e-06,1.858400082710432e-05
asymmetric,FIFO,1024,1.0,3.0,B1-b,0,0.0,none,0,B,0.9593023255813954,0.6207302709069493,0.0,660,527,0,688,849,664,0.999448366476532,73.8,0.938,1.0,5.292514048051089e-06,5.208000402490143e-06,5.877050170965957e-06,1.6708999282855075e-05
asymmetric,FIFO,1025,1.0,3.0,B1-b,0,0.0,none,0,B,0.940119760479042,0.6260657734470159,0.0,628,514,0,668,821,680,0.9997984351989732,74.31428571428572,0.91,1.0,5.235371987510007e-06,5.167000381334219e-06,5.833999284732272e-06,1.2459000572562218e-05
asymmetric,FIFO,1026,1.0,3.0,B1-b,0,0.0,none,0,B,0.9130434782608696,0.6302021403091558,0.0,609,530,0,667,841,671,0.999991018053712,74.34285714285713,0.904,1.0,5.3849179748795e-06,5.290999979479238e-06,6.002100190016789e-06,2.8626000130316243e-05
asymmetric,FIFO,1027,1.0,3.0,B1-b,0,0.0,none,0,B,0.908148148148148,0.616504854368932,0.0,613,508,0,675,824,665,0.9999911247680112,74.45714285714286,0.932,1.0,5.275171979519655e-06,5.166999471839517e-06,5.916999771216069e-06,1.7876000129035674e-05
asymmetric,FIFO,1028,1.0,3.0,B1-b,0,0.0,none,0,B,0.9611940298507464,0.6269185360094451,0.0,644,531,0,670,847,670,0.9993429697766096,73.8,0.904,1.0,5.278784003166948e-06,5.208000402490143e-06,5.875050146642025e-06,1.3625999599753412e-05
asymmetric,FIFO,1029,1.0,3.0,B1-b,0,0.0,none,0,B,0.9455882352941176,0.611904761904762,0.0,643,514,0,680,840,666,0.99970342487824,74.05714285714285,0.942,1.0,5.206763977184892e-06,5.166999471839517e-06,5.791999683424365e-06,1.516700012871297e-05
asymmetric,FIFO,1000,1.0,3.0,B1-c,0,0.0,none,0,B,0.8562874251497006,0.5975903614457831,0.0,572,496,0,668,830,644,0.99866672083498,74.82857142857144,0.898,1.0,5.23603000510775e-06,5.125999905430945e-06,5.916000191064086e-06,1.741699998092372e-05
asymmetric,FIFO,1001,1.0,3.0,B1-c,0,0.0,none,0,B,0.923780487804878,0.625609756097561,0.0,606,513,0,656,820,670,0.9999349678090654,74.17142857142858,0.868,1.0,5.176906028282246e-06,5.145999693922931e-06,5.791999683424365e-06,1.5458999769180082e-05
asymmetric,FIFO,1002,1.0,3.0,B1-c,0,0.0,none,0,B,0.8925373134328358,0.6058041112454655,0.0,598,501,0,670,827,656,0.9997825065683016,74.4857142857143,0.906,1.0,5.224712012932287e-06,5.165999937162269e-06,5.836050104335298e-06,1.6167000467248727e-05
asymmetric,FIFO,1003,1.0,3.0,B1-c,0,0.0,none,0,B,0.9054054054054054,0.6291866028708134,0.0,603,526,0,666,836,674,0.9999960318247654,74.4857142857143,0.93,1.0,5.181026006539469e-06,5.166999471839517e-06,5.750999707743176e-06,1.7458000002079643e-05
asymmetric,FIFO,1004,1.0,3.0,B1-c,0,0.0,none,0,B,0.9379615952732644,0.6285018270401949,0.0,635,516,0,677,821,673,0.9997992502611796,74.2,0.922,1.0,5.209835984715028e-06,5.166999926586868e-06,5.750000127591193e-06,1.741699998092372e-05
asymmetric,FIFO,1005,1.0,3.0,B1-c,0,0.0,none,0,B,0.9491778774289984,0.6243961352657005,0.0,635,517,0,669,828,671,0.9995836802664446,73.88571428571429,0.898,1.0,5.192867973164539e-06,5.166999471839517e-06,5.7919997288991e-06,1.900000006571645e-05
asymmetric,FIFO,1006,1.0,3.0,B1-c,0,0.0,none,0,B,0.9218289085545722,0.6338862559241706,0.0,625,535,0,678,844,679,0.9999750505475906,74.88571428571429,0.94,1.0,5.590857994320686e-06,5.625000085274223e-06,6.1690506754530346e-06,1.3333000424609054e-05
asymmetric,FIFO,1007,1.0,3.0,B1-c,0,0.0,none,0,B,0.948301329394387,0.6186540731995277,0.0,642,524,0,677,847,665,0.9997022196485572,74.05714285714285,0.944,1.0,5.33659802931652e-06,5.251000402495265e-06,5.957999746897258e-06,2.112499987561023e-05
asymmetric,FIFO,1008,1.0,3.0,B1-c,0,0.0,none,0,B,0.9138972809667674,0.6105651105651105,0.0,605,497,0,662,814,661,0.9999990059740956,74.31428571428572,0.944,1.0,5.444175998491119e-06,5.291499746817863e-06,5.878049705643205e-06,2.687600044737337e-05
asymmetric,FIFO,1009,1.0,3.0,B1-c,0,0.0,none,0,B,0.9049773755656108,0.6209773539928486,0.0,600,521,0,663,839,666,0.9999842532084088,74.5142857142857,0.916,1.0,5.290275985316839e-06,5.291999514156487e-06,5.875000169908162e-06,1.4166999790177217e-05
asymmetric,FIFO,1010,1.0,3.0,B1-c,0,0.0,none,0,B,0.9413533834586466,0.6267942583732058,0.0,626,524,0,665,836,673,0.9997378123719788,74.22857142857141,0.93,1.0,5.251450009382097e-06,5.208500169828767e-06,5.7920005929190665e-06,1.5917000382614788e-05
asymmetric,FIFO,1011,1.0,3.0,B1-c,0,0.0,none,0,B,0.9138187221396732,0.6053268765133172,0.0,615,500,0,673,826,659,0.9999990099264772,74.2,0.904,1.0,5.309363988999394e-06,5.249999958323315e-06,5.958050633125822e-06,2.662499991856748e-05
asymmetric,FIFO,1012,1.0,3.0,B1-c,0,0.0,none,0,B,0.9470588235294116,0.6023952095808384,0.0,644,503,0,680,835,654,0.9996295650210872,73.82857142857142,0.936,1.0,5.413650003902148e-06,5.167000381334219e-06,6.167000719869975e-06,2.7625999791780487e-05
asymmetric,FIFO,1013,1.0,3.0,B1-c,0,0.0,none,0,B,0.9688888888888888,0.6272189349112426,0.0,654,530,0,675,845,674,0.999048307891431,73.97142857142856,0.958,1.0,5.3150280018599e-06,5.290999979479238e-06,5.7919997288991e-06,1.650000012887176e-05
asymmetric,FIFO,1014,1.0,3.0,B1-c,0,0.0,none,0,B,0.9492537313432836,0.6174016686531585,0.0,636,518,0,670,839,666,0.9995853736405438,73.82857142857144,0.938,1.0,5.330289990524761e-06,5.290999979479238e-06,6.082999789214227e-06,1.4416999874811154e-05
asymmetric,FIFO,1015,1.0,3.0,B1-c,0,0.0,none,0,B,0.8395245170876672,0.5964071856287425,0.0,565,498,0,673,835,641,0.9980844021813916,74.94285714285714,0.86,1.0,5.422261996500311e-06,5.416000021796208e-06,6.082999789214227e-06,1.3208999916969333e-05
asymmetric,FIFO,1016,1.0,3.0,B1-c,0,0.0,none,0,B,0.9076005961251864,0.6145584725536993,0.0,609,515,0,671,838,653,0.999999001998,73.85714285714285,0.91,1.0,5.365950009945663e-06,5.249999958323315e-06,5.9160493492527165e-06,3.254200055380352e-05
asymmetric,FIFO,1017,1.0,3.0,B1-c,0,0.0,none,0,B,0.9014925373134328,0.6307151230949589,0.0,604,538,0,670,853,665,0.9999207593019775,74.6,0.88,1.0,5.389099997046288e-06,5.333000444807112e-06,5.918100168855743e-06,2.5374999495397788e-05
asymmetric,FIFO,1018,1.0,3.0,B1-c,0,0.0,none,0,B,0.9066666666666666,0.6248492159227985,0.0,612,518,0,675,829,677,0.99990236701411,75.11428571428571,0.942,1.0,5.395281987148337e-06,5.291999514156487e-06,6.086050234443972e-06,1.6041999515437055e-05
asymmetric,FIFO,1019,1.0,3.0,B1-c,0,0.0,none,0,B,0.9640179910044976,0.6175438596491228,0.0,643,528,0,667,855,667,0.9993483243071906,73.97142857142858,0.956,1.0,5.406680000305641e-06,5.3124999794818e-06,5.957999792371993e-06,1.716699989628978e-05
asymmetric,FIFO,1020,1.0,3.0,B1-c,0,0.0,none,0,B,0.9529411764705882,0.6101083032490975,0.0,648,507,0,680,831,660,0.9993981568553696,73.62857142857142,0.94,1.0,5.244019981546444e-06,5.208000402490143e-06,5.752999686592373e-06,1.262500063603511e-05
asymmetric,FIFO,1021,1.0,3.0,B1-c,0,0.0,none,0,B,0.9565217391304348,0.6500593119810202,0.0,638,548,0,667,843,696,0.9994962971596988,74.74285714285713,0.938,1.0,5.386966004152782e-06,5.333000444807112e-06,5.87505019211676e-06,2.5749999622348696e-05
asymmetric,FIFO,1022,1.0,3.0,B1-c,0,0.0,none,0,B,0.9757207890743552,0.6461352657004831,0.0,643,535,0,659,828,696,0.998288323369949,74.31428571428572,0.958,1.0,5.532002021936933e-06,5.416999556473456e-06,6.125000254542101e-06,2.6542999876255635e-05
asymmetric,FIFO,1023,1.0,3.0,B1-c,0,0.0,none,0,B,0.8792569659442725,0.633373934226553,0.0,568,520,0,646,821,678,0.9998359850697888,74.8,0.924,1.0,5.319261990734958e-06,5.249999958323315e-06,5.916999725741334e-06,1.849999989644857e-05
asymmetric,FIFO,1024,1.0,3.0,B1-c,0,0.0,none,0,B,0.9591240875912408,0.6171967020023557,0.0,657,524,0,685,849,661,0.999448366476532,73.71428571428571,0.938,1.0,5.317941977409646e-06,5.249999958323315e-06,5.875000169908162e-06,1.6916999811655842e-05
asymmetric,FIFO,1025,1.0,3.0,B1-c,0,0.0,none,0,B,0.9396681749622926,0.6198044009779952,0.0,623,507,0,663,818,676,0.9997984351989732,74.2,0.91,1.0,5.252985994957271e-06,5.207999492995441e-06,5.836050149810033e-06,1.7207999917445704e-05
asymmetric,FIFO,1026,1.0,3.0,B1-c,0,0.0,none,0,B,0.9123867069486404,0.6269368295589988,0.0,604,526,0,662,839,669,0.999991018053712,74.28571428571429,0.904,1.0,5.425747975095874e-06,5.333000444807112e-06,6.1660493884119205e-06,2.8626000130316243e-05
asymmetric,FIFO,1027,1.0,3.0,B1-c,0,0.0,none,0,B,0.9076005961251864,0.610705596107056,0.0,609,502,0,671,822,661,0.9999911247680112,74.34285714285713,0.932,1.0,5.198768023547018e-06,5.165999937162269e-06,5.875000169908162e-06,1.2751000213029329e-05
asymmetric,FIFO,1028,1.0,3.0,B1-c,0,0.0,none,0,B,0.960960960960961,0.6245572609208973,0.0,640,529,0,666,847,668,0.9993429697766096,73.74285714285715,0.904,1.0,5.210938003074261e-06,5.167000381334219e-06,5.750000127591193e-06,1.3916999705543276e-05
asymmetric,FIFO,1029,1.0,3.0,B1-c,0,0.0,none,0,B,0.9454277286135692,0.6059523809523809,0.0,641,509,0,678,840,661,0.99970342487824,73.91428571428571,0.942,1.0,5.351775986127905e-06,5.291499746817863e-06,5.963150169918659e-06,2.287600000272505e-05
asymmetric,FIFO,1000,1.0,3.0,B1-d,0,0.0,none,0,B,0.9158200290275762,0.6350710900473934,0.0,631,536,0,689,844,673,0.9999910894088714,74.74285714285713,0.914,1.0,5.525086005945923e-06,5.375000000640284e-06,6.502050382550804e-06,1.4958000065234955e-05
asymmetric,FIFO,1001,1.0,3.0,B1-d,0,0.0,none,0,B,0.9057437407952872,0.6602409638554216,0.0,615,548,0,679,830,693,0.9999841274880162,75.11428571428571,0.86,1.0,5.384587993830792e-06,5.249999958323315e-06,6.37500033917604e-06,1.358400004392024e-05
asymmetric,FIFO,1002,1.0,3.0,B1-d,0,0.0,none,0,B,0.8691860465116279,0.6414201183431952,0.0,598,542,0,688,845,677,0.99910022939001,75.4857142857143,0.894,1.0,5.656704008288216e-06,5.541499831451802e-06,6.91700006427709e-06,2.4916999791457783e-05
asymmetric,FIFO,1003,1.0,3.0,B1-d,0,0.0,none,0,B,0.9047619047619048,0.6619552414605419,0.0,627,562,0,693,849,696,0.9999841905356642,75.14285714285712,0.924,1.0,5.576517982262885e-06,5.333000444807112e-06,6.416999895009212e-06,3.733500034286408e-05
asymmetric,FIFO,1004,1.0,3.0,B1-d,0,0.0,none,0,B,0.9416785206258892,0.6618876941457587,0.0,662,554,0,703,837,695,0.9997690872480742,74.8,0.922,1.0,5.529116040634107e-06,5.458000487124082e-06,6.416999895009212e-06,1.5874999917286914e-05
asymmetric,FIFO,1005,1.0,3.0,B1-d,0,0.0,none,0,B,0.9506531204644412,0.6575178997613366,0.0,655,551,0,689,838,695,0.9995836802664446,74.57142857142857,0.898,1.0,5.499424018125865e-06,5.416499789134832e-06,6.503050781248019e-06,2.008399951591855e-05
asymmetric,FIFO,1006,1.0,3.0,B1-d,0,0.0,none,0,B,0.9245014245014244,0.6596491228070176,0.0,649,564,0,702,855,697,0.9999750505475906,75.4,0.94,1.0,5.440764032755396e-06,5.292000423651189e-06,6.457999916165136e-06,2.1876000573684e-05
asymmetric,FIFO,1007,1.0,3.0,B1-d,0,0.0,none,0,B,0.9584527220630372,0.6550522648083623,0.0,669,564,0,698,861,691,0.999448366476532,74.62857142857142,0.944,1.0,5.36552800622303e-06,5.249999958323315e-06,6.333050714601996e-06,1.4166999790177217e-05
asymmetric,FIFO,1008,1.0,3.0,B1-d,0,0.0,none,0,B,0.9265785609397944,0.641395908543923,0.0,631,533,0,681,831,682,0.999963856873218,74.82857142857142,0.946,1.0,5.272029984553228e-06,5.166999926586868e-06,6.250000296859071e-06,1.2000000424450263e-05
asymmetric,FIFO,1009,1.0,3.0,B1-d,0,0.0,none,0,B,0.9489795918367347,0.6505882352941177,0.0,651,553,0,686,850,691,0.9995870567053732,74.65714285714286,0.942,1.0,5.391355989559088e-06,5.291999514156487e-06,6.332999919322901e-06,1.916700057336129e-05
asymmetric,FIFO,1010,1.0,3.0,B1-d,0,0.0,none,0,B,0.9505813953488372,0.6623376623376623,0.0,654,561,0,688,847,699,0.9995438229909076,74.82857142857142,0.93,1.0,5.4501199811056725e-06,5.33299953531241e-06,6.463099452957973e-06,1.4540999472956171e-05
asymmetric,FIFO,1011,1.0,3.0,B1-d,0,0.0,none,0,B,0.9163059163059164,0.6411483253588517,0.0,635,536,0,693,836,685,0.9999990099264772,74.94285714285715,0.904,1.0,5.433282010926632e-06,5.292000423651189e-06,6.250000296859071e-06,2.354199932597112e-05
asymmetric,FIFO,1012,1.0,3.0,B1-d,0,0.0,none,0,B,0.9517045454545454,0.6352941176470588,0.0,670,540,0,704,850,676,0.9995456727648852,74.4,0.936,1.0,5.442196032163338e-06,5.333999979484361e-06,6.3770502947591e-06,1.4251000720832964e-05
asymmetric,FIFO,1013,1.0,3.0,B1-d,0,0.0,none,0,B,0.96987087517934,0.662004662004662,0.0,676,568,0,697,858,699,0.999048307891431,74.68571428571428,0.958,1.0,5.482092017700779e-06,5.292000423651189e-06,6.499999517473043e-06,2.058299924101448e-05
asymmetric,TwinSync,1018,1.0,3.0,B1-c,0,0.0,none,0,B,0.0,0.0,0.9601181683899556,0,0,650,675,829,677,0.989743771736816,66.6,-2.918,-2.0,1.4794733995586285e-05,1.4333999388327356e-05,1.7751000086718705e-05,0.0002715470000111
asymmetric,TwinSync,1019,1.0,3.0,B1-c,0,0.0,none,0,B,0.0,0.0,0.9610194902548724,0,0,641,667,855,667,0.985109499618891,67.85714285714285,-2.918,-2.0,1.409355199575657e-05,1.4250000276661012e-05,1.670899932832981e-05,3.750100040633697e-05
asymmetric,TwinSync,1020,1.0,3.0,B1-c,0,0.0,none,0,B,0.0,0.0,0.9636363636363636,0,0,636,680,831,660,0.9902284374185704,66.85714285714286,-2.918,-2.0,1.3939960021161823e-05,1.4166999790177217e-05,1.687804979155771e-05,3.075099994021002e-05
asymmetric,TwinSync,1021,1.0,3.0,B1-c,0,0.0,none,0,B,0.0,0.0,0.9554597701149424,0,0,665,667,843,696,0.9867292454064772,67.17142857142856,-2.918,-2.0,1.4443368008869584e-05,1.4584000382455995e-05,1.72961999396648e-05,3.579199983505532e-05
asymmetric,TwinSync,1022,1.0,3.0,B1-c,0,0.0,none,0,B,0.0,0.0,0.9583333333333334,0,0,667,659,828,696,0.9873798302644404,66.08571428571429,-2.918,-2.0,1.4362128014909104e-05,1.4416999874811154e-05,1.7336050404992417e-05,4.108400025870651e-05
asymmetric,TwinSync,1023,1.0,3.0,B1-c,0,0.0,none,0,B,0.0,0.0,0.9498525073746312,0,0,644,646,821,678,0.986108307118552,65.31428571428572,-2.918,-2.0,1.4188608023687266e-05,1.4396499864233192e-05,1.67940498158714e-05,2.383399987593293e-05
asymmetric,TwinSync,1024,1.0,3.0,B1-c,0,0.0,none,0,B,0.0,0.0,0.9561270801815432,0,0,632,685,849,661,0.9886994065675876,68.08571428571427,-2.918,-2.0,1.4027052009623733e-05,1.4291999832494184e-05,1.6959000276983716e-05,2.416799998172792e-05
asymmetric,TwinSync,1025,1.0,3.0,B1-c,0,0.0,none,0,B,0.0,0.0,0.9571005917159764,0,0,647,663,818,676,0.9892887274198824,65.62857142857142,-2.918,-2.0,1.4194627974575269e-05,1.4416999874811154e-05,1.6916999811655842e-05,4.895900019619148e-05
asymmetric,TwinSync,1026,1.0,3.0,B1-c,0,0.0,none,0,B,0.0,0.0,0.953662182361734,0,0,638,662,839,669,0.986285256508473,66.85714285714286,-2.918,-2.0,1.4089347980188904e-05,1.4291999832494184e-05,1.6548249686820778e-05,4.4751000132237095e-05
asymmetric,TwinSync,1027,1.0,3.0,B1-c,0,0.0,none,0,B,0.0,0.0,0.9561270801815432,0,0,632,671,822,661,0.9898745475942003,66.14285714285714,-2.918,-2.0,1.3681272001122125e-05,1.3875000149710104e-05,1.6044100402723415e-05,4.312599958211649e-05
asymmetric,TwinSync,1028,1.0,3.0,B1-c,0,0.0,none,0,B,0.0,0.0,0.9550898203592816,0,0,638,666,847,668,0.9860257126886528,67.37142857142857,-2.918,-2.0,1.3934383994637756e-05,1.4188000477588504e-05,1.654614970902912e-05,4.3291999645589385e-05
asymmetric,TwinSync,1029,1.0,3.0,B1-c,0,0.0,none,0,B,0.0,0.0,0.9531013615733736,0,0,630,678,840,661,0.9887392258024652,67.37142857142857,-2.918,-2.0,1.385551199382462e-05,1.4000999726704322e-05,1.645899924369587e-05,3.512599960231455e-05
asymmetric,TwinSync,1000,1.0,3.0,B1-d,0,0.0,none,0,B,0.0,0.0,0.9598811292719168,0,0,646,689,844,673,0.98988043539611,67.91428571428571,-2.918,-2.0,1.4047911990928697e-05,1.3833499451720854e-05,1.9632199837360524e-05,3.683399972942425e-05
asymmetric,TwinSync,1001,1.0,3.0,B1-d,0,0.0,none,0,B,0.0,0.0,0.961038961038961,0,0,666,679,830,693,0.9900860131084986,66.82857142857142,-2.918,-2.0,1.455147398155532e-05,1.4209000255505089e-05,2.043785011665021e-05,3.800099966611015e-05
asymmetric,TwinSync,1002,1.0,3.0,B1-d,0,0.0,none,0,B,0.0,0.0,0.9601181683899556,0,0,650,688,845,677,0.989854247449098,67.82857142857142,-2.918,-2.0,1.4501877993097878e-05,1.4291999832494184e-05,2.0135449585723094e-05,4.79179998364998e-05
asymmetric,TwinSync,1003,1.0,3.0,B1-d,0,0.0,none,0,B,0.0,0.0,0.9583333333333334,0,0,667,693,849,696,0.990213342363698,68.14285714285712,-2.918,-2.0,1.4679703994261217e-05,1.4625500170950543e-05,1.979614985430089e-05,2.52090003414196e-05
asymmetric,TwinSync,1004,1.0,3.0,B1-d,0,0.0,none,0,B,0.0,0.0,0.962589928057554,0,0,669,703,837,695,0.9925869894099848,67.85714285714288,-2.918,-2.0,1.4819574016655678e-05,1.4917000044079032e-05,1.996009996219072e-05,4.5167999815021176e-05
asymmetric,TwinSync,1005,1.0,3.0,B1-d,0,0.0,none,0,B,0.0,0.0,0.962589928057554,0,0,669,689,838,695,0.9906814488339049,67.5142857142857,-2.918,-2.0,1.4790867991905543e-05,1.470849974793964e-05,2.038220004578761e-05,2.9542000447690956e-05
asymmetric,TwinSync,1006,1.0,3.0,B1-d,0,0.0,none,0,B,0.0,0.0,0.9598278335724534,0,0,669,702,855,697,0.9905475730697476,68.85714285714286,-2.918,-2.0,1.462280802843452e-05,1.4457999895967076e-05,2.004404996114317e-05,0.0001314609999099
asymmetric,TwinSync,1007,1.0,3.0,B1-d,0,0.0,none,0,B,0.0,0.0,0.9580318379160636,0,0,662,698,861,691,0.9891866262387824,69.14285714285712,-2.918,-2.0,1.493879001645837e-05,1.4792000001762062e-05,2.0296150069043503e-05,5.179300023883116e-05
asymmetric,TwinSync,1008,1.0,3.0,B1-d,0,0.0,none,0,B,0.0,0.0,0.9618768328445748,0,0,656,681,831,682,0.9904848123634884,66.82857142857142,-2.918,-2.0,1.43225259907922e-05,1.4208999800757738e-05,1.9548249792933344e-05,2.5500999981886707e-05
asymmetric,TwinSync,1009,1.0,3.0,B1-d,0,0.0,none,0,B,0.0,0.0,0.9565846599131692,0,0,661,686,850,691,0.9887284845477649,68.17142857142858,-2.918,-2.0,1.476645598268078e-05,1.462500040361192e-05,2.021110044552188e-05,3.579199983505532e-05
asymmetric,TwinSync,1010,1.0,3.0,B1-d,0,0.0,none,0,B,0.0,0.0,0.96137339055794,0,0,672,688,847,699,0.9893844483280748,68.05714285714286,-2.918,-2.0,1.481971000066551e-05,1.483349979025661e-05,1.9796199876509486e-05,3.654200008895714e-05
asymmetric,TwinSync,1011,1.0,3.0,B1-d,0,0.0,none,0,B,0.0,0.0,0.9547445255474452,0,0,654,693,836,685,0.9913288866085171,67.57142857142858,-2.918,-2.0,1.4682032000564504e-05,1.4500000361294951e-05,1.992114989661786e-05,2.7583999326452613e-05
asymmetric,TwinSync,1012,1.0,3.0,B1-d,0,0.0,none,0,B,0.0,0.0,0.96301775147929,0,0,651,704,850,676,0.991357815617506,68.62857142857142,-2.918,-2.0,1.4552761986124096e-05,1.4416999874811154e-05,2.0131250403210283e-05,3.875000038533472e-05
asymmetric,TwinSync,1013,1.0,3.0,B1-d,0,0.0,none,0,B,0.0,0.0,0.9628040057224606,0,0,673,697,858,699,0.989510415010596,68.88571428571429,-2.918,-2.0,1.5079346014317709e-05,1.504199963164865e-05,2.066910014946188e-05,4.437600000528619e-05
asymmetric,TwinSync,1014,1.0,3.0,B1-d,0,0.0,none,0,B,0.0,0.0,0.9553956834532374,0,0,664,690,847,695,0.9899065224241153,68.0,-2.918,-2.0,1.473556400378584e-05,1.4582999938284049e-05,2.004404996114317e-05,2.8084000405215196e-05
asymmetric,TwinSync,1015,1.0,3.0,B1-d,0,0.0,none,0,B,0.0,0.0,0.9594594594594594,0,0,639,691,849,666,0.9895834202633436,68.25714285714284,-2.918,-2.0,1.4253353967433212e-05,1.4167000244924566e-05,1.9916999917768408e-05,2.6126000193471555e-05
asymmetric,TwinSync,1016,1.0,3.0,B1-d,0,0.0,none,0,B,0.0,0.0,0.9598811292719168,0,0,646,694,843,673,0.9906897260302696,68.0,-2.918,-2.0,1.4292162006313448e-05,1.4250000276661012e-05,1.9584000256145373e-05,3.604199991968926e-05
asymmetric,TwinSync,1017,1.0,3.0,B1-d,0,0.0,none,0,B,0.0,0.0,0.9622641509433962,0,0,663,695,860,689,0.988985229002069,68.94285714285716,-2.918,-2.0,1.4596381986848428e-05,1.4583499705622671e-05,2.0044099983351767e-05,5.012600013287738e-05
asymmetric,TwinSync,1018,1.0,3.0,B1-d,0,0.0,none,0,B,0.0,0.0,0.9612625538020086,0,0,670,696,842,697,0.9911785462244178,67.94285714285715,-2.918,-2.0,1.4815049997196183e-05,1.4583999472961295e-05,2.075209977192571e-05,4.225100019539241e-05
asymmetric,TwinSync,1019,1.0,3.0,B1-d,0,0.0,none,0,B,0.0,0.0,0.9622641509433962,0,0,663,689,865,689,0.9874612783805008,69.05714285714285,-2.918,-2.0,1.4766279997274978e-05,1.4459000340139028e-05,2.0249999624866175e-05,4.466700011107605e-05
asymmetric,TwinSync,1020,1.0,3.0,B1-d,0,0.0,none,0,B,0.0,0.0,0.9647577092511012,0,0,657,707,845,681,0.9922581949124928,68.42857142857142,-2.918,-2.0,1.44932199982577e-05,1.4250500043999637e-05,2.041910011030268e-05,3.45839998772135e-05
asymmetric,TwinSync,1021,1.0,3.0,B1-d,0,0.0,none,0,B,0.0,0.0,0.9569444444444444,0,0,689,690,853,720,0.9890832310042228,68.4,-2.918,-2.0,1.5245963988490985e-05,1.531249972686055e-05,1.983820034183736e-05,3.166700025758473e-05
asymmetric,TwinSync,1022,1.0,3.0,B1-d,0,0.0,none,0,B,0.0,0.0,0.9591549295774648,0,0,681,682,839,710,0.9895765516957806,67.37142857142858,-2.918,-2.0,1.4908985991496591e-05,1.4812500012340024e-05,2.0129199583607257e-05,2.650099941092776e-05
asymmetric,TwinSync,1023,1.0,3.0,B1-d,0,0.0,none,0,B,0.0,0.0,0.9516358463726884,0,0,669,670,839,703,0.9877408908008034,67.02857142857142,-2.918,-2.0,1.4894552001351258e-05,1.4666999959445093e-05,2.066904930870805e-05,4.062599964527181e-05
asymmetric,TwinSync,1024,1.0,3.0,B1-d,0,0.0,none,0,B,0.0,0.0,0.9576023391812866,0,0,655,704,858,684,0.9903732809430256,69.14285714285714,-2.918,-2.0,1.4433367990932311e-05,1.4500000361294951e-05,1.96333502572088e-05,3.12510001094779e-05
asymmetric,TwinSync,1025,1.0,3.0,B1-d,0,0.0,none,0,B,0.0,0.0,0.9586894586894588,0,0,673,684,826,702,0.9913446543739078,66.68571428571428,-2.918,-2.0,1.4870109991534264e-05,1.462500040361192e-05,2.0633349731724585e-05,3.766800000448711e-05
asymmetric,TwinSync,1026,1.0,3.0,B1-d,0,0.0,none,0,B,0.0,0.0,0.9550072568940492,0,0,658,690,850,689,0.9893208743534124,68.28571428571429,-2.918,-2.0,1.4593237990993656e-05,1.4416999874811154e-05,1.999999954023224e-05,3.3959000575123355e-05
asymmetric,TwinSync,1027,1.0,3.0,B1-d,0,0.0,none,0,B,0.0,0.0,0.9572901325478644,0,0,650,697,838,679,0.991632949035102,67.8,-2.918,-2.0,1.4321213990115211e-05,1.424999936716631e-05,1.9375999772819345e-05,2.7875999876414426e-05
asymmetric,TwinSync,1028,1.0,3.0,B1-d,0,0.0,none,0,B,0.0,0.0,0.956772334293948,0,0,664,689,859,694,0.9882065596650385,68.71428571428571,-2.918,-2.0,1.4594454005418812e-05,1.4541999917128123e-05,1.9711050299520132e-05,4.6209000174712855e-05
asymmetric,TwinSync,1029,1.0,3.0,B1-d,0,0.0,none,0,B,0.0,0.0,0.9544787077826724,0,0,650,701,854,681,0.9904117825835144,68.82857142857142,-2.918,-2.0,1.4393548010048108e-05,1.4291999832494184e-05,1.9588150234994824e-05,3.758399998332607e-05
asymmetric,TwinSync,1000,1.0,3.0,B1-e,0,0.0,none,0,B,0.0,0.0,0.9587155963302753,0,0,627,679,836,654,0.9893748539791384,67.17142857142856,-2.918,-2.0,1.4020925995282597e-05,1.408400021318812e-05,1.8524999904911945e-05,3.3834000532806385e-05
asymmetric,TwinSync,1001,1.0,3.0,B1-e,0,0.0,none,0,B,0.0,0.0,0.960352422907489,0,0,654,664,826,681,0.9883170164498404,66.17142857142856,-2.918,-2.0,1.4221276016542106e-05,1.424999982191366e-05,1.858719951997045e-05,3.808400015259394e-05
asymmetric,TwinSync,1002,1.0,3.0,B1-e,0,0.0,none,0,B,0.0,0.0,0.9596412556053812,0,0,642,680,831,669,0.9903443770707552,66.8,-2.918,-2.0,1.4075450035306858e-05,1.4187499800755177e-05,1.8171150213674987e-05,4.062599964527181e-05
asymmetric,TwinSync,1003,1.0,3.0,B1-e,0,0.0,none,0,B,0.0,0.0,0.9576642335766424,0,0,656,676,842,685,0.9885566936601612,67.25714285714285,-2.918,-2.0,1.45069699974556e-05,1.4707999980601016e-05,1.8253049347549677e-05,2.645800032041734e-05
asymmetric,TwinSync,1004,1.0,3.0,B1-e,0,0.0,none,0,B,0.0,0.0,0.9618208516886932,0,0,655,689,825,681,0.9921014789845168,66.77142857142859,-2.918,-2.0,1.4548505967468373e-05,1.4707999980601016e-05,1.892745044642651e-05,3.0791999961365946e-05
asymmetric,TwinSync,1005,1.0,3.0,B1-e,0,0.0,none,0,B,0.0,0.0,0.9619883040935672,0,0,658,679,832,684,0.989968756566939,66.88571428571429,-2.918,-2.0,1.4314100017145393e-05,1.4437500340136468e-05,1.7931600177689673e-05,3.137600015179487e-05
asymmetric,TwinSync,1006,1.0,3.0,B1-e,0,0.0,none,0,B,0.0,0.0,0.9593023255813954,0,0,660,689,848,688,0.9895296653888418,68.08571428571427,-2.918,-2.0,1.4436058007049724e-05,1.4541999917128123e-05,1.938544928634655e-05,2.925100034190109e-05
asymmetric,TwinSync,1007,1.0,3.0,B1-e,0,0.0,none,0,B,0.0,0.0,0.957037037037037,0,0,646,685,851,675,0.9884550864485944,68.2,-2.918,-2.0,1.421618598033092e-05,1.4332999853650108e-05,1.7856899694379513e-05,2.604300061648246e-05
asymmetric,TwinSync,1008,1.0,3.0,B1-e,0,0.0,none,0,B,0.0,0.0,0.9611940298507464,0,0,644,674,820,670,0.990770874132099,65.99999999999999,-2.918,-2.0,1.3736537997829146e-05,1.3791999663226306e-05,1.8588149941933804e-05,2.204200063715689e-05
asymmetric,TwinSync,1009,1.0,3.0,B1-e,0,0.0,none,0,B,0.0,0.0,0.9557522123893806,0,0,648,675,844,678,0.987773136260543,67.5142857142857,-2.918,-2.0,1.4043288001630573e-05,1.4167000244924566e-05,1.7356899525111635e-05,2.4667000616318543e-05
asymmetric,TwinSync,1010,1.0,3.0,B1-e,0,0.0,none,0,B,0.0,0.0,0.9605263157894736,0,0,657,675,839,684,0.9884023574743908,67.22857142857141,-2.918,-2.0,1.430136801172921e-05,1.437599985365523e-05,1.871104996098438e-05,3.933500011044089e-05
asymmetric,TwinSync,1011,1.0,3.0,B1-e,0,0.0,none,0,B,0.0,0.0,0.9538002980625933,0,0,640,683,831,671,0.9905345490687524,67.0,-2.918,-2.0,1.4357886006109766e-05,1.437499940948328e-05,1.8639600830283582e-05,3.216799996152986e-05
asymmetric,TwinSync,1012,1.0,3.0,B1-e,0,0.0,none,0,B,0.0,0.0,0.9622356495468278,0,0,637,687,838,662,0.9904054282249276,67.45714285714286,-2.918,-2.0,1.4126046000455972e-05,1.4125000234344045e-05,1.84631498541421e-05,2.541699996072566e-05
asymmetric,TwinSync,1013,1.0,3.0,B1-e,0,0.0,none,0,B,0.0,0.0,0.9620991253644317,0,0,660,682,849,686,0.9883654161191932,67.94285714285715,-2.918,-2.0,1.4455388007263536e-05,1.4666999959445093e-05,1.81384501956927e-05,2.4291999579872936e-05
asymmetric,TwinSync,1014,1.0,3.0,B1-e,0,0.0,none,0,B,0.0,0.0,0.9540059347181008,0,0,643,677,843,674,0.9884626933536946,67.4,-2.918,-2.0,1.4051166013814508e-05,1.4125999769021291e-05,1.9217350109101963e-05,2.579200008767657e-05
asymmetric,TwinSync,1015,1.0,3.0,B1-e,0,0.0,none,0,B,0.0,0.0,0.9583975346687212,0,0,622,685,841,649,0.9896575113089096,67.62857142857142,-2.918,-2.0,1.4187603977916296e-05,1.4125000234344045e-05,1.8962199601446624e-05,3.8209000194910914e-05
asymmetric,TwinSync,1016,1.0,3.0,B1-e,0,0.0,none,0,B,0.0,0.0,0.9592760180995475,0,0,636,685,843,663,0.9894209042660488,67.74285714285713,-2.918,-2.0,1.404818398441421e-05,1.4124999779596692e-05,1.905239964798965e-05,2.741699972830247e-05
asymmetric,TwinSync,1017,1.0,3.0,B1-e,0,0.0,none,0,B,0.0,0.0,0.9613670133729568,0,0,647,683,859,673,0.9872677322552724,68.54285714285713,-2.918,-2.0,1.4433614007430153e-05,1.450100035071955e-05,1.8635449941939437e-05,4.029200044897152e-05
asymmetric,TwinSync,1018,1.0,3.0,B1-e,0,0.0,none,0,B,0.0,0.0,0.9606413994169096,0,0,659,687,839,686,0.9902909438066178,67.5142857142857,-2.918,-2.0,1.4149459990221658e-05,1.4146500234346604e-05,1.821220025703951e-05,2.6126000193471555e-05
asymmetric,TwinSync,1019,1.0,3.0,B1-e,0,0.0,none,0,B,0.0,0.0,0.9616519174041298,0,0,652,677,860,678,0.9861546049606674,68.42857142857142,-2.918,-2.0,1.470404799329117e-05,1.475000044592889e-05,1.9211099242966156e-05,3.695899977174122e-05
asymmetric,TwinSync,1020,1.0,3.0,B1-e,0,0.0,none,0,B,0.0,0.0,0.9643916913946587,0,0,650,687,836,674,0.9906328633229388,67.34285714285714,-2.918,-2.0,1.4574947988876377e-05,1.4541999917128123e-05,1.9296199752716344e-05,4.3168000047444366e-05
asymmetric,TwinSync,1021,1.0,3.0,B1-e,0,0.0,none,0,B,0.0,0.0,0.9560283687943264,0,0,674,674,845,705,0.9876137053279068,67.48571428571428,-2.918,-2.0,1.4808286003244575e-05,1.4834000012342584e-05,1.858305035966623e-05,4.0250999518320896e-05
asymmetric,TwinSync,1022,1.0,3.0,B1-e,0,0.0,none,0,B,0.0,0.0,0.9588068181818182,0,0,675,667,832,704,0.9881562376150425,66.54285714285713,-2.918,-2.0,1.4529717986079047e-05,1.4541999917128123e-05,1.8586099940876007e-05,3.4916999538836535e-05
asymmetric,TwinSync,1023,1.0,3.0,B1-e,0,0.0,none,0,B,0.0,0.0,0.9506531204644412,0,0,655,659,826,689,0.9876420074876268,65.97142857142856,-2.918,-2.0,1.4799433998632596e-05,1.4812500012340024e-05,1.908815011120168e-05,4.158400042797439e-05
asymmetric,TwinSync,1024,1.0,3.0,B1-e,0,0.0,none,0,B,0.0,0.0,0.9567164179104478,0,0,641,694,851,670,0.9897792985287398,68.45714285714284,-2.918,-2.0,1.4374735994351794e-05,1.4459000340139028e-05,1.7839299243860292e-05,3.083399951719912e-05
asymmetric,TwinSync,1025,1.0,3.0,B1-e,0,0.0,none,0,B,0.0,0.0,0.9576642335766424,0,0,656,673,824,685,0.9900465203519904,66.25714285714285,-2.918,-2.0,1.4413397995667765e-05,1.4375500086316606e-05,1.9258349311712657e-05,3.612599994085031e-05
asymmetric,TwinSync,1026,1.0,3.0,B1-e,0,0.0,none,0,B,0.0,0.0,0.9543446244477172,0,0,648,672,843,679,0.9874203365418122,67.37142857142857,-2.918,-2.0,1.4237710025554406e-05,1.4457999895967076e-05,1.8002100614467053e-05,2.7959000362898223e-05
asymmetric,TwinSync,1027,1.0,3.0,B1-e,0,0.0,none,0,B,0.0,0.0,0.956845238095238,0,0,643,681,826,672,0.9908270849894026,66.65714285714286,-2.918,-2.0,1.4174964009725956e-05,1.4166999790177217e-05,1.9291999751658296e-05,4.1708999560796656e-05
asymmetric,TwinSync,1028,1.0,3.0,B1-e,0,0.0,none,0,B,0.0,0.0,0.9558173784977908,0,0,649,676,852,679,0.9870362358901332,67.94285714285714,-2.918,-2.0,1.4959480013203577e-05,1.5042000086396e-05,1.934439928845676e-05,6.80840003042249e-05
asymmetric,TwinSync,1029,1.0,3.0,B1-e,0,0.0,none,0,B,0.0,0.0,0.9539375928677564,0,0,642,685,843,673,0.9894209042660488,67.74285714285715,-2.918,-2.0,1.444042801085743e-05,1.424999936716631e-05,2.072265019705809e-05,4.024999998364365e-05
asymmetric,TwinSync,1000,1.0,3.0,B2-phase,0,0.0,none,0,B,0.0,0.0013037809647979,0.8892455858747994,0,1,554,654,767,623,0.997161688580695,66.05714285714285,-2.924,-2.0,1.3325269967026544e-05,1.3666999620909335e-05,2.295899962518888e-05,4.870899920206284e-05
asymmetric,TwinSync,1001,1.0,3.0,B2-phase,0,0.0,none,0,B,0.0,0.0012953367875647,0.901743264659271,0,1,569,651,772,631,0.9974959801294816,65.65714285714286,-2.924,-2.0,1.360902599299152e-05,1.4250000276661012e-05,2.291905002493877e-05,4.529299985733815e-05
asymmetric,TwinSync,1002,1.0,3.0,B2-phase,0,0.0,none,0,B,0.0,0.0025641025641025,0.9112903225806452,0,2,565,672,780,620,0.9983502705556287,65.94285714285715,-2.928,-2.0,1.3805275990307564e-05,1.4416999874811154e-05,2.366700027778279e-05,8.471000001009088e-05
asymmetric,TwinSync,1003,1.0,3.0,B2-phase,0,0.0,none,0,B,0.0,0.0012787723785166,0.8854961832061069,0,1,580,644,782,655,0.9981029308236689,66.79999999999998,-2.928,-2.0,1.410644399402372e-05,1.4750499758520164e-05,2.333399970666505e-05,6.158499945740914e-05
asymmetric,TwinSync,1004,1.0,3.0,B2-phase,0,0.0,none,0,B,0.0,0.0012836970474967,0.9132492113564668,0,1,579,654,779,634,0.9990925862043106,65.57142857142856,-2.932,-2.0,1.376186197376228e-05,1.4437499885389116e-05,2.300305000062508e-05,3.616699996200623e-05
asymmetric,TwinSync,1005,1.0,3.0,B2-phase,0,0.0,none,0,B,0.0,0.0012804097311139,0.9009433962264152,0,1,573,668,781,636,0.997519626476402,66.77142857142857,-2.926,-2.0,1.3623859971630736e-05,1.4375000318977982e-05,2.312805008841678e-05,3.3167000765388366e-05
asymmetric,TwinSync,1006,1.0,3.0,B2-phase,0,0.0,none,0,B,0.0,0.0012787723785166,0.8946540880503144,0,1,569,666,782,636,0.9977192790370027,66.94285714285714,-2.928,-2.0,1.347449798049638e-05,1.4187500255502528e-05,2.2960100068303287e-05,2.8417000066838227e-05
asymmetric,TwinSync,1007,1.0,3.0,B2-phase,0,0.0,none,0,B,0.0,0.0025706940874035,0.8927444794952681,0,2,566,663,778,634,0.9970788047199212,66.62857142857142,-2.928,-2.0,1.3821939992340047e-05,1.4646000181528508e-05,2.3502099747929605e-05,5.254200004856102e-05
asymmetric,TwinSync,1008,1.0,3.0,B2-phase,0,0.0,none,0,B,0.0,0.0012987012987012,0.8985736925515055,0,1,567,653,770,631,0.9985269387946828,65.74285714285713,-2.928,-2.0,1.3564864004365516e-05,1.4125500001682669e-05,2.325000059499871e-05,3.012599972862517e-05
asymmetric,TwinSync,1009,1.0,3.0,B2-phase,0,0.0,none,0,B,0.0,0.0051216389244558,0.88801261829653,0,4,563,650,781,634,0.997600231088858,66.4857142857143,-2.932,-2.0,1.3458097988404915e-05,1.3937499716121238e-05,2.329410012862354e-05,3.220899998268578e-05
asymmetric,TwinSync,1010,1.0,3.0,B2-phase,0,0.0,none,0,B,0.0,0.0012690355329949,0.8952234206471494,0,1,581,651,788,649,0.996551724137931,67.08571428571429,-2.928,-2.0,1.3777819996903415e-05,1.456299969504471e-05,2.3048250068313787e-05,4.841800000576768e-05
asymmetric,TwinSync,1011,1.0,3.0,B2-phase,0,0.0,none,0,B,0.0,0.0026281208935611,0.8892355694227769,0,2,570,653,761,641,0.9961727534062494,65.45714285714284,-2.926,-2.0,1.4129337992926592e-05,1.4874999578751158e-05,2.5086049436140454e-05,3.2916999771259725e-05
asymmetric,TwinSync,1012,1.0,3.0,B2-phase,0,0.0,none,0,B,0.0,0.0026041666666666,0.9056,0,2,566,663,768,625,0.9982048187819668,65.57142857142857,-2.926,-2.0,1.3357770003494806e-05,1.3854499684384791e-05,2.300305004609981e-05,3.150000065943459e-05
asymmetric,TwinSync,1013,1.0,3.0,B2-phase,0,0.0,none,0,B,0.0,0.0025510204081632,0.8949843260188087,0,2,571,653,784,638,0.9974859422115628,66.74285714285713,-2.928,-2.0,1.39478640503512e-05,1.5084000551723877e-05,2.3211050529425847e-05,3.0625000363215804e-05
asymmetric,TwinSync,1014,1.0,3.0,B2-phase,0,0.0,none,0,B,0.0,0.0012610340479192,0.8953125,0,1,573,669,793,640,0.9970730545247872,67.34285714285713,-2.924,-2.0,1.3859346016033668e-05,1.4208500033419114e-05,2.3208050151879437e-05,5.508499998541083e-05
asymmetric,TwinSync,1015,1.0,3.0,B2-phase,0,0.0,none,0,B,0.0,0.0012820512820512,0.8964968152866242,0,1,563,653,780,628,0.9965890265904656,66.42857142857142,-2.924,-2.0,1.3517271998352951e-05,1.425099981133826e-05,2.295805002177076e-05,6.887600011395989e-05
asymmetric,TwinSync,1016,1.0,3.0,B2-phase,0,0.0,none,0,B,0.0,0.0012787723785166,0.9022082018927444,0,1,572,653,782,634,0.9956587938376928,66.28571428571429,-2.926,-2.0,1.3677919983820174e-05,1.4749999536434188e-05,2.312600008735899e-05,2.666699947440065e-05
asymmetric,TwinSync,1017,1.0,3.0,B2-phase,0,0.0,none,0,B,0.0,0.0012674271229404,0.8977987421383647,0,1,571,655,789,636,0.9970176215338544,67.02857142857142,-2.928,-2.0,1.3976522011944326e-05,1.4875500255584484e-05,2.425005004624836e-05,3.779300004680408e-05
asymmetric,TwinSync,1018,1.0,3.0,B2-phase,0,0.0,none,0,B,0.0,0.0050761421319796,0.9056603773584906,0,4,576,654,788,636,0.9971924112037744,66.25714285714285,-2.926,-2.0,1.397536601871252e-05,1.4541999917128123e-05,2.396104991930769e-05,6.008400032442296e-05
asymmetric,TwinSync,1019,1.0,3.0,B2-phase,0,0.0,none,0,B,0.0,0.0025542784163473,0.8942457231726283,0,2,575,648,783,643,0.9952084093245348,66.68571428571427,-2.924,-2.0,1.3539833986214944e-05,1.4334000297822058e-05,2.3167000108514912e-05,3.2250000003841706e-05
asymmetric,TwinSync,1020,1.0,3.0,B2-phase,0,0.0,none,0,B,0.0,0.0012706480304955,0.9059011164274322,0,1,568,666,787,627,0.9956695824691136,66.88571428571427,-2.928,-2.0,1.3517450008293962e-05,1.447949989596964e-05,2.2961050444791908e-05,3.150100019411184e-05
asymmetric,TwinSync,1021,1.0,3.0,B2-phase,0,0.0,none,0,B,0.0,0.0012870012870012,0.8878787878787879,0,1,586,653,777,660,0.9972674523106136,66.62857142857142,-2.922,-2.0,1.4627537990236306e-05,1.577100010763388e-05,2.445900008751778e-05,3.354199998284457e-05
asymmetric,TwinSync,1022,1.0,3.0,B2-phase,0,0.0,none,0,B,0.0,0.0012626262626262,0.8978658536585366,0,1,589,644,792,656,0.9976132245042284,66.79999999999998,-2.926,-2.0,1.4723205977134056e-05,1.5458000234502833e-05,2.437804960209177e-05,3.887599996232893e-05
asymmetric,TwinSync,1023,1.0,3.0,B2-phase,0,0.0,none,0,B,0.0,0.001310615989515,0.903726708074534,0,1,582,644,763,644,0.9976868699137617,64.28571428571428,-2.926,-2.0,1.42633459836361e-05,1.554200025566388e-05,2.416910042484233e-05,4.612599968822906e-05
asymmetric,TwinSync,1024,1.0,3.0,B2-phase,0,0.0,none,0,B,0.0,0.0037783375314861,0.907051282051282,0,3,566,659,794,624,0.99841117118729,66.5142857142857,-2.928,-2.0,1.445510397752514e-05,1.5104499652807137e-05,2.4711049309189545e-05,3.3542000892339274e-05
asymmetric,TwinSync,1025,1.0,3.0,B2-phase,0,0.0,none,0,B,0.0,0.0012987012987012,0.8923076923076924,0,1,580,653,770,650,0.9984286306852366,66.05714285714284,-2.926,-2.0,1.3661091972608118e-05,1.4396000096894568e-05,2.3249999685504008e-05,3.429200023674639e-05
asymmetric,TwinSync,1026,1.0,3.0,B2-phase,0,0.0,none,0,B,0.0,0.0012919896640826,0.8868501529051988,0,1,580,652,774,654,0.9955632099372272,66.4857142857143,-2.93,-2.0,1.3762513986876e-05,1.4834000467089936e-05,2.329199928681192e-05,4.90849997731857e-05
asymmetric,TwinSync,1027,1.0,3.0,B2-phase,0,0.0,none,0,B,0.0,0.0013333333333333,0.8984126984126984,0,1,566,643,750,630,0.9984070234136668,64.17142857142856,-2.926,-2.0,1.3323023988050408e-05,1.4208499578671764e-05,2.312709966645343e-05,3.641800049081212e-05
asymmetric,TwinSync,1028,1.0,3.0,B2-phase,0,0.0,none,0,B,0.0,0.0050441361916771,0.8846153846153846,0,4,575,659,793,650,0.9972743742798416,67.71428571428571,-2.922,-2.0,1.4354618011566344e-05,1.4917000044079032e-05,2.3833999921407668e-05,3.158400068059564e-05
asymmetric,TwinSync,1029,1.0,3.0,B2-phase,0,0.0,none,0,B,0.0,0.0012642225031605,0.903481012658228,0,1,571,653,791,632,0.9958577241854748,66.37142857142855,-2.926,-2.0,1.369935400725808e-05,1.4666999959445093e-05,2.3083050064087728e-05,7.075200028339168e-05
asymmetric,TwinSync,1000,1.0,3.0,B3-correlated,0,0.0,none,0,B,0.0,0.0,0.9608695652173912,0,0,663,714,853,690,0.9921929360233714,69.14285714285712,-2.918,-2.0,1.4873473992338404e-05,1.420800026608049e-05,2.229505025752587e-05,3.4251000215590466e-05
asymmetric,TwinSync,1001,1.0,3.0,B3-correlated,0,0.0,none,0,B,0.0,0.0,0.962290502793296,0,0,689,700,846,716,0.9911604391083804,68.34285714285714,-2.918,-2.0,1.568015803786693e-05,1.5042000086396e-05,2.30881496463553e-05,7.13340004949714e-05
asymmetric,TwinSync,1002,1.0,3.0,B3-correlated,0,0.0,none,0,B,0.0,0.0,0.9619181946403385,0,0,682,713,850,709,0.9925762114523088,68.82857142857142,-2.918,-2.0,1.523394600553729e-05,1.4792000001762062e-05,2.2336050278681796e-05,5.954300013399916e-05
asymmetric,TwinSync,1003,1.0,3.0,B3-correlated,0,0.0,none,0,B,0.0,0.0,0.9599447513812156,0,0,695,710,862,724,0.991062262627206,69.37142857142857,-2.918,-2.0,1.5304652037229973e-05,1.4876000022923108e-05,2.1883350109419544e-05,3.987600030086469e-05
asymmetric,TwinSync,1004,1.0,3.0,B3-correlated,0,0.0,none,0,B,0.0,0.0011848341232227,0.9636363636363636,0,1,689,725,844,715,0.9944560497461098,68.82857142857142,-2.918,-2.0,1.5326568034652154e-05,1.4937999821995618e-05,2.2424200278692293e-05,2.979300006700214e-05
asymmetric,TwinSync,1005,1.0,3.0,B3-correlated,0,0.0,none,0,B,0.0,0.0011723329425556,0.9636363636363636,0,1,689,714,853,715,0.9923950382375322,69.02857142857144,-2.918,-2.0,1.5377246016214486e-05,1.4958999599912204e-05,2.2969400470174142e-05,3.1292000130633824e-05
asymmetric,TwinSync,1006,1.0,3.0,B3-correlated,0,0.0,none,0,B,0.0,0.0,0.9611111111111112,0,0,692,722,863,720,0.9922488468182308,69.88571428571427,-2.918,-2.0,1.5367139982117806e-05,1.5042000086396e-05,2.242114987893728e-05,2.8792999728466384e-05
asymmetric,TwinSync,1007,1.0,3.0,B3-correlated,0,0.0,none,0,B,0.0,0.0034482758620689,0.9592696629213484,0,3,683,722,870,712,0.9917417729991131,70.17142857142856,-2.918,-2.0,1.544305798961432e-05,1.4874999578751158e-05,2.3503100192101555e-05,3.787500008911593e-05
asymmetric,TwinSync,1008,1.0,3.0,B3-correlated,0,0.0,none,0,B,0.0,0.0,0.9629629629629628,0,0,676,710,843,702,0.9929167619436,68.34285714285713,-2.918,-2.0,1.5099397987796692e-05,1.4416999874811154e-05,2.3000050487098636e-05,3.475099947536364e-05
asymmetric,TwinSync,1009,1.0,3.0,B3-correlated,0,0.0,none,0,B,0.0,0.0,0.957983193277311,0,0,684,707,861,714,0.9904461113304384,69.4,-2.918,-2.0,1.557070598937571e-05,1.529200017102994e-05,2.2628049919148904e-05,3.0666999919048976e-05
asymmetric,TwinSync,1010,1.0,3.0,B3-correlated,0,0.0,none,0,B,0.0,0.0011723329425556,0.9623430962343096,0,1,690,712,853,717,0.9920509259860096,69.02857142857144,-2.918,-2.0,1.561031000892399e-05,1.5041500319057375e-05,2.2962200046094945e-05,3.366700002516154e-05
asymmetric,TwinSync,1011,1.0,3.0,B3-correlated,0,0.0,none,0,B,0.0,0.0,0.9560283687943264,0,0,674,715,844,705,0.993199766909864,68.65714285714286,-2.918,-2.0,1.526253198608174e-05,1.4666999959445093e-05,2.300100004504202e-05,2.804199993988732e-05
asymmetric,TwinSync,1012,1.0,3.0,B3-correlated,0,0.0,none,0,B,0.0,0.0,0.9639769452449568,0,0,669,715,858,694,0.9919063896332428,69.4,-2.918,-2.0,1.5066548012327984e-05,1.4500500128633576e-05,2.2715199520462182e-05,3.404200015211245e-05
asymmetric,TwinSync,1013,1.0,3.0,B3-correlated,0,0.0,none,0,B,0.0,0.0,0.9638888888888888,0,0,694,715,866,720,0.9910675294771528,69.85714285714286,-2.918,-2.0,1.5806474029886884e-05,1.5499999790336005e-05,2.3129149667511225e-05,3.195899989805184e-05
asymmetric,TwinSync,1014,1.0,3.0,B3-correlated,0,0.0,none,0,B,0.0,0.0023282887077997,0.9564606741573034,0,2,681,709,859,712,0.9913609887606932,69.11428571428571,-2.918,-2.0,1.5414798022902688e-05,1.4708999970025616e-05,2.258610038552433e-05,4.6209000174712855e-05
asymmetric,TwinSync,1015,1.0,3.0,B3-correlated,0,0.0,none,0,B,0.0,0.0011668611435239,0.9605263157894736,0,1,657,714,857,684,0.991885923259924,69.31428571428572,-2.918,-2.0,1.4859167977192556e-05,1.4208999800757738e-05,2.2465249412562112e-05,3.8500999835378025e-05
asymmetric,FIFO,1014,1.0,3.0,B1-d,0,0.0,none,0,B,0.9579710144927536,0.654073199527745,0.0,661,554,0,690,847,695,0.9993981568553696,74.57142857142857,0.938,1.0,5.654945998685434e-06,5.541999598790426e-06,6.669099957434808e-06,1.4708999515278263e-05
asymmetric,FIFO,1015,1.0,3.0,B1-d,0,0.0,none,0,B,0.8567293777134588,0.6301531213191991,0.0,592,535,0,691,849,666,0.9986037801665184,75.5142857142857,0.87,1.0,5.612521979855956e-06,5.458000487124082e-06,6.541999982800917e-06,4.033400000480469e-05
asymmetric,FIFO,1016,1.0,3.0,B1-d,0,0.0,none,0,B,0.920749279538905,0.6405693950177936,0.0,639,540,0,694,843,673,0.9999635654081888,74.22857142857141,0.912,1.0,5.442509995191358e-06,5.291999514156487e-06,6.416999895009212e-06,2.7083000532002188e-05
asymmetric,FIFO,1017,1.0,3.0,B1-d,0,0.0,none,0,B,0.9050359712230216,0.6616279069767442,0.0,629,569,0,695,860,689,0.9999207593019775,75.28571428571428,0.88,1.0,5.531864011572906e-06,5.500000042957254e-06,6.582999958482105e-06,1.3249999938125256e-05
asymmetric,FIFO,1018,1.0,3.0,B1-d,0,0.0,none,0,B,0.903735632183908,0.6555819477434679,0.0,629,552,0,696,842,697,0.9998359850697888,75.74285714285713,0.94,1.0,5.584259992247098e-06,5.417000465968158e-06,6.544050802403943e-06,2.4501000552845653e-05
asymmetric,FIFO,1019,1.0,3.0,B1-d,0,0.0,none,0,B,0.965166908563135,0.6473988439306358,0.0,665,560,0,689,865,689,0.9993483243071906,74.6,0.956,1.0,5.3642880102415805e-06,5.291499746817863e-06,6.291999852692243e-06,1.570899985381402e-05
asymmetric,FIFO,1020,1.0,3.0,B1-d,0,0.0,none,0,B,0.9547383309759548,0.6414201183431952,0.0,675,542,0,707,845,681,0.9993981568553696,74.22857142857141,0.94,1.0,5.341022009815788e-06,5.167000381334219e-06,6.207999831531197e-06,3.312500030006049e-05
asymmetric,FIFO,1021,1.0,3.0,B1-d,0,0.0,none,0,B,0.9579710144927536,0.6822977725674091,0.0,661,582,0,690,853,720,0.9994962971596988,75.42857142857142,0.938,1.0,5.426865991466911e-06,5.249999958323315e-06,6.3340003180201165e-06,1.891699957923265e-05
asymmetric,FIFO,1022,1.0,3.0,B1-d,0,0.0,none,0,B,0.9765395894428152,0.6674612634088201,0.0,666,560,0,682,839,710,0.998288323369949,74.71428571428571,0.958,1.0,5.282667982100975e-06,5.165999937162269e-06,6.12599978921935e-06,1.583399989613099e-05
asymmetric,FIFO,1023,1.0,3.0,B1-d,0,0.0,none,0,B,0.9477611940298508,0.6603098927294399,0.0,635,554,0,670,839,703,0.999541961898708,74.79999999999998,0.932,1.0,5.555854022532003e-06,5.417000465968158e-06,6.625050400543842e-06,1.7792000107874628e-05
asymmetric,FIFO,1024,1.0,3.0,B1-d,0,0.0,none,0,B,0.9616477272727272,0.6480186480186481,0.0,677,556,0,704,858,684,0.9993981568553696,74.34285714285713,0.938,1.0,5.505099983565742e-06,5.437500021798769e-06,6.460099893956793e-06,1.516700012871297e-05
asymmetric,FIFO,1025,1.0,3.0,B1-d,0,0.0,none,0,B,0.9415204678362572,0.6549636803874092,0.0,644,541,0,684,826,702,0.9997984351989732,74.94285714285714,0.91,1.0,5.514013964784681e-06,5.416000021796208e-06,6.666999979643151e-06,1.583399989613099e-05
asymmetric,FIFO,1026,1.0,3.0,B1-d,0,0.0,none,0,B,0.9159420289855073,0.6552941176470588,0.0,632,557,0,690,850,689,0.999991018053712,74.85714285714285,0.904,1.0,5.58878200899926e-06,5.45900002180133e-06,6.541999937326182e-06,1.6416999642387964e-05
asymmetric,FIFO,1027,1.0,3.0,B1-d,0,0.0,none,0,B,0.9354375896700144,0.6372315035799523,0.0,652,534,0,697,838,679,0.9998536894640158,74.4857142857143,0.934,1.0,5.461861990625039e-06,5.333000444807112e-06,6.4190507600869735e-06,1.95419997908175e-05
asymmetric,FIFO,1028,1.0,3.0,B1-d,0,0.0,none,0,B,0.9622641509433962,0.660069848661234,0.0,663,567,0,689,859,694,0.9993429697766096,74.4857142857143,0.904,1.0,5.5492719875474e-06,5.45799957762938e-06,6.62915040265943e-06,1.491699913458433e-05
asymmetric,FIFO,1029,1.0,3.0,B1-d,0,0.0,none,0,B,0.9472182596291012,0.6358313817330211,0.0,664,543,0,701,854,681,0.99970342487824,74.48571428571428,0.942,1.0,5.5113960188464265e-06,5.375000000640284e-06,6.419049896067007e-06,3.083400042669382e-05
asymmetric,FIFO,1000,1.0,3.0,B1-e,0,0.0,none,0,B,0.8586156111929307,0.6124401913875598,0.0,583,512,0,679,836,654,0.99866672083498,75.11428571428571,0.898,1.0,5.493451986694709e-06,5.333999979484361e-06,6.582999958482105e-06,2.5249999453080815e-05
asymmetric,FIFO,1001,1.0,3.0,B1-e,0,0.0,none,0,B,0.9246987951807228,0.6416464891041163,0.0,614,530,0,664,826,681,0.9999349678090654,74.4857142857143,0.868,1.0,5.531859997063293e-06,5.417000011220807e-06,6.416999895009212e-06,3.416799972910667e-05
asymmetric,FIFO,1002,1.0,3.0,B1-e,0,0.0,none,0,B,0.9176470588235294,0.6209386281588448,0.0,624,516,0,680,831,669,0.9999990059740956,74.5142857142857,0.908,1.0,5.296413992255111e-06,5.249999958323315e-06,6.082999834688962e-06,1.4792000001762062e-05
asymmetric,FIFO,1003,1.0,3.0,B1-e,0,0.0,none,0,B,0.9260355029585798,0.6413301662707839,0.0,626,540,0,676,842,685,0.999935229227811,74.6,0.94,1.0,5.6085500236804364e-06,5.500000042957254e-06,6.416999895009212e-06,1.4207999811333138e-05
asymmetric,FIFO,1004,1.0,3.0,B1-e,0,0.0,none,0,B,0.9390420899854862,0.64,0.0,647,528,0,689,825,681,0.9997992502611796,74.42857142857142,0.922,1.0,5.496624002262251e-06,5.375000000640284e-06,6.37500033917604e-06,1.4000000192027072e-05
asymmetric,FIFO,1005,1.0,3.0,B1-e,0,0.0,none,0,B,0.9499263622974964,0.6418269230769231,0.0,645,534,0,679,832,684,0.9995836802664446,74.25714285714285,0.898,1.0,5.531854007131187e-06,5.500000042957254e-06,6.335100761134525e-06,1.395900017087115e-05
asymmetric,FIFO,1006,1.0,3.0,B1-e,0,0.0,none,0,B,0.9230769230769232,0.6462264150943396,0.0,636,548,0,689,848,688,0.9999750505475906,75.14285714285712,0.94,1.0,5.624090004857862e-06,5.458000487124082e-06,6.582999958482105e-06,1.7626000044401735e-05
asymmetric,FIFO,1007,1.0,3.0,B1-e,0,0.0,none,0,B,0.948905109489051,0.6321974148061105,0.0,650,538,0,685,851,675,0.9997022196485572,74.34285714285714,0.944,1.0,5.623210001431289e-06,5.45900002180133e-06,6.624999559790012e-06,1.795800017134752e-05
asymmetric,FIFO,1008,1.0,3.0,B1-e,0,0.0,none,0,B,0.9154302670623146,0.624390243902439,0.0,617,512,0,674,820,670,0.9999990059740956,74.57142857142857,0.944,1.0,5.275098008496571e-06,5.166999471839517e-06,6.08604932494927e-06,1.6791999769338872e-05
asymmetric,FIFO,1009,1.0,3.0,B1-e,0,0.0,none,0,B,0.9066666666666666,0.6374407582938388,0.0,612,538,0,675,844,678,0.9999842532084088,74.85714285714286,0.916,1.0,5.338341970855254e-06,5.249999958323315e-06,6.000000212225132e-06,2.2625000383413862e-05
asymmetric,FIFO,1010,1.0,3.0,B1-e,0,0.0,none,0,B,0.9422222222222222,0.6412395709177592,0.0,636,538,0,675,839,684,0.9997378123719788,74.54285714285713,0.93,1.0,5.246930026260088e-06,5.167000381334219e-06,6.000050188958994e-06,1.316700036113616e-05
asymmetric,FIFO,1011,1.0,3.0,B1-e,0,0.0,none,0,B,0.9150805270863837,0.6221419975932612,0.0,625,517,0,683,831,671,0.9999990099264772,74.54285714285714,0.904,1.0,5.182315988349728e-06,5.124999916006345e-06,6.000000212225132e-06,1.874999998108251e-05
asymmetric,FIFO,1012,1.0,3.0,B1-e,0,0.0,none,0,B,0.9475982532751092,0.6133651551312649,0.0,651,514,0,687,838,662,0.9996295650210872,74.05714285714285,0.936,1.0,5.480623989569721e-06,5.375000000640284e-06,6.458049892898998e-06,1.900000006571645e-05
asymmetric,FIFO,1013,1.0,3.0,B1-e,0,0.0,none,0,B,0.969208211143695,0.6431095406360424,0.0,661,546,0,682,849,686,0.999048307891431,74.31428571428572,0.958,1.0,5.586002022027969e-06,5.45900002180133e-06,6.291050294748857e-06,2.7582999791775364e-05
asymmetric,FIFO,1014,1.0,3.0,B1-e,0,0.0,none,0,B,0.9497784342688332,0.6287069988137604,0.0,643,530,0,677,843,674,0.9995853736405438,74.05714285714286,0.938,1.0,5.361114006518619e-06,5.33299953531241e-06,6.208049853739794e-06,1.4332999853650108e-05
asymmetric,FIFO,1015,1.0,3.0,B1-e,0,0.0,none,0,B,0.8423357664233576,0.6087990487514863,0.0,577,512,0,685,841,649,0.9980844021813916,75.17142857142858,0.86,1.0,5.477364002217655e-06,5.416999556473456e-06,6.377100316967697e-06,1.2208000043756329e-05
asymmetric,FIFO,1016,1.0,3.0,B1-e,0,0.0,none,0,B,0.9094890510948904,0.6287069988137604,0.0,623,530,0,685,843,663,0.999999001998,74.14285714285712,0.91,1.0,5.47449799705646e-06,5.417000465968158e-06,6.377049476213868e-06,1.5917000382614788e-05
asymmetric,FIFO,1017,1.0,3.0,B1-e,0,0.0,none,0,B,0.903367496339678,0.6426076833527358,0.0,617,552,0,683,859,673,0.9999207593019775,74.82857142857142,0.88,1.0,5.415253966930322e-06,5.375000000640284e-06,6.250000296859071e-06,1.2875999345851596e-05
asymmetric,FIFO,1018,1.0,3.0,B1-e,0,0.0,none,0,B,0.9243085880640466,0.6400476758045291,0.0,635,537,0,687,839,686,0.999999001998,75.05714285714284,0.942,1.0,5.289275999530218e-06,5.167000381334219e-06,6.044049769116098e-06,1.5584000720991753e-05
asymmetric,FIFO,1019,1.0,3.0,B1-e,0,0.0,none,0,B,0.964549483013294,0.6325581395348837,0.0,653,544,0,677,860,678,0.9993483243071906,74.28571428571429,0.956,1.0,5.540860000110115e-06,5.45900002180133e-06,6.375049451889936e-06,1.8249999811814632e-05
asymmetric,FIFO,1020,1.0,3.0,B1-e,0,0.0,none,0,B,0.9534206695778747,0.6291866028708134,0.0,655,526,0,687,836,674,0.9993981568553696,74.02857142857142,0.94,1.0,5.371859999286243e-06,5.333999979484361e-06,6.125000254542101e-06,1.3416999536275398e-05
asymmetric,FIFO,1021,1.0,3.0,B1-e,0,0.0,none,0,B,0.956973293768546,0.6615384615384615,0.0,645,559,0,674,845,705,0.9994962971596988,75.0,0.938,1.0,5.459378004161408e-06,5.333999979484361e-06,6.166050297906622e-06,1.4000000192027072e-05
asymmetric,FIFO,1022,1.0,3.0,B1-e,0,0.0,none,0,B,0.9760119940029984,0.6574519230769231,0.0,651,547,0,667,832,704,0.998288323369949,74.54285714285713,0.958,1.0,5.373457996029174e-06,5.292000423651189e-06,6.082999834688962e-06,1.2167000022600403e-05
asymmetric,FIFO,1023,1.0,3.0,B1-e,0,0.0,none,0,B,0.881638846737481,0.648910411622276,0.0,581,536,0,659,826,689,0.9998359850697888,75.11428571428571,0.924,1.0,5.422169997473247e-06,5.332999990059761e-06,6.2110502767609415e-06,2.650000078574521e-05
asymmetric,FIFO,1024,1.0,3.0,B1-e,0,0.0,none,0,B,0.9596541786743517,0.6286721504112809,0.0,666,535,0,694,851,670,0.999448366476532,73.97142857142856,0.938,1.0,5.521852011952433e-06,5.416999556473456e-06,6.377100316967697e-06,2.7625999791780487e-05
asymmetric,FIFO,1025,1.0,3.0,B1-e,0,0.0,none,0,B,0.9405646359583952,0.633495145631068,0.0,633,522,0,673,824,685,0.9997984351989732,74.45714285714286,0.91,1.0,5.269611981930211e-06,5.249999958323315e-06,6.0030497934349095e-06,1.2041999980283435e-05
asymmetric,FIFO,1026,1.0,3.0,B1-e,0,0.0,none,0,B,0.9136904761904762,0.6405693950177936,0.0,614,540,0,672,843,679,0.999991018053712,74.57142857142856,0.904,1.0,5.333110042556654e-06,5.249999958323315e-06,6.125000254542101e-06,1.6582999705860857e-05
asymmetric,FIFO,1027,1.0,3.0,B1-e,0,0.0,none,0,B,0.908957415565345,0.62590799031477,0.0,619,517,0,681,826,672,0.9999911247680112,74.65714285714286,0.932,1.0,5.6059160124277695e-06,5.500000042957254e-06,6.544049938383976e-06,1.5333000192185864e-05
asymmetric,FIFO,1028,1.0,3.0,B1-e,0,0.0,none,0,B,0.9615384615384616,0.6396713615023474,0.0,650,545,0,676,852,679,0.9993429697766096,74.05714285714285,0.904,1.0,5.454438012748142e-06,5.375999535317533e-06,6.041999813533039e-06,1.608300044608768e-05
asymmetric,FIFO,1029,1.0,3.0,B1-e,0,0.0,none,0,B,0.945985401459854,0.6215895610913404,0.0,648,524,0,685,843,673,0.99970342487824,74.25714285714285,0.942,1.0,5.412951975813485e-06,5.375000000640284e-06,6.207999877005932e-06,1.3374999980442226e-05
asymmetric,FIFO,1000,1.0,3.0,B2-phase,0,0.0,none,0,B,0.7568807339449541,0.6375488917861799,0.0,495,489,0,654,767,623,0.9994531223296989,71.62857142857142,0.106,1.0,5.032108005252667e-06,5.416499789134832e-06,6.958000085433014e-06,1.4666999959445093e-05
asymmetric,FIFO,1001,1.0,3.0,B2-phase,0,0.0,none,0,B,0.847926267281106,0.6386010362694301,0.0,552,493,0,651,772,631,0.999174267478356,70.62857142857142,0.18,1.0,5.011439989175415e-06,5.375000000640284e-06,7.044100129860452e-06,1.5083000107551923e-05
asymmetric,FIFO,1002,1.0,3.0,B2-phase,0,0.0,none,0,B,0.8154761904761905,0.6346153846153846,0.0,548,495,0,672,780,620,0.9998536894640158,70.54285714285714,0.15,1.0,5.025015982027981e-06,5.333500212145736e-06,7.04200010659406e-06,1.3916999705543276e-05
asymmetric,FIFO,1003,1.0,3.0,B2-phase,0,0.0,none,0,B,0.8493788819875776,0.6534526854219949,0.0,547,511,0,644,782,655,0.9987977819284576,71.6,0.25,1.0,5.170749971512123e-06,5.500000042957254e-06,7.083050104483846e-06,1.7208999452122953e-05
asymmetric,FIFO,1004,1.0,3.0,B2-phase,0,0.0,none,0,B,0.8654434250764526,0.6444159178433889,0.0,566,502,0,654,779,634,0.9980265503160296,70.57142857142857,0.172,1.0,5.079192003904609e-06,5.416000021796208e-06,7.083000127749983e-06,1.4000000192027072e-05
asymmetric,FIFO,1005,1.0,3.0,B2-phase,0,0.0,none,0,B,0.8802395209580839,0.6402048655569782,0.0,588,500,0,668,781,636,0.9986753119234903,70.48571428571428,0.248,1.0,5.115705982461805e-06,5.416999556473456e-06,6.874999644423951e-06,1.500000053056283e-05
asymmetric,FIFO,1006,1.0,3.0,B2-phase,0,0.0,none,0,B,0.8708708708708709,0.6406649616368286,0.0,580,501,0,666,782,636,0.998964807773098,70.54285714285713,0.21,1.0,5.149040016476647e-06,5.458500254462706e-06,6.999999641266186e-06,1.650100057304371e-05
asymmetric,FIFO,1007,1.0,3.0,B2-phase,0,0.0,none,0,B,0.8431372549019608,0.6401028277634961,0.0,559,498,0,663,778,634,0.9998500849518606,70.9142857142857,0.188,1.0,4.9992900021607055e-06,5.292000423651189e-06,6.958000085433014e-06,1.6376000530726742e-05
asymmetric,FIFO,1008,1.0,3.0,B2-phase,0,0.0,none,0,B,0.8422664624808576,0.6337662337662338,0.0,550,488,0,653,770,631,0.9990713569332492,71.05714285714284,0.258,1.0,4.974993993528187e-06,5.249999958323315e-06,6.875050485177781e-06,1.1999999514955562e-05
asymmetric,FIFO,1009,1.0,3.0,B2-phase,0,0.0,none,0,B,0.8307692307692308,0.6376440460947503,0.0,540,498,0,650,781,634,0.9994572677896127,71.05714285714284,0.186,1.0,5.042718008553493e-06,5.375000000640284e-06,6.91700006427709e-06,1.4083999303693416e-05
asymmetric,FIFO,1010,1.0,3.0,B2-phase,0,0.0,none,0,B,0.8771121351766513,0.6535532994923858,0.0,571,515,0,651,788,649,0.9986130908810724,71.11428571428571,0.212,1.0,5.0688819956121735e-06,5.417000011220807e-06,6.958050107641611e-06,1.4874999578751158e-05
asymmetric,FIFO,1011,1.0,3.0,B2-phase,0,0.0,none,0,B,0.8422664624808576,0.6517739816031537,0.0,550,496,0,653,761,641,0.9997279940838714,70.4,0.212,1.0,4.966597978636855e-06,5.207999492995441e-06,6.919050065334885e-06,2.1791999643028248e-05
asymmetric,FIFO,1012,1.0,3.0,B2-phase,0,0.0,none,0,B,0.8446455505279035,0.6458333333333334,0.0,560,496,0,663,768,625,0.9995266544018994,69.82857142857142,0.152,1.0,5.039209987444337e-06,5.375000000640284e-06,6.835100020907701e-06,2.17930000872002e-05
asymmetric,FIFO,1013,1.0,3.0,B2-phase,0,0.0,none,0,B,0.885145482388974,0.6568877551020408,0.0,578,515,0,653,784,638,0.9972024403672188,69.8,0.198,1.0,5.6601979777042285e-06,5.625000085274223e-06,7.374999768217094e-06,0.0001597110003785
asymmetric,FIFO,1014,1.0,3.0,B2-phase,0,0.0,none,0,B,0.8714499252615845,0.6443883984867591,0.0,583,511,0,669,793,640,0.99953055241526,70.85714285714285,0.222,1.0,5.221863979386399e-06,5.45799957762938e-06,6.919050065334885e-06,3.162600023642881e-05
asymmetric,FIFO,1015,1.0,3.0,B2-phase,0,0.0,none,0,B,0.8652373660030628,0.6307692307692307,0.0,565,492,0,653,780,628,0.999434598308284,70.4,0.172,1.0,4.929747978167143e-06,5.208999937167391e-06,6.835100020907701e-06,1.5624999832652975e-05
asymmetric,FIFO,1016,1.0,3.0,B2-phase,0,0.0,none,0,B,0.8683001531393568,0.6572890025575447,0.0,567,514,0,653,782,634,0.998144759525076,69.77142857142857,0.172,1.0,4.877429968473734e-06,5.165999937162269e-06,6.541999937326182e-06,2.0167000002402347e-05
asymmetric,FIFO,1017,1.0,3.0,B2-phase,0,0.0,none,0,B,0.8839694656488549,0.6514575411913816,0.0,579,514,0,655,789,636,0.9974642530111996,70.11428571428571,0.158,1.0,4.97003000236873e-06,5.208999937167391e-06,6.544049938383976e-06,2.720900010899641e-05
asymmetric,FIFO,1018,1.0,3.0,B2-phase,0,0.0,none,0,B,0.8654434250764526,0.6421319796954315,0.0,566,506,0,654,788,636,0.9988367596760444,70.65714285714284,0.15,1.0,4.997446007109829e-06,5.333000444807112e-06,6.750050442860811e-06,2.1083999854454305e-05
asymmetric,FIFO,1019,1.0,3.0,B2-phase,0,0.0,none,0,B,0.8765432098765432,0.6513409961685823,0.0,568,510,0,648,783,643,0.99931803848227,70.42857142857142,0.158,1.0,4.9926859956030965e-06,5.292000423651189e-06,6.710099978590732e-06,1.6417000551882666e-05
asymmetric,FIFO,1020,1.0,3.0,B2-phase,0,0.0,none,0,B,0.8648648648648649,0.6353240152477764,0.0,576,500,0,666,787,627,0.99938312063847,70.34285714285713,0.216,1.0,4.885110025497852e-06,5.124999916006345e-06,6.585099981748497e-06,1.4416999874811154e-05
asymmetric,FIFO,1021,1.0,3.0,B2-phase,0,0.0,none,0,B,0.888208269525268,0.6718146718146718,0.0,580,522,0,653,777,660,0.9962707911155256,70.62857142857143,0.22,1.0,4.959233980116551e-06,5.208500169828767e-06,6.708999535476323e-06,1.649999921937706e-05
asymmetric,FIFO,1022,1.0,3.0,B2-phase,0,0.0,none,0,B,0.8990683229813664,0.6502525252525253,0.0,579,515,0,644,792,656,0.997179821356158,71.37142857142855,0.316,1.0,5.19144398822391e-06,5.18749993716483e-06,6.833050019849907e-06,8.41269993543392e-05
asymmetric,FIFO,1023,1.0,3.0,B2-phase,0,0.0,none,0,B,0.8152173913043478,0.6788990825688074,0.0,525,518,0,644,763,644,0.99938312063847,69.85714285714285,0.13,1.0,5.548610015466693e-06,5.479499577631941e-06,9.048249876286712e-06,1.6458999198221136e-05
asymmetric,FIFO,1024,1.0,3.0,B2-phase,0,0.0,none,0,B,0.874051593323217,0.6385390428211587,0.0,576,507,0,659,794,624,0.99799355419791,69.94285714285714,0.234,1.0,5.069091972472961e-06,5.291499746817863e-06,6.752050467184743e-06,1.4708999515278263e-05
asymmetric,FIFO,1025,1.0,3.0,B2-phase,0,0.0,none,0,B,0.8422664624808576,0.6558441558441559,0.0,550,505,0,653,770,650,0.9992368553835718,71.14285714285712,0.148,1.0,5.110464000608772e-06,5.500000042957254e-06,6.833999623268028e-06,1.795899970602477e-05
asymmetric,FIFO,1026,1.0,3.0,B2-phase,0,0.0,none,0,B,0.8819018404907976,0.661498708010336,0.0,575,512,0,652,774,654,0.998415902409057,70.62857142857142,0.178,1.0,5.051356012700126e-06,5.291999514156487e-06,6.752100443918606e-06,3.2500000088475645e-05
asymmetric,FIFO,1027,1.0,3.0,B2-phase,0,0.0,none,0,B,0.8413685847589425,0.6506666666666666,0.0,541,488,0,643,750,630,0.9992639693393144,69.5142857142857,0.178,1.0,4.99861000389501e-06,5.124999916006345e-06,6.544049938383976e-06,7.325099977606442e-05
asymmetric,FIFO,1028,1.0,3.0,B2-phase,0,0.0,none,0,B,0.8528072837632777,0.6607818411097099,0.0,562,524,0,659,793,650,0.9991233026367636,71.42857142857142,0.278,1.0,4.968266008290812e-06,5.249999958323315e-06,6.541999937326182e-06,2.887599930545548e-05
asymmetric,FIFO,1029,1.0,3.0,B2-phase,0,0.0,none,0,B,0.8759571209800919,0.6422250316055625,0.0,572,508,0,653,791,632,0.998415902409057,69.94285714285714,0.186,1.0,4.970768000930548e-06,5.165999937162269e-06,6.665999580945936e-06,2.7207999664824456e-05
asymmetric,FIFO,1000,1.0,3.0,B3-correlated,0,0.0,none,0,B,0.9033613445378152,0.6588511137162955,0.0,645,562,0,714,853,690,0.9998101606660648,75.54285714285714,0.908,1.0,5.507976014996529e-06,5.375000000640284e-06,6.666999979643151e-06,1.3208000382292084e-05
asymmetric,FIFO,1001,1.0,3.0,B3-correlated,0,0.0,none,0,B,0.9542857142857144,0.6879432624113475,0.0,668,582,0,700,846,716,0.999446106938008,75.14285714285714,0.878,1.0,5.677770011971006e-06,5.500000042957254e-06,6.919050065334885e-06,1.6792000678833574e-05
asymmetric,FIFO,1002,1.0,3.0,B3-correlated,0,0.0,none,0,B,0.9326788218793828,0.6764705882352942,0.0,665,575,0,713,850,709,0.999950508749851,75.42857142857142,0.908,1.0,5.745336007748847e-06,5.541999598790426e-06,6.999999686740921e-06,1.6792000678833574e-05
asymmetric,FIFO,1003,1.0,3.0,B3-correlated,0,0.0,none,0,B,0.9619718309859157,0.6890951276102089,0.0,683,594,0,710,862,724,0.9992908485898796,75.34285714285713,0.948,1.0,5.528952029635548e-06,5.375999990064884e-06,6.669049980700946e-06,1.3916999705543276e-05
asymmetric,FIFO,1004,1.0,3.0,B3-correlated,0,0.0,none,0,B,0.9462068965517242,0.6883886255924171,0.0,686,581,0,725,844,715,0.9997022196485572,75.31428571428572,0.922,1.0,5.518283989658812e-06,5.250499725661939e-06,6.544049938383976e-06,2.8417000066838227e-05
asymmetric,FIFO,1005,1.0,3.0,B3-correlated,0,0.0,none,0,B,0.9523809523809524,0.6869871043376319,0.0,680,586,0,714,853,715,0.9995836802664446,75.14285714285712,0.898,1.0,5.483755987370387e-06,5.249999958323315e-06,6.584000402654056e-06,4.1417000829824246e-05
asymmetric,FIFO,1006,1.0,3.0,B3-correlated,0,0.0,none,0,B,0.9265927977839336,0.6894553881807648,0.0,669,595,0,722,863,720,0.9999750505475906,76.05714285714285,0.94,1.0,5.470838003020617e-06,5.332999990059761e-06,6.584000402654056e-06,1.3250000847619958e-05
asymmetric,FIFO,1007,1.0,3.0,B3-correlated,0,0.0,none,0,B,0.96398891966759,0.6827586206896552,0.0,696,594,0,722,870,712,0.9992908485898796,75.14285714285712,0.944,1.0,5.577873995207483e-06,5.292000423651189e-06,7.002050506343947e-06,1.8167000234825537e-05
asymmetric,FIFO,1008,1.0,3.0,B3-correlated,0,0.0,none,0,B,0.9422535211267604,0.6690391459074733,0.0,669,564,0,710,843,702,0.9998000603899232,75.2,0.948,1.0,5.745534004745423e-06,5.45900002180133e-06,7.336050612138932e-06,1.937500019266736e-05
asymmetric,FIFO,1009,1.0,3.0,B3-correlated,0,0.0,none,0,B,0.9618104667609618,0.6817653890824622,0.0,680,587,0,707,861,714,0.9991776453805488,75.08571428571427,0.942,1.0,5.793772019387688e-06,5.500000042957254e-06,7.169050149968824e-06,3.9083999581635e-05
asymmetric,FIFO,1010,1.0,3.0,B3-correlated,0,0.0,none,0,B,0.952247191011236,0.6858147713950762,0.0,678,585,0,712,853,717,0.9995438229909076,75.34285714285714,0.93,1.0,5.55320398780168e-06,5.416999556473456e-06,6.666999979643151e-06,2.5876000108837616e-05
asymmetric,FIFO,1011,1.0,3.0,B3-correlated,0,0.0,none,0,B,0.9230769230769232,0.6682464454976303,0.0,660,564,0,715,844,705,0.9999960159680004,75.42857142857142,0.904,1.0,5.582192014117027e-06,5.417000465968158e-06,6.833000043116044e-06,1.4833000022917986e-05
asymmetric,FIFO,1012,1.0,3.0,B3-correlated,0,0.0,none,0,B,0.9524475524475524,0.6596736596736597,0.0,681,566,0,715,858,694,0.9995456727648852,74.91428571428571,0.936,1.0,5.3494340281758925e-06,5.208999937167391e-06,6.582999958482105e-06,1.3251000382297208e-05
asymmetric,FIFO,1013,1.0,3.0,B3-correlated,0,0.0,none,0,B,0.9748251748251748,0.6893764434180139,0.0,697,597,0,715,866,720,0.9988415509813308,75.2,0.958,1.0,5.50717998703476e-06,5.375000000640284e-06,6.416999895009212e-06,1.662499926169403e-05
asymmetric,FIFO,1014,1.0,3.0,B3-correlated,0,0.0,none,0,B,0.9520451339915372,0.6798603026775321,0.0,675,584,0,709,859,712,0.9995853736405438,75.14285714285712,0.938,1.0,5.509539991180645e-06,5.291999514156487e-06,6.794050023017915e-06,1.6125000001920853e-05
asymmetric,FIFO,1015,1.0,3.0,B3-correlated,0,0.0,none,0,B,0.8627450980392157,0.6546091015169195,0.0,616,561,0,714,857,684,0.9986718272860392,76.0,0.87,1.0,5.39075199594663e-06,5.249999958323315e-06,6.584000402654056e-06,1.9459000213828404e-05
asymmetric,FIFO,1016,1.0,3.0,B3-correlated,0,0.0,none,0,B,0.9134078212290504,0.6740395809080326,0.0,654,579,0,716,859,696,0.999999001998,75.08571428571429,0.91,1.0,5.628015971524292e-06,5.333000444807112e-06,7.127100570869514e-06,2.550000044720946e-05
asymmetric,FIFO,1017,1.0,3.0,B3-correlated,0,0.0,none,0,B,0.9080779944289692,0.6864988558352403,0.0,652,600,0,718,874,706,0.9999207593019775,75.77142857142857,0.88,1.0,5.587118019320769e-06,5.375000000640284e-06,6.541999937326182e-06,4.312599958211649e-05
asymmetric,FIFO,1018,1.0,3.0,B3-correlated,0,0.0,none,0,B,0.9272727272727272,0.6890951276102089,0.0,663,594,0,715,862,720,0.999999001998,76.02857142857142,0.942,1.0,5.755581996709225e-06,5.541999598790426e-06,7.086050572979728e-06,1.7626000044401735e-05
asymmetric,FIFO,1019,1.0,3.0,B3-correlated,0,0.0,none,0,B,0.9660056657223796,0.673120728929385,0.0,682,591,0,706,878,707,0.9993483243071906,75.11428571428571,0.956,1.0,5.603949985015788e-06,5.417000465968158e-06,6.708000000799075e-06,1.475099998060614e-05
asymmetric,FIFO,1020,1.0,3.0,B3-correlated,0,0.0,none,0,B,0.9556786703601108,0.6776084407971864,0.0,690,578,0,722,853,709,0.9993981568553696,75.02857142857144,0.94,1.0,5.757187975177658e-06,5.541000064113177e-06,7.040999662422109e-06,1.6416999642387964e-05
asymmetric,FIFO,1021,1.0,3.0,B3-correlated,0,0.0,none,0,B,0.959212376933896,0.7046511627906977,0.0,682,606,0,711,860,737,0.9994962971596988,75.91428571428571,0.938,1.0,5.785198005469283e-06,5.500000042957254e-06,6.91700006427709e-06,3.74589999410091e-05
asymmetric,FIFO,1022,1.0,3.0,B3-correlated,0,0.0,none,0,B,0.9773049645390072,0.6989374262101535,0.0,689,592,0,705,847,734,0.998288323369949,75.4,0.958,1.0,5.486333995577297e-06,5.3124999794818e-06,6.627100401601636e-06,2.1208999896771275e-05
asymmetric,FIFO,1023,1.0,3.0,B3-correlated,0,0.0,none,0,B,0.8984263233190272,0.6872770511296076,0.0,628,578,0,699,841,719,0.9999207593019775,75.94285714285714,0.926,1.0,5.419521998192067e-06,5.208000402490143e-06,6.624999514315277e-06,1.9584000256145373e-05
asymmetric,FIFO,1024,1.0,3.0,B3-correlated,0,0.0,none,0,B,0.9613259668508288,0.6728323699421965,0.0,696,582,0,724,865,703,0.999448366476532,74.91428571428571,0.938,1.0,5.459574018459535e-06,5.291499746817863e-06,6.627100401601636e-06,1.5501000234507956e-05
asymmetric,FIFO,1025,1.0,3.0,B3-correlated,0,0.0,none,0,B,0.9434229137199436,0.6773809523809524,0.0,667,569,0,707,840,716,0.9997984351989732,75.34285714285714,0.91,1.0,5.435770030089771e-06,5.249999958323315e-06,6.584000402654056e-06,1.558399981149705e-05
asymmetric,FIFO,1026,1.0,3.0,B3-correlated,0,0.0,none,0,B,0.9185393258426966,0.6890951276102089,0.0,654,594,0,712,862,714,0.999991018053712,75.57142857142857,0.904,1.0,5.500306011526846e-06,5.333000444807112e-06,6.749999602106982e-06,1.3708000551559962e-05
asymmetric,FIFO,1027,1.0,3.0,B3-correlated,0,0.0,none,0,B,0.913649025069638,0.6670616113744076,0.0,656,563,0,718,844,700,0.9999911247680112,75.45714285714287,0.932,1.0,5.469357991387369e-06,5.166999471839517e-06,6.666049557679799e-06,3.1833999855734874e-05
asymmetric,FIFO,1028,1.0,3.0,B3-correlated,0,0.0,none,0,B,0.9634317862165964,0.6862745098039216,0.0,685,595,0,711,867,714,0.9993429697766096,75.05714285714284,0.904,1.0,5.402202010373003e-06,5.208999937167391e-06,6.458999496317119e-06,1.6958999367489014e-05
asymmetric,FIFO,1029,1.0,3.0,B3-correlated,0,0.0,none,0,B,0.948539638386648,0.6697674418604651,0.0,682,576,0,719,860,708,0.99970342487824,75.25714285714284,0.942,1.0,5.253666004136904e-06,5.165999937162269e-06,6.336049409583209e-06,1.1500000255182384e-05
asymmetric,RoundRobin,1000,1.0,3.0,B1-a,0,0.0,none,0,B,0.4300441826215022,0.4700956937799043,0.9587155963302753,292,393,627,679,836,654,0.9620806241872562,35.599999999999994,0.132,1.0,1.943959998243372e-06,2.0830002540606074e-06,2.707999601625488e-06,9.790999683900736e-06
asymmetric,RoundRobin,1001,1.0,3.0,B1-a,0,0.0,none,0,B,0.4141566265060241,0.4745762711864407,0.960352422907489,275,392,654,664,826,681,0.9663345548826044,35.17142857142856,-0.076,1.0,2.1232080125628272e-06,2.2089998310548253e-06,3.08399921777891e-06,8.666999747219961e-06
asymmetric,RoundRobin,1002,1.0,3.0,B1-a,0,0.0,none,0,B,0.4235294117647059,0.4729241877256318,0.9596412556053812,288,393,642,680,831,669,0.9683420795865088,35.257142857142846,0.078,1.0,2.355115993850632e-06,2.333999873371795e-06,3.2940506116574378e-06,1.1874999472638592e-05
asymmetric,RoundRobin,1003,1.0,3.0,B1-a,0,0.0,none,0,B,0.408284023668639,0.4762470308788598,0.9576642335766424,276,401,656,676,842,685,0.9700837930795688,35.48571428571427,-0.036,1.0,2.281236009366694e-06,2.3329994291998446e-06,3.3750002330634743e-06,1.0083999768539798e-05
asymmetric,RoundRobin,1004,1.0,3.0,B1-a,0,0.0,none,0,B,0.4238026124818577,0.4739393939393939,0.9618208516886932,292,391,655,689,825,681,0.9704156479217604,35.45714285714285,0.072,1.0,2.059533979263506e-06,2.1249998098937795e-06,3.0440496630035324e-06,1.116700059355935e-05
asymmetric,RoundRobin,1005,1.0,3.0,B1-a,0,0.0,none,0,B,0.4153166421207658,0.4747596153846153,0.9619883040935672,282,395,658,679,832,684,0.9716763005780348,35.51428571428571,0.004,1.0,2.017367987718899e-06,2.1249998098937795e-06,2.7520500225364214e-06,1.1500999789859634e-05
asymmetric,RoundRobin,1006,1.0,3.0,B1-a,0,0.0,none,0,B,0.4121915820029027,0.4740566037735849,0.9593023255813954,284,402,660,689,848,688,0.9699388175851448,36.257142857142846,0.03,1.0,2.056937988527352e-06,2.1670002752216533e-06,2.791999622786534e-06,9.124999451159964e-06
asymmetric,RoundRobin,1007,1.0,3.0,B1-a,0,0.0,none,0,B,0.4043795620437956,0.4770857814336075,0.957037037037037,277,406,646,685,851,675,0.9728473188112668,36.285714285714285,-0.064,1.0,2.0977759922971017e-06,2.1670002752216533e-06,2.958049662993289e-06,1.0750000001280569e-05
asymmetric,RoundRobin,1008,1.0,3.0,B1-a,0,0.0,none,0,B,0.43026706231454,0.4707317073170731,0.9611940298507464,290,386,644,674,820,670,0.965135813795548,35.02857142857142,0.028,1.0,2.2306539922283263e-06,2.1669998204743024e-06,3.88424991797364e-06,2.5459000426053532e-05
asymmetric,RoundRobin,1009,1.0,3.0,B1-a,0,0.0,none,0,B,0.4355555555555555,0.4786729857819905,0.9557522123893806,294,404,648,675,844,678,0.9620873294670308,35.2,0.128,1.0,2.023534021645901e-06,2.1249998098937795e-06,2.8801004646084e-06,1.0875000043597538e-05
asymmetric,RoundRobin,1010,1.0,3.0,B1-a,0,0.0,none,0,B,0.4207407407407407,0.4719904648390942,0.9605263157894736,284,396,657,675,839,684,0.9662777129521588,35.62857142857142,0.09,1.0,1.971164001588477e-06,2.145500275219092e-06,2.877050064853391e-06,4.665999767894391e-06
asymmetric,RoundRobin,1011,1.0,3.0,B1-a,0,0.0,none,0,B,0.4304538799414348,0.4669073405535499,0.9538002980625933,294,388,640,683,831,671,0.966118008736456,35.57142857142856,0.06,1.0,2.0034540066262705e-06,2.1249998098937795e-06,2.8340000426396728e-06,9.001000762509648e-06
asymmetric,RoundRobin,1012,1.0,3.0,B1-a,0,0.0,none,0,B,0.4104803493449782,0.4761336515513126,0.9622356495468278,282,399,637,687,838,662,0.973163910471065,35.599999999999994,0.064,1.0,1.9603980126703392e-06,2.0830002540606074e-06,2.8330005079624243e-06,1.4917000044079032e-05
asymmetric,RoundRobin,1013,1.0,3.0,B1-a,0,0.0,none,0,B,0.4178885630498534,0.4746760895170789,0.9620991253644317,285,403,660,682,849,686,0.9690830946378648,35.74285714285713,0.078,1.0,1.921708004374523e-06,2.0830002540606074e-06,2.6249999791616574e-06,3.792000825342257e-06
asymmetric,RoundRobin,1014,1.0,3.0,B1-a,0,0.0,none,0,B,0.4194977843426883,0.4721233689205219,0.9540059347181008,284,398,643,677,843,674,0.968113098606519,35.7142857142857,-0.056,1.0,1.9729500036191896e-06,2.042000232904684e-06,2.878000441342008e-06,9.250000402971637e-06
asymmetric,RoundRobin,1015,1.0,3.0,B1-a,0,0.0,none,0,B,0.4277372262773722,0.4756242568370987,0.9583975346687212,293,400,622,685,841,649,0.9650714187296192,35.68571428571428,0.092,1.0,1.892314016004093e-06,2.0415000108187087e-06,2.666049977051443e-06,8.875000276020728e-06
asymmetric,RoundRobin,1016,1.0,3.0,B1-a,0,0.0,none,0,B,0.4175182481751824,0.4875444839857651,0.9592760180995475,286,411,636,685,843,663,0.9725195243296428,35.22857142857142,0.044,1.0,2.091281998218619e-06,2.208000296377577e-06,3.0030496418476088e-06,1.1000000085914508e-05
asymmetric,RoundRobin,1017,1.0,3.0,B1-a,0,0.0,none,0,B,0.4158125915080527,0.4842840512223516,0.9613670133729568,284,416,647,683,859,673,0.969515412287508,35.97142857142857,0.014,1.0,2.1117859996593325e-06,2.165999831049703e-06,3.044099685212129e-06,2.716699964366853e-05
asymmetric,RoundRobin,1018,1.0,3.0,B1-a,0,0.0,none,0,B,0.4177583697234352,0.4707985697258641,0.9606413994169096,287,395,659,687,839,686,0.9716190867744172,35.74285714285714,0.002,1.0,2.019791996644926e-06,2.1670002752216533e-06,2.7101004434371115e-06,4.625000656233169e-06
asymmetric,RoundRobin,1019,1.0,3.0,B1-a,0,0.0,none,0,B,0.4298375184638109,0.4767441860465116,0.9616519174041298,291,410,652,677,860,678,0.9631508340002648,35.71428571428571,0.044,1.0,2.072665989544476e-06,2.1670002752216533e-06,2.916050061685382e-06,1.0875000043597538e-05
asymmetric,RoundRobin,1020,1.0,3.0,B1-a,0,0.0,none,0,B,0.4366812227074236,0.4772727272727273,0.9643916913946587,300,399,650,687,836,674,0.9660105601154396,34.999999999999986,0.164,1.0,1.999532003537752e-06,2.165999831049703e-06,2.83304962067632e-06,9.04199987417087e-06
asymmetric,RoundRobin,1021,1.0,3.0,B1-a,0,0.0,none,0,B,0.43026706231454,0.4792899408284023,0.9560283687943264,290,405,674,674,845,705,0.9642346965769006,35.37142857142857,0.114,1.0,2.0419000138645062e-06,2.125000719388481e-06,2.91600008495152e-06,8.125000022118911e-06
asymmetric,RoundRobin,1022,1.0,3.0,B1-a,0,0.0,none,0,B,0.4227886056971514,0.4711538461538461,0.9588068181818182,282,392,675,667,832,704,0.9626246817258052,35.42857142857142,0.014,1.0,2.0812879938603147e-06,2.1670002752216533e-06,2.8750000637955964e-06,2.0834000679315068e-05
asymmetric,RoundRobin,1023,1.0,3.0,B1-a,0,0.0,none,0,B,0.4309559939301973,0.4709443099273607,0.9506531204644412,284,389,655,659,826,689,0.960419155174286,34.94285714285713,0.004,1.0,2.013210012592026e-06,2.1250002646411303e-06,2.835100485754081e-06,7.375000677711796e-06
asymmetric,RoundRobin,1024,1.0,3.0,B1-a,0,0.0,none,0,B,0.4077809798270893,0.4841363102232667,0.9567164179104478,283,412,641,694,851,670,0.974951593913388,36.02857142857142,0.02,1.0,2.1089659985591423e-06,2.2089998310548253e-06,3.000000106112566e-06,1.1416999768698588e-05
asymmetric,RoundRobin,1025,1.0,3.0,B1-a,0,0.0,none,0,B,0.4264487369985141,0.4696601941747573,0.9576642335766424,287,387,656,673,824,685,0.966173132556932,35.1142857142857,0.014,1.0,1.9720380078069868e-06,2.1249998098937795e-06,2.7520500225364214e-06,4.042000000481494e-06
asymmetric,RoundRobin,1026,1.0,3.0,B1-a,0,0.0,none,0,B,0.4211309523809524,0.4780545670225385,0.9543446244477172,283,403,648,672,843,679,0.9642184202045656,35.48571428571427,0.034,1.0,2.0187840000289724e-06,2.1249998098937795e-06,2.7941004645981574e-06,2.925100034190109e-05
asymmetric,RoundRobin,1027,1.0,3.0,B1-a,0,0.0,none,0,B,0.42143906020558,0.4697336561743341,0.956845238095238,287,388,643,681,826,672,0.9702749375670482,35.42857142857142,0.052,1.0,2.041724001173861e-06,2.1670002752216533e-06,2.8360500436974672e-06,1.1000000085914508e-05
asymmetric,RoundRobin,1028,1.0,3.0,B1-a,0,0.0,none,0,B,0.4156804733727811,0.4870892018779342,0.9558173784977908,281,415,649,676,852,679,0.9671247848065494,35.54285714285713,0.022,1.0,2.084441995975794e-06,2.1670002752216533e-06,2.8750000637955964e-06,1.6292000509565696e-05
asymmetric,RoundRobin,1029,1.0,3.0,B1-a,0,0.0,none,0,B,0.4291970802919708,0.4661921708185053,0.9539375928677564,294,393,642,685,843,673,0.964370125940558,35.85714285714285,0.086,1.0,1.9666940042952774e-06,2.083999788737856e-06,2.7090000003227037e-06,5.832999704580288e-06
asymmetric,RoundRobin,1000,1.0,3.0,B1-b,0,0.0,none,0,B,0.4345238095238095,0.4675480769230769,0.9583333333333334,292,389,621,672,832,648,0.9581855874162936,35.39999999999999,0.132,1.0,2.0793440107809147e-06,2.1669993657269515e-06,2.838150021489124e-06,1.583399989613099e-05
asymmetric,RoundRobin,1001,1.0,3.0,B1-b,0,0.0,none,0,B,0.417298937784522,0.4720194647201946,0.9598811292719168,275,388,646,659,822,673,0.963718334048948,35.02857142857142,-0.076,1.0,2.0426300397957675e-06,2.1669993657269515e-06,2.8330005079624243e-06,2.154200046788901e-05
asymmetric,RoundRobin,1002,1.0,3.0,B1-b,0,0.0,none,0,B,0.4279346210995542,0.4691656590084643,0.9590288315629742,288,388,632,673,827,659,0.9653024198927456,35.11428571428571,0.078,1.0,2.08962401120516e-06,2.166000740544405e-06,2.877100041587253e-06,2.479200065863552e-05
asymmetric,RoundRobin,1003,1.0,3.0,B1-b,0,0.0,none,0,B,0.4113263785394933,0.4743742550655542,0.9571639586410636,276,398,648,671,839,677,0.9676571108903218,35.34285714285713,-0.036,1.0,2.0078639990970258e-06,2.1249998098937795e-06,2.7110500013804978e-06,9.33399951463798e-06
asymmetric,RoundRobin,1004,1.0,3.0,B1-b,0,0.0,none,0,B,0.4287812041116006,0.4714459295261239,0.9615384615384616,292,388,650,681,823,676,0.9670012495526836,35.28571428571428,0.072,1.0,1.956850002898136e-06,2.1249998098937795e-06,2.754150000328078e-06,8.875000276020728e-06
asymmetric,RoundRobin,1005,1.0,3.0,B1-b,0,0.0,none,0,B,0.4202682563338301,0.4728588661037394,0.9615384615384616,282,392,650,671,829,676,0.9678472450561324,35.28571428571428,0.004,1.0,1.959930013981648e-06,2.083500021399232e-06,2.7910500193684127e-06,8.832999810692854e-06
asymmetric,RoundRobin,1006,1.0,3.0,B1-b,0,0.0,none,0,B,0.4170337738619677,0.4728132387706856,0.9589442815249268,284,400,654,681,846,682,0.9660641793110852,36.02857142857142,0.03,1.0,2.024851990427124e-06,2.083999788737856e-06,2.83304962067632e-06,1.0125000699190425e-05
asymmetric,RoundRobin,1007,1.0,3.0,B1-b,0,0.0,none,0,B,0.4067547723935389,0.4752358490566037,0.9565868263473054,277,403,639,681,848,668,0.9710509121978188,36.17142857142856,-0.064,1.0,2.0830959838349373e-06,2.1670002752216533e-06,2.9590000849566422e-06,1.541700021334691e-05
asymmetric,RoundRobin,1008,1.0,3.0,B1-b,0,0.0,none,0,B,0.4360902255639097,0.4682151589242054,0.9607843137254902,290,383,637,665,818,663,0.9607928849091708,34.82857142857142,0.028,1.0,1.94086400915694e-06,2.0830002540606074e-06,2.7940496238443283e-06,1.1625999832176603e-05
asymmetric,RoundRobin,1009,1.0,3.0,B1-b,0,0.0,none,0,B,0.4407796101949025,0.4768133174791914,0.9552238805970148,294,401,640,667,841,670,0.9575596816976129,34.97142857142857,0.128,1.0,1.970356030142284e-06,2.1249998098937795e-06,2.7520999992702835e-06,1.3875999684387352e-05
asymmetric,RoundRobin,1010,1.0,3.0,B1-b,0,0.0,none,0,B,0.4257871064467766,0.4701670644391408,0.9600591715976332,284,394,649,667,838,676,0.9626246817258052,35.45714285714285,0.09,1.0,2.0838739910686853e-06,2.166000740544405e-06,3.08510057038802e-06,1.1250000170548446e-05
asymmetric,RoundRobin,1011,1.0,3.0,B1-b,0,0.0,none,0,B,0.4349112426035503,0.463680387409201,0.9531722054380664,294,383,631,676,826,662,0.96244682411618,35.37142857142857,0.06,1.0,1.9769460268435067e-06,2.083999788737856e-06,2.832999643942457e-06,7.417000233544968e-06
asymmetric,RoundRobin,1012,1.0,3.0,B1-b,0,0.0,none,0,B,0.4134897360703812,0.4755077658303465,0.961890243902439,282,398,631,682,837,656,0.9708850012417624,35.457142857142856,0.064,1.0,2.031619995250367e-06,2.1669993657269515e-06,2.9169996196287684e-06,4.292000085115433e-06
asymmetric,RoundRobin,1013,1.0,3.0,B1-b,0,0.0,none,0,B,0.4209748892171344,0.4728132387706856,0.9617083946980854,285,400,653,677,846,679,0.9666237135741405,35.599999999999994,0.078,1.0,2.0367100260045846e-06,2.1250002646411303e-06,2.9169996196287684e-06,1.1791999895649496e-05
asymmetric,RoundRobin,1014,1.0,3.0,B1-b,0,0.0,none,0,B,0.4226190476190476,0.4714964370546318,0.9535928143712576,284,397,637,672,842,668,0.9656076522828652,35.57142857142856,-0.056,1.0,2.0373699935589685e-06,2.1670002752216533e-06,2.8750000637955964e-06,1.1625000297499357e-05
asymmetric,RoundRobin,1015,1.0,3.0,B1-b,0,0.0,none,0,B,0.4321533923303834,0.4731182795698925,0.958139534883721,293,396,618,678,837,645,0.961356317759891,35.48571428571427,0.092,1.0,1.945859981788089e-06,2.042000232904684e-06,2.755099558271464e-06,3.750000360014383e-06
asymmetric,RoundRobin,1016,1.0,3.0,B1-b,0,0.0,none,0,B,0.4230769230769231,0.4851013110846245,0.958904109589041,286,407,630,676,839,657,0.9682302161704563,34.97142857142857,0.044,1.0,1.9277239862276475e-06,2.042000232904684e-06,2.666999534994829e-06,1.1791999895649496e-05
asymmetric,RoundRobin,1017,1.0,3.0,B1-b,0,0.0,none,0,B,0.4213649851632047,0.4813084112149532,0.9611360239162928,284,412,643,674,856,669,0.9655834835101552,35.771428571428565,0.014,1.0,1.970269999219454e-06,2.083500021399232e-06,2.797250044750393e-06,1.1500000255182384e-05
asymmetric,RoundRobin,1018,1.0,3.0,B1-b,0,0.0,none,0,B,0.422680412371134,0.4651442307692308,0.9602941176470589,287,387,653,679,832,680,0.9683022974467026,35.57142857142856,0.002,1.0,2.0738100047310583e-06,2.1670002752216533e-06,2.7910000426345505e-06,1.833300029829843e-05
asymmetric,RoundRobin,1019,1.0,3.0,B1-b,0,0.0,none,0,B,0.4343283582089552,0.4737456242707117,0.9613095238095238,291,406,646,670,857,672,0.9598835347212112,35.57142857142856,0.044,1.0,2.02702001297439e-06,2.1249998098937795e-06,2.8750000637955964e-06,1.412499932484934e-05
asymmetric,RoundRobin,1020,1.0,3.0,B1-b,0,0.0,none,0,B,0.4392386530014641,0.4753901560624249,0.963855421686747,300,396,640,683,833,664,0.963906157511876,34.88571428571427,0.164,1.0,1.966958025150234e-06,2.1249998098937795e-06,2.8360500436974672e-06,3.499999365885742e-06
asymmetric,RoundRobin,1021,1.0,3.0,B1-b,0,0.0,none,0,B,0.4341317365269461,0.4780545670225385,0.9556509298998568,290,403,668,668,843,699,0.960984747123361,35.19999999999999,0.114,1.0,1.931900023919297e-06,2.0830002540606074e-06,2.7080495783593506e-06,8.167000487446785e-06
asymmetric,RoundRobin,1022,1.0,3.0,B1-b,0,0.0,none,0,B,0.4266263237518911,0.4692400482509047,0.9584527220630372,282,389,669,661,829,698,0.9593084383749364,35.257142857142846,0.014,1.0,2.0542739584925583e-06,2.125000719388481e-06,2.957999640784692e-06,1.425099981133826e-05
asymmetric,RoundRobin,1023,1.0,3.0,B1-b,0,0.0,none,0,B,0.4369230769230769,0.4678007290400972,0.9501466275659824,284,385,648,650,823,682,0.9557427258805512,34.74285714285713,0.004,1.0,2.000465994569822e-06,2.1249998098937795e-06,2.752049977061686e-06,1.2542000149551312e-05
asymmetric,RoundRobin,1024,1.0,3.0,B1-b,0,0.0,none,0,B,0.4113372093023256,0.4817432273262662,0.9563253012048192,283,409,635,688,849,664,0.9727828005217768,35.91428571428571,0.02,1.0,2.01738002942875e-06,2.1249998098937795e-06,2.916050061685382e-06,1.0500000826141331e-05
asymmetric,RoundRobin,1025,1.0,3.0,B1-b,0,0.0,none,0,B,0.4296407185628742,0.4677222898903775,0.9573529411764706,287,384,651,668,821,680,0.9635437576774426,34.97142857142856,0.014,1.0,2.002523977353121e-06,2.165999831049703e-06,2.791999622786534e-06,1.0667000424291471e-05
asymmetric,RoundRobin,1026,1.0,3.0,B1-b,0,0.0,none,0,B,0.424287856071964,0.4768133174791914,0.9538002980625933,283,401,640,667,841,671,0.9615384615384616,35.34285714285713,0.034,1.0,1.8904599455709104e-06,2.042000232904684e-06,2.627100002428049e-06,8.875000276020728e-06
asymmetric,RoundRobin,1027,1.0,3.0,B1-b,0,0.0,none,0,B,0.4251851851851851,0.4672330097087379,0.956390977443609,287,385,636,675,824,665,0.9678472450561324,35.3142857142857,0.052,1.0,1.8828899937943789e-06,2.0830002540606074e-06,2.54199949267786e-06,3.666000338853337e-06
asymmetric,RoundRobin,1028,1.0,3.0,B1-b,0,0.0,none,0,B,0.4194029850746268,0.4840613931523022,0.9552238805970148,281,410,640,670,847,670,0.9640484934759588,35.37142857142856,0.022,1.0,1.8977840009029024e-06,2.0829993445659056e-06,2.707999601625488e-06,9.875000614556484e-06
asymmetric,RoundRobin,1029,1.0,3.0,B1-b,0,0.0,none,0,B,0.4323529411764706,0.4642857142857143,0.9534534534534534,294,390,635,680,840,666,0.9617193375769748,35.71428571428571,0.086,1.0,1.943870020113536e-06,2.0829993445659056e-06,2.62504995589552e-06,1.633300053072162e-05
asymmetric,RoundRobin,1000,1.0,3.0,B1-c,0,0.0,none,0,B,0.437125748502994,0.463855421686747,0.9580745341614908,292,385,617,668,830,644,0.957029493453247,35.39999999999999,0.122,1.0,2.1941179620625915e-06,2.208000296377577e-06,3.1250001484295358e-06,2.808299996104324e-05
asymmetric,RoundRobin,1001,1.0,3.0,B1-c,0,0.0,none,0,B,0.4176829268292683,0.4695121951219512,0.9597014925373134,274,385,643,656,820,670,0.9631806625658368,35.02857142857142,-0.088,1.0,2.2112260048743337e-06,2.249999852210749e-06,3.169049705320502e-06,1.1916999937966466e-05
asymmetric,RoundRobin,1002,1.0,3.0,B1-c,0,0.0,none,0,B,0.4283582089552238,0.4691656590084643,0.9588414634146342,287,388,629,670,827,656,0.9642511717878134,35.05714285714285,0.07,1.0,2.6567959757812787e-06,2.291999408043921e-06,3.335100609547224e-06,0.0001627109995752
asymmetric,RoundRobin,1003,1.0,3.0,B1-c,0,0.0,none,0,B,0.4129129129129129,0.4700956937799043,0.956973293768546,275,393,645,666,836,674,0.9666539918393612,35.34285714285713,-0.052,1.0,2.0476100289670283e-06,2.165999831049703e-06,2.958050527013256e-06,5.333999979484361e-06
asymmetric,RoundRobin,1004,1.0,3.0,B1-c,0,0.0,none,0,B,0.4298375184638109,0.4689403166869671,0.9613670133729568,291,385,647,677,821,673,0.9659837103432842,35.257142857142846,0.064,1.0,2.0147960167378188e-06,2.165999831049703e-06,2.712150444494906e-06,1.1000000085914508e-05
asymmetric,RoundRobin,1005,1.0,3.0,B1-c,0,0.0,none,0,B,0.4200298953662182,0.4710144927536231,0.9612518628912072,281,390,645,669,828,671,0.9678472450561324,35.31428571428571,-0.004,1.0,1.984857990464661e-06,2.1249998098937795e-06,2.7090000003227037e-06,1.06249999589636e-05
asymmetric,RoundRobin,1006,1.0,3.0,B1-c,0,0.0,none,0,B,0.4174041297935103,0.4703791469194313,0.9587628865979382,283,397,651,678,844,679,0.9655595998935766,36.02857142857142,0.022,1.0,2.0337000059953425e-06,2.1249998098937795e-06,2.79405044238956e-06,9.624999620427843e-06
asymmetric,RoundRobin,1007,1.0,3.0,B1-c,0,0.0,none,0,B,0.4091580502215657,0.4722550177095632,0.956390977443609,277,400,636,677,847,665,0.970126411974101,36.17142857142856,-0.074,1.0,2.227964027042617e-06,2.2920003175386228e-06,3.1250001484295358e-06,9.583000064594673e-06
asymmetric,RoundRobin,1008,1.0,3.0,B1-c,0,0.0,none,0,B,0.4365558912386706,0.4656019656019656,0.9606656580937972,289,379,635,662,814,661,0.9596579987063352,34.771428571428565,0.024,1.0,2.0452280041354243e-06,2.1249998098937795e-06,3.041999661945738e-06,1.183299991680542e-05
asymmetric,RoundRobin,1009,1.0,3.0,B1-c,0,0.0,none,0,B,0.4419306184012066,0.4743742550655542,0.954954954954955,293,398,636,663,839,666,0.9563784119930688,34.942857142857136,0.116,1.0,1.893868009574362e-06,2.042000232904684e-06,2.6249999791616574e-06,1.225100004376145e-05
asymmetric,RoundRobin,1010,1.0,3.0,B1-c,0,0.0,none,0,B,0.4270676691729323,0.4688995215311005,0.9598811292719168,284,392,646,665,836,673,0.9615384615384616,35.39999999999999,0.086,1.0,2.009027992244228e-06,2.166000740544405e-06,2.754150000328078e-06,5.208999937167391e-06
asymmetric,RoundRobin,1011,1.0,3.0,B1-c,0,0.0,none,0,B,0.4353640416047548,0.4624697336561743,0.952959028831563,293,382,628,673,826,659,0.9619034041640088,35.37142857142857,0.056,1.0,2.0320659950812114e-06,2.1249998098937795e-06,3.127100126221192e-06,8.084000000962988e-06
asymmetric,RoundRobin,1012,1.0,3.0,B1-c,0,0.0,none,0,B,0.413235294117647,0.4730538922155688,0.9617737003058104,281,395,629,680,835,654,0.9708850012417624,35.48571428571427,0.06,1.0,3.704007975102286e-06,2.3329994291998446e-06,3.3329997677356005e-06,0.0006985969994275
asymmetric,RoundRobin,1013,1.0,3.0,B1-c,0,0.0,none,0,B,0.4207407407407407,0.4710059171597633,0.9614243323442137,284,398,648,675,845,674,0.9666237135741405,35.62857142857142,0.074,1.0,2.367561995924916e-06,2.3749998945277184e-06,3.4589993902045533e-06,9.082999895326791e-06
asymmetric,RoundRobin,1014,1.0,3.0,B1-c,0,0.0,none,0,B,0.4238805970149253,0.4684147794994041,0.9534534534534534,284,393,635,670,839,666,0.9650926262259354,35.57142857142856,-0.058,1.0,2.1978599834255874e-06,2.270999630127335e-06,3.086050128331406e-06,9.250000402971637e-06
asymmetric,RoundRobin,1015,1.0,3.0,B1-c,0,0.0,none,0,B,0.4338781575037147,0.4694610778443114,0.9578783151326054,292,392,614,673,835,641,0.9602523410604632,35.48571428571427,0.076,1.0,2.0476360277825733e-06,2.125000719388481e-06,3.0021000839042225e-06,8.584000170230865e-06
asymmetric,RoundRobin,1016,1.0,3.0,B1-c,0,0.0,none,0,B,0.4247391952309985,0.4821002386634845,0.9586523736600306,285,404,626,671,838,653,0.9672252813023702,34.97142857142857,0.028,1.0,1.994023979932536e-06,2.1249998098937795e-06,2.750000021478627e-06,9.250999937648883e-06
asymmetric,RoundRobin,1017,1.0,3.0,B1-c,0,0.0,none,0,B,0.4238805970149253,0.4783118405627198,0.9609022556390976,284,408,639,670,853,665,0.9640333790528002,35.7142857142857,0.004,1.0,2.057932018942665e-06,2.166000285797054e-06,2.7940496238443283e-06,2.2541999896930065e-05
asymmetric,RoundRobin,1018,1.0,3.0,B1-c,0,0.0,none,0,B,0.4237037037037037,0.4620024125452352,0.9601181683899556,286,383,650,675,829,677,0.9673134250300716,35.54285714285714,-0.006,1.0,2.131648019712884e-06,2.1670002752216533e-06,3.0020501071703603e-06,1.2833000255341176e-05
asymmetric,RoundRobin,1019,1.0,3.0,B1-c,0,0.0,none,0,B,0.4347826086956521,0.4725146198830409,0.9610194902548724,290,404,641,667,855,667,0.9587563785575254,35.51428571428571,0.036,1.0,2.235924002889078e-06,2.271000084874686e-06,3.1250001484295358e-06,1.0708999980124643e-05
asymmetric,RoundRobin,1020,1.0,3.0,B1-c,0,0.0,none,0,B,0.4397058823529411,0.4729241877256318,0.9636363636363636,299,393,636,680,831,660,0.9633679342983068,34.88571428571427,0.16,1.0,2.079311991110444e-06,2.187499831052264e-06,2.877100041587253e-06,3.834000381175429e-06
asymmetric,RoundRobin,1021,1.0,3.0,B1-c,0,0.0,none,0,B,0.4332833583208396,0.4780545670225385,0.9554597701149424,289,403,665,667,843,696,0.960984747123361,35.19999999999999,0.112,1.0,2.0538679673336445e-06,2.207999386882875e-06,2.8360500436974672e-06,5.416999556473456e-06
asymmetric,RoundRobin,1022,1.0,3.0,B1-c,0,0.0,none,0,B,0.4279210925644917,0.4673913043478261,0.9583333333333334,282,387,667,659,828,696,0.958738833638599,35.257142857142846,0.012,1.0,1.9632479925348887e-06,2.1249998098937795e-06,2.7110500013804978e-06,7.04200010659406e-06
asymmetric,RoundRobin,1023,1.0,3.0,B1-c,0,0.0,none,0,B,0.4380804953560371,0.4652862362971985,0.9498525073746312,283,382,644,646,821,678,0.954523095085838,34.71428571428571,-0.01,1.0,1.8867059789045011e-06,2.042000232904684e-06,2.5829995593085185e-06,5.290999979479238e-06
asymmetric,RoundRobin,1024,1.0,3.0,B1-c,0,0.0,none,0,B,0.4116788321167883,0.4817432273262662,0.9561270801815432,282,409,632,685,849,661,0.9718846252838972,35.857142857142854,0.008,1.0,2.1443200021167286e-06,2.207999386882875e-06,3.041999707420473e-06,8.458999218419194e-06
asymmetric,RoundRobin,1025,1.0,3.0,B1-c,0,0.0,none,0,B,0.4313725490196078,0.4657701711491442,0.9571005917159764,286,381,647,663,818,676,0.9631908521644432,34.85714285714285,-0.002,1.0,2.745325999057968e-06,2.0840006982325576e-06,2.6669995804695644e-06,0.0004119659997741
asymmetric,RoundRobin,1026,1.0,3.0,B1-c,0,0.0,none,0,B,0.4259818731117825,0.4731823599523242,0.953662182361734,282,397,638,662,839,669,0.9604330940331882,35.34285714285713,0.018,1.0,1.9914539843739475e-06,2.1249998098937795e-06,2.7910000426345505e-06,1.1084000107075552e-05
asymmetric,RoundRobin,1027,1.0,3.0,B1-c,0,0.0,none,0,B,0.4262295081967213,0.4647201946472019,0.9561270801815432,286,382,632,671,822,661,0.96684350132626,35.28571428571428,0.048,1.0,2.303280003616237e-06,2.2920003175386228e-06,3.166999704262708e-06,2.074999974865932e-05
asymmetric,RoundRobin,1028,1.0,3.0,B1-c,0,0.0,none,0,B,0.4204204204204204,0.4817001180637544,0.9550898203592816,280,408,638,666,847,668,0.9635193509355436,35.399999999999984,0.008,1.0,2.301875991179258e-06,2.3749998945277184e-06,3.252100168538161e-06,2.333399970666505e-05
asymmetric,RoundRobin,1029,1.0,3.0,B1-c,0,0.0,none,0,B,0.4321533923303834,0.4630952380952381,0.9531013615733736,293,389,630,678,840,661,0.9617193375769748,35.74285714285713,0.082,1.0,2.2298080039036e-06,2.249999852210749e-06,3.208050611647195e-06,1.1332999747537542e-05
asymmetric,RoundRobin,1000,1.0,3.0,B1-d,0,0.0,none,0,B,0.4368650217706821,0.4727488151658768,0.9598811292719168,301,399,646,689,844,673,0.9636789159274872,35.74285714285713,0.152,1.0,2.21368999882543e-06,2.208500063716201e-06,3.166999704262708e-06,2.8626000130316243e-05
asymmetric,RoundRobin,1001,1.0,3.0,B1-d,0,0.0,none,0,B,0.4182621502209131,0.4759036144578313,0.961038961038961,284,395,666,679,830,693,0.9697986577181208,35.399999999999984,-0.04,1.0,2.0706479881482665e-06,2.207999386882875e-06,2.916050061685382e-06,9.999999747378752e-06
asymmetric,RoundRobin,1002,1.0,3.0,B1-d,0,0.0,none,0,B,0.4244186046511627,0.4804733727810651,0.9601181683899556,292,406,650,688,845,677,0.970746625503418,35.42857142857142,0.048,1.0,1.99895601690514e-06,2.125000719388481e-06,2.791999577311799e-06,9.124999451159964e-06
asymmetric,RoundRobin,1003,1.0,3.0,B1-d,0,0.0,none,0,B,0.417027417027417,0.4758539458186101,0.9583333333333334,289,404,667,693,849,696,0.97220583564006,35.82857142857142,0.04,1.0,2.050428021902917e-06,2.1670002752216533e-06,2.7982504889223434e-06,7.874999937484972e-06
asymmetric,RoundRobin,1004,1.0,3.0,B1-d,0,0.0,none,0,B,0.4295874822190612,0.4790919952210274,0.962589928057554,302,401,669,703,837,695,0.973163910471065,35.68571428571428,0.124,1.0,2.074060028462554e-06,2.1670002752216533e-06,2.8360500436974672e-06,1.3042000318819191e-05
asymmetric,RoundRobin,1005,1.0,3.0,B1-d,0,0.0,none,0,B,0.420899854862119,0.477326968973747,0.962589928057554,290,400,669,689,838,695,0.9730368425135542,35.62857142857142,0.022,1.0,2.4962300067272736e-06,2.208000296377577e-06,5.673250507243205e-06,1.141600023402134e-05
asymmetric,RoundRobin,1006,1.0,3.0,B1-d,0,0.0,none,0,B,0.4173789173789173,0.4771929824561403,0.9598278335724534,293,408,669,702,855,697,0.9722168638841276,36.42857142857142,0.062,1.0,2.1398860117187725e-06,2.2089998310548253e-06,2.919049620686563e-06,8.457999683741946e-06
asymmetric,RoundRobin,1007,1.0,3.0,B1-d,0,0.0,none,0,B,0.4140401146131805,0.4808362369337979,0.9580318379160636,289,414,662,698,861,691,0.9741491632807658,36.42857142857142,0.006,1.0,2.066225977614522e-06,2.187499831052264e-06,2.958000550279394e-06,7.624999852851033e-06
asymmetric,RoundRobin,1008,1.0,3.0,B1-d,0,0.0,none,0,B,0.434654919236417,0.4717208182912154,0.9618768328445748,296,392,656,681,831,682,0.9647596025499232,35.34285714285713,0.06,1.0,2.204987997174612e-06,2.249999852210749e-06,3.1250001484295358e-06,1.3833000593876932e-05
asymmetric,RoundRobin,1009,1.0,3.0,B1-d,0,0.0,none,0,B,0.4416909620991253,0.48,0.9565846599131692,303,408,661,686,850,691,0.9633455886671444,35.37142857142857,0.172,1.0,2.1221239931037417e-06,2.1670002752216533e-06,3.04200057144044e-06,9.999999747378752e-06
asymmetric,RoundRobin,1010,1.0,3.0,B1-d,0,0.0,none,0,B,0.4244186046511627,0.4746162927981109,0.96137339055794,292,402,672,688,847,699,0.9688943167940016,35.88571428571427,0.11,1.0,2.0312240212660983e-06,2.1260002540657297e-06,2.79405044238956e-06,4.374999662104528e-06
asymmetric,RoundRobin,1011,1.0,3.0,B1-d,0,0.0,none,0,B,0.4386724386724386,0.4665071770334928,0.9547445255474452,304,390,654,693,836,685,0.9659309655287336,35.74285714285713,0.116,1.0,2.0027899936394533e-06,2.1249998098937795e-06,2.79405044238956e-06,7.5420002758619376e-06
asymmetric,RoundRobin,1012,1.0,3.0,B1-d,0,0.0,none,0,B,0.4161931818181818,0.4776470588235294,0.96301775147929,293,406,651,704,850,676,0.974951593913388,36.05714285714285,0.124,1.0,2.014262017837609e-06,2.166500053135678e-06,2.835099621734114e-06,3.957999979320448e-06
asymmetric,RoundRobin,1013,1.0,3.0,B1-d,0,0.0,none,0,B,0.4218077474892396,0.479020979020979,0.9628040057224606,294,411,673,697,858,699,0.9723359209597742,35.97142857142857,0.1,1.0,1.9570339882193368e-06,2.0830002540606074e-06,2.750000021478627e-06,8.25000006443588e-06
asymmetric,RoundRobin,1014,1.0,3.0,B1-d,0,0.0,none,0,B,0.4231884057971014,0.4734356552538371,0.9553956834532374,292,401,664,690,847,695,0.9709687128218089,35.914285714285704,-0.004,1.0,2.054771974144387e-06,2.166500053135678e-06,2.8750000637955964e-06,1.0167000255023597e-05
asymmetric,RoundRobin,1015,1.0,3.0,B1-d,0,0.0,none,0,B,0.4298118668596237,0.4782096584216725,0.9594594594594594,297,406,639,691,849,666,0.967092069279854,35.85714285714285,0.092,1.0,1.993297988519771e-06,2.1249998098937795e-06,2.794050487864295e-06,7.583000297017861e-06
asymmetric,RoundRobin,1016,1.0,3.0,B1-d,0,0.0,none,0,B,0.4250720461095101,0.4851720047449585,0.9598811292719168,295,409,646,694,843,673,0.9734218639257768,35.34285714285713,0.072,1.0,1.957722000952344e-06,2.0830002540606074e-06,2.6690504455473257e-06,1.0417000339657534e-05
asymmetric,RoundRobin,1017,1.0,3.0,B1-d,0,0.0,none,0,B,0.4258992805755395,0.4825581395348837,0.9622641509433962,296,415,663,695,860,689,0.9704533253886388,36.08571428571428,0.096,1.0,2.1787279856653187e-06,2.1670002752216533e-06,3.168150169585713e-06,1.0208999810856769e-05
asymmetric,RoundRobin,1018,1.0,3.0,B1-d,0,0.0,none,0,B,0.425287356321839,0.4703087885985748,0.9612625538020086,296,396,670,696,842,697,0.9725261286882332,35.857142857142854,0.044,1.0,2.078981957311044e-06,2.208000296377577e-06,2.9190505301812647e-06,3.957999979320448e-06
asymmetric,RoundRobin,1019,1.0,3.0,B1-d,0,0.0,none,0,B,0.432510885341074,0.476300578034682,0.9622641509433962,298,412,663,689,865,689,0.9655595998935766,36.02857142857142,0.07,1.0,2.021116022660862e-06,2.1260002540657297e-06,2.832999643942457e-06,1.1125000128231475e-05
asymmetric,RoundRobin,1020,1.0,3.0,B1-d,0,0.0,none,0,B,0.4398868458274398,0.4781065088757396,0.9647577092511012,311,404,657,707,845,681,0.9699417273069898,35.48571428571427,0.244,1.0,2.1139660111657576e-06,2.125000719388481e-06,3.000000106112566e-06,2.420900000288384e-05
asymmetric,RoundRobin,1021,1.0,3.0,B1-d,0,0.0,none,0,B,0.4318840579710145,0.4841735052754982,0.9569444444444444,298,413,689,690,853,720,0.9683022974467026,35.599999999999994,0.148,1.0,2.0449859748623567e-06,2.165999831049703e-06,2.8340000426396728e-06,1.1125000128231475e-05
asymmetric,RoundRobin,1022,1.0,3.0,B1-d,0,0.0,none,0,B,0.4310850439882698,0.4731823599523242,0.9591549295774648,294,397,681,682,839,710,0.9643871597860544,35.62857142857142,0.082,1.0,2.265691999127739e-06,2.333999873371795e-06,3.12705014948733e-06,1.1457999789854512e-05
asymmetric,RoundRobin,1023,1.0,3.0,B1-d,0,0.0,none,0,B,0.4417910447761194,0.464839094159714,0.9516358463726884,296,390,669,670,839,703,0.9572326179353596,35.6,0.078,1.0,2.176873987991712e-06,2.249999852210749e-06,3.002100129378957e-06,9.082999895326791e-06
asymmetric,RoundRobin,1024,1.0,3.0,B1-d,0,0.0,none,0,B,0.4105113636363636,0.4871794871794871,0.9576023391812866,289,418,655,704,858,684,0.9770127168396596,36.2,0.032,1.0,2.204652015279862e-06,2.208000296377577e-06,3.08510057038802e-06,1.0541999472479802e-05
asymmetric,RoundRobin,1025,1.0,3.0,B1-d,0,0.0,none,0,B,0.4283625730994152,0.4745762711864407,0.9586894586894588,293,392,673,684,826,702,0.9713254041988596,35.085714285714275,0.008,1.0,2.02505398010544e-06,2.1669993657269515e-06,2.8750000637955964e-06,7.999999979801942e-06
asymmetric,RoundRobin,1026,1.0,3.0,B1-d,0,0.0,none,0,B,0.4289855072463768,0.4776470588235294,0.9550072568940492,296,406,658,690,850,689,0.967092069279854,35.85714285714285,0.094,1.0,1.978790003704489e-06,2.083999788737856e-06,2.79405044238956e-06,1.0542000381974503e-05
asymmetric,RoundRobin,1027,1.0,3.0,B1-d,0,0.0,none,0,B,0.4318507890961262,0.4677804295942721,0.9572901325478644,301,392,650,697,838,679,0.9701753589595916,35.94285714285713,0.162,1.0,1.9760419800149976e-06,2.1249998098937795e-06,2.6249999791616574e-06,1.0834000022441614e-05
asymmetric,RoundRobin,1028,1.0,3.0,B1-d,0,0.0,none,0,B,0.4194484760522496,0.4889406286379511,0.956772334293948,289,420,664,689,859,694,0.970504059674657,35.79999999999998,0.026,1.0,1.9540280118235387e-06,2.1249998098937795e-06,2.754150000328078e-06,3.875000402331352e-06
asymmetric,RoundRobin,1029,1.0,3.0,B1-d,0,0.0,none,0,B,0.4308131241084165,0.4718969555035129,0.9544787077826724,302,403,650,701,854,681,0.9688521554179376,36.14285714285713,0.11,1.0,2.007991995924385e-06,2.1249998098937795e-06,2.750000021478627e-06,8.125000022118911e-06
asymmetric,RoundRobin,1000,1.0,3.0,B1-e,0,0.0,none,0,B,0.4300441826215022,0.4700956937799043,0.9587155963302753,292,393,627,679,836,654,0.9620806241872562,35.599999999999994,0.132,1.0,1.9857599636452505e-06,2.1249998098937795e-06,2.8340000426396728e-06,3.624999408202712e-06
asymmetric,RoundRobin,1001,1.0,3.0,B1-e,0,0.0,none,0,B,0.4141566265060241,0.4745762711864407,0.960352422907489,275,392,654,664,826,681,0.9663345548826044,35.17142857142856,-0.076,1.0,1.928941981532261e-06,2.083500021399232e-06,2.707999556150753e-06,8.9169998318539e-06
asymmetric,RoundRobin,1002,1.0,3.0,B1-e,0,0.0,none,0,B,0.4235294117647059,0.4729241877256318,0.9596412556053812,288,393,642,680,831,669,0.9683420795865088,35.257142857142846,0.078,1.0,2.02788599744963e-06,2.165999831049703e-06,2.923250531239313e-06,9.000000318337698e-06
asymmetric,RoundRobin,1003,1.0,3.0,B1-e,0,0.0,none,0,B,0.408284023668639,0.4762470308788598,0.9576642335766424,276,401,656,676,842,685,0.9700837930795688,35.48571428571427,-0.036,1.0,2.0415299804881216e-06,2.1670002752216533e-06,2.7940996005781905e-06,3.750999894691631e-06
asymmetric,RoundRobin,1004,1.0,3.0,B1-e,0,0.0,none,0,B,0.4238026124818577,0.4739393939393939,0.9618208516886932,292,391,655,689,825,681,0.9704156479217604,35.45714285714285,0.072,1.0,2.127795994965709e-06,2.208000296377577e-06,3.000000106112566e-06,1.2999999853491316e-05
asymmetric,RoundRobin,1005,1.0,3.0,B1-e,0,0.0,none,0,B,0.4153166421207658,0.4747596153846153,0.9619883040935672,282,395,658,679,832,684,0.9716763005780348,35.51428571428571,0.004,1.0,2.150017982785357e-06,2.2089998310548253e-06,3.1250001484295358e-06,1.129200063587632e-05
asymmetric,RoundRobin,1006,1.0,3.0,B1-e,0,0.0,none,0,B,0.4121915820029027,0.4740566037735849,0.9593023255813954,284,402,660,689,848,688,0.9699388175851448,36.257142857142846,0.03,1.0,2.320850033356692e-06,2.3330003386945464e-06,3.2940506116574378e-06,1.1208000614715274e-05
asymmetric,RoundRobin,1007,1.0,3.0,B1-e,0,0.0,none,0,B,0.4043795620437956,0.4770857814336075,0.957037037037037,277,406,646,685,851,675,0.9728473188112668,36.285714285714285,-0.064,1.0,2.133038018655497e-06,2.1670002752216533e-06,3.1249992844095685e-06,6.041000233381055e-06
asymmetric,RoundRobin,1008,1.0,3.0,B1-e,0,0.0,none,0,B,0.43026706231454,0.4707317073170731,0.9611940298507464,290,386,644,674,820,670,0.965135813795548,35.02857142857142,0.028,1.0,2.068141995550832e-06,2.165999831049703e-06,3.000000106112566e-06,1.0583999937807675e-05
asymmetric,RoundRobin,1009,1.0,3.0,B1-e,0,0.0,none,0,B,0.4355555555555555,0.4786729857819905,0.9557522123893806,294,404,648,675,844,678,0.9620873294670308,35.2,0.128,1.0,2.271658024255885e-06,2.2920003175386228e-06,3.207999770893366e-06,1.1459000234026462e-05
asymmetric,RoundRobin,1010,1.0,3.0,B1-e,0,0.0,none,0,B,0.4207407407407407,0.4719904648390942,0.9605263157894736,284,396,657,675,839,684,0.9662777129521588,35.62857142857142,0.09,1.0,2.035361978414585e-06,2.187499831052264e-06,2.7941004645981574e-06,4.083000021637417e-06
asymmetric,RoundRobin,1011,1.0,3.0,B1-e,0,0.0,none,0,B,0.4304538799414348,0.4669073405535499,0.9538002980625933,294,388,640,683,831,671,0.966118008736456,35.57142857142856,0.06,1.0,2.024219982558861e-06,2.166000285797054e-06,2.96104922199447e-06,4.583000190905295e-06
asymmetric,RoundRobin,1012,1.0,3.0,B1-e,0,0.0,none,0,B,0.4104803493449782,0.4761336515513126,0.9622356495468278,282,399,637,687,838,662,0.973163910471065,35.599999999999994,0.064,1.0,2.087918001052458e-06,2.1669998204743024e-06,2.9610500860144367e-06,1.250000059371814e-05
asymmetric,RoundRobin,1013,1.0,3.0,B1-e,0,0.0,none,0,B,0.4178885630498534,0.4746760895170789,0.9620991253644317,285,403,660,682,849,686,0.9690830946378648,35.74285714285713,0.078,1.0,2.1030599891673774e-06,2.1670002752216533e-06,2.957999640784692e-06,1.583399989613099e-05
asymmetric,RoundRobin,1014,1.0,3.0,B1-e,0,0.0,none,0,B,0.4194977843426883,0.4721233689205219,0.9540059347181008,284,398,643,677,843,674,0.968113098606519,35.7142857142857,-0.056,1.0,1.9803919749392664e-06,2.1249998098937795e-06,2.7520500225364214e-06,8.457999683741946e-06
asymmetric,RoundRobin,1015,1.0,3.0,B1-e,0,0.0,none,0,B,0.4277372262773722,0.4756242568370987,0.9583975346687212,293,400,622,685,841,649,0.9650714187296192,35.68571428571428,0.092,1.0,1.979890021175379e-06,2.0830002540606074e-06,2.8340000426396728e-06,1.0000000656873452e-05
asymmetric,RoundRobin,1016,1.0,3.0,B1-e,0,0.0,none,0,B,0.4175182481751824,0.4875444839857651,0.9592760180995475,286,411,636,685,843,663,0.9725195243296428,35.22857142857142,0.044,1.0,1.950704026967287e-06,2.0830002540606074e-06,2.7940496238443283e-06,1.0334000762668438e-05
asymmetric,RoundRobin,1017,1.0,3.0,B1-e,0,0.0,none,0,B,0.4158125915080527,0.4842840512223516,0.9613670133729568,284,416,647,683,859,673,0.969515412287508,35.97142857142857,0.014,1.0,1.9480280025163665e-06,2.0830002540606074e-06,2.750000021478627e-06,9.83399968390586e-06
asymmetric,RoundRobin,1018,1.0,3.0,B1-e,0,0.0,none,0,B,0.4177583697234352,0.4707985697258641,0.9606413994169096,287,395,659,687,839,686,0.9716190867744172,35.74285714285714,0.002,1.0,1.9877999930031363e-06,2.125000719388481e-06,2.708050442379317e-06,7.334000656555872e-06
asymmetric,RoundRobin,1019,1.0,3.0,B1-e,0,0.0,none,0,B,0.4298375184638109,0.4767441860465116,0.9616519174041298,291,410,652,677,860,678,0.9631508340002648,35.71428571428571,0.044,1.0,2.214789959907648e-06,2.2500003069581e-06,3.2940506116574378e-06,1.3875000149710104e-05
asymmetric,RoundRobin,1020,1.0,3.0,B1-e,0,0.0,none,0,B,0.4366812227074236,0.4772727272727273,0.9643916913946587,300,399,650,687,836,674,0.9660105601154396,34.999999999999986,0.164,1.0,2.2733799924026244e-06,2.291500095452648e-06,3.249999326726538e-06,1.062600040313555e-05
asymmetric,RoundRobin,1021,1.0,3.0,B1-e,0,0.0,none,0,B,0.43026706231454,0.4792899408284023,0.9560283687943264,290,405,674,674,845,705,0.9642346965769006,35.37142857142857,0.114,1.0,2.1845720111741686e-06,2.229500296380138e-06,3.1270501040125945e-06,2.408399996056687e-05
asymmetric,RoundRobin,1022,1.0,3.0,B1-e,0,0.0,none,0,B,0.4227886056971514,0.4711538461538461,0.9588068181818182,282,392,675,667,832,704,0.9626246817258052,35.42857142857142,0.014,1.0,2.060371980405762e-06,2.208000296377577e-06,2.8750000637955964e-06,1.1207999705220573e-05
asymmetric,RoundRobin,1023,1.0,3.0,B1-e,0,0.0,none,0,B,0.4309559939301973,0.4709443099273607,0.9506531204644412,284,389,655,659,826,689,0.960419155174286,34.94285714285713,0.004,1.0,1.9598939579736907e-06,2.1249998098937795e-06,2.793100020426207e-06,5.167000381334219e-06
asymmetric,RoundRobin,1024,1.0,3.0,B1-e,0,0.0,none,0,B,0.4077809798270893,0.4841363102232667,0.9567164179104478,283,412,641,694,851,670,0.974951593913388,36.02857142857142,0.02,1.0,1.9839799897454213e-06,2.1249998098937795e-06,2.6702000013756296e-06,1.1249999261053745e-05
asymmetric,RoundRobin,1025,1.0,3.0,B1-e,0,0.0,none,0,B,0.4264487369985141,0.4696601941747573,0.9576642335766424,287,387,656,673,824,685,0.966173132556932,35.1142857142857,0.014,1.0,2.104132014210336e-06,2.125999344571028e-06,3.0021000839042225e-06,1.2041999980283435e-05
asymmetric,RoundRobin,1026,1.0,3.0,B1-e,0,0.0,none,0,B,0.4211309523809524,0.4780545670225385,0.9543446244477172,283,403,648,672,843,679,0.9642184202045656,35.48571428571427,0.034,1.0,2.275240001836209e-06,2.2920003175386228e-06,3.249999281251803e-06,1.366700053040404e-05
asymmetric,RoundRobin,1027,1.0,3.0,B1-e,0,0.0,none,0,B,0.42143906020558,0.4697336561743341,0.956845238095238,287,388,643,681,826,672,0.9702749375670482,35.42857142857142,0.052,1.0,2.096643986078561e-06,2.207999386882875e-06,2.9610500860144367e-06,1.1457999789854512e-05
asymmetric,RoundRobin,1028,1.0,3.0,B1-e,0,0.0,none,0,B,0.4156804733727811,0.4870892018779342,0.9558173784977908,281,415,649,676,852,679,0.9671247848065494,35.54285714285713,0.022,1.0,1.9394840328459398e-06,2.1249998098937795e-06,2.669100422281188e-06,8.9169998318539e-06
asymmetric,RoundRobin,1029,1.0,3.0,B1-e,0,0.0,none,0,B,0.4291970802919708,0.4661921708185053,0.9539375928677564,294,393,642,685,843,673,0.964370125940558,35.85714285714285,0.086,1.0,1.964451981621096e-06,2.1249998098937795e-06,2.666049977051443e-06,6.291999852692243e-06
asymmetric,RoundRobin,1000,1.0,3.0,B2-phase,0,0.0,none,0,B,0.4434250764525994,0.4654498044328553,0.9309791332263242,290,357,580,654,767,623,0.985538745556552,34.42857142857142,0.01,1.0,1.954282006408903e-06,2.0830002540606074e-06,2.960099664051084e-06,1.1916999937966466e-05
asymmetric,RoundRobin,1001,1.0,3.0,B2-phase,0,0.0,none,0,B,0.4316436251920122,0.4792746113989637,0.9413629160063391,281,370,594,651,772,631,0.9897903703256208,33.65714285714286,-0.086,1.0,2.241304006020073e-06,2.229500296380138e-06,3.377050188646533e-06,1.4041999747860244e-05
asymmetric,RoundRobin,1002,1.0,3.0,B2-phase,0,0.0,none,0,B,0.4255952380952381,0.4794871794871795,0.9435483870967742,286,374,585,672,780,620,0.9899229812862288,33.942857142857136,-0.002,1.0,2.215289985542768e-06,2.291999408043921e-06,3.250000190746505e-06,7.626000297022983e-06
asymmetric,RoundRobin,1003,1.0,3.0,B2-phase,0,0.0,none,0,B,0.4239130434782608,0.469309462915601,0.9297709923664124,273,367,609,644,782,655,0.9924953095684804,34.62857142857142,-0.184,1.0,2.2330460196826605e-06,2.3329998839471955e-06,3.211049306628409e-06,1.1875999916810542e-05
asymmetric,RoundRobin,1004,1.0,3.0,B2-phase,0,0.0,none,0,B,0.4327217125382263,0.4736842105263157,0.9511041009463722,283,369,603,654,779,634,0.9909420529582236,33.771428571428565,-0.052,1.0,2.034929990259116e-06,2.0830002540606074e-06,2.958050527013256e-06,2.970900004584109e-05
asymmetric,RoundRobin,1005,1.0,3.0,B2-phase,0,0.0,none,0,B,0.4191616766467065,0.4801536491677337,0.9386792452830188,280,375,597,668,781,636,0.9911343884855802,34.599999999999994,-0.124,1.0,1.982963978662156e-06,2.1249998098937795e-06,2.916050061685382e-06,1.287500072066905e-05
asymmetric,RoundRobin,1006,1.0,3.0,B2-phase,0,0.0,none,0,B,0.4159159159159159,0.4744245524296675,0.9323899371069182,277,371,593,666,782,636,0.9893241798261246,35.085714285714275,-0.09,1.0,1.9715739636012587e-06,2.0830002540606074e-06,2.833999178619706e-06,2.895899979193928e-05
asymmetric,RoundRobin,1007,1.0,3.0,B2-phase,0,0.0,none,0,B,0.4147812971342383,0.4691516709511568,0.9353312302839116,275,365,593,663,778,634,0.9919250827118264,34.914285714285704,-0.142,1.0,2.026465966991964e-06,2.1670002752216533e-06,2.958049662993289e-06,6.249999387364369e-06
asymmetric,RoundRobin,1008,1.0,3.0,B2-phase,0,0.0,none,0,B,0.4349157733537519,0.4805194805194805,0.9397781299524564,284,370,593,653,770,631,0.9892657793044224,33.68571428571428,-0.146,1.0,2.3063999960868387e-06,2.249999852210749e-06,3.253049726481548e-06,2.7584000235947315e-05
asymmetric,RoundRobin,1009,1.0,3.0,B2-phase,0,0.0,none,0,B,0.4369230769230769,0.4801536491677337,0.9305993690851736,284,375,590,650,781,634,0.9874271191508448,34.02857142857142,-0.1,1.0,2.120368004398188e-06,2.1670002752216533e-06,3.1249992844095685e-06,5.667000550602097e-06
asymmetric,RoundRobin,1010,1.0,3.0,B2-phase,0,0.0,none,0,B,0.4116743471582181,0.4784263959390863,0.9445300462249616,268,377,613,651,788,649,0.987682284376352,34.34285714285713,-0.194,1.0,2.255198003695113e-06,2.2910003281140234e-06,3.3750502097973365e-06,9.666999176261015e-06
asymmetric,RoundRobin,1011,1.0,3.0,B2-phase,0,0.0,none,0,B,0.4364471669218989,0.469119579500657,0.9266770670826832,285,357,594,653,761,641,0.9857319137283108,34.1142857142857,-0.096,1.0,2.0817099775740643e-06,2.1249998098937795e-06,3.2080497476272285e-06,1.0709000889619348e-05
asymmetric,RoundRobin,1012,1.0,3.0,B2-phase,0,0.0,none,0,B,0.4102564102564102,0.484375,0.944,272,372,590,663,768,625,0.9948456658229512,33.599999999999994,-0.096,1.0,2.0365600339573576e-06,2.1249998098937795e-06,2.919049620686563e-06,1.4291999832494184e-05
asymmetric,RoundRobin,1013,1.0,3.0,B2-phase,0,0.0,none,0,B,0.4318529862174579,0.4897959183673469,0.9294670846394985,282,384,593,653,784,638,0.990848563445058,33.99999999999999,-0.076,1.0,2.0653020110330543e-06,2.1460000425577164e-06,3.457999855527305e-06,9.667000085755715e-06
asymmetric,RoundRobin,1014,1.0,3.0,B2-phase,0,0.0,none,0,B,0.4260089686098655,0.4754098360655737,0.9328125,285,377,597,669,793,640,0.9897257378019562,34.82857142857142,-0.068,1.0,2.0862119854427875e-06,2.165999831049703e-06,3.086050082856671e-06,8.292000529763754e-06
asymmetric,RoundRobin,1015,1.0,3.0,B2-phase,0,0.0,none,0,B,0.4349157733537519,0.4717948717948718,0.9363057324840764,284,368,588,653,780,628,0.9877431055981086,34.48571428571427,-0.098,1.0,1.926882037878385e-06,2.041999323409982e-06,2.835100485754081e-06,9.625000529922543e-06
asymmetric,RoundRobin,1016,1.0,3.0,B2-phase,0,0.0,none,0,B,0.4272588055130168,0.4859335038363171,0.9353312302839116,279,380,593,653,782,634,0.9878048780487804,33.99999999999999,-0.12,1.0,1.90928801202972e-06,2.0829997993132565e-06,2.91600008495152e-06,4.4169992179377005e-06
asymmetric,RoundRobin,1017,1.0,3.0,B2-phase,0,0.0,none,0,B,0.4351145038167939,0.4816223067173637,0.9418238993710693,285,380,599,655,789,636,0.991250422784037,34.14285714285714,-0.002,1.0,2.132565985448309e-06,2.207999841630226e-06,3.207999725418631e-06,4.625000656233169e-06
asymmetric,RoundRobin,1018,1.0,3.0,B2-phase,0,0.0,none,0,B,0.4235474006116208,0.467005076142132,0.9418238993710693,277,368,599,654,788,636,0.9907837630839929,34.57142857142856,-0.128,1.0,2.0782060109922896e-06,2.125000719388481e-06,3.046149640795189e-06,1.049999991664663e-05
asymmetric,RoundRobin,1019,1.0,3.0,B2-phase,0,0.0,none,0,B,0.4336419753086419,0.475095785440613,0.9284603421461898,281,372,597,648,783,643,0.9856845679772404,34.65714285714285,-0.094,1.0,1.951127993379487e-06,2.1249998098937795e-06,2.835099621734114e-06,8.083000466285739e-06
asymmetric,RoundRobin,1020,1.0,3.0,B2-phase,0,0.0,none,0,B,0.4339339339339339,0.4764930114358323,0.9409888357256778,289,375,590,666,787,627,0.9872449719006136,34.399999999999984,0.012,1.0,2.0937160170433346e-06,2.208000296377577e-06,3.127100126221192e-06,1.1082999662903603e-05
asymmetric,RoundRobin,1021,1.0,3.0,B2-phase,0,0.0,none,0,B,0.444104134762634,0.4877734877734878,0.9348484848484848,290,379,617,653,777,660,0.9892825618815708,33.39999999999999,0.014,1.0,1.9693720059876795e-06,2.0840002434852067e-06,2.958050527013256e-06,8.707999768375885e-06
asymmetric,RoundRobin,1022,1.0,3.0,B2-phase,0,0.0,none,0,B,0.4254658385093168,0.4734848484848485,0.945121951219512,274,375,620,644,792,656,0.9888319688741184,34.28571428571428,-0.096,1.0,1.959290015292936e-06,2.1249998098937795e-06,2.916050061685382e-06,8.417000572080724e-06
asymmetric,RoundRobin,1023,1.0,3.0,B2-phase,0,0.0,none,0,B,0.4394409937888199,0.473132372214941,0.9347826086956522,283,361,602,644,763,644,0.9907863023835624,33.22857142857142,-0.072,1.0,1.8779500023811125e-06,2.042000232904684e-06,2.754150000328078e-06,4.292000085115433e-06
asymmetric,RoundRobin,1024,1.0,3.0,B2-phase,0,0.0,none,0,B,0.4264036418816389,0.4773299748110831,0.9455128205128204,281,379,590,659,794,624,0.994177169327916,34.14285714285714,-0.042,1.0,1.9353559873707127e-06,2.0830002540606074e-06,2.837199645000506e-06,1.3083999874652363e-05
asymmetric,RoundRobin,1025,1.0,3.0,B2-phase,0,0.0,none,0,B,0.4287901990811638,0.4649350649350649,0.94,280,358,611,653,770,650,0.9908158167147236,34.171428571428564,-0.11,1.0,1.919465990795288e-06,2.1249998098937795e-06,2.7520999992702835e-06,8.957999853009824e-06
asymmetric,RoundRobin,1026,1.0,3.0,B2-phase,0,0.0,none,0,B,0.4294478527607362,0.4651162790697674,0.9327217125382264,280,360,610,652,774,654,0.9861588096160184,34.62857142857142,-0.12,1.0,2.1100919984746725e-06,2.208000296377577e-06,3.250000190746505e-06,1.06249999589636e-05
asymmetric,RoundRobin,1027,1.0,3.0,B2-phase,0,0.0,none,0,B,0.4401244167962675,0.4613333333333333,0.9365079365079364,283,346,590,643,750,630,0.99009900990099,33.457142857142856,-0.042,1.0,2.0178520117042358e-06,2.1249998098937795e-06,3.041000127268489e-06,2.245900031994097e-05
asymmetric,RoundRobin,1028,1.0,3.0,B2-phase,0,0.0,none,0,B,0.417298937784522,0.4918032786885246,0.9384615384615383,275,390,610,659,793,650,0.9901987949866288,34.14285714285713,-0.14,1.0,2.260689992908737e-06,2.3335001060331706e-06,3.3381002140231392e-06,1.0291999387845864e-05
asymmetric,RoundRobin,1029,1.0,3.0,B2-phase,0,0.0,none,0,B,0.4303215926493108,0.4677623261694058,0.939873417721519,281,370,594,653,791,632,0.9860186547259178,34.257142857142846,-0.048,1.0,2.371949987718836e-06,2.250500074296724e-06,3.210100612704989e-06,5.425099971034797e-05
asymmetric,RoundRobin,1000,1.0,3.0,B3-correlated,0,0.0,none,0,B,0.4341736694677871,0.4806565064478312,0.9608695652173912,310,410,663,714,853,690,0.9705908682722676,36.08571428571428,0.198,1.0,2.46928400156321e-06,2.541999947425211e-06,3.4169997888966464e-06,1.154200072051026e-05
asymmetric,RoundRobin,1001,1.0,3.0,B3-correlated,0,0.0,none,0,B,0.4228571428571429,0.4846335697399527,0.962290502793296,296,410,689,700,846,716,0.9728454913591512,35.71428571428571,0.04,1.0,2.4168859908968443e-06,2.3749998945277184e-06,3.377100210855131e-06,1.595799949427601e-05
asymmetric,RoundRobin,1002,1.0,3.0,B3-correlated,0,0.0,none,0,B,0.4249649368863955,0.4823529411764706,0.9619181946403385,303,410,682,713,850,709,0.9758652696716124,35.88571428571427,0.124,1.0,2.1267880183586385e-06,2.249999852210749e-06,3.086050128331406e-06,7.374999768217094e-06
asymmetric,RoundRobin,1003,1.0,3.0,B3-correlated,0,0.0,none,0,B,0.4211267605633803,0.482598607888631,0.9599447513812156,299,416,695,710,862,724,0.9734741064712928,36.08571428571428,0.102,1.0,2.130134023900609e-06,2.249999852210749e-06,2.919049620686563e-06,1.1000000085914508e-05
asymmetric,RoundRobin,1004,1.0,3.0,B3-correlated,0,0.0,none,0,B,0.433103448275862,0.485781990521327,0.9636363636363636,314,410,689,725,844,715,0.9765794547731976,35.85714285714285,0.208,1.0,2.0767899841303006e-06,2.2089998310548253e-06,2.960099664051084e-06,4.874999831372406e-06
asymmetric,RoundRobin,1005,1.0,3.0,B3-correlated,0,0.0,none,0,B,0.4215686274509804,0.4853458382180539,0.9636363636363636,301,414,689,714,853,715,0.9778922742717094,36.08571428571428,0.088,1.0,2.118674005032517e-06,2.208500063716201e-06,2.9190504847065293e-06,1.3916999705543276e-05
asymmetric,RoundRobin,1006,1.0,3.0,B3-correlated,0,0.0,none,0,B,0.4210526315789473,0.4831981460023175,0.9611111111111112,304,417,692,722,863,720,0.9756383469459744,36.62857142857142,0.124,1.0,2.0678020191553515e-06,2.1670002752216533e-06,2.8750000637955964e-06,7.957999514474068e-06
asymmetric,RoundRobin,1007,1.0,3.0,B3-correlated,0,0.0,none,0,B,0.4155124653739612,0.4885057471264368,0.9592696629213484,300,425,683,722,870,712,0.9785974278087842,36.68571428571428,0.074,1.0,2.1733959765697364e-06,2.208000296377577e-06,3.127100171695927e-06,1.0834000022441614e-05
asymmetric,RoundRobin,1008,1.0,3.0,B3-correlated,0,0.0,none,0,B,0.4380281690140845,0.4780545670225385,0.9629629629629628,311,403,676,710,843,702,0.970504059674657,35.79999999999998,0.168,1.0,2.026204030698864e-06,2.1249998098937795e-06,2.8360500436974672e-06,1.595899993844796e-05
asymmetric,RoundRobin,1009,1.0,3.0,B3-correlated,0,0.0,none,0,B,0.4413012729844413,0.4878048780487805,0.957983193277311,312,420,684,707,861,714,0.968936965428017,35.65714285714285,0.212,1.0,2.193471995269647e-06,2.2909998733666725e-06,3.0830005925963637e-06,1.1584000276343431e-05
asymmetric,RoundRobin,1010,1.0,3.0,B3-correlated,0,0.0,none,0,B,0.4269662921348314,0.4806565064478312,0.9623430962343096,304,410,690,712,853,717,0.974217721970694,36.11428571428571,0.172,1.0,2.2491400104627246e-06,2.2920003175386228e-06,3.207999725418631e-06,8.999999408842996e-06
asymmetric,RoundRobin,1011,1.0,3.0,B3-correlated,0,0.0,none,0,B,0.4363636363636363,0.4751184834123222,0.9560283687943264,312,401,674,715,844,705,0.9727828005217768,35.97142857142857,0.152,1.0,2.0758899954671507e-06,2.1670002752216533e-06,2.916050107160117e-06,4.250000529282261e-06
asymmetric,RoundRobin,1012,1.0,3.0,B3-correlated,0,0.0,none,0,B,0.4209790209790209,0.486013986013986,0.9639769452449568,301,417,669,715,858,694,0.9763899211507188,35.97142857142857,0.146,1.0,2.2933719938009746e-06,2.333999873371795e-06,3.207999770893366e-06,1.0208999810856769e-05
asymmetric,RoundRobin,1013,1.0,3.0,B3-correlated,0,0.0,none,0,B,0.4237762237762237,0.4849884526558891,0.9638888888888888,303,420,694,715,866,720,0.9757888359632496,36.17142857142856,0.15,1.0,2.2067239915486426e-06,2.291999862791272e-06,3.1250001484295358e-06,4.042000000481494e-06
asymmetric,RoundRobin,1014,1.0,3.0,B3-correlated,0,0.0,none,0,B,0.4245416078984485,0.4819557625145518,0.9564606741573034,301,414,681,709,859,712,0.974951593913388,36.14285714285713,0.046,1.0,2.2408879722206622e-06,2.2089998310548253e-06,3.044099685212129e-06,5.4459000239148736e-05
asymmetric,RoundRobin,1015,1.0,3.0,B3-correlated,0,0.0,none,0,B,0.4341736694677871,0.485414235705951,0.9605263157894736,310,416,657,714,857,684,0.970915619389587,36.02857142857142,0.186,1.0,2.0528999739326537e-06,2.166000285797054e-06,3.0021000839042225e-06,4.083000021637417e-06
asymmetric,RoundRobin,1016,1.0,3.0,B3-correlated,0,0.0,none,0,B,0.4287709497206703,0.4970896391152503,0.961206896551724,307,427,669,716,859,696,0.9768512272624196,35.51428571428571,0.162,1.0,2.100868041452486e-06,2.1249998098937795e-06,2.874999199775629e-06,4.9958999625232536e-05
asymmetric,RoundRobin,1017,1.0,3.0,B3-correlated,0,0.0,none,0,B,0.4233983286908078,0.4931350114416476,0.963172804532578,304,431,680,718,874,706,0.9761236570927428,36.39999999999999,0.13,1.0,2.043777980361483e-06,2.166500053135678e-06,2.957999640784692e-06,1.0083999768539798e-05
asymmetric,RoundRobin,1018,1.0,3.0,B3-correlated,0,0.0,none,0,B,0.4293706293706293,0.4814385150812065,0.9625,307,415,693,715,862,720,0.974217721970694,36.14285714285713,0.108,1.0,2.463048009303748e-06,2.2909998733666725e-06,5.460099600895772e-06,1.2167000022600403e-05
asymmetric,RoundRobin,1019,1.0,3.0,B3-correlated,0,0.0,none,0,B,0.4376770538243626,0.4851936218678815,0.9632248939179632,309,426,681,706,878,707,0.9680372657921223,36.14285714285714,0.128,1.0,2.061497974864324e-06,2.1669993657269515e-06,2.9181000627431766e-06,9.16699991648784e-06
asymmetric,RoundRobin,1020,1.0,3.0,B3-correlated,0,0.0,none,0,B,0.4445983379501385,0.4841735052754982,0.9661495063469676,321,413,685,722,853,709,0.9718100804850968,35.571428571428555,0.296,1.0,2.042297994194086e-06,2.1249998098937795e-06,2.8750000637955964e-06,1.2708999747701457e-05
asymmetric,RoundRobin,1021,1.0,3.0,B3-correlated,0,0.0,none,0,B,0.4374120956399437,0.4883720930232558,0.9579375848032564,311,420,706,711,860,737,0.9720748394303268,35.82857142857142,0.218,1.0,2.1566900359175637e-06,2.249999852210749e-06,2.958049662993289e-06,2.40420004047337e-05
asymmetric,RoundRobin,1022,1.0,3.0,B3-correlated,0,0.0,none,0,B,0.4326241134751773,0.4805194805194805,0.9604904632152588,305,407,705,705,847,734,0.9701753589595916,35.85714285714285,0.136,1.0,2.093204009725014e-06,2.207999841630226e-06,2.9181000627431766e-06,1.1500000255182384e-05
asymmetric,RoundRobin,1023,1.0,3.0,B3-correlated,0,0.0,none,0,B,0.4391988555078683,0.4732461355529131,0.952712100139082,307,398,685,699,841,719,0.9672795267793848,35.771428571428565,0.16,1.0,2.2330199935822742e-06,2.3124998733692337e-06,3.086050128331406e-06,1.462500040361192e-05
asymmetric,RoundRobin,1024,1.0,3.0,B3-correlated,0,0.0,none,0,B,0.4143646408839779,0.4924855491329479,0.9587482219061166,300,426,674,724,865,703,0.9800922438479172,36.39999999999999,0.102,1.0,2.177190017391695e-06,2.2909998733666725e-06,3.043100105060146e-06,9.58399959927192e-06
asymmetric,RoundRobin,1025,1.0,3.0,B3-correlated,0,0.0,none,0,B,0.4342291371994342,0.4797619047619048,0.9594972067039106,307,403,687,707,840,716,0.9729088783360518,35.514285714285705,0.12,1.0,2.2699419969285374e-06,2.2920003175386228e-06,3.1669997497374423e-06,1.9916999917768408e-05
asymmetric,RoundRobin,1026,1.0,3.0,B3-correlated,0,0.0,none,0,B,0.4339887640449438,0.4872389791183295,0.9565826330532212,309,420,683,712,862,714,0.9704533253886388,35.99999999999999,0.206,1.0,2.293545994689339e-06,2.3749998945277184e-06,3.209000169590581e-06,9.917000170389656e-06
asymmetric,RoundRobin,1027,1.0,3.0,B3-correlated,0,0.0,none,0,B,0.4317548746518105,0.4798578199052132,0.9585714285714284,310,405,671,718,844,700,0.9761677788369876,35.88571428571427,0.196,1.0,2.2641520299657715e-06,2.3329994291998446e-06,3.2520501918042997e-06,1.595800040377071e-05
asymmetric,RoundRobin,1028,1.0,3.0,B3-correlated,0,0.0,none,0,B,0.4219409282700422,0.4959630911188004,0.957983193277311,300,430,684,711,867,714,0.9745265217695156,35.999999999999986,0.096,1.0,2.2295480157481505e-06,2.2920003175386228e-06,3.084000127273612e-06,1.437499940948328e-05
asymmetric,RoundRobin,1029,1.0,3.0,B3-correlated,0,0.0,none,0,B,0.4367176634214186,0.4767441860465116,0.9562146892655368,314,410,677,719,860,708,0.9711852724725972,36.25714285714285,0.178,1.0,2.3761180109431736e-06,2.395500359853031e-06,3.3749993235687725e-06,1.2667000191868285e-05
artemis,TwinSync,1000,1.0,3.0,B1-a,0,0.0,none,0,B,0.0,0.0,0.220300409649522,0,0,484,1547,1860,2197,0.9777603078324844,103.34,-2.776,-1.0,2.325469800416613e-05,2.295849981237552e-05,3.571314937289571e-05,5.504299952008296e-05
artemis,TwinSync,1001,1.0,3.0,B1-a,0,0.0,none,0,B,0.0,0.0,0.2238805970149253,0,0,495,1536,1824,2211,0.9790477777170972,102.56,-2.776,-1.0,2.335276000485465e-05,2.314650009793695e-05,3.5082550039078304e-05,5.650099956255872e-05
artemis,TwinSync,1002,1.0,3.0,B1-a,0,0.0,none,0,B,0.0,0.0,0.2166064981949458,0,0,480,1521,1888,2216,0.9718462802896805,104.26,-2.776,-1.0,2.417914203033433e-05,2.406249950581696e-05,3.7268799906087205e-05,5.720900026062736e-05
artemis,TwinSync,1003,1.0,3.0,B1-a,0,0.0,none,0,B,0.0,0.0032137118371719,0.2246675836772123,0,6,490,1550,1867,2181,0.981333339422406,102.74,-2.776,-1.0,2.443889597816451e-05,2.387550011917483e-05,3.896914995493712e-05,6.74599996273173e-05
artemis,TwinSync,1004,1.0,3.0,B1-a,0,0.0,none,0,B,0.0,0.0016120365394948,0.2243415077202543,0,3,494,1519,1861,2202,0.9779984425909836,102.77,-2.776,-1.0,2.411755798311788e-05,2.3479499759559985e-05,3.7592349963233565e-05,5.766800040873932e-05
artemis,TwinSync,1005,1.0,3.0,B1-a,0,0.0,none,0,B,0.0,0.0005339028296849,0.2342260553790286,0,1,516,1563,1873,2203,0.980557341171099,103.07,-2.776,-1.0,2.506601600725844e-05,2.4750499960646263e-05,3.834235021713538e-05,7.595999977638712e-05
artemis,TwinSync,1006,1.0,3.0,B1-a,0,0.0,none,0,B,0.0,0.0,0.2156593406593406,0,0,471,1551,1875,2184,0.9772464927195976,103.72,-2.776,-1.0,2.274116199805576e-05,2.2979500045039455e-05,3.506380003273078e-05,5.2876000154356007e-05
artemis,TwinSync,1007,1.0,3.0,B1-a,0,0.0,none,0,B,0.0,0.0,0.2265016047684548,0,0,494,1562,1904,2181,0.9766678965977172,103.71,-2.776,-1.0,2.4688237990631025e-05,2.4312999812536876e-05,3.850304988191055e-05,5.662599960487569e-05
artemis,TwinSync,1008,1.0,3.0,B1-a,0,0.0,none,0,B,0.0,0.0015822784810126,0.2225274725274725,0,3,486,1533,1896,2184,0.9809863171939334,103.49,-2.776,-1.0,2.468462999240728e-05,2.4312999812536876e-05,3.862150028908214e-05,5.891700038773706e-05
artemis,TwinSync,1009,1.0,3.0,B1-a,0,0.0,none,0,B,0.0,0.0,0.2261904761904762,0,0,494,1541,1873,2184,0.979004755745214,102.9,-2.776,-1.0,2.4032416011323225e-05,2.3999999939405825e-05,3.693879975799062e-05,5.6209999456768855e-05
artemis,TwinSync,1010,1.0,3.0,B1-a,0,0.0,none,0,B,0.0,0.0021356113187399,0.2276238073602907,0,4,501,1529,1873,2201,0.9771280589482576,102.79,-2.776,-1.0,2.4098150021018227e-05,2.370899983361596e-05,3.6670849704023525e-05,6.229300015547778e-05
artemis,TwinSync,1011,1.0,3.0,B1-a,0,0.0,none,0,B,0.0,0.0,0.2303809086737035,0,0,502,1576,1863,2179,0.9796495574050558,102.7,-2.776,-1.0,2.435206202608242e-05,2.391700036241673e-05,3.813545017692376e-05,5.895899994357024e-05
artemis,TwinSync,1012,1.0,3.0,B1-a,0,0.0,none,0,B,0.0,0.0027472527472527,0.2202623247399366,0,5,487,1559,1820,2211,0.9797835069089764,102.83,-2.776,-1.0,2.507048999541439e-05,2.3938000140333315e-05,3.923400049643531e-05,6.237599973246688e-05
artemis,TwinSync,1013,1.0,3.0,B1-a,0,0.0,none,0,B,0.0,0.0015608740894901,0.2289868241708314,0,3,504,1564,1922,2201,0.9792269385521972,104.15,-2.776,-1.0,2.5503399996523516e-05,2.527149990783073e-05,4.039679956804319e-05,6.175199996505398e-05
artemis,TwinSync,1014,1.0,3.0,B1-a,0,0.0,none,0,B,0.0,0.0005327650506126,0.2267389340560072,0,1,502,1547,1877,2214,0.9766837462870308,103.45,-2.776,-1.0,2.4630061989228125e-05,2.420900000288384e-05,3.851460028272412e-05,5.900100040889811e-05
artemis,TwinSync,1015,1.0,3.0,B1-a,0,0.0,none,0,B,0.0,0.0010816657652785,0.2335933914639743,0,2,509,1585,1849,2179,0.9806359901672572,102.34,-2.776,-1.0,2.41759540313069e-05,2.391700036241673e-05,3.797039967139425e-05,5.74590003452613e-05
artemis,TwinSync,1016,1.0,3.0,B1-a,0,0.0,none,0,B,0.0,0.0,0.2159406858202039,0,0,466,1505,1877,2158,0.9794490616314484,102.73,-2.776,-1.0,2.3377352019451796e-05,2.2750499738322105e-05,3.775515042434563e-05,6.291699992289068e-05
artemis,TwinSync,1017,1.0,3.0,B1-a,0,0.0,none,0,B,0.0,0.0,0.2297297297297297,0,0,510,1563,1902,2220,0.9799746727954072,104.3,-2.776,-1.0,2.444722596919746e-05,2.437549983369536e-05,3.741704949788982e-05,5.570899975282373e-05
artemis,TwinSync,1018,1.0,3.0,B1-a,0,0.0,none,0,B,0.0,0.0026954177897574,0.220724907063197,0,5,475,1559,1855,2152,0.979537091744926,102.2,-2.776,-1.0,2.4271140004202606e-05,2.398000015091384e-05,3.631910003605296e-05,5.704300019715447e-05
artemis,TwinSync,1019,1.0,3.0,B1-a,0,0.0,none,0,B,0.0,0.0,0.2243328810492989,0,0,496,1560,1898,2211,0.977052103403822,104.28,-2.776,-1.0,2.3897699980807372e-05,2.379200032009976e-05,3.693640019264416e-05,7.229299990285654e-05
artemis,TwinSync,1020,1.0,3.0,B1-a,0,0.0,none,0,B,0.0,0.0,0.2235401459854014,0,0,490,1542,1880,2192,0.9795305504320702,103.27,-2.776,-1.0,2.3433614042005503e-05,2.2958500267122872e-05,3.6844400619884246e-05,5.637599952024175e-05
artemis,TwinSync,1021,1.0,3.0,B1-a,0,0.0,none,0,B,0.0,0.0005385029617662,0.232620320855615,0,1,522,1571,1857,2244,0.9747286242902088,103.78,-2.776,-1.0,2.4605752010756982e-05,2.400049970674445e-05,3.810485013673313e-05,6.650100021943217e-05
artemis,TwinSync,1022,1.0,3.0,B1-a,0,0.0,none,0,B,0.0,0.0047343503419253,0.2310140973169622,0,9,508,1561,1901,2199,0.977509275214878,103.42,-2.776,-1.0,2.5048798006537256e-05,2.527149990783073e-05,3.717115027939144e-05,5.4875999921932817e-05
artemis,TwinSync,1023,1.0,3.0,B1-a,0,0.0,none,0,B,0.0,0.0010593220338983,0.2240362811791383,0,2,494,1526,1888,2205,0.9781002799720624,103.62,-2.776,-1.0,2.367160801259161e-05,2.2918000013305573e-05,3.842210021502978e-05,6.875099916214822e-05
artemis,TwinSync,1024,1.0,3.0,B1-a,0,0.0,none,0,B,0.0,0.0,0.2216681776971895,0,0,489,1560,1888,2206,0.9758714692236998,104.2,-2.776,-1.0,2.4279638015286764e-05,2.3833500108594308e-05,3.9305449627136105e-05,5.904200043005403e-05
artemis,TwinSync,1025,1.0,3.0,B1-a,0,0.0,none,0,B,0.0,0.0,0.2259528130671506,0,0,498,1569,1857,2204,0.9747686147658488,103.18,-2.776,-1.0,2.5062675997105544e-05,2.477149973856285e-05,3.9672149796388105e-05,6.41269998595817e-05
artemis,TwinSync,1026,1.0,3.0,B1-a,0,0.0,none,0,B,0.0,0.0,0.2284172661870503,0,0,508,1562,1891,2224,0.9768937827497322,104.07,-2.776,-1.0,2.4380711998674086e-05,2.425099955871701e-05,3.681174976009059e-05,5.654299911839189e-05
artemis,TwinSync,1027,1.0,3.0,B1-a,0,0.0,none,0,B,0.0,0.0005500550055005,0.2327072835547411,0,1,508,1541,1818,2183,0.982940180320033,101.48,-2.776,-1.0,2.3720713988950597e-05,2.3458999748982023e-05,3.601559992603141e-05,5.762599994341144e-05
artemis,TwinSync,1028,1.0,3.0,B1-a,0,0.0,none,0,B,0.0,0.0,0.2251685393258427,0,0,501,1545,1871,2225,0.9780395198095828,103.97,-2.776,-1.0,2.3650255996471968e-05,2.3209000119095435e-05,3.758815000765025e-05,5.4333999287337065e-05
artemis,TwinSync,1029,1.0,3.0,B1-a,0,0.0,none,0,B,0.0,0.0005330490405117,0.2192219679633867,0,1,479,1556,1876,2185,0.9766118744494278,103.67,-2.776,-1.0,2.3984863988516737e-05,2.31879998864315e-05,3.879409991895954e-05,7.029300013527973e-05
artemis,TwinSync,1000,1.0,3.0,B1-b,0,0.0,none,0,B,0.0,0.0,0.2181484876260311,0,0,476,1516,1836,2182,0.9772536276282836,102.34,-2.776,-1.0,2.2208074005902743e-05,2.220900023530703e-05,3.255550004723772e-05,4.4209000407136045e-05
artemis,TwinSync,1001,1.0,3.0,B1-b,0,0.0,none,0,B,0.0,0.0,0.2210574293527803,0,0,485,1519,1804,2194,0.9788514758291136,101.78,-2.776,-1.0,2.314892598224105e-05,2.3041999611450592e-05,3.4506299880376896e-05,5.150099968886934e-05
artemis,TwinSync,1002,1.0,3.0,B1-b,0,0.0,none,0,B,0.0,0.0,0.2132787630741246,0,0,469,1500,1865,2199,0.9718510580977548,103.41,-2.776,-1.0,2.3332197983108928e-05,2.341749996048748e-05,3.358609956194414e-05,5.920900002820417e-05
artemis,TwinSync,1003,1.0,3.0,B1-b,0,0.0,none,0,B,0.0,0.0016268980477223,0.2225300092336103,0,3,482,1529,1844,2166,0.9810374152033832,101.92,-2.776,-1.0,2.3840153986384396e-05,2.391700036241673e-05,3.663124971353681e-05,5.933500051469309e-05
artemis,TwinSync,1004,1.0,3.0,B1-b,0,0.0,none,0,B,0.0,0.0,0.2226794695930498,0,0,487,1491,1836,2187,0.9775951551340564,101.81,-2.776,-1.0,2.329169398399245e-05,2.3312500161409844e-05,3.3854850471470834e-05,6.404299983842066e-05
artemis,TwinSync,1005,1.0,3.0,B1-b,0,0.0,none,0,B,0.0,0.0,0.2321755027422303,0,0,508,1538,1846,2188,0.9804691105289638,102.09,-2.776,-1.0,2.398954801537912e-05,2.420900000288384e-05,3.596524948079604e-05,5.0584000746312086e-05
artemis,TwinSync,1006,1.0,3.0,B1-b,0,0.0,none,0,B,0.0,0.0,0.2133640552995391,0,0,463,1525,1854,2170,0.9772502917381954,102.86,-2.776,-1.0,2.280549799434084e-05,2.3312500161409844e-05,3.308609939267626e-05,5.4333999287337065e-05
artemis,TwinSync,1007,1.0,3.0,B1-b,0,0.0,none,0,B,0.0,0.0,0.2239150507848568,0,0,485,1535,1879,2166,0.9759323233597782,102.76,-2.776,-1.0,2.377327601789148e-05,2.3770999632688472e-05,3.563014975043188e-05,6.595900049433112e-05
artemis,TwinSync,1008,1.0,3.0,B1-b,0,0.0,none,0,B,0.0,0.0,0.2201199815413013,0,0,477,1509,1871,2167,0.9807700645188318,102.57,-2.776,-1.0,2.3350192022917327e-05,2.2958500267122872e-05,3.3708999580994714e-05,0.0002422130000923
artemis,TwinSync,1009,1.0,3.0,B1-b,0,0.0,none,0,B,0.0,0.0,0.2245841035120148,0,0,486,1518,1857,2164,0.9789543900866788,101.99,-2.776,-1.0,2.2443815989390716e-05,2.260449991808855e-05,3.325835032228496e-05,5.983499977446627e-05
artemis,TwinSync,1010,1.0,3.0,B1-b,0,0.0,none,0,B,0.0,0.0005411255411255,0.2239010989010989,0,1,489,1508,1848,2184,0.977481662424774,101.99,-2.776,-1.0,2.349486801176681e-05,2.3084000076778462e-05,3.5676300240083936e-05,6.954299988137791e-05
artemis,TwinSync,1011,1.0,3.0,B1-b,0,0.0,none,0,B,0.0,0.0,0.2276723739009717,0,0,492,1558,1840,2161,0.9796181355882232,101.82,-2.776,-1.0,2.3074171984262646e-05,2.2771000203647415e-05,3.360274954502527e-05,6.433500038838247e-05
artemis,TwinSync,1012,1.0,3.0,B1-b,0,0.0,none,0,B,0.0,0.0016675931072818,0.2170932358318098,0,3,475,1541,1799,2188,0.9800271605766592,101.94,-2.776,-1.0,2.2998783975708647e-05,2.2666999939247034e-05,3.391800055396743e-05,8.633499965071678e-05
artemis,TwinSync,1013,1.0,3.0,B1-b,0,0.0,none,0,B,0.0,0.0,0.2265016047684548,0,0,494,1541,1897,2181,0.9789074066792108,103.18,-2.776,-1.0,2.337179397545697e-05,2.3458999748982023e-05,3.4590249879329345e-05,6.912600019859383e-05
artemis,TwinSync,1014,1.0,3.0,B1-b,0,0.0,none,0,B,0.0,0.0,0.2238398544131028,0,0,492,1521,1854,2198,0.9759845609020488,102.57,-2.776,-1.0,2.227851198949793e-05,2.2458499643107643e-05,3.3008350283125754e-05,5.225099994277116e-05
artemis,TwinSync,1015,1.0,3.0,B1-b,0,0.0,none,0,B,0.0,0.0,0.23094688221709,0,0,500,1563,1832,2165,0.9803342375267182,101.67,-2.776,-1.0,2.292379001119116e-05,2.2959000489208847e-05,3.3592350428079945e-05,6.012599988025613e-05
artemis,TwinSync,1016,1.0,3.0,B1-b,0,0.0,none,0,B,0.0,0.0,0.2125468164794007,0,0,454,1478,1858,2136,0.9797280335598124,101.78,-2.776,-1.0,2.209333998143848e-05,2.195800016124849e-05,3.280659975644083e-05,4.862599962507375e-05
artemis,TwinSync,1017,1.0,3.0,B1-b,0,0.0,none,0,B,0.0,0.0,0.226963231956423,0,0,500,1542,1878,2203,0.9799551142128078,103.4,-2.776,-1.0,2.4144157985574565e-05,2.395850015091128e-05,3.508815002533083e-05,8.312699992529815e-05
artemis,TwinSync,1018,1.0,3.0,B1-b,0,0.0,none,0,B,0.0,0.0005446623093681,0.2164319248826291,0,1,461,1534,1836,2130,0.9793466211792146,101.41,-2.776,-1.0,2.2832506017948616e-05,2.2833500224805903e-05,3.400209971005097e-05,4.9958999625232536e-05
artemis,TwinSync,1019,1.0,3.0,B1-b,0,0.0,none,0,B,0.0,0.0,0.2215623572407492,0,0,485,1537,1871,2189,0.976923255878596,103.18,-2.776,-1.0,2.2523692017784924e-05,2.270900040457491e-05,3.3002150257743775e-05,4.725100006908178e-05
artemis,TwinSync,1020,1.0,3.0,B1-b,0,0.0,none,0,B,0.0,0.0,0.2198156682027649,0,0,477,1519,1852,2170,0.9790429124698524,102.21,-2.776,-1.0,2.2086184011641307e-05,2.229199981229613e-05,3.225514956284314e-05,4.729300053440966e-05
artemis,TwinSync,1021,1.0,3.0,B1-b,0,0.0,none,0,B,0.0,0.0,0.2297661870503597,0,0,511,1546,1838,2224,0.9743280687800628,102.9,-2.776,-1.0,2.391697001257853e-05,2.4104499971144836e-05,3.541910059539077e-05,7.437699969159439e-05
artemis,TwinSync,1022,1.0,3.0,B1-b,0,0.0,none,0,B,0.0,0.0032017075773745,0.228126431516262,0,6,498,1538,1874,2183,0.9767346434258866,102.53,-2.776,-1.0,2.380088196878205e-05,2.4292000034620287e-05,3.4711049920588266e-05,5.483400036609965e-05
artemis,TwinSync,1023,1.0,3.0,B1-b,0,0.0,none,0,B,0.0,0.0,0.2205479452054794,0,0,483,1502,1859,2190,0.9775504787250638,102.72,-2.776,-1.0,2.2085450025770117e-05,2.2125499526737254e-05,3.283815021859481e-05,4.8083999899972696e-05
artemis,TwinSync,1024,1.0,3.0,B1-b,0,0.0,none,0,B,0.0,0.0,0.2178899082568807,0,0,475,1532,1859,2180,0.9758430459473436,102.98,-2.776,-1.0,2.2576871971978108e-05,2.281299975948059e-05,3.243369965275632e-05,8.83350003277883e-05
artemis,TwinSync,1025,1.0,3.0,B1-b,0,0.0,none,0,B,0.0,0.0,0.2233409610983981,0,0,488,1555,1833,2185,0.974901998009272,102.29,-2.776,-1.0,2.3960872005773125e-05,2.379200032009976e-05,3.4513500304456094e-05,8.929399973567342e-05
artemis,TwinSync,1026,1.0,3.0,B1-b,0,0.0,none,0,B,0.0,0.0,0.2255434782608695,0,0,498,1541,1869,2208,0.976671490809296,103.24,-2.776,-1.0,2.317750599831925e-05,2.325100012967596e-05,3.316909987916006e-05,7.154299964895472e-05
artemis,TwinSync,1027,1.0,3.0,B1-b,0,0.0,none,0,B,0.0,0.0,0.2300599354541263,0,0,499,1517,1796,2169,0.983045050257226,100.67,-2.776,-1.0,2.3250190006365303e-05,2.3292499918170503e-05,3.412504970583541e-05,6.496000059996732e-05
artemis,TwinSync,1028,1.0,3.0,B1-b,0,0.0,none,0,B,0.0,0.0,0.2223731884057971,0,0,491,1524,1847,2208,0.9777577487368108,103.07,-2.776,-1.0,2.229345401610772e-05,2.2334000277624e-05,3.346524954395135e-05,4.695899951911997e-05
artemis,TwinSync,1029,1.0,3.0,B1-b,0,0.0,none,0,B,0.0,0.0,0.2170506912442396,0,0,471,1530,1852,2170,0.976036767424298,102.74,-2.776,-1.0,2.21805320106796e-05,2.208400019299006e-05,3.425304935262829e-05,7.604300026287092e-05
artemis,TwinSync,1000,1.0,3.0,B1-c,0,0.0,none,0,B,0.0,0.0,0.2160919540229885,0,0,470,1500,1824,2175,0.9771995960756328,101.91,-2.776,-1.0,2.2032234011931e-05,2.229199981229613e-05,3.008610015058366e-05,5.416699968918692e-05
artemis,TwinSync,1001,1.0,3.0,B1-c,0,0.0,none,0,B,0.0,0.0,0.2188644688644688,0,0,478,1506,1789,2184,0.978374635907472,101.26,-2.776,-1.0,2.228026799093641e-05,2.2541999896930065e-05,3.203430032954199e-05,5.458499981614296e-05
artemis,TwinSync,1002,1.0,3.0,B1-c,0,0.0,none,0,B,0.0,0.0,0.2123974475843209,0,0,466,1485,1857,2194,0.9714780940550092,103.04,-2.776,-1.0,2.2185742003784985e-05,2.231300049970741e-05,3.142955015391634e-05,6.479199964815052e-05
artemis,TwinSync,1003,1.0,3.0,B1-c,0,0.0,none,0,B,0.0,0.0005467468562055,0.2209356183418249,0,1,477,1516,1829,2159,0.9805541486055832,101.47,-2.776,-1.0,2.284679600234085e-05,2.2917000023880973e-05,3.354505042807432e-05,9.42939996093628e-05
artemis,TwinSync,1004,1.0,3.0,B1-c,0,0.0,none,0,B,0.0,0.0,0.2205410362219165,0,0,481,1478,1829,2181,0.9772089673942822,101.54,-2.776,-1.0,2.25654979913088e-05,2.2666999939247034e-05,3.3381250386810275e-05,4.2749999920488335e-05
artemis,TwinSync,1005,1.0,3.0,B1-c,0,0.0,none,0,B,0.0,0.0,0.230980751604033,0,0,504,1525,1835,2182,0.9798531350541334,101.68,-2.776,-1.0,2.3606963992278903e-05,2.352150022488786e-05,3.469615035101012e-05,0.0001155439995272
artemis,TwinSync,1006,1.0,3.0,B1-c,0,0.0,none,0,B,0.0,0.0,0.2110134197130957,0,0,456,1511,1844,2161,0.9770372437899484,102.46,-2.776,-1.0,2.205825999044464e-05,2.2646499928669076e-05,3.0836100404485474e-05,7.354300032602623e-05
artemis,TwinSync,1007,1.0,3.0,B1-c,0,0.0,none,0,B,0.0,0.0,0.222325150532654,0,0,480,1516,1866,2159,0.9755075509117148,102.25,-2.776,-1.0,2.2859503997096908e-05,2.287600000272505e-05,3.1771850262884966e-05,0.0001430870006515
artemis,TwinSync,1008,1.0,3.0,B1-c,0,0.0,none,0,B,0.0,0.0,0.2184173993521518,0,0,472,1497,1861,2161,0.9804858250778622,102.22,-2.776,-1.0,2.214543000809499e-05,2.260400015074993e-05,3.129205010736769e-05,6.17929999862099e-05
artemis,TwinSync,1009,1.0,3.0,B1-c,0,0.0,none,0,B,0.0,0.0,0.2234585071859063,0,0,482,1502,1845,2157,0.978945772204068,101.5,-2.776,-1.0,2.2527530014485815e-05,2.3041999611450592e-05,3.267005013185553e-05,4.362599975138437e-05
artemis,TwinSync,1010,1.0,3.0,B1-c,0,0.0,none,0,B,0.0,0.000544069640914,0.223955943093162,0,1,488,1490,1838,2179,0.977448108334567,101.49,-2.776,-1.0,2.315903599446756e-05,2.3167000108514912e-05,3.409235059734782e-05,6.183400000736583e-05
artemis,TwinSync,1011,1.0,3.0,B1-c,0,0.0,none,0,B,0.0,0.0,0.2256863657515123,0,0,485,1545,1834,2149,0.979479810131102,101.42,-2.776,-1.0,2.2128830001747703e-05,2.216749999206513e-05,3.167419981764396e-05,5.2168000365782063e-05
artemis,TwinSync,1012,1.0,3.0,B1-c,0,0.0,none,0,B,0.0,0.0,0.2166743014200641,0,0,473,1532,1786,2183,0.9800402419657082,101.56,-2.776,-1.0,2.298300599795766e-05,2.285450045746984e-05,3.400930013413016e-05,5.883499943593051e-05
artemis,TwinSync,1013,1.0,3.0,B1-c,0,0.0,none,0,B,0.0,0.0,0.2243205895900506,0,0,487,1528,1883,2171,0.979154772535414,102.68,-2.776,-1.0,2.3272802007340944e-05,2.3479499759559985e-05,3.400305013201432e-05,6.42929999230546e-05
artemis,TwinSync,1014,1.0,3.0,B1-c,0,0.0,none,0,B,0.0,0.0,0.2227790432801822,0,0,489,1507,1841,2195,0.9755528035980016,102.17,-2.776,-1.0,2.2452300016084338e-05,2.260449991808855e-05,3.209439996680884e-05,5.595899983745767e-05
artemis,TwinSync,1015,1.0,3.0,B1-c,0,0.0,none,0,B,0.0,0.0,0.2289156626506024,0,0,494,1546,1817,2158,0.97988168935548,101.17,-2.776,-1.0,2.2777943986511672e-05,2.3042000066197943e-05,3.260480011704201e-05,7.045900019875262e-05
artemis,TwinSync,1016,1.0,3.0,B1-c,0,0.0,none,0,B,0.0,0.0,0.2110954395862717,0,0,449,1464,1850,2127,0.9793691476163854,101.36,-2.776,-1.0,2.1763564003776992e-05,2.179200055252295e-05,3.096315044786024e-05,4.537599943432724e-05
artemis,TwinSync,1017,1.0,3.0,B1-c,0,0.0,none,0,B,0.0,0.0,0.2249544626593806,0,0,494,1524,1872,2196,0.979506543005778,103.07,-2.776,-1.0,2.32398520111019e-05,2.3626000256626867e-05,3.2833049726832544e-05,4.654199983633589e-05
artemis,TwinSync,1018,1.0,3.0,B1-c,0,0.0,none,0,B,0.0,0.0,0.2141509433962264,0,0,454,1517,1824,2120,0.9792378360791504,100.93,-2.776,-1.0,2.2162590008520057e-05,2.2250500023801575e-05,3.132120014015524e-05,6.562599992321339e-05
artemis,TwinSync,1019,1.0,3.0,B1-c,0,0.0,none,0,B,0.0,0.0,0.2191655204034846,0,0,478,1521,1860,2181,0.9762471157179236,102.77,-2.776,-1.0,2.2570610024558847e-05,2.289650001330301e-05,3.28791993069899e-05,4.31260004916112e-05
artemis,TwinSync,1020,1.0,3.0,B1-c,0,0.0,none,0,B,0.0,0.0,0.2181146025878003,0,0,472,1504,1839,2164,0.9787500008784136,101.77,-2.776,-1.0,2.219027601859125e-05,2.258400036225794e-05,3.171319981447595e-05,4.400099987833528e-05
artemis,TwinSync,1021,1.0,3.0,B1-c,0,0.0,none,0,B,0.0,0.0,0.2280939476061427,0,0,505,1529,1824,2214,0.9739035194290754,102.33,-2.776,-1.0,2.3364133989161927e-05,2.3709000288363317e-05,3.3171199902426445e-05,6.112599930929719e-05
artemis,TwinSync,1022,1.0,3.0,B1-c,0,0.0,none,0,B,0.0,0.0026824034334763,0.2258509659613615,0,5,491,1525,1864,2174,0.9762428857533596,102.16,-2.776,-1.0,2.4127377990225797e-05,2.445900008751778e-05,3.57593507033016e-05,7.008500051597366e-05
artemis,TwinSync,1023,1.0,3.0,B1-c,0,0.0,none,0,B,0.0,0.0,0.2196240256762952,0,0,479,1487,1849,2181,0.9771463041692028,102.22,-2.776,-1.0,2.2617349974098032e-05,2.2708999495080207e-05,3.296315021543705e-05,5.479199990077177e-05
artemis,TwinSync,1024,1.0,3.0,B1-c,0,0.0,none,0,B,0.0,0.0,0.2153704555913483,0,0,468,1514,1850,2173,0.9748831845477391,102.62,-2.776,-1.0,2.219472401338862e-05,2.270899994982756e-05,3.19325498821854e-05,5.233400042925496e-05
artemis,TwinSync,1025,1.0,3.0,B1-c,0,0.0,none,0,B,0.0,0.0,0.2218649517684887,0,0,483,1538,1824,2177,0.9747323887358976,101.85,-2.776,-1.0,2.322295400699659e-05,2.350049999222392e-05,3.319090028526259e-05,5.954300013399916e-05
artemis,TwinSync,1026,1.0,3.0,B1-c,0,0.0,none,0,B,0.0,0.0,0.2244434348023625,0,0,494,1528,1858,2201,0.9760255766156656,102.8,-2.776,-1.0,2.29728460253682e-05,2.3499999770137947e-05,3.408604970900342e-05,4.525099939201027e-05
artemis,TwinSync,1027,1.0,3.0,B1-c,0,0.0,none,0,B,0.0,0.0,0.2282407407407407,0,0,493,1502,1782,2160,0.9824683352708572,100.15,-2.776,-1.0,2.267832795769209e-05,2.302099983353401e-05,3.3713149559844165e-05,6.254300024011172e-05
artemis,TwinSync,1028,1.0,3.0,B1-c,0,0.0,none,0,B,0.0,0.0,0.2212630622444343,0,0,487,1509,1836,2201,0.9775709153071191,102.61,-2.776,-1.0,2.2476191976238623e-05,2.2563000129594e-05,3.286109931650569e-05,4.91680002596695e-05
artemis,TwinSync,1029,1.0,3.0,B1-c,0,0.0,none,0,B,0.0,0.0,0.215541165587419,0,0,466,1513,1844,2162,0.9756384726587628,102.32,-2.776,-1.0,2.2261785994487583e-05,2.250049965368817e-05,3.184024985785072e-05,6.18760004726937e-05
artemis,TwinSync,1000,1.0,3.0,B1-d,0,0.0,none,0,B,0.0,0.0010520778537611,0.2292965271593944,0,2,515,1595,1901,2246,0.9792118753580586,105.14,-2.776,-1.0,2.4598627995146676e-05,2.397950038357521e-05,3.875275033351496e-05,6.408500030374853e-05
artemis,TwinSync,1001,1.0,3.0,B1-d,0,0.0,none,0,B,0.0,0.0016,0.2290925266903914,0,3,515,1594,1875,2248,0.9786432215957832,104.61,-2.776,-1.0,2.511029801280529e-05,2.408299997114227e-05,4.012984991277331e-05,6.220999966899399e-05
artemis,TwinSync,1002,1.0,3.0,B1-d,0,0.0,none,0,B,0.0,0.001031991744066,0.2222715173025732,0,2,501,1585,1938,2254,0.973508629185306,106.37,-2.776,-1.0,2.526240200313623e-05,2.42295000134618e-05,4.198080009700787e-05,6.720900000800611e-05
artemis,TwinSync,1003,1.0,3.0,B1-d,0,0.0,none,0,B,0.0,0.0010465724751439,0.2312894499549143,0,2,513,1605,1911,2218,0.9815913957563488,104.67,-2.776,-1.0,2.516047599056037e-05,2.487499978087726e-05,4.00072503452975e-05,5.70009997318266e-05
artemis,TwinSync,1004,1.0,3.0,B1-d,0,0.0,none,0,B,0.0,0.0,0.2315601251676352,0,0,518,1578,1909,2237,0.9800215364573625,104.71,-2.776,-1.0,2.468825197502156e-05,2.3562500246043783e-05,3.934444966944283e-05,6.687599943688838e-05
artemis,TwinSync,1005,1.0,3.0,B1-d,0,0.0,none,0,B,0.0,0.0,0.2419928825622775,0,0,544,1616,1925,2248,0.9806821594043472,105.17,-2.776,-1.0,2.504330799274612e-05,2.4625499918329297e-05,3.887804996338673e-05,6.02509999225731e-05
artemis,TwinSync,1006,1.0,3.0,B1-d,0,0.0,none,0,B,0.0,0.000520020800832,0.219556360344047,0,1,485,1605,1923,2209,0.9785504984910722,105.53,-2.776,-1.0,2.348709199759469e-05,2.3062500076775905e-05,3.82215001991426e-05,6.100100017647492e-05
artemis,TwinSync,1007,1.0,3.0,B1-d,0,0.0,none,0,B,0.0,0.0020650490449148,0.2330184435447593,0,4,518,1605,1937,2223,0.9778675336222372,105.26,-2.776,-1.0,2.5077711996345895e-05,2.4625500373076648e-05,4.066909968969412e-05,5.970900019747205e-05
artemis,TwinSync,1008,1.0,3.0,B1-d,0,0.0,none,0,B,0.0,0.003598971722365,0.2295597484276729,0,7,511,1583,1945,2226,0.9811936525377422,105.4,-2.776,-1.0,2.494721400216804e-05,2.437550028844271e-05,4.013014950032811e-05,6.208400009199977e-05
artemis,TwinSync,1009,1.0,3.0,B1-d,0,0.0,none,0,B,0.0,0.0015698587127158,0.2344734473447344,0,3,521,1600,1911,2222,0.9805142514482444,104.52,-2.776,-1.0,2.667037599348987e-05,2.458400012983475e-05,4.250725028214219e-05,0.0006135119992904
artemis,TwinSync,1010,1.0,3.0,B1-d,0,0.0,none,0,B,0.0,0.0020844189682126,0.2360303978542691,0,4,528,1587,1919,2237,0.9789964494969664,104.56,-2.776,-1.0,2.5063077975573837e-05,2.416699999230332e-05,3.9878050301922485e-05,5.929300004936522e-05
artemis,TwinSync,1011,1.0,3.0,B1-d,0,0.0,none,0,B,0.0,0.0010471204188481,0.2358533272974196,0,2,521,1636,1910,2209,0.9809880418489748,104.53,-2.776,-1.0,2.427939599328965e-05,2.352199953747913e-05,4.0177450364353705e-05,6.041800043021794e-05
artemis,TwinSync,1012,1.0,3.0,B1-d,0,0.0,none,0,B,0.0,0.0005330490405117,0.22609472743521,0,1,506,1638,1876,2238,0.9801606605021316,105.06,-2.776,-1.0,2.516364000439353e-05,2.3917500129755357e-05,3.9119450457292224e-05,0.0002334209993932
artemis,TwinSync,1013,1.0,3.0,B1-d,0,0.0,none,0,B,0.0,0.0,0.2342908438061041,0,0,522,1623,1956,2228,0.9800130476685126,105.75,-2.776,-1.0,2.5325245960630127e-05,2.4417000076937256e-05,4.107425020265506e-05,8.220999916375149e-05
artemis,TwinSync,1014,1.0,3.0,B1-d,0,0.0,none,0,B,0.0,0.0010298661174047,0.232,0,2,522,1610,1942,2250,0.9764574556444584,105.84,-2.776,-1.0,2.646058201571577e-05,2.585499987617368e-05,4.083880016878534e-05,6.383500021911459e-05
artemis,TwinSync,1015,1.0,3.0,B1-d,0,0.0,none,0,B,0.0,0.0005246589716684,0.2375565610859728,0,1,525,1636,1906,2210,0.9812976929875098,104.46,-2.776,-1.0,2.479180601403641e-05,2.3917500129755357e-05,4.1801299585131335e-05,7.316800019907532e-05
artemis,TwinSync,1016,1.0,3.0,B1-d,0,0.0,none,0,B,0.0,0.0,0.2203467153284671,0,0,483,1569,1912,2192,0.9797028876317804,104.58,-2.776,-1.0,2.3484191997340533e-05,2.2312999590212712e-05,3.725515030055248e-05,6.1875999563199e-05
artemis,TwinSync,1017,1.0,3.0,B1-d,0,0.0,none,0,B,0.0,0.0005133470225872,0.2322147651006711,0,1,519,1611,1948,2235,0.981155991235818,105.86,-2.776,-1.0,2.5393643969437107e-05,2.4625000150990672e-05,4.104505019313364e-05,6.121000023995293e-05
artemis,TwinSync,1018,1.0,3.0,B1-d,0,0.0,none,0,B,0.0,0.0031529164477141,0.2266483516483516,0,6,495,1599,1903,2184,0.9803279802320304,103.9,-2.776,-1.0,2.5084868000703864e-05,2.389599967500544e-05,4.229505061630334e-05,6.625100013479823e-05
artemis,TwinSync,1019,1.0,3.0,B1-d,0,0.0,none,0,B,0.0,0.0010303967027305,0.2303899596593455,0,2,514,1608,1941,2231,0.9785353556968852,105.64,-2.776,-1.0,2.509196000210068e-05,2.4251000013464363e-05,4.238435021761688e-05,6.387600024027051e-05
artemis,TwinSync,1020,1.0,3.0,B1-d,0,0.0,none,0,B,0.0,0.0005219206680584,0.2292879534258844,0,1,512,1588,1916,2233,0.9802816754127446,105.0,-2.776,-1.0,2.4238447982497748e-05,2.314650009793695e-05,3.931285009457495e-05,7.096000081219245e-05
artemis,TwinSync,1021,1.0,3.0,B1-d,0,0.0,none,0,B,0.0,0.0,0.236043956043956,0,0,537,1631,1897,2275,0.9761532935694546,105.68,-2.776,-1.0,2.5261158007197083e-05,2.460449968566536e-05,4.008609994343715e-05,6.687600034638308e-05
artemis,TwinSync,1022,1.0,3.0,B1-d,0,0.0,none,0,B,0.0,0.0036231884057971,0.2370071684587813,0,7,529,1633,1932,2232,0.978548732920692,105.16,-2.776,-1.0,2.654127399182471e-05,2.5833499421423767e-05,4.287564993319389e-05,7.000099958531791e-05
artemis,TwinSync,1023,1.0,3.0,B1-d,0,0.0,none,0,B,0.0,0.000516795865633,0.2302895322939866,0,1,517,1585,1935,2245,0.9787693560918126,105.68,-2.776,-1.0,2.577716998530377e-05,2.479200065863552e-05,4.360369975984212e-05,6.929300070623867e-05
artemis,TwinSync,1024,1.0,3.0,B1-d,0,0.0,none,0,B,0.0,0.0,0.2258643915581499,0,0,503,1610,1936,2227,0.977134922516005,105.87,-2.776,-1.0,2.567983000881213e-05,2.479200065863552e-05,4.1515599968988666e-05,6.562599992321339e-05
artemis,TwinSync,1025,1.0,3.0,B1-d,0,0.0,none,0,B,0.0,0.0,0.2351097178683385,0,0,525,1627,1913,2233,0.9768892785681068,104.94,-2.776,-1.0,2.5629727984778584e-05,2.5041999833774756e-05,4.147775039200495e-05,6.200100051501067e-05
artemis,TwinSync,1026,1.0,3.0,B1-d,0,0.0,none,0,B,0.0,0.0,0.2345898004434589,0,0,529,1624,1951,2255,0.9773777397994888,106.19,-2.776,-1.0,2.614367601017875e-05,2.5917499897332164e-05,4.117745070288946e-05,6.162600038805977e-05
artemis,TwinSync,1027,1.0,3.0,B1-d,0,0.0,none,0,B,0.0,0.0,0.2380522993688007,0,0,528,1600,1869,2218,0.982900174750992,103.56,-2.776,-1.0,2.4290626017318573e-05,2.374999985477189e-05,3.730129988070984e-05,5.825100015499629e-05
artemis,TwinSync,1028,1.0,3.0,B1-d,0,0.0,none,0,B,0.0,0.0015592515592515,0.2301552106430155,0,3,519,1599,1924,2255,0.9785457611802354,105.87,-2.776,-1.0,2.4916407970522413e-05,2.3750999844196485e-05,4.0051299902188464e-05,7.904300036898348e-05
artemis,TwinSync,1029,1.0,3.0,B1-d,0,0.0,none,0,B,0.0,0.0005208333333333,0.2267206477732793,0,1,504,1629,1920,2223,0.9777149880238742,105.67,-2.776,-1.0,2.465936997941753e-05,2.383399987593293e-05,4.081909974047446e-05,5.958399924566038e-05
artemis,TwinSync,1000,1.0,3.0,B1-e,0,0.0,none,0,B,0.0,0.0,0.220300409649522,0,0,484,1553,1860,2197,0.9780040790741034,103.4,-2.776,-1.0,2.3684314011916284e-05,2.325050036233733e-05,3.82770993383019e-05,6.158399992273189e-05
artemis,TwinSync,1001,1.0,3.0,B1-e,0,0.0,none,0,B,0.0,0.0,0.2238805970149253,0,0,495,1548,1824,2211,0.9794981170440724,102.68,-2.776,-1.0,2.3305106005864217e-05,2.302150005561998e-05,3.5794099858321715e-05,5.2168000365782063e-05
artemis,TwinSync,1002,1.0,3.0,B1-e,0,0.0,none,0,B,0.0,0.0,0.2166064981949458,0,0,480,1532,1888,2216,0.9723582502472604,104.37,-2.776,-1.0,2.3408661980283795e-05,2.2959000034461496e-05,3.583814941521268e-05,6.100100017647492e-05
artemis,TwinSync,1003,1.0,3.0,B1-e,0,0.0,none,0,B,0.0,0.0032137118371719,0.2246675836772123,0,6,490,1557,1867,2181,0.9815920352682186,102.81,-2.776,-1.0,2.355618599540321e-05,2.3250499907589983e-05,3.6812849293710296e-05,7.758399988233577e-05
artemis,TwinSync,1004,1.0,3.0,B1-e,0,0.0,none,0,B,0.0,0.0016120365394948,0.2243415077202543,0,3,494,1522,1861,2202,0.9781188895266142,102.8,-2.776,-1.0,2.3706015994321207e-05,2.3250499907589983e-05,3.630659998634654e-05,5.587600026046857e-05
artemis,TwinSync,1005,1.0,3.0,B1-e,0,0.0,none,0,B,0.0,0.0005339028296849,0.2342260553790286,0,1,516,1568,1873,2203,0.9807395938192636,103.12,-2.776,-1.0,2.453200402123912e-05,2.406349994998891e-05,3.809650015682563e-05,6.875100007164292e-05
artemis,TwinSync,1006,1.0,3.0,B1-e,0,0.0,none,0,B,0.0,0.0,0.2156593406593406,0,0,471,1554,1875,2184,0.9773732617174228,103.75,-2.776,-1.0,2.303821200803213e-05,2.31879998864315e-05,3.472984994914439e-05,7.300099969143048e-05
artemis,TwinSync,1007,1.0,3.0,B1-e,0,0.0,none,0,B,0.0,0.0,0.2265016047684548,0,0,494,1569,1904,2181,0.976972245432752,103.78,-2.776,-1.0,2.400548597870511e-05,2.3708000298938717e-05,3.725099941220833e-05,5.57509993086569e-05
artemis,TwinSync,1008,1.0,3.0,B1-e,0,0.0,none,0,B,0.0,0.0015822784810126,0.2225274725274725,0,3,486,1541,1896,2184,0.9812866334707412,103.57,-2.776,-1.0,2.356062201761233e-05,2.329199969608453e-05,3.680034928947861e-05,5.350100036594085e-05
artemis,TwinSync,1009,1.0,3.0,B1-e,0,0.0,none,0,B,0.0,0.0,0.2261904761904762,0,0,494,1549,1873,2184,0.9793550138342164,102.98,-2.776,-1.0,2.3933393989864272e-05,2.366700027778279e-05,3.6837050174654e-05,5.7125999774143565e-05
artemis,TwinSync,1010,1.0,3.0,B1-e,0,0.0,none,0,B,0.0,0.0021356113187399,0.2276238073602907,0,4,501,1538,1873,2201,0.977497287566493,102.88,-2.776,-1.0,2.4259068000901608e-05,2.3832999886508333e-05,3.900725000676175e-05,5.816799966851249e-05
artemis,TwinSync,1011,1.0,3.0,B1-e,0,0.0,none,0,B,0.0,0.0,0.2303809086737035,0,0,502,1587,1863,2179,0.9800637084046824,102.81,-2.776,-1.0,2.33860180087504e-05,2.2896000245964387e-05,3.650305006885901e-05,5.612600034510251e-05
artemis,TwinSync,1012,1.0,3.0,B1-e,0,0.0,none,0,B,0.0,0.0027472527472527,0.2202623247399366,0,5,487,1568,1820,2211,0.9801689061308202,102.92,-2.776,-1.0,2.427459802493104e-05,2.314650009793695e-05,3.8209000194910914e-05,5.779300045105629e-05
artemis,TwinSync,1013,1.0,3.0,B1-e,0,0.0,none,0,B,0.0,0.0015608740894901,0.2289868241708314,0,3,504,1569,1922,2201,0.9794228520773144,104.2,-2.776,-1.0,2.434294999147824e-05,2.3999999939405825e-05,3.79777501166245e-05,5.8708999858936295e-05
artemis,TwinSync,1014,1.0,3.0,B1-e,0,0.0,none,0,B,0.0,0.0005327650506126,0.2267389340560072,0,1,502,1551,1877,2214,0.976846654066186,103.49,-2.776,-1.0,2.3834388004615903e-05,2.333349993932643e-05,3.700004981510574e-05,6.220900013431674e-05
artemis,TwinSync,1015,1.0,3.0,B1-e,0,0.0,none,0,B,0.0,0.0010816657652785,0.2335933914639743,0,2,509,1591,1849,2179,0.980850110057187,102.4,-2.776,-1.0,2.56836659846158e-05,2.345900020372937e-05,3.821315017376037e-05,0.0005274269997244
artemis,TwinSync,1016,1.0,3.0,B1-e,0,0.0,none,0,B,0.0,0.0,0.2159406858202039,0,0,466,1515,1877,2158,0.9798407667001436,102.83,-2.776,-1.0,2.3251262036865227e-05,2.235449983345461e-05,3.896525040545384e-05,6.004300030326704e-05
artemis,TwinSync,1017,1.0,3.0,B1-e,0,0.0,none,0,B,0.0,0.0,0.2297297297297297,0,0,510,1569,1902,2220,0.9802139827888856,104.36,-2.776,-1.0,2.456196800631005e-05,2.456299944242346e-05,3.733399989869213e-05,7.579300017823698e-05
artemis,TwinSync,1018,1.0,3.0,B1-e,0,0.0,none,0,B,0.0,0.0026954177897574,0.220724907063197,0,5,475,1567,1855,2152,0.979816576708444,102.28,-2.776,-1.0,2.335136399960902e-05,2.302150005561998e-05,3.513545002533645e-05,5.370899998524692e-05
artemis,TwinSync,1019,1.0,3.0,B1-e,0,0.0,none,0,B,0.0,0.0,0.2243328810492989,0,0,496,1567,1898,2211,0.977333594704064,104.35,-2.776,-1.0,2.404626200950588e-05,2.3459000658476725e-05,3.838220068246301e-05,9.262599996873178e-05
artemis,TwinSync,1020,1.0,3.0,B1-e,0,0.0,none,0,B,0.0,0.0,0.2235401459854014,0,0,490,1549,1880,2192,0.979778764807802,103.34,-2.776,-1.0,2.4384194022786687e-05,2.3791999410605055e-05,4.034085000057526e-05,6.500100062112324e-05
artemis,TwinSync,1021,1.0,3.0,B1-e,0,0.0,none,0,B,0.0,0.0005385029617662,0.232620320855615,0,1,522,1578,1857,2244,0.9750538189232392,103.85,-2.776,-1.0,2.4877218007532063e-05,2.4376000510528684e-05,3.913220002687012e-05,5.679300011252053e-05
artemis,TwinSync,1022,1.0,3.0,B1-e,0,0.0,none,0,B,0.0,0.0047343503419253,0.2310140973169622,0,9,508,1569,1901,2199,0.9778647806120738,103.5,-2.776,-1.0,2.5150831983410173e-05,2.5208999886672245e-05,3.821110017270257e-05,6.508399928861763e-05
artemis,TwinSync,1023,1.0,3.0,B1-e,0,0.0,none,0,B,0.0,0.0010593220338983,0.2240362811791383,0,2,494,1534,1888,2205,0.9783936688842108,103.7,-2.776,-1.0,2.3415505998855224e-05,2.2625500150752487e-05,3.715719940373671e-05,5.554200015467359e-05
artemis,TwinSync,1024,1.0,3.0,B1-e,0,0.0,none,0,B,0.0,0.0,0.2216681776971895,0,0,489,1563,1888,2206,0.9759944526431686,104.23,-2.776,-1.0,2.4647229993206564e-05,2.4167000447050668e-05,3.975305025960552e-05,6.229300015547778e-05
artemis,TwinSync,1025,1.0,3.0,B1-e,0,0.0,none,0,B,0.0,0.0,0.2259528130671506,0,0,498,1581,1857,2204,0.9752561339497836,103.3,-2.776,-1.0,2.5050650010598476e-05,2.458400012983475e-05,3.8694100794600645e-05,7.587599975522608e-05
artemis,TwinSync,1026,1.0,3.0,B1-e,0,0.0,none,0,B,0.0,0.0,0.2284172661870503,0,0,508,1568,1891,2224,0.9771518707838436,104.13,-2.776,-1.0,2.4807386007523747e-05,2.4541999664506875e-05,3.855239983749924e-05,6.633399971178733e-05
artemis,TwinSync,1027,1.0,3.0,B1-e,0,0.0,none,0,B,0.0,0.0005500550055005,0.2327072835547411,0,1,508,1549,1818,2183,0.9832546629182964,101.56,-2.776,-1.0,2.4689125990335014e-05,2.418849999230588e-05,3.884229950017469e-05,6.158500036690384e-05
artemis,TwinSync,1028,1.0,3.0,B1-e,0,0.0,none,0,B,0.0,0.0,0.2251685393258427,0,0,501,1551,1871,2225,0.9782471539141506,104.03,-2.776,-1.0,2.4353226019229624e-05,2.393749991824734e-05,3.8965249586908606e-05,6.100100017647492e-05
artemis,TwinSync,1029,1.0,3.0,B1-e,0,0.0,none,0,B,0.0,0.0005330490405117,0.2192219679633867,0,1,479,1563,1876,2185,0.9769199411155102,103.74,-2.776,-1.0,2.400210801351932e-05,2.3291500383493258e-05,3.956910018132473e-05,6.387699977494776e-05
artemis,TwinSync,1000,1.0,3.0,B2-phase,0,0.0,none,0,B,0.0,0.0087383943200436,0.2364170337738619,0,16,483,1595,1831,2043,0.985273091105873,98.33,-2.788,-1.0,2.75437759974011e-05,2.4021499484661035e-05,6.413849941964144e-05,8.841900034894934e-05
artemis,TwinSync,1001,1.0,3.0,B2-phase,0,0.0,none,0,B,0.0,0.0094444444444444,0.2318137730358875,0,17,478,1591,1800,2062,0.9853845500721296,98.18,-2.782,-1.0,2.7683413985869263e-05,2.562599956945633e-05,6.158709948067553e-05,0.00011062700014
artemis,TwinSync,1002,1.0,3.0,B2-phase,0,0.0,none,0,B,0.0,0.0092643051771117,0.2377486656962639,0,17,490,1570,1835,2061,0.9840239836837642,98.1,-2.788,-1.0,2.8405644014128484e-05,2.725100057432428e-05,5.958705060038483e-05,0.0001156270000137
artemis,TwinSync,1003,1.0,3.0,B2-phase,0,0.0,none,0,B,0.0,0.0110619469026548,0.2355816226783968,0,20,482,1594,1808,2046,0.988958992341345,97.82,-2.792,-1.0,2.6832257994101384e-05,2.497999957995489e-05,5.913014956604456e-05,8.53769997775089e-05
artemis,TwinSync,1004,1.0,3.0,B2-phase,0,0.0,none,0,B,0.0,0.0098738343390016,0.2407587548638132,0,18,495,1554,1823,2056,0.9847236690472566,97.59,-2.792,-1.0,2.780895401156158e-05,2.5667499812698225e-05,6.150399985926924e-05,8.350200005224906e-05
artemis,TwinSync,1005,1.0,3.0,B2-phase,0,0.0,none,0,B,0.0,0.0099228224917309,0.2430044182621502,0,18,495,1602,1814,2037,0.986240519230796,97.59,-2.784,-1.0,2.6848539970160345e-05,2.4708499950065743e-05,5.9195050016569416e-05,8.237600013671909e-05
artemis,FIFO,1004,1.0,3.0,B1-c,0,0.0,none,0,B,0.4269282814614343,0.2126845270639693,0.0,631,389,0,1478,1829,2181,0.9203549991888824,101.84,0.918,1.0,1.603590201193583e-05,1.5624999832652975e-05,2.2588150386582125e-05,3.4126000173273496e-05
artemis,FIFO,1005,1.0,3.0,B1-c,0,0.0,none,0,B,0.4281967213114754,0.2261580381471389,0.0,653,415,0,1525,1835,2182,0.9207344864137468,101.93,0.954,1.0,1.570031399205618e-05,1.5416999303852208e-05,2.2791999981564004e-05,4.508500023803208e-05
artemis,FIFO,1006,1.0,3.0,B1-c,0,0.0,none,0,B,0.4228987425545996,0.1952277657266811,0.0,639,360,0,1511,1844,2161,0.9199352471614038,102.51,0.928,1.0,1.5086373998201452e-05,1.5104500107554486e-05,2.1094399880894333e-05,3.083400042669382e-05
artemis,FIFO,1007,1.0,3.0,B1-c,0,0.0,none,0,B,0.429419525065963,0.2148981779206859,0.0,651,401,0,1516,1866,2159,0.9158103750640588,102.09,0.954,1.0,1.5498795983148737e-05,1.5249999705702066e-05,2.205034970756969e-05,5.066700032330118e-05
artemis,FIFO,1008,1.0,3.0,B1-c,0,0.0,none,0,B,0.4408817635270541,0.2084900591080064,0.0,660,388,0,1497,1861,2161,0.9211149364840072,101.97,0.954,1.0,1.5503702026762766e-05,1.541699975859956e-05,2.1754200088253124e-05,3.79170005544438e-05
artemis,FIFO,1009,1.0,3.0,B1-c,0,0.0,none,0,B,0.4367509986684421,0.216260162601626,0.0,656,399,0,1502,1845,2157,0.9200492908876996,101.35,0.93,1.0,1.5416377984365683e-05,1.541700021334691e-05,2.151970043087202e-05,3.812600061792182e-05
artemis,FIFO,1010,1.0,3.0,B1-c,0,0.0,none,0,B,0.4208053691275167,0.2149075081610446,0.0,627,395,0,1490,1838,2179,0.9214737153015912,101.99,0.958,1.0,1.5491314014070668e-05,1.5229499695124105e-05,2.150930040443199e-05,9.050200060300996e-05
artemis,FIFO,1011,1.0,3.0,B1-c,0,0.0,none,0,B,0.4148867313915858,0.21319520174482,0.0,641,391,0,1545,1834,2149,0.9224383607132756,101.62,0.936,1.0,1.558705000206828e-05,1.541700021334691e-05,2.1802400533488245e-05,3.304299934825394e-05
artemis,FIFO,1012,1.0,3.0,B1-c,0,0.0,none,0,B,0.4340731070496083,0.2144456886898096,0.0,665,383,0,1532,1786,2183,0.920850204109978,101.47,0.942,1.0,1.5423716000441345e-05,1.4957999610487605e-05,2.196520013058034e-05,3.337499947519973e-05
artemis,FIFO,1013,1.0,3.0,B1-c,0,0.0,none,0,B,0.4345549738219895,0.2097716409984068,0.0,664,395,0,1528,1883,2171,0.9185102191166894,102.7,0.96,1.0,1.5964564017849625e-05,1.5958500171109335e-05,2.2500000341096893e-05,3.933400057576364e-05
artemis,FIFO,1014,1.0,3.0,B1-c,0,0.0,none,0,B,0.4187126741871267,0.2151004888647474,0.0,631,396,0,1507,1841,2195,0.9177958755517718,102.6,0.93,1.0,1.5560540023216164e-05,1.5646499832655536e-05,2.1342300806281847e-05,3.891699998348486e-05
artemis,FIFO,1015,1.0,3.0,B1-c,0,0.0,none,0,B,0.4107373868046571,0.2223445239405613,0.0,635,404,0,1546,1817,2158,0.9243171244488898,101.42,0.88,1.0,1.6778087985585442e-05,1.5188000361376908e-05,2.1671150443580692e-05,0.0007320140002775
artemis,FIFO,1016,1.0,3.0,B1-c,0,0.0,none,0,B,0.4200819672131147,0.1908108108108108,0.0,615,353,0,1464,1850,2127,0.9267679559881123,101.53,0.944,1.0,1.5045056023154758e-05,1.4771000223845476e-05,2.063959968836569e-05,3.875099992001197e-05
artemis,FIFO,1017,1.0,3.0,B1-c,0,0.0,none,0,B,0.4192913385826771,0.22008547008547,0.0,639,412,0,1524,1872,2196,0.9217207740392156,103.15,0.912,1.0,1.5596443998219912e-05,1.554199980091653e-05,2.1505150425582535e-05,4.0501000512449536e-05
artemis,FIFO,1018,1.0,3.0,B1-c,0,0.0,none,0,B,0.4087013843111404,0.1995614035087719,0.0,620,364,0,1517,1824,2120,0.9248994900891964,100.99,0.942,1.0,1.498555203761498e-05,1.4876000022923108e-05,2.0767650175912407e-05,2.9458999961207155e-05
artemis,FIFO,1019,1.0,3.0,B1-c,0,0.0,none,0,B,0.4253780407626562,0.2080645161290322,0.0,647,387,0,1521,1860,2181,0.9169793239041728,102.84,0.95,1.0,1.5608225990945355e-05,1.558399981149705e-05,2.163430044674896e-05,4.020899996248773e-05
artemis,FIFO,1020,1.0,3.0,B1-c,0,0.0,none,0,B,0.4281914893617021,0.2071778140293637,0.0,644,381,0,1504,1839,2164,0.9214401002872672,101.84,0.95,1.0,1.5765748008561787e-05,1.554199980091653e-05,2.179205052925681e-05,3.645900051196804e-05
artemis,FIFO,1021,1.0,3.0,B1-c,0,0.0,none,0,B,0.4179202092871157,0.2220394736842105,0.0,639,405,0,1529,1824,2214,0.9162944296424628,102.85,0.934,1.0,1.562742602072831e-05,1.556249981149449e-05,2.1846500112587807e-05,3.5999999454361387e-05
artemis,FIFO,1022,1.0,3.0,B1-c,0,0.0,none,0,B,0.4131147540983607,0.223175965665236,0.0,630,416,0,1525,1864,2174,0.9199113340066484,102.25,0.94,1.0,1.5912283985016983e-05,1.568749985381146e-05,2.241699990008783e-05,4.162599998380756e-05
artemis,FIFO,1023,1.0,3.0,B1-c,0,0.0,none,0,B,0.4095494283792871,0.2055164954029205,0.0,609,380,0,1487,1849,2181,0.9240588717920512,102.76,0.896,1.0,1.5418722008689656e-05,1.520849991720752e-05,2.2125000214145985e-05,4.050099960295484e-05
artemis,FIFO,1024,1.0,3.0,B1-c,0,0.0,none,0,B,0.4260237780713342,0.201081081081081,0.0,645,372,0,1514,1850,2173,0.9164223990324014,102.68,0.91,1.0,1.5455568016477627e-05,1.5458500001841458e-05,2.166909962397767e-05,3.020900021510897e-05
artemis,FIFO,1025,1.0,3.0,B1-c,0,0.0,none,0,B,0.4057217165149545,0.2094298245614035,0.0,624,382,0,1538,1824,2177,0.917462321882891,102.45,0.95,1.0,1.559580598222965e-05,1.5251000149874017e-05,2.1969399313093156e-05,4.337599966675043e-05
artemis,FIFO,1026,1.0,3.0,B1-c,0,0.0,none,0,B,0.4195026178010471,0.2179763186221743,0.0,641,405,0,1528,1858,2201,0.9180975570927656,103.11,0.908,1.0,1.5554060008071246e-05,1.5396500202768948e-05,2.219295020040588e-05,2.825000046868809e-05
artemis,FIFO,1027,1.0,3.0,B1-c,0,0.0,none,0,B,0.4374167776298269,0.2261503928170594,0.0,657,403,0,1502,1782,2160,0.926684933156808,100.19,0.924,1.0,1.5404371988552158e-05,1.520849991720752e-05,2.126669992321693e-05,8.43759999042959e-05
artemis,FIFO,1028,1.0,3.0,B1-c,0,0.0,none,0,B,0.4161696487740225,0.2113289760348584,0.0,628,388,0,1509,1836,2201,0.9209538443442647,103.11,0.916,1.0,1.5436608035088285e-05,1.537549997010501e-05,2.1919099708611608e-05,2.7292000595480204e-05
artemis,FIFO,1029,1.0,3.0,B1-c,0,0.0,none,0,B,0.3985459352280238,0.2049891540130151,0.0,603,378,0,1513,1844,2162,0.9239489417272247,102.55,0.85,1.0,1.5297895966796204e-05,1.5146499663387658e-05,2.192420010942441e-05,3.158400068059564e-05
artemis,FIFO,1000,1.0,3.0,B1-d,0,0.0,none,0,B,0.413166144200627,0.230405049973698,0.0,659,438,0,1595,1901,2246,0.918119799294883,105.17,0.938,1.0,1.6519315977348015e-05,1.608399998076493e-05,2.4588149244664237e-05,5.137599964655237e-05
artemis,FIFO,1001,1.0,3.0,B1-d,0,0.0,none,0,B,0.4058971141781681,0.232,0.0,647,435,0,1594,1875,2248,0.9190336290362684,104.87,0.9,1.0,1.6226799967625993e-05,1.541700021334691e-05,2.4948249802037e-05,4.446000002644723e-05
artemis,FIFO,1002,1.0,3.0,B1-d,0,0.0,none,0,B,0.4012618296529968,0.2115583075335397,0.0,636,410,0,1585,1938,2254,0.9141089022071706,106.85,0.92,1.0,1.7285101988818498e-05,1.6333500298060244e-05,2.780450072350503e-05,0.0001413360005244
artemis,FIFO,1003,1.0,3.0,B1-d,0,0.0,none,0,B,0.4149532710280373,0.2354788069073783,0.0,666,450,0,1605,1911,2218,0.9186150602058174,104.37,0.936,1.0,1.6647887983708643e-05,1.595900039319531e-05,2.5802450045375727e-05,3.91670000681188e-05
artemis,FIFO,1004,1.0,3.0,B1-d,0,0.0,none,0,B,0.4207858048162231,0.2283918281822944,0.0,664,436,0,1578,1909,2237,0.9161165099336882,104.85,0.918,1.0,1.6465157983475364e-05,1.5583500044158427e-05,2.5003049813676625e-05,6.87930005369708e-05
artemis,FIFO,1005,1.0,3.0,B1-d,0,0.0,none,0,B,0.4214108910891089,0.2441558441558441,0.0,681,470,0,1616,1925,2248,0.9145035477303984,105.24,0.956,1.0,1.6871466010343285e-05,1.6166999557754025e-05,2.596640015326556e-05,7.579300017823698e-05
artemis,FIFO,1006,1.0,3.0,B1-d,0,0.0,none,0,B,0.4143302180685358,0.2048881955278211,0.0,665,394,0,1605,1923,2209,0.9154362213449544,105.53,0.928,1.0,1.697393999529595e-05,1.541699975859956e-05,2.510275030545016e-05,0.0004813839996131
artemis,FIFO,1007,1.0,3.0,B1-d,0,0.0,none,0,B,0.4280373831775701,0.2328342798141456,0.0,687,451,0,1605,1937,2223,0.9136934803619804,104.96,0.954,1.0,1.88332000070659e-05,1.6437500562460627e-05,2.7516700174601267e-05,0.0007690149996051
artemis,FIFO,1008,1.0,3.0,B1-d,0,0.0,none,0,B,0.4289324068224889,0.2282776349614396,0.0,679,444,0,1583,1945,2226,0.916100936206706,105.15,0.954,1.0,1.6612635989076808e-05,1.6167000467248727e-05,2.56670000453596e-05,3.766699956031516e-05
artemis,FIFO,1009,1.0,3.0,B1-d,0,0.0,none,0,B,0.425625,0.2349555206698063,0.0,681,449,0,1600,1911,2222,0.9155604249168264,104.35,0.93,1.0,1.637223397301568e-05,1.5874999917286914e-05,2.534024947635771e-05,4.833399998460664e-05
artemis,FIFO,1010,1.0,3.0,B1-d,0,0.0,none,0,B,0.4177693761814744,0.2339760291818655,0.0,663,449,0,1587,1919,2237,0.9166954893801126,104.88,0.958,1.0,1.6430272025900195e-05,1.5813000118214404e-05,2.5923250132109384e-05,3.816699972958304e-05
artemis,FIFO,1011,1.0,3.0,B1-d,0,0.0,none,0,B,0.4077017114914425,0.2293193717277487,0.0,667,438,0,1636,1910,2209,0.9179822275897768,104.65,0.936,1.0,1.650108599824307e-05,1.5896499462542124e-05,2.5171199922624503e-05,4.487600017455407e-05
artemis,FIFO,1012,1.0,3.0,B1-d,0,0.0,none,0,B,0.4249084249084249,0.226545842217484,0.0,696,425,0,1638,1876,2238,0.9150029317220644,104.83,0.942,1.0,1.657904198327742e-05,1.575049964230857e-05,2.566910006862599e-05,5.0210000154038426e-05
artemis,FIFO,1013,1.0,3.0,B1-d,0,0.0,none,0,B,0.4195933456561922,0.2244376278118609,0.0,681,439,0,1623,1956,2228,0.913973803410812,105.77,0.96,1.0,1.6539057995032637e-05,1.5958500171109335e-05,2.517389984859615e-05,3.787600053328788e-05
artemis,FIFO,1014,1.0,3.0,B1-d,0,0.0,none,0,B,0.4149068322981366,0.2301750772399588,0.0,668,447,0,1610,1942,2250,0.9124299846522942,105.91,0.93,1.0,1.668692998828192e-05,1.6396500086557353e-05,2.487710021341627e-05,5.095899996376829e-05
artemis,FIFO,1015,1.0,3.0,B1-d,0,0.0,none,0,B,0.4028117359413203,0.2355718782791185,0.0,659,449,0,1636,1906,2210,0.919601059938156,104.52,0.88,1.0,1.6374733988413935e-05,1.568749985381146e-05,2.5004199414979663e-05,4.437600000528619e-05
artemis,FIFO,1016,1.0,3.0,B1-d,0,0.0,none,0,B,0.41427660930529,0.2081589958158995,0.0,650,398,0,1569,1912,2192,0.9196604475157852,104.52,0.946,1.0,1.597973198113323e-05,1.537549951535766e-05,2.4681600552867157e-05,3.950100017391378e-05
artemis,FIFO,1017,1.0,3.0,B1-d,0,0.0,none,0,B,0.414649286157666,0.2299794661190965,0.0,668,448,0,1611,1948,2235,0.918700642812693,105.7,0.912,1.0,1.655298199148092e-05,1.5791999430803116e-05,2.5648850032666792e-05,5.370999951992417e-05
artemis,FIFO,1018,1.0,3.0,B1-d,0,0.0,none,0,B,0.4027517198248905,0.2191276931161324,0.0,644,417,0,1599,1903,2184,0.9203633367559898,104.01,0.942,1.0,1.6615171991361423e-05,1.5875499684625538e-05,2.575725006863649e-05,3.7959000110276975e-05
artemis,FIFO,1019,1.0,3.0,B1-d,0,0.0,none,0,B,0.4197761194029851,0.2241112828438949,0.0,675,435,0,1608,1941,2231,0.913952128796948,105.59,0.95,1.0,1.7113489973780814e-05,1.6125000001920853e-05,2.72111001322628e-05,4.891799926554086e-05
artemis,FIFO,1020,1.0,3.0,B1-d,0,0.0,none,0,B,0.4193954659949622,0.225991649269311,0.0,666,433,0,1588,1916,2233,0.9172131358680762,105.03,0.95,1.0,1.648401798956911e-05,1.5605000044160988e-05,2.4846500218700373e-05,3.820899928541621e-05
artemis,FIFO,1021,1.0,3.0,B1-d,0,0.0,none,0,B,0.4101778050275904,0.2361623616236162,0.0,669,448,0,1631,1897,2275,0.912545768622546,106.0,0.934,1.0,1.6370486015148344e-05,1.5792000340297818e-05,2.4771799735390213e-05,3.695899977174122e-05
artemis,FIFO,1022,1.0,3.0,B1-d,0,0.0,none,0,B,0.4029393753827311,0.2396480331262939,0.0,658,463,0,1633,1932,2232,0.9161051674135556,105.21,0.94,1.0,1.663568201365706e-05,1.5917000382614788e-05,2.6292049369658343e-05,4.400099987833528e-05
artemis,FIFO,1023,1.0,3.0,B1-d,0,0.0,none,0,B,0.4113564668769716,0.2232558139534883,0.0,652,432,0,1585,1935,2245,0.9190727607207644,105.91,0.9,1.0,1.6702356002497254e-05,1.600050018168986e-05,2.4885399352569937e-05,4.6874999497958925e-05
artemis,FIFO,1024,1.0,3.0,B1-d,0,0.0,none,0,B,0.415527950310559,0.2184917355371901,0.0,669,423,0,1610,1936,2227,0.9124347224479232,105.72,0.91,1.0,1.6594985985648238e-05,1.610449999134289e-05,2.470805061420833e-05,4.23339997723815e-05
artemis,FIFO,1025,1.0,3.0,B1-d,0,0.0,none,0,B,0.4154886293792256,0.2268687924725562,0.0,676,434,0,1627,1913,2233,0.9140324798083348,105.24,0.952,1.0,1.7335246000584448e-05,1.597949994902592e-05,2.5336050339319623e-05,0.000285963999886
artemis,FIFO,1026,1.0,3.0,B1-d,0,0.0,none,0,B,0.4100985221674877,0.2332137365453613,0.0,666,455,0,1624,1951,2255,0.9135517358589256,106.3,0.908,1.0,1.705233799839334e-05,1.6459000107715838e-05,2.6419100277053075e-05,3.8209000194910914e-05
artemis,FIFO,1027,1.0,3.0,B1-d,0,0.0,none,0,B,0.426875,0.2423756019261637,0.0,683,453,0,1600,1869,2218,0.9202640113352252,103.39,0.924,1.0,1.6833597985169035e-05,1.62090000230819e-05,2.6176299752478364e-05,3.7710000469814986e-05
artemis,FIFO,1028,1.0,3.0,B1-d,0,0.0,none,0,B,0.4127579737335834,0.2224532224532224,0.0,660,428,0,1599,1924,2255,0.9149333632899974,106.27,0.922,1.0,1.733248197888315e-05,1.6583000160608208e-05,2.7548249818210018e-05,4.208399968774757e-05
artemis,FIFO,1029,1.0,3.0,B1-d,0,0.0,none,0,B,0.3953345610804174,0.2229166666666666,0.0,644,428,0,1629,1920,2223,0.9189111482757444,105.65,0.874,1.0,1.6869003997271647e-05,1.6167000012501376e-05,2.565209961176149e-05,5.679199966834858e-05
artemis,FIFO,1000,1.0,3.0,B1-e,0,0.0,none,0,B,0.4043786220218931,0.2161290322580645,0.0,628,402,0,1553,1860,2197,0.9212063502610396,103.49,0.936,1.0,1.832417601508496e-05,1.635449962122948e-05,2.554205002525123e-05,0.0008243900001616
artemis,FIFO,1001,1.0,3.0,B1-e,0,0.0,none,0,B,0.4018087855297158,0.2231359649122807,0.0,622,407,0,1548,1824,2211,0.924025091026708,103.09,0.88,1.0,1.7023663960571866e-05,1.6646500171191292e-05,2.5421149939575112e-05,3.966799977206392e-05
artemis,FIFO,1002,1.0,3.0,B1-e,0,0.0,none,0,B,0.3942558746736292,0.2039194915254237,0.0,604,385,0,1532,1888,2216,0.9173913651307486,105.0,0.92,1.0,1.6530205988601663e-05,1.614599977983744e-05,2.4885450193323768e-05,3.841800025838893e-05
artemis,FIFO,1003,1.0,3.0,B1-e,0,0.0,none,0,B,0.4206807964033398,0.223888591322978,0.0,655,418,0,1557,1867,2181,0.9217515212790368,102.65,0.936,1.0,1.638699802242627e-05,1.5792000340297818e-05,2.4081550373011816e-05,5.050100025982829e-05
artemis,FIFO,1004,1.0,3.0,B1-e,0,0.0,none,0,B,0.4218134034165571,0.2192369693713057,0.0,642,408,0,1522,1861,2202,0.9186276079694132,103.06,0.918,1.0,1.6242813975622993e-05,1.5646499832655536e-05,2.4511400533810948e-05,3.441799981374061e-05
artemis,FIFO,1005,1.0,3.0,B1-e,0,0.0,none,0,B,0.423469387755102,0.2306460224239188,0.0,664,432,0,1568,1873,2203,0.9188472512264606,103.3,0.954,1.0,1.6310591990986723e-05,1.5750000329717295e-05,2.554410002630902e-05,4.379199981485726e-05
artemis,FIFO,1006,1.0,3.0,B1-e,0,0.0,none,0,B,0.4163449163449163,0.2021333333333333,0.0,647,379,0,1554,1875,2184,0.9178864658803502,103.79,0.928,1.0,1.5504699982557214e-05,1.5187500139290933e-05,2.3342300573858657e-05,3.683399972942425e-05
artemis,FIFO,1007,1.0,3.0,B1-e,0,0.0,none,0,B,0.4231994901210962,0.2195378151260504,0.0,664,418,0,1569,1904,2181,0.9141496024932508,103.57,0.954,1.0,1.6322333978678217e-05,1.5771499874972505e-05,2.45965000885917e-05,3.5042000490648206e-05
artemis,FIFO,1008,1.0,3.0,B1-e,0,0.0,none,0,B,0.4354315379623621,0.2141350210970464,0.0,671,406,0,1541,1896,2184,0.9191555206641928,103.33,0.954,1.0,1.6609992015219176e-05,1.608399998076493e-05,2.489259982212387e-05,6.445999952120474e-05
artemis,FIFO,1009,1.0,3.0,B1-e,0,0.0,none,0,B,0.4306003873466753,0.2221035771489589,0.0,667,416,0,1549,1873,2184,0.917527933870269,102.74,0.93,1.0,1.6120635984407273e-05,1.581250035087578e-05,2.446009966661222e-05,3.633400046965107e-05
artemis,FIFO,1010,1.0,3.0,B1-e,0,0.0,none,0,B,0.4148244473342002,0.2205018686599039,0.0,638,413,0,1538,1873,2201,0.918636963336974,103.36,0.958,1.0,1.612309001029644e-05,1.570799986438942e-05,2.413220040580199e-05,4.362599975138437e-05
artemis,FIFO,1011,1.0,3.0,B1-e,0,0.0,none,0,B,0.4095778197857593,0.2216854535695115,0.0,650,413,0,1587,1863,2179,0.9204912410585964,102.99,0.936,1.0,1.5994372006389312e-05,1.550050001242198e-05,2.363129983677936e-05,3.525000010995427e-05
artemis,FIFO,1012,1.0,3.0,B1-e,0,0.0,none,0,B,0.4323979591836734,0.2208791208791208,0.0,678,402,0,1568,1820,2211,0.9191001070395608,102.84,0.942,1.0,1.5990020023309624e-05,1.5458500001841458e-05,2.364374986427718e-05,3.8209000194910914e-05
artemis,FIFO,1013,1.0,3.0,B1-e,0,0.0,none,0,B,0.4295729764181007,0.2169614984391259,0.0,674,417,0,1569,1922,2201,0.9160166638641908,104.25,0.96,1.0,1.6709668008843437e-05,1.625100003366242e-05,2.6794100404003984e-05,5.229199996392708e-05
artemis,FIFO,1014,1.0,3.0,B1-e,0,0.0,none,0,B,0.4132817537072856,0.2210974960042621,0.0,641,415,0,1551,1877,2214,0.9165621519967648,103.85,0.93,1.0,1.6252706003797358e-05,1.59374999384454e-05,2.4385450069530623e-05,4.066700057592243e-05
artemis,FIFO,1015,1.0,3.0,B1-e,0,0.0,none,0,B,0.4054054054054054,0.2287723093564088,0.0,645,423,0,1591,1849,2179,0.9227497856895736,102.66,0.88,1.0,1.6736427991418168e-05,1.635450007597683e-05,2.5758349602256195e-05,3.7167999835219234e-05
artemis,FIFO,1016,1.0,3.0,B1-e,0,0.0,none,0,B,0.4184818481848185,0.1981885988279169,0.0,634,372,0,1515,1877,2158,0.9249064849608256,102.94,0.944,1.0,1.591559402186249e-05,1.529200017102994e-05,2.4046149519563184e-05,5.204299941397039e-05
artemis,FIFO,1017,1.0,3.0,B1-e,0,0.0,none,0,B,0.4155513065646908,0.2292323869610935,0.0,652,436,0,1569,1902,2220,0.9193347111791071,104.31,0.912,1.0,1.6492397993715713e-05,1.6187500023079338e-05,2.505449988348117e-05,4.125099985685665e-05
artemis,FIFO,1018,1.0,3.0,B1-e,0,0.0,none,0,B,0.402680280791321,0.2107816711590296,0.0,631,391,0,1567,1855,2152,0.9226424132746072,102.42,0.942,1.0,1.6873344015039036e-05,1.602099973752047e-05,2.626140021675382e-05,4.1710000004968606e-05
artemis,FIFO,1019,1.0,3.0,B1-e,0,0.0,none,0,B,0.419910657306956,0.2170706006322444,0.0,658,412,0,1567,1898,2211,0.9152076736006304,104.35,0.95,1.0,1.672950202373613e-05,1.62090000230819e-05,2.575005050857726e-05,4.204299966659164e-05
artemis,FIFO,1020,1.0,3.0,B1-e,0,0.0,none,0,B,0.4228534538411879,0.2154255319148936,0.0,655,405,0,1549,1880,2192,0.9195421464829064,103.36,0.95,1.0,1.5816562010513735e-05,1.5375500424852362e-05,2.37172998367896e-05,3.491700044833124e-05
artemis,FIFO,1021,1.0,3.0,B1-e,0,0.0,none,0,B,0.417617237008872,0.2288637587506731,0.0,659,425,0,1578,1857,2244,0.9158369168852448,104.3,0.934,1.0,1.6182293997189846e-05,1.583399989613099e-05,2.371010027673037e-05,4.291799996281043e-05
artemis,FIFO,1022,1.0,3.0,B1-e,0,0.0,none,0,B,0.4072657743785851,0.2298790110468174,0.0,639,437,0,1569,1901,2199,0.919071251505416,103.67,0.94,1.0,1.6287523987557505e-05,1.5874999917286914e-05,2.3963149942574088e-05,4.416699994180817e-05
artemis,FIFO,1023,1.0,3.0,B1-e,0,0.0,none,0,B,0.4048239895697523,0.2113347457627118,0.0,621,399,0,1534,1888,2205,0.9224786891991604,104.23,0.896,1.0,1.607162999425782e-05,1.5729499864391983e-05,2.400305033916084e-05,3.537500015227124e-05
artemis,FIFO,1024,1.0,3.0,B1-e,0,0.0,none,0,B,0.4305822136916187,0.2108050847457627,0.0,673,398,0,1563,1888,2206,0.9159676020181724,104.12,0.91,1.0,1.6465729981064215e-05,1.5958500171109335e-05,2.39673498981574e-05,5.054299981566146e-05
artemis,FIFO,1025,1.0,3.0,B1-e,0,0.0,none,0,B,0.4041745730550284,0.2170166935918147,0.0,639,403,0,1581,1857,2204,0.9156420391780876,103.78,0.95,1.0,1.6695132000677402e-05,1.6167000467248727e-05,2.500210025573324e-05,4.2334000681876205e-05
artemis,FIFO,1026,1.0,3.0,B1-e,0,0.0,none,0,B,0.4145408163265306,0.2242199894235854,0.0,650,424,0,1568,1891,2224,0.917019951706227,104.39,0.908,1.0,1.6108886011352297e-05,1.5749999874969944e-05,2.4007200363485025e-05,3.97100002373918e-05
artemis,FIFO,1027,1.0,3.0,B1-e,0,0.0,none,0,B,0.4312459651387992,0.2326732673267326,0.0,668,423,0,1549,1818,2183,0.9244995642852464,101.56,0.924,1.0,1.5904068011877826e-05,1.5354499737441074e-05,2.39693998992152e-05,5.291799971018918e-05
artemis,FIFO,1028,1.0,3.0,B1-e,0,0.0,none,0,B,0.4107027724049,0.2185996793158738,0.0,637,409,0,1551,1871,2225,0.9191148130899016,104.44,0.916,1.0,1.626998201754759e-05,1.5583500044158427e-05,2.467114973114803e-05,4.912599979434162e-05
artemis,FIFO,1029,1.0,3.0,B1-e,0,0.0,none,0,B,0.3941138835572617,0.2105543710021322,0.0,616,395,0,1563,1876,2185,0.922541503770686,103.91,0.85,1.0,1.596309201704571e-05,1.5458999769180082e-05,2.554409998083429e-05,3.7042999792902265e-05
artemis,FIFO,1000,1.0,3.0,B2-phase,0,0.0,none,0,B,0.4031347962382445,0.2375750955761879,0.0,643,435,0,1595,1831,2043,0.932722259418996,97.9,0.21,1.0,1.6688474015609245e-05,1.5916999927867437e-05,3.208819994142686e-05,4.745900059788255e-05
artemis,FIFO,1001,1.0,3.0,B2-phase,0,0.0,none,0,B,0.4160905091137649,0.2377777777777777,0.0,662,428,0,1591,1800,2062,0.9301206127075444,97.75,0.18,1.0,1.6910079983063042e-05,1.5979999716364546e-05,3.425514933041995e-05,6.32090004728525e-05
artemis,FIFO,1002,1.0,3.0,B2-phase,0,0.0,none,0,B,0.4254777070063694,0.2354223433242507,0.0,668,432,0,1570,1835,2061,0.9341263709750935,98.04,0.178,1.0,1.690140200298629e-05,1.6354999843315454e-05,3.183609987900127e-05,4.866800009040162e-05
artemis,FIFO,1003,1.0,3.0,B2-phase,0,0.0,none,0,B,0.4316185696361355,0.2411504424778761,0.0,688,436,0,1594,1808,2046,0.9326676622276088,97.1,0.164,1.0,1.750852801524161e-05,1.6583499927946832e-05,3.416909930820111e-05,9.566899916535476e-05
artemis,FIFO,1004,1.0,3.0,B2-phase,0,0.0,none,0,B,0.4182754182754182,0.2419089413055403,0.0,650,441,0,1554,1823,2056,0.9307951126628384,97.5,0.172,1.0,1.6738277989134077e-05,1.5666499621147523e-05,3.2630149689794046e-05,4.4209000407136045e-05
artemis,FIFO,1005,1.0,3.0,B2-phase,0,0.0,none,0,B,0.4288389513108614,0.2398015435501654,0.0,687,435,0,1602,1814,2037,0.933962306065731,97.19,0.202,1.0,1.6545453998332958e-05,1.5521000022999942e-05,3.196524990016769e-05,4.991700006939936e-05
artemis,FIFO,1006,1.0,3.0,B2-phase,0,0.0,none,0,B,0.4154619736015085,0.218970189701897,0.0,661,404,0,1591,1845,2057,0.9342093762738242,99.11,0.242,1.0,1.7078886032322772e-05,1.5916999927867437e-05,3.337804996590421e-05,4.445899958227528e-05
artemis,FIFO,1007,1.0,3.0,B2-phase,0,0.0,none,0,B,0.4113607990012484,0.2497267759562841,0.0,659,457,0,1602,1830,2051,0.9303028900192584,97.79,0.216,1.0,1.7141138016086187e-05,1.6292000054818345e-05,3.384025053492223e-05,4.604300011123996e-05
artemis,FIFO,1008,1.0,3.0,B2-phase,0,0.0,none,0,B,0.4255050505050505,0.2349756361667569,0.0,674,434,0,1584,1847,2034,0.932633410484294,97.69,0.21,1.0,1.6637246000755113e-05,1.6041999515437055e-05,3.175100027874578e-05,4.562599951896118e-05
artemis,FIFO,1009,1.0,3.0,B2-phase,0,0.0,none,0,B,0.4335223692501575,0.2386673948661933,0.0,688,437,0,1587,1831,2041,0.9344857275878584,97.36,0.178,1.0,1.7431844000384443e-05,1.6459000107715838e-05,3.429200023674639e-05,4.529299985733815e-05
artemis,FIFO,1010,1.0,3.0,B2-phase,0,0.0,none,0,B,0.4096153846153846,0.2368421052631578,0.0,639,432,0,1560,1824,2037,0.9357896657662608,97.29,0.204,1.0,1.6846988015458917e-05,1.568750030855881e-05,3.366705004737014e-05,6.408499939425383e-05
artemis,FIFO,1011,1.0,3.0,B2-phase,0,0.0,none,0,B,0.4121287128712871,0.2388797364085667,0.0,666,435,0,1616,1821,2016,0.9303235590022616,96.95,0.174,1.0,1.7104999991715885e-05,1.6500500350957736e-05,3.3253049878112506e-05,4.658399939216906e-05
artemis,FIFO,1012,1.0,3.0,B2-phase,0,0.0,none,0,B,0.4217772215269086,0.2474690663667041,0.0,674,440,0,1598,1778,2054,0.9282247788680952,96.87,0.218,1.0,1.6621565990135424e-05,1.581250035087578e-05,3.238429958400956e-05,4.429199998412514e-05
artemis,FIFO,1013,1.0,3.0,B2-phase,0,0.0,none,0,B,0.4233896185115697,0.2330989724175229,0.0,677,431,0,1599,1849,2039,0.928591702582288,97.92,0.17,1.0,1.6649094006425002e-05,1.583399989613099e-05,3.208819994142686e-05,4.120900030102348e-05
artemis,FIFO,1014,1.0,3.0,B2-phase,0,0.0,none,0,B,0.4205900816070307,0.2365415986949429,0.0,670,435,0,1593,1839,2082,0.9348452020120358,98.86,0.224,1.0,1.6811682005936747e-05,1.597949994902592e-05,3.2463150091643904e-05,5.800100007036235e-05
artemis,FIFO,1015,1.0,3.0,B2-phase,0,0.0,none,0,B,0.4119827053736875,0.2510989010989011,0.0,667,457,0,1619,1820,2056,0.93350540806293,97.77,0.204,1.0,1.6873586004294337e-05,1.620800048840465e-05,3.158604977215873e-05,4.308400002628332e-05
artemis,FIFO,1016,1.0,3.0,B2-phase,0,0.0,none,0,B,0.4343629343629344,0.2208287895310796,0.0,675,405,0,1554,1834,2002,0.934938929332126,96.72,0.214,1.0,1.8653455974344974e-05,1.529200017102994e-05,3.271315013080311e-05,0.0005685940004696
artemis,FIFO,1017,1.0,3.0,B2-phase,0,0.0,none,0,B,0.4272329793878825,0.2377622377622377,0.0,684,442,0,1601,1859,2042,0.9292142358880854,97.99,0.194,1.0,1.75059059929481e-05,1.6687499737599865e-05,3.33464503455616e-05,4.720899960375391e-05
artemis,FIFO,1018,1.0,3.0,B2-phase,0,0.0,none,0,B,0.4141604010025063,0.2249040043883708,0.0,661,410,0,1596,1823,2006,0.935790235438766,97.01,0.19,1.0,1.6631832022540038e-05,1.5501000234507956e-05,3.2170049962587655e-05,0.0001488770003561
artemis,FIFO,1019,1.0,3.0,B2-phase,0,0.0,none,0,B,0.4175960346964064,0.2345612134344528,0.0,674,433,0,1614,1846,2049,0.92684283814039,98.3,0.248,1.0,1.6673255999194226e-05,1.5978999726939946e-05,3.1333999686467e-05,4.975100000592647e-05
artemis,FIFO,1020,1.0,3.0,B2-phase,0,0.0,none,0,B,0.4217391304347826,0.2311886586695747,0.0,679,424,0,1610,1834,2029,0.9306819242931728,97.54,0.202,1.0,1.655340800243721e-05,1.541700021334691e-05,3.179410027769336e-05,9.991899969463702e-05
artemis,FIFO,1021,1.0,3.0,B2-phase,0,0.0,none,0,B,0.4225967540574282,0.2451790633608815,0.0,677,445,0,1602,1815,2084,0.9287930581846277,98.32,0.22,1.0,1.679040400085796e-05,1.5833500128792366e-05,3.1924249879011764e-05,4.650100072467467e-05
artemis,FIFO,1022,1.0,3.0,B2-phase,0,0.0,none,0,B,0.4225705329153605,0.2491961414790997,0.0,674,465,0,1595,1866,2052,0.9307004986601304,97.91,0.22,1.0,1.7224065988557412e-05,1.635450007597683e-05,3.317425030218146e-05,5.004300055588829e-05
artemis,FIFO,1023,1.0,3.0,B2-phase,0,0.0,none,0,B,0.4297520661157025,0.242723778143877,0.0,676,442,0,1573,1821,2046,0.9301652890048784,97.1,0.188,1.0,1.7713572016873512e-05,1.6854499790497357e-05,3.429919979680562e-05,0.0001053770001817
artemis,FIFO,1024,1.0,3.0,B2-phase,0,0.0,none,0,B,0.4390397978521794,0.2345544013121924,0.0,695,429,0,1583,1829,2042,0.9313386849078816,97.38,0.156,1.0,1.684305997150659e-05,1.6041999970184406e-05,3.23381500038522e-05,4.404300034366315e-05
artemis,FIFO,1025,1.0,3.0,B2-phase,0,0.0,none,0,B,0.3971848225214198,0.2437673130193905,0.0,649,440,0,1634,1805,2052,0.9336503857654282,97.87,0.186,1.0,1.718378001351084e-05,1.6584000150032807e-05,3.196109992131824e-05,4.3958999413007405e-05
artemis,FIFO,1026,1.0,3.0,B2-phase,0,0.0,none,0,B,0.440251572327044,0.2487698195735374,0.0,700,455,0,1590,1829,2072,0.9300225729088444,97.69,0.208,1.0,1.7547755993291504e-05,1.6896000033739256e-05,3.301254937468911e-05,4.591699962475104e-05
artemis,FIFO,1027,1.0,3.0,B2-phase,0,0.0,none,0,B,0.4288461538461538,0.2434540389972145,0.0,669,437,0,1560,1795,2019,0.936482680488572,96.0,0.248,1.0,1.7346906013699482e-05,1.570899985381402e-05,3.4673300342547e-05,6.129299981694203e-05
artemis,FIFO,1028,1.0,3.0,B2-phase,0,0.0,none,0,B,0.4023929471032745,0.2403740374037404,0.0,639,437,0,1588,1818,2058,0.935333471355476,98.16,0.2,1.0,1.683934196989867e-05,1.581249989612843e-05,3.229619960620766e-05,4.633399930753512e-05
artemis,FIFO,1029,1.0,3.0,B2-phase,0,0.0,none,0,B,0.4049744897959184,0.2370005473453749,0.0,635,433,0,1568,1827,2043,0.9325530418827308,97.77,0.14,1.0,1.697898800011899e-05,1.5854500361456303e-05,3.3921150134119664e-05,4.937599987897556e-05
artemis,FIFO,1000,1.0,3.0,B3-correlated,0,0.0,none,0,B,0.4215626892792247,0.2416582406471183,0.0,696,478,0,1651,1978,2284,0.9169427735026064,107.24,0.936,1.0,1.7573989998709295e-05,1.6312500520143658e-05,3.011525013789648e-05,3.962600021623075e-05
artemis,FIFO,1001,1.0,3.0,B3-correlated,0,0.0,none,0,B,0.4338817794028031,0.2450025627883137,0.0,712,478,0,1641,1951,2301,0.91825445429132,106.94,0.9,1.0,1.7898929996590595e-05,1.6396500086557353e-05,2.97709000733448e-05,7.170999924710486e-05
artemis,RoundRobin,1028,1.0,3.0,B3-correlated,0,0.0,none,0,B,0.8019382192610539,0.7824773413897281,0.7918649935093033,1324,1554,1830,1651,1986,2311,0.8993073434395445,23.04,0.978,1.0,4.643806010790286e-06,4.207999609207036e-06,9.583050041328531e-06,2.4041999495239e-05
artemis,RoundRobin,1029,1.0,3.0,B3-correlated,0,0.0,none,0,B,0.8092105263157895,0.7839598997493734,0.7880794701986755,1353,1564,1785,1672,1995,2265,0.9121005137253654,22.92,0.978,1.0,4.663173987864866e-06,4.167000042798463e-06,9.88010015134932e-06,2.8376000045682304e-05
artemis,TwinSync,1006,1.0,3.0,B2-phase,0,0.0,none,0,B,0.0,0.008130081300813,0.2284880894506563,0,15,470,1591,1845,2057,0.9857903233432628,99.32,-2.784,-1.0,2.7007078015230944e-05,2.479249997122679e-05,5.979920019854034e-05,7.950100007292349e-05
artemis,TwinSync,1007,1.0,3.0,B2-phase,0,0.0,none,0,B,0.0,0.0136612021857923,0.2432959531935641,0,25,499,1602,1830,2051,0.9831297851751812,98.08,-2.784,-1.0,2.7311631989505257e-05,2.51249998655112e-05,5.938019962741236e-05,8.058399998844834e-05
artemis,TwinSync,1008,1.0,3.0,B2-phase,0,0.0,none,0,B,0.0,0.010286951813752,0.2364798426745329,0,19,481,1584,1847,2034,0.988892084867484,98.35,-2.788,-1.0,2.710219599248376e-05,2.506300006643869e-05,5.958614929113537e-05,8.100100058072712e-05
artemis,TwinSync,1009,1.0,3.0,B2-phase,0,0.0,none,0,B,0.0,0.0087383943200436,0.2390984811366977,0,16,488,1587,1831,2041,0.9872339845241528,98.09,-2.794,-1.0,2.668782397449832e-05,2.3375499949906956e-05,5.963435060039045e-05,0.0001060850008798
artemis,TwinSync,1010,1.0,3.0,B2-phase,0,0.0,none,0,B,0.0,0.0093201754385964,0.2371134020618556,0,17,483,1560,1824,2037,0.9847354542504912,97.48,-2.798,-1.0,2.666245200089179e-05,2.487499978087726e-05,5.744619984398012e-05,8.079300005192636e-05
artemis,TwinSync,1011,1.0,3.0,B2-phase,0,0.0,none,0,B,0.0,0.0087863811092806,0.2430555555555555,0,16,490,1616,1821,2016,0.9857189501891604,97.37,-2.78,-1.0,2.6834625999981653e-05,2.3896500351838768e-05,5.913015043006453e-05,8.454300041194074e-05
artemis,TwinSync,1012,1.0,3.0,B2-phase,0,0.0,none,0,B,0.0,0.0089988751406074,0.2400194741966894,0,16,493,1598,1778,2054,0.986666529955784,97.27,-2.79,-1.0,2.7433563991507982e-05,2.6021000394393923e-05,5.8859000773736605e-05,7.941799958643969e-05
artemis,TwinSync,1013,1.0,3.0,B2-phase,0,0.0,none,0,B,0.0,0.0086533261222282,0.2383521333987248,0,16,486,1599,1849,2039,0.9852631562071132,98.46,-2.786,-1.0,2.781204001075821e-05,2.635499959069421e-05,6.138435028333333e-05,8.337700000993209e-05
artemis,TwinSync,1014,1.0,3.0,B2-phase,0,0.0,none,0,B,0.0,0.008700380641653,0.2358309317963496,0,16,491,1593,1839,2082,0.985845856761733,99.01,-2.788,-1.0,2.716857801169681e-05,2.520850011933362e-05,5.880754988538682e-05,8.066800000960939e-05
artemis,TwinSync,1015,1.0,3.0,B2-phase,0,0.0,none,0,B,0.0,0.0087912087912087,0.2470817120622568,0,16,508,1619,1820,2056,0.9866442137409006,98.12,-2.784,-1.0,2.7249314036453145e-05,2.53549997069058e-05,5.9295050050423015e-05,8.53770006870036e-05
artemis,TwinSync,1016,1.0,3.0,B2-phase,0,0.0,none,0,B,0.0,0.0098146128680479,0.2317682317682317,0,18,464,1554,1834,2002,0.9866115236249952,97.38,-2.792,-1.0,2.701982599683106e-05,2.352150022488786e-05,6.276979984249918e-05,9.971100007533096e-05
artemis,TwinSync,1017,1.0,3.0,B2-phase,0,0.0,none,0,B,0.0,0.0091447014523937,0.2428991185112634,0,17,496,1601,1859,2042,0.9862163332483932,98.56,-2.794,-1.0,2.7118610007164536e-05,2.5375500172231117e-05,5.877184944438339e-05,0.0001041690002239
artemis,TwinSync,1018,1.0,3.0,B2-phase,0,0.0,none,0,B,0.0,0.0093252879868348,0.230309072781655,0,17,462,1596,1823,2006,0.9870134801471072,97.7,-2.782,-1.0,2.5877838032101863e-05,2.327150014025392e-05,5.881589991076906e-05,7.929399998829467e-05
artemis,TwinSync,1019,1.0,3.0,B2-phase,0,0.0,none,0,B,0.0,0.0081256771397616,0.2367008296730112,0,15,485,1614,1846,2049,0.9828282074120854,98.86,-2.78,-1.0,2.6147583976126044e-05,2.4291999579872936e-05,5.8475700643612056e-05,8.066800000960939e-05
artemis,TwinSync,1020,1.0,3.0,B2-phase,0,0.0,none,0,B,0.0,0.0081788440567066,0.2345983242976836,0,15,476,1610,1834,2029,0.9855933614868232,98.2,-2.786,-1.0,2.681168399612943e-05,2.4916999791457783e-05,5.846000021847431e-05,8.88760005182121e-05
artemis,TwinSync,1021,1.0,3.0,B2-phase,0,0.0,none,0,B,0.0,0.009366391184573,0.2452015355086372,0,17,511,1602,1815,2084,0.9836895523032224,98.31,-2.784,-1.0,2.82161179875402e-05,2.6771499960887013e-05,6.008610030221461e-05,8.4209999840823e-05
artemis,TwinSync,1022,1.0,3.0,B2-phase,0,0.0,none,0,B,0.0,0.0160771704180064,0.2436647173489278,0,30,500,1595,1866,2052,0.9855423034129708,98.47,-2.78,-1.0,2.805671600617643e-05,2.693799979169853e-05,5.954299926997919e-05,8.137700024235528e-05
artemis,TwinSync,1023,1.0,3.0,B2-phase,0,0.0,none,0,B,0.0,0.0098846787479406,0.241446725317693,0,18,494,1573,1821,2046,0.9856079255321286,97.63,-2.78,-1.0,2.8751893993103294e-05,2.749999976003892e-05,6.268260026445203e-05,9.837700054049492e-05
artemis,TwinSync,1024,1.0,3.0,B2-phase,0,0.0,none,0,B,0.0,0.0092946965554948,0.2404505386875612,0,17,491,1583,1829,2042,0.9838781967401928,97.91,-2.794,-1.0,2.701196799898753e-05,2.5458999971306184e-05,5.980130022180673e-05,7.870999979786575e-05
artemis,TwinSync,1025,1.0,3.0,B2-phase,0,0.0,none,0,B,0.0,0.0105263157894736,0.2422027290448343,0,19,497,1634,1805,2052,0.9846872576868264,97.79,-2.778,-1.0,2.774940801646153e-05,2.6833999982045494e-05,5.984954977975575e-05,8.883500049705617e-05
artemis,TwinSync,1026,1.0,3.0,B2-phase,0,0.0,none,0,B,0.0,0.0103881902679059,0.2427606177606177,0,19,503,1590,1829,2072,0.9843298444794664,98.32,-2.78,-1.0,2.7629915995930788e-05,2.6541999432083685e-05,5.914060043323842e-05,7.979400015756255e-05
artemis,TwinSync,1027,1.0,3.0,B2-phase,0,0.0,none,0,B,0.0,0.0094707520891364,0.2431896978702327,0,17,491,1560,1795,2019,0.9896933069958932,96.46,-2.784,-1.0,2.65982639939466e-05,2.3792999854777008e-05,5.838015017616271e-05,8.02509994173306e-05
artemis,TwinSync,1028,1.0,3.0,B2-phase,0,0.0,none,0,B,0.0,0.0104510451045104,0.2419825072886297,0,19,498,1588,1818,2058,0.9860469106955396,97.92,-2.78,-1.0,2.6699032001488376e-05,2.4728999960643705e-05,5.860489982296711e-05,8.229400009440724e-05
artemis,TwinSync,1029,1.0,3.0,B2-phase,0,0.0,none,0,B,0.0,0.0093048713738368,0.2354380812530592,0,17,481,1568,1827,2043,0.9842253838516096,98.14,-2.792,-1.0,2.699501401730231e-05,2.5021000055858167e-05,5.8717349884318526e-05,8.304400034830905e-05
artemis,TwinSync,1000,1.0,3.0,B3-correlated,0,0.0,none,0,B,0.0,0.0055611729019211,0.2377408056042031,0,11,543,1651,1978,2284,0.9785540480950252,107.36,-2.776,-1.0,2.726049600642e-05,2.437549983369536e-05,5.160695018275872e-05,7.337700026255334e-05
artemis,TwinSync,1001,1.0,3.0,B3-correlated,0,0.0,none,0,B,0.0,0.0041004613018964,0.242503259452412,0,8,558,1641,1951,2301,0.9788093524693524,106.8,-2.776,-1.0,2.712434602835856e-05,2.4458500320179155e-05,5.0762549881255824e-05,7.108499994501472e-05
artemis,TwinSync,1002,1.0,3.0,B3-correlated,0,0.0,none,0,B,0.0,0.0049825610363726,0.2346538963865912,0,10,539,1635,2007,2297,0.9734719558505132,108.06,-2.776,-1.0,2.7741595991756185e-05,2.566800048953155e-05,4.987805004930124e-05,7.471000026271213e-05
artemis,TwinSync,1003,1.0,3.0,B3-correlated,0,0.0,none,0,B,0.0,0.0075414781297134,0.2388717496694579,0,15,542,1644,1989,2269,0.9807882792488946,107.02,-2.776,-1.0,2.7929799989578898e-05,2.579200054242392e-05,5.0795099878087054e-05,0.0001782119998097
artemis,TwinSync,1004,1.0,3.0,B3-correlated,0,0.0,none,0,B,0.0,0.0045871559633027,0.2379067722075637,0,9,541,1626,1962,2274,0.979313402388739,106.49,-2.776,-1.0,2.721946199562808e-05,2.462499969624332e-05,5.079924990241125e-05,7.620999986102106e-05
artemis,TwinSync,1005,1.0,3.0,B3-correlated,0,0.0,none,0,B,0.0,0.0060331825037707,0.2495652173913043,0,12,574,1653,1989,2300,0.981723401773352,107.24,-2.776,-1.0,2.928112403242267e-05,2.643850075401133e-05,5.41006992534676e-05,8.508500013704179e-05
artemis,TwinSync,1006,1.0,3.0,B3-correlated,0,0.0,none,0,B,0.0,0.0035140562248995,0.2313465783664459,0,7,524,1665,1992,2265,0.977272400456359,107.9,-2.776,-1.0,2.744604001418338e-05,2.4938500246207692e-05,5.322249940036271e-05,7.579400062240893e-05
artemis,TwinSync,1007,1.0,3.0,B3-correlated,0,0.0,none,0,B,0.0,0.0054835493519441,0.2451413427561837,0,11,555,1665,2006,2264,0.978268121045418,107.22,-2.776,-1.0,2.832284601026913e-05,2.508350007701665e-05,5.593049982053343e-05,7.633500081283273e-05
artemis,TwinSync,1008,1.0,3.0,B3-correlated,0,0.0,none,0,B,0.0,0.0079920079920079,0.2406675450153711,0,16,548,1638,2002,2277,0.980746520269132,107.33,-2.776,-1.0,2.8098751998186345e-05,2.497950026736362e-05,5.388020044847508e-05,7.545999960711924e-05
artemis,TwinSync,1009,1.0,3.0,B3-correlated,0,0.0,none,0,B,0.0,0.0065557236510337,0.2414548641542506,0,13,551,1648,1983,2282,0.9795318983948762,107.14,-2.776,-1.0,2.7739189989006264e-05,2.547999974922277e-05,4.909744980068352e-05,8.31260003906209e-05
artemis,TwinSync,1010,1.0,3.0,B3-correlated,0,0.0,none,0,B,0.0,0.0094810379241516,0.2445319335083114,0,19,559,1642,2004,2286,0.97801015875487,107.05,-2.776,-1.0,2.8309039980740635e-05,2.527150036257808e-05,5.413434969341323e-05,7.6459999945655e-05
artemis,TwinSync,1011,1.0,3.0,B3-correlated,0,0.0,none,0,B,0.0,0.0060790273556231,0.245374449339207,0,12,557,1684,1974,2270,0.98111341868915,106.84,-2.776,-1.0,2.7398948008340084e-05,2.4292000034620287e-05,5.014055013816686e-05,7.6459999945655e-05
artemis,TwinSync,1012,1.0,3.0,B3-correlated,0,0.0,none,0,B,0.0,0.0077041602465331,0.237406920718353,0,15,542,1681,1947,2283,0.9803282248326014,106.9,-2.776,-1.0,2.731371201116417e-05,2.4126000425894745e-05,5.190099982428362e-05,0.0001016270007312
artemis,TwinSync,1013,1.0,3.0,B3-correlated,0,0.0,none,0,B,0.0,0.0049285362247412,0.2471615720524017,0,10,566,1658,2029,2290,0.9795292432792068,107.9,-2.776,-1.0,2.7438406008513997e-05,2.437549983369536e-05,5.193674937800095e-05,7.387599998764927e-05
artemis,TwinSync,1014,1.0,3.0,B3-correlated,0,0.0,none,0,B,0.0,0.0060120240480961,0.240506329113924,0,12,551,1653,1996,2291,0.9770762906560768,107.51,-2.776,-1.0,2.73989259985683e-05,2.4937499802035745e-05,5.0273900160391326e-05,7.721000019955682e-05
artemis,TwinSync,1015,1.0,3.0,B3-correlated,0,0.0,none,0,B,0.0,0.0045731707317073,0.2466784765279008,0,9,557,1691,1968,2258,0.9807947887123172,106.57,-2.776,-1.0,2.738341999247496e-05,2.477149973856285e-05,4.83780995637062e-05,9.245999990525888e-05
artemis,TwinSync,1016,1.0,3.0,B3-correlated,0,0.0,none,0,B,0.0,0.005042864346949,0.2309066547565877,0,10,517,1607,1983,2239,0.9799019850693774,106.57,-2.776,-1.0,2.7443603961728517e-05,2.4541999664506875e-05,5.399445003604338e-05,8.508500013704179e-05
artemis,TwinSync,1017,1.0,3.0,B3-correlated,0,0.0,none,0,B,0.0,0.0044753853804077,0.2467306015693112,0,9,566,1657,2011,2294,0.9812066628690408,107.78,-2.776,-1.0,2.8967246022148172e-05,2.635500004544156e-05,5.423610014076982e-05,0.0001050440005201
artemis,TwinSync,1018,1.0,3.0,B3-correlated,0,0.0,none,0,B,0.0,0.0106060606060606,0.2377341659232827,0,21,533,1662,1980,2242,0.9791397481483954,106.37,-2.776,-1.0,2.838461399733205e-05,2.497950026736362e-05,5.343015027392535e-05,8.387699926970527e-05
artemis,TwinSync,1019,1.0,3.0,B3-correlated,0,0.0,none,0,B,0.0,0.0034843205574912,0.2407164700742682,0,7,551,1663,2009,2289,0.977882309791544,108.08,-2.776,-1.0,2.809695602627471e-05,2.552149999246467e-05,5.300584930409964e-05,7.975200060172938e-05
artemis,TwinSync,1020,1.0,3.0,B3-correlated,0,0.0,none,0,B,0.0,0.0065,0.2400175515577007,0,13,547,1646,2000,2279,0.9792450471639248,107.35,-2.776,-1.0,2.7492312005051644e-05,2.4312499590450894e-05,5.2920049711246975e-05,7.97930006228853e-05
artemis,TwinSync,1021,1.0,3.0,B3-correlated,0,0.0,none,0,B,0.0,0.0045685279187817,0.2510766580534022,0,9,583,1676,1970,2322,0.9766120568602312,107.44,-2.776,-1.0,2.902223402452364e-05,2.618849975988269e-05,5.287810013214766e-05,9.516799946140964e-05
artemis,TwinSync,1022,1.0,3.0,B3-correlated,0,0.0,none,0,B,0.0,0.0069686411149825,0.2482456140350877,0,14,566,1664,2009,2280,0.9787487785778188,107.2,-2.776,-1.0,2.9531481994126807e-05,2.662599945324473e-05,5.496204994415166e-05,8.375100060220575e-05
artemis,TwinSync,1023,1.0,3.0,B3-correlated,0,0.0,none,0,B,0.0,0.006,0.240473061760841,0,12,549,1625,2000,2283,0.9780836080213384,107.34,-2.776,-1.0,2.7504873993166257e-05,2.4354000288440147e-05,5.221320038799604e-05,7.933399956527865e-05
artemis,TwinSync,1024,1.0,3.0,B3-correlated,0,0.0,none,0,B,0.0,0.0039900249376558,0.2378449408672799,0,8,543,1667,2005,2283,0.9777765508503452,108.14,-2.776,-1.0,2.7666278008837254e-05,2.564650003478164e-05,5.337810030141554e-05,7.720899975538487e-05
artemis,TwinSync,1025,1.0,3.0,B3-correlated,0,0.0,none,0,B,0.0,0.004040404040404,0.2472647702407002,0,8,565,1669,1980,2285,0.9766805574872208,106.9,-2.776,-1.0,2.83903760046087e-05,2.56670000453596e-05,5.171110019546176e-05,8.633500056021148e-05
artemis,TwinSync,1026,1.0,3.0,B3-correlated,0,0.0,none,0,B,0.0,0.0049627791563275,0.2430191972076789,0,10,557,1663,2015,2292,0.978009855184836,107.93,-2.776,-1.0,2.792540601330984e-05,2.4959000256785657e-05,5.243370001153379e-05,7.641800038982183e-05
artemis,TwinSync,1027,1.0,3.0,B3-correlated,0,0.0,none,0,B,0.0,0.0051177072671443,0.24944909651829,0,10,566,1646,1954,2269,0.9824181638453804,105.91,-2.776,-1.0,2.689380001538666e-05,2.4313000267284224e-05,4.890514974249524e-05,7.804300003044773e-05
artemis,TwinSync,1028,1.0,3.0,B3-correlated,0,0.0,none,0,B,0.0,0.0035246727089627,0.2405884898312419,0,7,556,1651,1986,2311,0.977578197432872,108.12,-2.776,-1.0,2.801344996987609e-05,2.5896000352076957e-05,4.956764992130041e-05,7.541800005128607e-05
artemis,TwinSync,1029,1.0,3.0,B3-correlated,0,0.0,none,0,B,0.0,0.0055137844611528,0.2353200883002207,0,11,533,1672,1995,2265,0.9776097912753232,107.79,-2.776,-1.0,2.7331795999998577e-05,2.4313000267284224e-05,5.280135051179968e-05,0.0001215439997395
artemis,FIFO,1000,1.0,3.0,B1-a,0,0.0,none,0,B,0.4059469941822883,0.2161290322580645,0.0,628,402,0,1547,1860,2197,0.9210750947205228,103.43,0.936,1.0,1.627645597909577e-05,1.583399989613099e-05,2.442534964757214e-05,4.6084000132395886e-05
artemis,FIFO,1001,1.0,3.0,B1-a,0,0.0,none,0,B,0.4049479166666667,0.2231359649122807,0.0,622,407,0,1536,1824,2211,0.9238031108752636,102.97,0.88,1.0,1.5924132045256557e-05,1.5500000699830707e-05,2.344295062357557e-05,4.991700006939936e-05
artemis,FIFO,1002,1.0,3.0,B1-a,0,0.0,none,0,B,0.3971071663379356,0.2039194915254237,0.0,604,385,0,1521,1888,2216,0.9170448826728615,104.89,0.92,1.0,1.5832806002435974e-05,1.5458999769180082e-05,2.3298300129681588e-05,4.787500074598938e-05
artemis,FIFO,1003,1.0,3.0,B1-a,0,0.0,none,0,B,0.4225806451612903,0.223888591322978,0.0,655,418,0,1550,1867,2181,0.92163777145435,102.58,0.936,1.0,1.604572797623405e-05,1.543749976917752e-05,2.4291999579872936e-05,0.0001290029995288
artemis,FIFO,1004,1.0,3.0,B1-a,0,0.0,none,0,B,0.4226464779460171,0.2192369693713057,0.0,642,408,0,1519,1861,2202,0.9185632401789886,103.03,0.918,1.0,1.6094626022095327e-05,1.5249999705702066e-05,2.5094450256801784e-05,4.779199935001088e-05
artemis,FIFO,1005,1.0,3.0,B1-a,0,0.0,none,0,B,0.4248240563019834,0.2306460224239188,0.0,664,432,0,1563,1873,2203,0.9187628151846364,103.25,0.954,1.0,1.6027538013076992e-05,1.556249981149449e-05,2.409644994258996e-05,3.616699996200623e-05
artemis,FIFO,1006,1.0,3.0,B1-a,0,0.0,none,0,B,0.4171502256608639,0.2021333333333333,0.0,647,379,0,1551,1875,2184,0.917812342810044,103.76,0.928,1.0,1.6093815997010098e-05,1.5666999843233498e-05,2.3564899356642832e-05,5.387600049289176e-05
artemis,FIFO,1007,1.0,3.0,B1-a,0,0.0,none,0,B,0.4250960307298335,0.2195378151260504,0.0,664,418,0,1562,1904,2181,0.9139747458466068,103.5,0.954,1.0,1.6495147994646686e-05,1.6041999515437055e-05,2.439165004943787e-05,5.5000999964249786e-05
artemis,FIFO,1008,1.0,3.0,B1-a,0,0.0,none,0,B,0.4377038486627527,0.2141350210970464,0.0,671,406,0,1533,1896,2184,0.9190159406509886,103.25,0.954,1.0,1.7017657994074398e-05,1.6605000382696744e-05,2.584644967100757e-05,3.891699998348486e-05
artemis,FIFO,1009,1.0,3.0,B1-a,0,0.0,none,0,B,0.4328358208955223,0.2221035771489589,0.0,667,416,0,1541,1873,2184,0.9173365309559308,102.66,0.93,1.0,1.6830474012749618e-05,1.6291999600070994e-05,2.61322001733788e-05,6.0875999224663246e-05
artemis,FIFO,1010,1.0,3.0,B1-a,0,0.0,none,0,B,0.4172661870503597,0.2205018686599039,0.0,638,413,0,1529,1873,2201,0.9184282241694826,103.27,0.958,1.0,1.606359603283636e-05,1.5624999832652975e-05,2.4977750263133187e-05,5.595899983745767e-05
artemis,FIFO,1011,1.0,3.0,B1-a,0,0.0,none,0,B,0.4124365482233502,0.2216854535695115,0.0,650,413,0,1576,1863,2179,0.920288785741686,102.88,0.936,1.0,1.5870687990172884e-05,1.5459000223927433e-05,2.3249999685504008e-05,3.645900051196804e-05
artemis,FIFO,1012,1.0,3.0,B1-a,0,0.0,none,0,B,0.4348941629249518,0.2208791208791208,0.0,678,402,0,1559,1820,2211,0.9188965674583016,102.75,0.942,1.0,1.5814390011655632e-05,1.5229500149871456e-05,2.3919100340208387e-05,3.975099934905302e-05
artemis,FIFO,1013,1.0,3.0,B1-a,0,0.0,none,0,B,0.4309462915601023,0.2169614984391259,0.0,674,417,0,1564,1922,2201,0.9159127877613096,104.2,0.96,1.0,1.622654801030876e-05,1.5624999832652975e-05,2.576670053713313e-05,4.879199968854664e-05
artemis,FIFO,1014,1.0,3.0,B1-a,0,0.0,none,0,B,0.4143503555268261,0.2210974960042621,0.0,641,415,0,1547,1877,2214,0.9164690901006918,103.81,0.93,1.0,1.5840155982004945e-05,1.554200025566388e-05,2.379409943387145e-05,3.550000019458821e-05
artemis,FIFO,1015,1.0,3.0,B1-a,0,0.0,none,0,B,0.4069400630914827,0.2287723093564088,0.0,645,423,0,1585,1849,2179,0.9226549457651106,102.6,0.88,1.0,1.600893798604375e-05,1.5583000276819803e-05,2.4017649502638945e-05,7.004300005064579e-05
artemis,FIFO,1016,1.0,3.0,B1-a,0,0.0,none,0,B,0.4212624584717608,0.1981885988279169,0.0,634,372,0,1505,1877,2158,0.9247115748103448,102.84,0.944,1.0,1.5468206023797392e-05,1.495850028732093e-05,2.3431599311152225e-05,3.7042000258225016e-05
artemis,FIFO,1017,1.0,3.0,B1-a,0,0.0,none,0,B,0.4171465131158029,0.2292323869610935,0.0,652,436,0,1563,1902,2220,0.9192096944142426,104.25,0.912,1.0,1.6688574020008674e-05,1.610449999134289e-05,2.591044967630293e-05,4.341800013207831e-05
artemis,FIFO,1018,1.0,3.0,B1-a,0,0.0,none,0,B,0.404746632456703,0.2107816711590296,0.0,631,391,0,1559,1855,2152,0.9225182375507116,102.34,0.942,1.0,1.555022997672495e-05,1.5042000086396e-05,2.351669977542768e-05,4.104199979337864e-05
artemis,FIFO,1019,1.0,3.0,B1-a,0,0.0,none,0,B,0.4217948717948718,0.2170706006322444,0.0,658,412,0,1560,1898,2211,0.9150514474939172,104.28,0.95,1.0,1.6224371984208118e-05,1.570799940964207e-05,2.55030499829445e-05,4.762599928653799e-05
artemis,FIFO,1020,1.0,3.0,B1-a,0,0.0,none,0,B,0.4247730220492866,0.2154255319148936,0.0,655,405,0,1542,1880,2192,0.9194324884209616,103.29,0.95,1.0,1.594915397618024e-05,1.543749976917752e-05,2.3081600056684657e-05,4.379300025902921e-05
artemis,FIFO,1021,1.0,3.0,B1-a,0,0.0,none,0,B,0.4194780394653087,0.2288637587506731,0.0,659,425,0,1571,1857,2244,0.9156361590026488,104.23,0.934,1.0,1.612940599443391e-05,1.5791999430803116e-05,2.38812498992047e-05,4.0667999201104976e-05
artemis,FIFO,1022,1.0,3.0,B1-a,0,0.0,none,0,B,0.4093529788597053,0.2298790110468174,0.0,639,437,0,1561,1901,2199,0.918861206670362,103.59,0.94,1.0,1.6312491983626387e-05,1.595800040377071e-05,2.388334992247109e-05,3.712600027938606e-05
artemis,FIFO,1023,1.0,3.0,B1-a,0,0.0,none,0,B,0.4069462647444299,0.2113347457627118,0.0,621,399,0,1526,1888,2205,0.9223274424713652,104.15,0.896,1.0,1.6366654013836525e-05,1.583399989613099e-05,2.4848599332472065e-05,3.9418000596924685e-05
artemis,FIFO,1024,1.0,3.0,B1-a,0,0.0,none,0,B,0.4314102564102564,0.2108050847457627,0.0,673,398,0,1560,1888,2206,0.9159026620547104,104.09,0.91,1.0,1.613154600818234e-05,1.5791999885550467e-05,2.3461100636268383e-05,5.387599958339706e-05
artemis,FIFO,1025,1.0,3.0,B1-a,0,0.0,none,0,B,0.4072657743785851,0.2170166935918147,0.0,639,403,0,1569,1857,2204,0.9153575980804396,103.66,0.95,1.0,1.6070596004283287e-05,1.5625000287400326e-05,2.3596449818796817e-05,3.404200015211245e-05
artemis,FIFO,1026,1.0,3.0,B1-a,0,0.0,none,0,B,0.4161331626120358,0.2242199894235854,0.0,650,424,0,1562,1891,2224,0.9168682399901236,104.33,0.908,1.0,1.6077258027507925e-05,1.5583000276819803e-05,2.438014962535817e-05,5.629299994325265e-05
artemis,FIFO,1027,1.0,3.0,B1-a,0,0.0,none,0,B,0.4334847501622323,0.2326732673267326,0.0,668,423,0,1541,1818,2183,0.924364286882437,101.48,0.924,1.0,1.6331967992300634e-05,1.5792000340297818e-05,2.45965000885917e-05,4.262599941284861e-05
artemis,FIFO,1028,1.0,3.0,B1-a,0,0.0,none,0,B,0.4122977346278317,0.2185996793158738,0.0,637,409,0,1545,1871,2225,0.9190146132412984,104.38,0.916,1.0,1.6155157985849657e-05,1.5771499874972505e-05,2.358814981562318e-05,4.500099930737633e-05
artemis,FIFO,1029,1.0,3.0,B1-a,0,0.0,none,0,B,0.3958868894601542,0.2105543710021322,0.0,616,395,0,1556,1876,2185,0.9223579396832726,103.84,0.85,1.0,1.597671800846001e-05,1.5479500234505394e-05,2.439230006530119e-05,4.437600000528619e-05
artemis,FIFO,1000,1.0,3.0,B1-b,0,0.0,none,0,B,0.408311345646438,0.2118736383442265,0.0,619,389,0,1516,1836,2182,0.9225939076808072,102.54,0.936,1.0,1.5487301991015558e-05,1.529200017102994e-05,2.2002099285600704e-05,3.741799991985317e-05
artemis,FIFO,1001,1.0,3.0,B1-b,0,0.0,none,0,B,0.4055299539170507,0.2189578713968958,0.0,616,395,0,1519,1804,2194,0.9250546340038186,102.19,0.88,1.0,1.577899601579702e-05,1.5583500044158427e-05,2.270799996040296e-05,3.0750000405532774e-05
artemis,FIFO,1002,1.0,3.0,B1-b,0,0.0,none,0,B,0.3986666666666666,0.1983914209115281,0.0,598,370,0,1500,1865,2199,0.9185721419461134,104.07,0.92,1.0,1.615771201250027e-05,1.6167000467248727e-05,2.275099996040808e-05,3.312599983473774e-05
artemis,FIFO,1003,1.0,3.0,B1-b,0,0.0,none,0,B,0.4231523871811641,0.2207158351409978,0.0,647,407,0,1529,1844,2166,0.9230788306757612,101.76,0.936,1.0,1.6202879989577923e-05,1.600050063643721e-05,2.3875049919297453e-05,3.5168000067642424e-05
artemis,FIFO,1004,1.0,3.0,B1-b,0,0.0,none,0,B,0.4245472837022133,0.2156862745098039,0.0,633,396,0,1491,1836,2187,0.9201607629379572,102.13,0.918,1.0,1.5406284006530768e-05,1.5083499874890547e-05,2.176140051233232e-05,3.3333999454043806e-05
artemis,FIFO,1005,1.0,3.0,B1-b,0,0.0,none,0,B,0.4271781534460338,0.2280606717226435,0.0,657,421,0,1538,1846,2188,0.9205348233885452,102.3,0.954,1.0,1.5908212004433154e-05,1.5624999832652975e-05,2.334024975425563e-05,6.379299975378672e-05
artemis,FIFO,1006,1.0,3.0,B1-b,0,0.0,none,0,B,0.420983606557377,0.1990291262135922,0.0,642,369,0,1525,1854,2170,0.9193674849855928,102.91,0.928,1.0,1.51488099963899e-05,1.5042000086396e-05,2.1756299202024816e-05,3.087599998252699e-05
artemis,FIFO,1007,1.0,3.0,B1-b,0,0.0,none,0,B,0.4273615635179153,0.2166045769026077,0.0,656,407,0,1535,1879,2166,0.9150985400998696,102.58,0.954,1.0,1.5832231989406865e-05,1.541700021334691e-05,2.250005036330549e-05,6.012599988025613e-05
artemis,FIFO,1008,1.0,3.0,B1-b,0,0.0,none,0,B,0.4393638170974155,0.2105825761624799,0.0,663,394,0,1509,1871,2167,0.9206591245286628,102.32,0.954,1.0,1.637542796743219e-05,1.5604499822075013e-05,2.296105049026664e-05,0.0002814220006257
artemis,FIFO,1009,1.0,3.0,B1-b,0,0.0,none,0,B,0.4341238471673254,0.2180936995153473,0.0,659,405,0,1518,1857,2164,0.9190770998433012,101.81,0.93,1.0,1.5763617995617098e-05,1.570899985381402e-05,2.2840199562779155e-05,4.1833999603113625e-05
artemis,FIFO,1010,1.0,3.0,B1-b,0,0.0,none,0,B,0.4190981432360742,0.2148268398268398,0.0,632,397,0,1508,1848,2184,0.9203815986859096,102.43,0.958,1.0,1.618774600865436e-05,1.554200025566388e-05,2.282535001540961e-05,0.0002102960006595
artemis,FIFO,1011,1.0,3.0,B1-b,0,0.0,none,0,B,0.4133504492939666,0.2168478260869565,0.0,644,399,0,1558,1840,2161,0.92180998375855,102.04,0.936,1.0,1.5684891999626415e-05,1.5333000192185864e-05,2.251139990221417e-05,5.137599964655237e-05
artemis,FIFO,1012,1.0,3.0,B1-b,0,0.0,none,0,B,0.4334847501622323,0.2156753752084491,0.0,668,388,0,1541,1799,2188,0.920074011698189,101.84,0.942,1.0,1.5853949969823588e-05,1.5334000181610463e-05,2.329410012862354e-05,6.533500072691822e-05
artemis,FIFO,1013,1.0,3.0,B1-b,0,0.0,none,0,B,0.4328358208955223,0.2129678439641539,0.0,667,404,0,1541,1897,2181,0.9173195207520648,103.2,0.96,1.0,1.6323375988577027e-05,1.6166999557754025e-05,2.3896800303191396e-05,3.56679993274156e-05
artemis,FIFO,1014,1.0,3.0,B1-b,0,0.0,none,0,B,0.4161735700197239,0.2162891046386192,0.0,633,401,0,1521,1854,2198,0.917516248814104,102.97,0.93,1.0,1.6101787998195504e-05,1.5979500858520623e-05,2.2541999896930065e-05,8.612599958723877e-05
artemis,FIFO,1015,1.0,3.0,B1-b,0,0.0,none,0,B,0.4094689699296225,0.2243449781659388,0.0,640,411,0,1563,1832,2165,0.923673230613326,101.91,0.88,1.0,1.573453396486002e-05,1.5604500276822364e-05,2.2794099959355665e-05,3.945900061808061e-05
artemis,FIFO,1016,1.0,3.0,B1-b,0,0.0,none,0,B,0.4188092016238159,0.1932185145317545,0.0,619,359,0,1478,1858,2136,0.9262612485432712,101.94,0.944,1.0,1.5209230019536334e-05,1.4917000044079032e-05,2.1020849817432444e-05,4.425099996296922e-05
artemis,FIFO,1017,1.0,3.0,B1-b,0,0.0,none,0,B,0.4195849546044098,0.2236421725239616,0.0,647,420,0,1542,1878,2203,0.9207277491545064,103.42,0.912,1.0,1.594108600875188e-05,1.5729499864391983e-05,2.3167000108514912e-05,5.095899996376829e-05
artemis,FIFO,1018,1.0,3.0,B1-b,0,0.0,none,0,B,0.4061277705345502,0.2031590413943355,0.0,623,373,0,1534,1836,2130,0.9240470859026536,101.49,0.942,1.0,1.5953302010530023e-05,1.516700012871297e-05,2.335275057703255e-05,0.0001712120001684
artemis,FIFO,1019,1.0,3.0,B1-b,0,0.0,none,0,B,0.4235523747560182,0.2116515232495991,0.0,651,396,0,1537,1871,2189,0.916797552926372,103.24,0.95,1.0,1.5728287997262668e-05,1.556249981149449e-05,2.229410069958249e-05,3.287500021542655e-05
artemis,FIFO,1020,1.0,3.0,B1-b,0,0.0,none,0,B,0.4259381171823568,0.2100431965442764,0.0,647,389,0,1519,1852,2170,0.9208749097369584,102.24,0.95,1.0,1.5962646017214865e-05,1.5791999885550467e-05,2.1875050106245907e-05,4.7126000026764814e-05
artemis,FIFO,1021,1.0,3.0,B1-b,0,0.0,none,0,B,0.4159120310478654,0.2241566920565832,0.0,643,412,0,1546,1838,2224,0.915684660937491,103.42,0.934,1.0,1.5564560002530925e-05,1.5458999769180082e-05,2.2298250678431936e-05,3.233400002500275e-05
artemis,FIFO,1022,1.0,3.0,B1-b,0,0.0,none,0,B,0.4102730819245774,0.2262540021344717,0.0,631,424,0,1538,1874,2183,0.9198035916553946,102.68,0.94,1.0,1.5917541990347673e-05,1.5625000742147677e-05,2.2669049940304827e-05,4.9543000386620406e-05
artemis,FIFO,1023,1.0,3.0,B1-b,0,0.0,none,0,B,0.4081225033288948,0.207638515330823,0.0,613,386,0,1502,1859,2190,0.923534641643361,103.22,0.896,1.0,1.527696401171852e-05,1.5104500107554486e-05,2.2210100632946704e-05,3.187600032106275e-05
artemis,FIFO,1024,1.0,3.0,B1-b,0,0.0,none,0,B,0.4242819843342036,0.2044109736417428,0.0,650,380,0,1532,1859,2180,0.916507508864334,103.04,0.91,1.0,1.5417438013173524e-05,1.5332999737438513e-05,2.167950046896293e-05,3.354199998284457e-05
artemis,FIFO,1025,1.0,3.0,B1-b,0,0.0,none,0,B,0.4038585209003215,0.2116748499727223,0.0,628,388,0,1555,1833,2185,0.9167011641149329,102.88,0.95,1.0,1.5593614010867894e-05,1.529200017102994e-05,2.255755030091676e-05,3.270900015195366e-05
artemis,FIFO,1026,1.0,3.0,B1-b,0,0.0,none,0,B,0.4172615184944841,0.2204387372926698,0.0,643,412,0,1541,1869,2208,0.9180643910484304,103.51,0.908,1.0,1.6064994017142452e-05,1.583299990670639e-05,2.339795059924652e-05,3.2625000130792614e-05
artemis,FIFO,1027,1.0,3.0,B1-b,0,0.0,none,0,B,0.4363876071193144,0.2293986636971046,0.0,662,412,0,1517,1796,2169,0.9262150950537196,100.66,0.924,1.0,1.538833603808598e-05,1.5084000551723877e-05,2.222355024059651e-05,3.879300038533984e-05
artemis,FIFO,1028,1.0,3.0,B1-b,0,0.0,none,0,B,0.4140419947506562,0.212777476989713,0.0,631,393,0,1524,1847,2208,0.9202917992276352,103.56,0.916,1.0,1.5396067983601824e-05,1.5083499874890547e-05,2.2717300407748546e-05,3.51250000676373e-05
artemis,FIFO,1029,1.0,3.0,B1-b,0,0.0,none,0,B,0.3967320261437908,0.2073434125269978,0.0,607,384,0,1530,1852,2170,0.9234601636619794,102.96,0.85,1.0,1.5325825992476893e-05,1.4917000044079032e-05,2.259650032101489e-05,4.579300002660602e-05
artemis,FIFO,1000,1.0,3.0,B1-c,0,0.0,none,0,B,0.4106666666666667,0.2094298245614035,0.0,616,382,0,1500,1824,2175,0.923446463860847,102.1,0.936,1.0,1.568860999941535e-05,1.560400005473639e-05,2.1878049665247087e-05,4.741800057672663e-05
artemis,FIFO,1001,1.0,3.0,B1-c,0,0.0,none,0,B,0.4063745019920319,0.2163219675796534,0.0,612,387,0,1506,1789,2184,0.9255591192726828,101.66,0.88,1.0,1.5039381982205669e-05,1.4958999599912204e-05,2.159230002689582e-05,2.5833000108832493e-05
artemis,FIFO,1002,1.0,3.0,B1-c,0,0.0,none,0,B,0.4006734006734007,0.197092084006462,0.0,595,366,0,1485,1857,2194,0.9189245135224604,103.72,0.92,1.0,1.4950976004911354e-05,1.4937500054656994e-05,2.080240019495249e-05,4.333400011091726e-05
artemis,FIFO,1003,1.0,3.0,B1-c,0,0.0,none,0,B,0.4241424802110818,0.2186987424822307,0.0,643,400,0,1516,1829,2159,0.9235455442237872,101.3,0.936,1.0,1.5157644033024552e-05,1.4958000065234955e-05,2.1134300322955816e-05,3.375100004632259e-05
artemis,FIFO,1002,1.0,3.0,B3-correlated,0,0.0,none,0,B,0.4177370030581039,0.2277030393622321,0.0,683,457,0,1635,2007,2297,0.9122836881143824,108.61,0.92,1.0,1.7298684002525988e-05,1.6000499726942508e-05,2.9429499500110967e-05,4.583400004776195e-05
artemis,FIFO,1003,1.0,3.0,B3-correlated,0,0.0,none,0,B,0.437956204379562,0.2433383609854198,0.0,720,484,0,1644,1989,2269,0.9162905393064996,106.63,0.936,1.0,1.7758197973307688e-05,1.672950020292774e-05,2.8861049759143475e-05,6.708399996568915e-05
artemis,FIFO,1004,1.0,3.0,B3-correlated,0,0.0,none,0,B,0.4391143911439114,0.2349643221202854,0.0004397537379067,714,461,1,1626,1962,2274,0.9147574642014472,106.47,0.918,1.0,1.8295116005901947e-05,1.660450016061077e-05,3.208819994142686e-05,5.020899970986648e-05
artemis,FIFO,1005,1.0,3.0,B3-correlated,0,0.0,none,0,B,0.4664246823956443,0.2549019607843137,0.0,771,507,0,1653,1989,2300,0.9165628200656388,106.81,0.956,1.0,1.792162600577285e-05,1.662499971644138e-05,2.8969449840587906e-05,3.925100008927984e-05
artemis,FIFO,1006,1.0,3.0,B3-correlated,0,0.0,none,0,B,0.4342342342342342,0.2254016064257028,0.0,723,449,0,1665,1992,2265,0.9117685706571036,107.51,0.928,1.0,1.7662206004388283e-05,1.645800057303859e-05,2.9588149982373572e-05,4.966699998476543e-05
artemis,FIFO,1007,1.0,3.0,B3-correlated,0,0.0,none,0,B,0.4576576576576576,0.2387836490528414,0.0,762,479,0,1665,2006,2264,0.9127756131440988,106.86,0.954,1.0,1.7842411982201158e-05,1.6187500023079338e-05,2.991910055243352e-05,6.275099985941779e-05
artemis,FIFO,1008,1.0,3.0,B3-correlated,0,0.0,none,0,B,0.4548229548229548,0.2377622377622377,0.0004391743522178,745,476,1,1638,2002,2277,0.9145146923752004,107.04,0.954,1.0,1.788852999379742e-05,1.652149967412697e-05,3.100629960499645e-05,4.458400053408696e-05
artemis,FIFO,1009,1.0,3.0,B3-correlated,0,0.0,none,0,B,0.4423543689320388,0.2476046394351992,0.0,729,491,0,1648,1983,2282,0.9123367379285492,106.75,0.93,1.0,1.785518198812497e-05,1.702149984339485e-05,2.9296150341906464e-05,4.225100019539241e-05
artemis,FIFO,1010,1.0,3.0,B3-correlated,0,0.0,none,0,B,0.4494518879415347,0.2440119760479042,0.0,738,489,0,1642,2004,2286,0.9158538151061584,107.05,0.958,1.0,1.8432946004395488e-05,1.6667000181769254e-05,3.2255150426863107e-05,7.395899956463836e-05
artemis,FIFO,1011,1.0,3.0,B3-correlated,0,0.0,none,0,B,0.4346793349168646,0.2446808510638297,0.0,732,483,0,1684,1974,2270,0.9169233033112454,106.69,0.936,1.0,1.7495673997473204e-05,1.6312500065396307e-05,2.9458999961207155e-05,4.120899939152878e-05
artemis,FIFO,1012,1.0,3.0,B3-correlated,0,0.0,none,0,B,0.4568709101725163,0.2372881355932203,0.0004380201489268,768,462,1,1681,1947,2283,0.9149032029631704,106.54,0.942,1.0,1.7898466021506467e-05,1.6459000107715838e-05,3.0015550555617653e-05,4.779200025950559e-05
artemis,FIFO,1013,1.0,3.0,B3-correlated,0,0.0,none,0,B,0.471049457177322,0.2360768851651059,0.0,781,479,0,1658,2029,2290,0.9151166810247716,107.64,0.96,1.0,1.7959322012757183e-05,1.664649971644394e-05,2.992114964399661e-05,4.479300059756497e-05
artemis,FIFO,1014,1.0,3.0,B3-correlated,0,0.0,none,0,B,0.4277071990320629,0.2404809619238476,0.0004364906154517,707,480,1,1653,1996,2291,0.9115061384860458,107.57,0.93,1.0,1.7383195998263544e-05,1.633300007597427e-05,2.9754200068055063e-05,3.90010000046459e-05
artemis,FIFO,1015,1.0,3.0,B3-correlated,0,0.0,none,0,B,0.423418095801301,0.2449186991869918,0.0,716,482,0,1691,1968,2258,0.91739002303353,106.52,0.88,1.0,1.759542399304337e-05,1.6417000097135315e-05,3.021730021828261e-05,4.625099973054603e-05
artemis,FIFO,1016,1.0,3.0,B3-correlated,0,0.0,none,0,B,0.4405724953329185,0.2208774583963691,0.0,708,438,0,1607,1983,2239,0.9193633808795888,106.35,0.946,1.0,1.7428986002414603e-05,1.583399989613099e-05,3.0426250259552027e-05,4.675100080930861e-05
artemis,FIFO,1017,1.0,3.0,B3-correlated,0,0.0,none,0,B,0.4598672299336149,0.2481352560914967,0.0004359197907585,762,499,1,1657,2011,2294,0.919214389727129,107.2,0.912,1.0,1.7955765966689795e-05,1.687500025582267e-05,3.0382199838641093e-05,4.254299983585952e-05
artemis,FIFO,1018,1.0,3.0,B3-correlated,0,0.0,none,0,B,0.4199759326113116,0.2338383838383838,0.0,698,463,0,1662,1980,2242,0.9170553124953016,106.46,0.942,1.0,1.7120004009484546e-05,1.5729499864391983e-05,2.996225057358969e-05,4.525100030150497e-05
artemis,FIFO,1019,1.0,3.0,B3-correlated,0,0.0,none,0,B,0.4371617558628983,0.2394225983076157,0.000436871996505,727,481,1,1663,2009,2289,0.9111336593653584,107.77,0.95,1.0,1.814018600634881e-05,1.6750499980844324e-05,3.047149943995463e-05,4.745899968838785e-05
artemis,FIFO,1020,1.0,3.0,B3-correlated,0,0.0,none,0,B,0.4422843256379101,0.237,0.0,728,474,0,1646,2000,2279,0.9153808693655308,107.23,0.95,1.0,1.749782400111144e-05,1.6083500213426305e-05,3.0379199415619947e-05,4.316700051276712e-05
artemis,FIFO,1021,1.0,3.0,B3-correlated,0,0.0,none,0,B,0.4409307875894988,0.2477157360406091,0.0,739,488,0,1676,1970,2322,0.9140454757055811,107.82,0.934,1.0,1.781620198926248e-05,1.650099966354901e-05,3.087804998358479e-05,4.17930004914524e-05
artemis,FIFO,1022,1.0,3.0,B3-correlated,0,0.0,none,0,B,0.4278846153846153,0.2468889995022399,0.000438596491228,712,496,1,1664,2009,2280,0.9155350903924032,107.27,0.94,1.0,1.7805338004109215e-05,1.6645999949105317e-05,2.9795050068059933e-05,4.416699994180817e-05
artemis,FIFO,1023,1.0,3.0,B3-correlated,0,0.0,none,0,B,0.4393846153846154,0.231,0.0,714,462,0,1625,2000,2283,0.9187701070284364,107.53,0.896,1.0,1.770700998713437e-05,1.6250500266323797e-05,3.112919962404703e-05,5.208400034462102e-05
artemis,FIFO,1024,1.0,3.0,B3-correlated,0,0.0,none,0,B,0.4511097780443911,0.2334164588528678,0.0,752,468,0,1667,2005,2283,0.9125414340139096,107.62,0.91,1.0,1.8047250014205927e-05,1.674999975875835e-05,2.9711100069107484e-05,4.35009997090674e-05
artemis,FIFO,1025,1.0,3.0,B3-correlated,0,0.0,none,0,B,0.4559616536848412,0.2378787878787878,0.0004376367614879,761,471,1,1669,1980,2285,0.9146836559566968,106.94,0.95,1.0,1.82895020043361e-05,1.687499980107532e-05,3.066904992010677e-05,4.2876000406977255e-05
artemis,FIFO,1026,1.0,3.0,B3-correlated,0,0.0,none,0,B,0.444377630787733,0.2406947890818858,0.0,739,485,0,1663,2015,2292,0.9151765136257074,107.75,0.908,1.0,1.7997609993471998e-05,1.6541999684704933e-05,3.0711100362168505e-05,4.3708999328373466e-05
artemis,FIFO,1027,1.0,3.0,B3-correlated,0,0.0,none,0,B,0.445321992709599,0.2553735926305015,0.0,733,499,0,1646,1954,2269,0.9161129920150856,105.66,0.924,1.0,1.805334401615255e-05,1.6583500382694183e-05,3.043784986402896e-05,5.1126000471413136e-05
artemis,FIFO,1028,1.0,3.0,B3-correlated,0,0.0,none,0,B,0.4276196244700181,0.2406847935548842,0.0004327131112072,706,478,1,1651,1986,2311,0.9132401942915532,108.22,0.918,1.0,1.8062371973428527e-05,1.6583999695285456e-05,3.1833999855734874e-05,5.175100068299798e-05
artemis,FIFO,1029,1.0,3.0,B3-correlated,0,0.0,none,0,B,0.4192583732057416,0.2310776942355889,0.0,701,461,0,1672,1995,2265,0.916629477895812,107.61,0.874,1.0,1.796898997417884e-05,1.6604499705863418e-05,3.0711100407643244e-05,4.241799979354255e-05
artemis,RoundRobin,1000,1.0,3.0,B1-a,0,0.0,none,0,B,0.8067226890756303,0.789247311827957,0.7733272644515248,1248,1468,1699,1547,1860,2197,0.9145162951803352,22.64,0.972,1.0,4.387024006064167e-06,4.084000465809368e-06,8.87710029928712e-06,1.7875000594358426e-05
artemis,RoundRobin,1001,1.0,3.0,B1-a,0,0.0,none,0,B,0.8059895833333334,0.7927631578947368,0.7675260063319764,1238,1446,1697,1536,1824,2211,0.9220511192252738,22.61,0.958,1.0,4.175109983407311e-06,3.8755001696699765e-06,8.291999665743788e-06,1.8666999494598716e-05
artemis,RoundRobin,1002,1.0,3.0,B1-a,0,0.0,none,0,B,0.8021038790269559,0.778072033898305,0.7784296028880866,1220,1469,1725,1521,1888,2216,0.9112476656068952,22.75,0.972,1.0,4.1687379743962085e-06,3.938000645575812e-06,8.669049748277756e-06,1.6251000488409773e-05
artemis,RoundRobin,1003,1.0,3.0,B1-a,0,0.0,none,0,B,0.8038709677419354,0.7905731119442957,0.7721228794131133,1246,1476,1684,1550,1867,2181,0.9190783303197608,22.57,0.968,1.0,4.097009998076828e-06,3.916999958164524e-06,9.00304985407274e-06,1.900000006571645e-05
artemis,RoundRobin,1004,1.0,3.0,B1-a,0,0.0,none,0,B,0.804476629361422,0.7882858678130038,0.7706630336058129,1222,1467,1697,1519,1861,2202,0.9194501836547292,22.89,0.972,1.0,4.085122001924901e-06,3.958499746659072e-06,8.059799984039257e-06,1.95419997908175e-05
artemis,RoundRobin,1005,1.0,3.0,B1-a,0,0.0,none,0,B,0.8087012156110045,0.7778964228510411,0.787562414888788,1264,1457,1735,1563,1873,2203,0.9198949873235392,22.34,0.962,1.0,4.329907984356396e-06,4.083000021637417e-06,8.217300046453594e-06,4.370900023786817e-05
artemis,RoundRobin,1006,1.0,3.0,B1-a,0,0.0,none,0,B,0.8149580915538363,0.7882666666666667,0.7738095238095238,1264,1478,1690,1551,1875,2184,0.9144451348085382,22.48,0.976,1.0,4.152741990765207e-06,3.916999958164524e-06,8.669049748277756e-06,3.199999991920777e-05
artemis,RoundRobin,1007,1.0,3.0,B1-a,0,0.0,none,0,B,0.8008962868117798,0.7804621848739496,0.7790004585052728,1251,1486,1699,1562,1904,2181,0.9174380280783404,22.62,0.954,1.0,4.28770999678818e-06,4.083000021637417e-06,8.87505025275459e-06,1.908400008687749e-05
artemis,RoundRobin,1008,1.0,3.0,B1-a,0,0.0,none,0,B,0.7977821265492498,0.7885021097046413,0.7756410256410257,1223,1495,1694,1533,1896,2184,0.9187383512544804,22.61,0.974,1.0,4.4005080162605735e-06,4.12500003221794e-06,8.380100507565654e-06,2.941699949587928e-05
artemis,RoundRobin,1009,1.0,3.0,B1-a,0,0.0,none,0,B,0.808565866320571,0.7875066737853711,0.7815934065934066,1246,1475,1707,1541,1873,2184,0.9223884397370368,21.9,0.966,1.0,4.12351801605837e-06,3.957999979320448e-06,8.260450067609772e-06,1.841700031945948e-05
artemis,RoundRobin,1010,1.0,3.0,B1-a,0,0.0,none,0,B,0.8090255068672335,0.7805659369994661,0.7760109041344844,1237,1462,1708,1529,1873,2201,0.9196199682980764,22.53,0.972,1.0,4.209661989079905e-06,4.020999767817557e-06,8.689950618645505e-06,1.8001000171352644e-05
artemis,RoundRobin,1011,1.0,3.0,B1-a,0,0.0,none,0,B,0.8058375634517766,0.7852925389157274,0.776044056906838,1270,1463,1691,1576,1863,2179,0.91626983361931,22.5,0.974,1.0,4.268968006726937e-06,3.916999958164524e-06,8.216399646698839e-06,2.616700021462748e-05
artemis,RoundRobin,1012,1.0,3.0,B1-a,0,0.0,none,0,B,0.809493264913406,0.7939560439560439,0.7693351424694709,1262,1445,1701,1559,1820,2211,0.9310816664543254,22.37,0.976,1.0,4.133532025662134e-06,3.958999968745047e-06,8.125000022118911e-06,2.0125999981246423e-05
artemis,RoundRobin,1013,1.0,3.0,B1-a,0,0.0,none,0,B,0.8120204603580563,0.7845993756503642,0.7755565651976375,1270,1508,1707,1564,1922,2201,0.9127884491427098,22.76,0.968,1.0,4.242869979862007e-06,3.979499979323009e-06,8.516650177625692e-06,3.366800046933349e-05
artemis,RoundRobin,1014,1.0,3.0,B1-a,0,0.0,none,0,B,0.8086619263089851,0.7852956846030901,0.7728093947606143,1251,1474,1711,1547,1877,2214,0.9074779886077644,22.53,0.962,1.0,4.250986008628388e-06,3.937499968742486e-06,8.799350234767181e-06,2.287600000272505e-05
artemis,RoundRobin,1015,1.0,3.0,B1-a,0,0.0,none,0,B,0.8132492113564669,0.7825851811790157,0.7737494263423589,1289,1447,1686,1585,1849,2179,0.9167619541787178,22.76,0.974,1.0,4.146920002312982e-06,3.916000423487276e-06,8.21519920464197e-06,1.862599947344279e-05
artemis,RoundRobin,1016,1.0,3.0,B1-a,0,0.0,none,0,B,0.8186046511627907,0.7900905700586042,0.7706209453197405,1232,1483,1663,1505,1877,2158,0.909940074564098,22.3,0.968,1.0,4.047834006996709e-06,3.771499905269593e-06,8.332999641424976e-06,1.941699974850053e-05
artemis,RoundRobin,1017,1.0,3.0,B1-a,0,0.0,none,0,B,0.7984644913627639,0.7844374342797056,0.786036036036036,1248,1492,1745,1563,1902,2220,0.9249096345073968,22.34,0.974,1.0,4.331102005380671e-06,4.084000465809368e-06,7.854799923734371e-06,5.450100070447661e-05
artemis,RoundRobin,1018,1.0,3.0,B1-a,0,0.0,none,0,B,0.8101347017318794,0.7956873315363882,0.7699814126394052,1263,1476,1657,1559,1855,2152,0.911556806552374,22.21,0.962,1.0,4.095223986951169e-06,3.7915001485089306e-06,8.419050527663783e-06,3.495900000416441e-05
artemis,RoundRobin,1019,1.0,3.0,B1-a,0,0.0,none,0,B,0.8070512820512821,0.7850368809272918,0.7819990954319312,1259,1490,1729,1560,1898,2211,0.9112913166745912,22.52,0.972,1.0,4.345420013123658e-06,4.124999577470589e-06,8.9202002982347e-06,1.8542000361776445e-05
artemis,RoundRobin,1020,1.0,3.0,B1-a,0,0.0,none,0,B,0.8073929961089494,0.7898936170212766,0.7696167883211679,1245,1485,1687,1542,1880,2192,0.9107212541371784,22.62,0.966,1.0,4.198287975668791e-06,3.957999979320448e-06,8.92114981070335e-06,2.6917000468529292e-05
artemis,RoundRobin,1021,1.0,3.0,B1-a,0,0.0,none,0,B,0.8147676639083387,0.7851373182552503,0.7798573975044564,1280,1458,1750,1571,1857,2244,0.9226351749322652,22.61,0.978,1.0,4.207649995805696e-06,4.042000000481494e-06,8.875049388734624e-06,1.7583000044396613e-05
artemis,RoundRobin,1022,1.0,3.0,B1-a,0,0.0,none,0,B,0.8014093529788597,0.7890583903208838,0.7789904502046384,1251,1500,1713,1561,1901,2199,0.9210732870141574,22.45,0.97,1.0,4.285592016458395e-06,3.959000423492398e-06,8.88125027813657e-06,2.133299949491629e-05
artemis,RoundRobin,1023,1.0,3.0,B1-a,0,0.0,none,0,B,0.8066841415465269,0.7791313559322034,0.7773242630385487,1231,1471,1714,1526,1888,2205,0.9241740485603516,22.79,0.972,1.0,4.284902022845927e-06,3.99999953515362e-06,8.59340061651891e-06,3.191700034221867e-05
artemis,RoundRobin,1024,1.0,3.0,B1-a,0,0.0,none,0,B,0.801923076923077,0.78125,0.7769718948322756,1251,1475,1714,1560,1888,2206,0.9098969588775094,22.7,0.97,1.0,4.752503980853362e-06,4.125000486965291e-06,8.213150067604144e-06,0.0002308799994352
artemis,RoundRobin,1025,1.0,3.0,B1-a,0,0.0,none,0,B,0.8068833652007649,0.7926763597199784,0.7745009074410163,1266,1472,1707,1569,1857,2204,0.9215938993609366,22.18,0.968,1.0,4.2423240120115225e-06,3.979499524575658e-06,8.583050612287479e-06,2.4959000256785657e-05
artemis,RoundRobin,1026,1.0,3.0,B1-a,0,0.0,none,0,B,0.8137003841229193,0.777895293495505,0.7756294964028777,1271,1471,1725,1562,1891,2224,0.9188924169580076,22.92,0.972,1.0,4.39791397548106e-06,4.125000486965291e-06,9.547300487611204e-06,2.550000044720946e-05
artemis,RoundRobin,1027,1.0,3.0,B1-a,0,0.0,none,0,B,0.8046722907203114,0.7788778877887789,0.7778286761337608,1240,1416,1698,1541,1818,2183,0.9295773158474426,22.57,0.968,1.0,4.182586002571043e-06,4.020999767817557e-06,8.83610023265646e-06,1.7084000319300685e-05
artemis,RoundRobin,1028,1.0,3.0,B1-a,0,0.0,none,0,B,0.8045307443365696,0.7819347942276857,0.7779775280898876,1243,1463,1731,1545,1871,2225,0.9075812591324416,22.7,0.978,1.0,4.309856038162252e-06,3.958499746659072e-06,8.977700281320705e-06,1.8666999494598716e-05
artemis,RoundRobin,1029,1.0,3.0,B1-a,0,0.0,none,0,B,0.8104113110539846,0.7830490405117271,0.7757437070938215,1261,1469,1695,1556,1876,2185,0.9218596645245294,22.5,0.978,1.0,4.215404020214919e-06,3.957999979320448e-06,8.71314932737732e-06,1.8792000446410384e-05
artemis,RoundRobin,1000,1.0,3.0,B1-b,0,0.0,none,0,B,0.8060686015831134,0.7870370370370371,0.7731439046746105,1222,1445,1687,1516,1836,2182,0.9195601251705786,22.48,0.972,1.0,4.122259997529909e-06,3.833999471680727e-06,7.96845042714266e-06,2.541699996072566e-05
artemis,RoundRobin,1001,1.0,3.0,B1-b,0,0.0,none,0,B,0.8057932850559578,0.7915742793791575,0.7670920692798542,1224,1428,1683,1519,1804,2194,0.9267449709734036,22.45,0.958,1.0,4.135922014029347e-06,3.937499968742486e-06,7.671200319236955e-06,2.362499981245492e-05
artemis,RoundRobin,1002,1.0,3.0,B1-b,0,0.0,none,0,B,0.8026666666666666,0.7769436997319035,0.7785356980445657,1204,1449,1712,1500,1865,2199,0.9183125470856504,22.52,0.972,1.0,4.285975970560685e-06,4.167000042798463e-06,7.79825036261172e-06,1.6416999642387964e-05
artemis,RoundRobin,1003,1.0,3.0,B1-b,0,0.0,none,0,B,0.8018312622629169,0.7906724511930586,0.7723915050784856,1226,1458,1673,1529,1844,2166,0.924473824177494,22.34,0.968,1.0,4.298851999919861e-06,4.124999577470589e-06,9.05450074242252e-06,1.8708999959926587e-05
artemis,RoundRobin,1004,1.0,3.0,B1-b,0,0.0,none,0,B,0.8021462105969148,0.7875816993464052,0.7704618198445359,1196,1446,1685,1491,1836,2187,0.9241944236664174,22.7,0.972,1.0,4.249500008882024e-06,4.125000486965291e-06,8.216349624490242e-06,2.9458999961207155e-05
artemis,RoundRobin,1005,1.0,3.0,B1-b,0,0.0,none,0,B,0.8075422626788037,0.7773564463705309,0.7879341864716636,1242,1435,1724,1538,1846,2188,0.926327951518554,22.09,0.962,1.0,4.231906026689103e-06,4.124999577470589e-06,7.666999454158941e-06,2.8916999326611403e-05
artemis,RoundRobin,1006,1.0,3.0,B1-b,0,0.0,none,0,B,0.8150819672131148,0.7880258899676376,0.7737327188940092,1243,1461,1679,1525,1854,2170,0.9212041607631763,22.26,0.976,1.0,4.075527980603511e-06,3.916999958164524e-06,8.002100003068334e-06,2.3083000087353867e-05
artemis,RoundRobin,1007,1.0,3.0,B1-b,0,0.0,none,0,B,0.8,0.7791378392762107,0.7793167128347184,1228,1464,1688,1535,1879,2166,0.9235060480813596,22.4,0.954,1.0,4.118806007681997e-06,4.062499556312105e-06,7.169050149968824e-06,1.6416999642387964e-05
artemis,RoundRobin,1008,1.0,3.0,B1-b,0,0.0,none,0,B,0.7972166998011928,0.7867450561197221,0.7757268112598061,1203,1472,1681,1509,1871,2167,0.924326001404334,22.41,0.974,1.0,4.113250006412272e-06,4.042000000481494e-06,7.791999451001175e-06,1.7874999684863724e-05
artemis,RoundRobin,1009,1.0,3.0,B1-b,0,0.0,none,0,B,0.808300395256917,0.7867528271405493,0.7828096118299446,1227,1461,1694,1518,1857,2164,0.9280892932712652,21.61,0.966,1.0,4.029731968330453e-06,3.958999513997696e-06,7.585099410789551e-06,1.7750000552041456e-05
artemis,RoundRobin,1010,1.0,3.0,B1-b,0,0.0,none,0,B,0.8076923076923077,0.7808441558441559,0.7756410256410257,1218,1443,1694,1508,1848,2184,0.9256241630759589,22.3,0.972,1.0,4.14624999575608e-06,3.99999953515362e-06,8.635400172352083e-06,2.5041999833774756e-05
artemis,RoundRobin,1011,1.0,3.0,B1-b,0,0.0,none,0,B,0.8048780487804879,0.7847826086956522,0.7755668671911152,1254,1444,1676,1558,1840,2161,0.9210692304280764,22.31,0.974,1.0,4.1029259700735565e-06,3.916999958164524e-06,7.794100338287533e-06,1.833399983297568e-05
artemis,RoundRobin,1012,1.0,3.0,B1-b,0,0.0,none,0,B,0.8092147955872809,0.7932184546970539,0.7687385740402194,1247,1427,1682,1541,1799,2188,0.935990634601492,22.16,0.976,1.0,4.037704016809584e-06,3.896000180247938e-06,7.208999704744201e-06,3.070900038437685e-05
artemis,RoundRobin,1013,1.0,3.0,B1-b,0,0.0,none,0,B,0.8118105126541207,0.783342119135477,0.776249426868409,1251,1486,1693,1541,1897,2181,0.9202965038460652,22.48,0.968,1.0,4.11806797819736e-06,4.000000444648322e-06,8.21215048745216e-06,1.704199985397281e-05
artemis,RoundRobin,1014,1.0,3.0,B1-b,0,0.0,none,0,B,0.8073635765943459,0.7831715210355987,0.7716105550500455,1228,1452,1696,1521,1854,2198,0.910549986772098,22.45,0.962,1.0,4.075256021678797e-06,3.896000180247938e-06,7.980950385899612e-06,1.7876000129035674e-05
artemis,RoundRobin,1015,1.0,3.0,B1-b,0,0.0,none,0,B,0.8131797824696098,0.7811135371179039,0.7732101616628175,1271,1431,1674,1563,1832,2165,0.9206905205384802,22.64,0.974,1.0,4.053253980600857e-06,3.8755001696699765e-06,7.50414983485825e-06,1.704199985397281e-05
artemis,RoundRobin,1016,1.0,3.0,B1-b,0,0.0,none,0,B,0.8193504736129905,0.7890204520990313,0.7705992509363296,1211,1466,1646,1478,1858,2136,0.9163599246340944,22.05,0.968,1.0,3.873519995977403e-06,3.707999894686509e-06,7.3372001679672355e-06,2.054200012935325e-05
artemis,RoundRobin,1017,1.0,3.0,B1-b,0,0.0,none,0,B,0.7976653696498055,0.7832800851970181,0.7857467090331366,1230,1471,1731,1542,1878,2203,0.92917865766928,22.16,0.974,1.0,4.065061990331742e-06,4.000000444648322e-06,7.628049434060811e-06,2.0583999685186427e-05
artemis,RoundRobin,1018,1.0,3.0,B1-b,0,0.0,none,0,B,0.8102998696219035,0.795751633986928,0.7694835680751174,1243,1461,1639,1534,1836,2130,0.9185010400819646,21.96,0.962,1.0,4.198469994662446e-06,3.916999958164524e-06,8.627050192444584e-06,1.5083000107551923e-05
artemis,RoundRobin,1019,1.0,3.0,B1-b,0,0.0,none,0,B,0.8067664281067014,0.7824692677712454,0.7820922795797167,1240,1464,1712,1537,1871,2189,0.917015087568966,22.31,0.972,1.0,4.343733991845511e-06,4.12500003221794e-06,8.80239981597696e-06,2.262599991809111e-05
artemis,RoundRobin,1020,1.0,3.0,B1-b,0,0.0,none,0,B,0.8057932850559578,0.7888768898488121,0.7700460829493088,1224,1461,1671,1519,1852,2170,0.9175798531288324,22.34,0.966,1.0,4.191667987470282e-06,3.959000423492398e-06,7.354799754466493e-06,6.125099935161415e-05
artemis,RoundRobin,1021,1.0,3.0,B1-b,0,0.0,none,0,B,0.8137128072445019,0.7834602829162133,0.7796762589928058,1258,1440,1734,1546,1838,2224,0.92661581988763,22.44,0.978,1.0,4.117915992537746e-06,3.895499958161963e-06,8.219400069719986e-06,2.608399972814368e-05
artemis,RoundRobin,1022,1.0,3.0,B1-b,0,0.0,none,0,B,0.7997399219765929,0.7870864461045891,0.7792029317453046,1230,1475,1701,1538,1874,2183,0.9254774824640304,22.27,0.97,1.0,4.026995995445759e-06,3.916999958164524e-06,7.257250172187918e-06,1.8124999769497663e-05
artemis,RoundRobin,1023,1.0,3.0,B1-b,0,0.0,none,0,B,0.8055925432756325,0.778375470683163,0.7767123287671233,1210,1447,1701,1502,1859,2190,0.9298509120549372,22.6,0.972,1.0,4.088835992661189e-06,3.917000412911875e-06,7.503000233555211e-06,1.8125000678992365e-05
artemis,RoundRobin,1024,1.0,3.0,B1-b,0,0.0,none,0,B,0.8009138381201044,0.7810650887573964,0.7779816513761468,1227,1452,1696,1532,1859,2180,0.9197412020483804,22.3,0.97,1.0,4.050407984323101e-06,4.041000465804245e-06,7.171149263740514e-06,1.595899993844796e-05
artemis,RoundRobin,1025,1.0,3.0,B1-b,0,0.0,none,0,B,0.8070739549839229,0.7921440261865794,0.7748283752860412,1255,1452,1693,1555,1833,2185,0.9271606473994832,21.92,0.968,1.0,3.972583979702904e-06,3.8124999264255166e-06,7.550350301244172e-06,1.729199993860675e-05
artemis,RoundRobin,1026,1.0,3.0,B1-b,0,0.0,none,0,B,0.8131083711875405,0.7768860353130016,0.7753623188405797,1253,1452,1712,1541,1869,2208,0.9242598258262316,22.74,0.972,1.0,4.1803740114119135e-06,3.99999953515362e-06,7.91814995864115e-06,1.866700040409341e-05
artemis,RoundRobin,1027,1.0,3.0,B1-b,0,0.0,none,0,B,0.8055372445616348,0.7789532293986637,0.776855693868142,1222,1399,1685,1517,1796,2169,0.9353387147275062,22.38,0.968,1.0,3.9602340239071054e-06,3.8755001696699765e-06,7.551499857072476e-06,1.4959000509406906e-05
artemis,RoundRobin,1028,1.0,3.0,B1-b,0,0.0,none,0,B,0.8031496062992126,0.7807255008121278,0.7776268115942029,1224,1442,1717,1524,1847,2208,0.9126101733970852,22.53,0.978,1.0,4.1686340009619015e-06,3.875000402331352e-06,8.302400510729048e-06,1.862499993876554e-05
artemis,RoundRobin,1029,1.0,3.0,B1-b,0,0.0,none,0,B,0.8098039215686275,0.7807775377969762,0.776036866359447,1239,1446,1684,1530,1852,2170,0.9266169781444464,22.32,0.978,1.0,4.024064011900919e-06,3.854000169667415e-06,8.125000022118911e-06,2.3042000066197943e-05
artemis,RoundRobin,1000,1.0,3.0,B1-c,0,0.0,none,0,B,0.8053333333333333,0.7872807017543859,0.7719540229885058,1208,1436,1679,1500,1824,2175,0.9216802573501908,22.43,0.972,1.0,4.008971991424915e-06,3.85449993700604e-06,7.5872002526011745e-06,1.4833000022917986e-05
artemis,RoundRobin,1001,1.0,3.0,B1-c,0,0.0,none,0,B,0.8047808764940239,0.7909446618222471,0.7664835164835165,1212,1415,1674,1506,1789,2184,0.9289776214049013,22.37,0.958,1.0,3.967425987866591e-06,3.874999947584001e-06,7.585099410789551e-06,1.425099981133826e-05
artemis,RoundRobin,1002,1.0,3.0,B1-c,0,0.0,none,0,B,0.8013468013468014,0.7759827679052235,0.7784867821330902,1190,1441,1708,1485,1857,2194,0.9194296775825256,22.48,0.97,1.0,4.059395982039859e-06,3.959000423492398e-06,7.629149831700484e-06,1.425099981133826e-05
artemis,RoundRobin,1003,1.0,3.0,B1-c,0,0.0,none,0,B,0.8001319261213721,0.7905959540732641,0.7711903659101436,1213,1446,1665,1516,1829,2159,0.9254947265683356,22.31,0.966,1.0,4.041439988213824e-06,3.915999968739925e-06,8.171150466296236e-06,2.066800061584217e-05
artemis,RoundRobin,1004,1.0,3.0,B1-c,0,0.0,none,0,B,0.8017591339648173,0.7873154729360307,0.7693718477762495,1185,1440,1678,1478,1829,2181,0.9251954836121278,22.69,0.972,1.0,4.005182006949326e-06,3.979499979323009e-06,7.377099791483486e-06,1.4584000382455995e-05
artemis,RoundRobin,1005,1.0,3.0,B1-c,0,0.0,none,0,B,0.8072131147540984,0.7760217983651226,0.7873510540788268,1231,1424,1718,1525,1835,2182,0.9273306233744864,22.07,0.962,1.0,3.99223199201515e-06,3.958999968745047e-06,7.419099347316658e-06,1.5042000086396e-05
artemis,RoundRobin,1006,1.0,3.0,B1-c,0,0.0,none,0,B,0.814692256783587,0.7868763557483731,0.7732531235539102,1231,1451,1671,1511,1844,2161,0.9227861990490512,22.21,0.976,1.0,4.001415993116097e-06,3.916999958164524e-06,7.711049875069874e-06,1.6458999198221136e-05
artemis,RoundRobin,1007,1.0,3.0,B1-c,0,0.0,none,0,B,0.7988126649076517,0.7781350482315113,0.779064381658175,1211,1452,1682,1516,1866,2159,0.9255733335939764,22.33,0.95,1.0,4.090015949259395e-06,4.020999767817557e-06,7.12505056981172e-06,1.5749999874969944e-05
artemis,RoundRobin,1008,1.0,3.0,B1-c,0,0.0,none,0,B,0.7962591850367402,0.7866738312735089,0.7751041184636742,1192,1464,1675,1497,1861,2161,0.9259112122243992,22.36,0.974,1.0,4.107093967832043e-06,4.062500011059456e-06,7.583999877169843e-06,1.5624999832652975e-05
artemis,RoundRobin,1009,1.0,3.0,B1-c,0,0.0,none,0,B,0.8082556591211718,0.786449864498645,0.7821047751506722,1214,1451,1687,1502,1845,2157,0.9300118655711088,21.54,0.964,1.0,4.050725965498714e-06,3.791999915847555e-06,7.254199726958173e-06,7.141799960663775e-05
artemis,RoundRobin,1010,1.0,3.0,B1-c,0,0.0,none,0,B,0.8060402684563759,0.780739934711643,0.7765029830197339,1201,1435,1692,1490,1838,2179,0.9286448048955128,22.16,0.97,1.0,4.050552028274978e-06,3.875000402331352e-06,8.010400006241971e-06,3.3168000300065614e-05
artemis,RoundRobin,1011,1.0,3.0,B1-c,0,0.0,none,0,B,0.8038834951456311,0.7846237731733915,0.7752442996742671,1242,1439,1666,1545,1834,2149,0.9230762213276408,22.22,0.974,1.0,4.006777964605135e-06,3.8749994928366505e-06,7.294050146811058e-06,1.5458999769180082e-05
artemis,RoundRobin,1012,1.0,3.0,B1-c,0,0.0,none,0,B,0.8080939947780679,0.7928331466965286,0.7691250572606505,1238,1416,1679,1532,1786,2183,0.9377951787111004,22.06,0.976,1.0,3.969969984609634e-06,3.916999958164524e-06,7.210099283838643e-06,1.6251000488409773e-05
artemis,RoundRobin,1013,1.0,3.0,B1-c,0,0.0,none,0,B,0.8115183246073299,0.7843866171003717,0.7761400276370336,1240,1477,1685,1528,1883,2171,0.9250347602258951,22.3,0.966,1.0,4.004670010544941e-06,3.895499958161963e-06,7.504199811592112e-06,1.6709000192349777e-05
artemis,RoundRobin,1014,1.0,3.0,B1-c,0,0.0,none,0,B,0.8069011280690113,0.7832699619771863,0.7712984054669704,1216,1442,1693,1507,1841,2195,0.9135169958996804,22.37,0.962,1.0,4.012164008599939e-06,3.875000402331352e-06,7.595550277983409e-06,1.4082999769016167e-05
artemis,RoundRobin,1015,1.0,3.0,B1-c,0,0.0,none,0,B,0.8111254851228978,0.7815079801871216,0.772937905468026,1254,1420,1668,1546,1817,2158,0.9233573872616468,22.53,0.968,1.0,3.98458399286028e-06,3.875999937008601e-06,7.088149686751418e-06,1.566700029798085e-05
artemis,RoundRobin,1016,1.0,3.0,B1-c,0,0.0,none,0,B,0.8189890710382514,0.7886486486486487,0.77103902209685,1199,1459,1640,1464,1850,2127,0.9190104748628124,21.92,0.968,1.0,3.874114016070962e-06,3.687499884108547e-06,7.385450680885687e-06,1.729199993860675e-05
artemis,RoundRobin,1017,1.0,3.0,B1-c,0,0.0,none,0,B,0.797244094488189,0.7836538461538461,0.785063752276867,1215,1467,1724,1524,1872,2196,0.931362704489352,22.09,0.974,1.0,4.104696005015284e-06,4.000500211986946e-06,8.179500446203735e-06,1.4667000868939796e-05
artemis,RoundRobin,1018,1.0,3.0,B1-c,0,0.0,none,0,B,0.8101516150296638,0.7966008771929824,0.7683962264150943,1229,1453,1629,1517,1824,2120,0.92187744042511,21.85,0.96,1.0,3.853574009553995e-06,3.750000360014383e-06,7.169100126702686e-06,1.3042000318819191e-05
artemis,RoundRobin,1019,1.0,3.0,B1-c,0,0.0,none,0,B,0.8060486522024983,0.782258064516129,0.7808344795965153,1226,1455,1703,1521,1860,2181,0.9186438435458528,22.28,0.972,1.0,4.006295985163888e-06,3.958499746659072e-06,7.314900176424978e-06,1.7666999156062957e-05
artemis,RoundRobin,1020,1.0,3.0,B1-c,0,0.0,none,0,B,0.8045212765957447,0.789015769439913,0.7694085027726433,1210,1451,1665,1504,1839,2164,0.9197186018016572,22.27,0.962,1.0,3.987752008470124e-06,3.875000402331352e-06,7.211049705801996e-06,1.4709000424772968e-05
artemis,RoundRobin,1021,1.0,3.0,B1-c,0,0.0,none,0,B,0.8129496402877698,0.7828947368421053,0.7791327913279132,1243,1428,1725,1529,1824,2214,0.9289329774284012,22.35,0.978,1.0,4.030873995361617e-06,4.042000000481494e-06,7.127049730115685e-06,1.4209000255505089e-05
artemis,RoundRobin,1022,1.0,3.0,B1-c,0,0.0,none,0,B,0.7986885245901639,0.7859442060085837,0.7787488500459981,1218,1465,1693,1525,1864,2174,0.9265307203565196,22.23,0.97,1.0,4.098825995242805e-06,4.042000000481494e-06,7.179450176408852e-06,1.766700006555766e-05
artemis,RoundRobin,1023,1.0,3.0,B1-c,0,0.0,none,0,B,0.8036314727639543,0.7777176852352623,0.7771664374140302,1195,1438,1695,1487,1849,2181,0.9319900760953658,22.49,0.97,1.0,4.070979974130751e-06,3.916999958164524e-06,7.338149771385357e-06,1.9250000150350388e-05
artemis,RoundRobin,1024,1.0,3.0,B1-c,0,0.0,none,0,B,0.7998678996036989,0.78,0.7772664519098021,1211,1443,1689,1514,1850,2173,0.920741618135755,22.28,0.968,1.0,4.0439200020045976e-06,3.958500201406423e-06,7.170199751271862e-06,1.3333000424609054e-05
artemis,RoundRobin,1025,1.0,3.0,B1-c,0,0.0,none,0,B,0.8068920676202861,0.7922149122807017,0.7740009186954525,1241,1445,1685,1538,1824,2177,0.9292380667642272,21.85,0.968,1.0,3.963439992730855e-06,3.874999947584001e-06,7.416049811581615e-06,1.354200048808707e-05
artemis,RoundRobin,1026,1.0,3.0,B1-c,0,0.0,none,0,B,0.81217277486911,0.7755651237890204,0.7755565651976375,1241,1441,1707,1528,1858,2201,0.9259708521523804,22.67,0.972,1.0,4.124752014831756e-06,4.041000465804245e-06,7.793099939590318e-06,1.608399998076493e-05
artemis,RoundRobin,1027,1.0,3.0,B1-c,0,0.0,none,0,B,0.8042609853528628,0.7783389450056116,0.7759259259259259,1208,1387,1676,1502,1782,2160,0.936656650174867,22.33,0.968,1.0,3.983144013545825e-06,3.958500201406423e-06,7.749999895168003e-06,1.808399974834174e-05
artemis,RoundRobin,1028,1.0,3.0,B1-c,0,0.0,none,0,B,0.8011928429423459,0.7799564270152506,0.7769195820081781,1209,1432,1710,1509,1836,2201,0.9132210986994194,22.51,0.978,1.0,4.139873994063236e-06,3.915999513992574e-06,7.894699501775887e-06,2.383399987593293e-05
artemis,RoundRobin,1029,1.0,3.0,B1-c,0,0.0,none,0,B,0.8083278255122274,0.7803687635574837,0.7761332099907493,1223,1439,1678,1513,1844,2162,0.928598830123472,22.23,0.976,1.0,4.002736000984441e-06,3.8749994928366505e-06,8.010400006241971e-06,1.5833000361453742e-05
artemis,RoundRobin,1000,1.0,3.0,B1-d,0,0.0,none,0,B,0.7981191222570533,0.7780115728563913,0.7934105075690115,1273,1479,1782,1595,1901,2246,0.9243359322859004,22.45,0.972,1.0,4.517479983405792e-06,4.354499651526567e-06,8.332999686899712e-06,2.2791999981564004e-05
artemis,RoundRobin,1001,1.0,3.0,B1-d,0,0.0,none,0,B,0.7961104140526977,0.7834666666666666,0.7878113879003559,1269,1469,1771,1594,1875,2248,0.9331695904161852,22.33,0.958,1.0,4.372585988676292e-06,4.228999841870973e-06,7.840199896236294e-06,3.0084000172792003e-05
artemis,RoundRobin,1002,1.0,3.0,B1-d,0,0.0,none,0,B,0.7924290220820189,0.7693498452012384,0.7968056787932565,1256,1491,1796,1585,1938,2254,0.9236640989132684,22.6,0.97,1.0,4.489949978960794e-06,4.333000106271356e-06,8.217299136958892e-06,1.9083000552200247e-05
artemis,RoundRobin,1003,1.0,3.0,B1-d,0,0.0,none,0,B,0.7925233644859813,0.7828362114076399,0.7921550946798918,1272,1496,1757,1605,1911,2218,0.9276047157754066,22.26,0.966,1.0,4.431632014529896e-06,4.2915003177768085e-06,8.377100130019242e-06,1.6417000551882666e-05
artemis,RoundRobin,1004,1.0,3.0,B1-d,0,0.0,none,0,B,0.7972116603295311,0.7763226820324778,0.7890031291908807,1258,1482,1765,1578,1909,2237,0.9292317409722192,22.79,0.972,1.0,4.467055976419942e-06,4.334000095695956e-06,8.042000445129815e-06,1.937500019266736e-05
artemis,RoundRobin,1005,1.0,3.0,B1-d,0,0.0,none,0,B,0.7995049504950495,0.7693506493506493,0.8078291814946619,1292,1481,1816,1616,1925,2248,0.9295621214575414,22.07,0.962,1.0,4.415523973875679e-06,4.249999619787559e-06,8.0461495599593e-06,1.9625999811978545e-05
artemis,RoundRobin,1006,1.0,3.0,B1-d,0,0.0,none,0,B,0.8074766355140187,0.7774310972438897,0.7890448166591217,1296,1495,1743,1605,1923,2209,0.9255324511657216,22.48,0.976,1.0,4.303331978007919e-06,4.167000042798463e-06,8.131250024234754e-06,1.3500999557436444e-05
artemis,RoundRobin,1007,1.0,3.0,B1-d,0,0.0,none,0,B,0.7925233644859813,0.7718120805369127,0.7971210076473234,1272,1495,1772,1605,1937,2223,0.9283598884622756,22.39,0.95,1.0,4.4931740103493215e-06,4.417000127432402e-06,8.181549583241563e-06,1.5917000382614788e-05
artemis,RoundRobin,1008,1.0,3.0,B1-d,0,0.0,none,0,B,0.7877447883765003,0.7820051413881748,0.7942497753818508,1247,1521,1768,1583,1945,2226,0.9290462118693148,22.37,0.972,1.0,4.437196022990975e-06,4.3545001062739175e-06,7.962199515532116e-06,1.608399998076493e-05
artemis,RoundRobin,1009,1.0,3.0,B1-d,0,0.0,none,0,B,0.803125,0.7781266352694924,0.7988298829882988,1285,1487,1775,1600,1911,2222,0.9310261467759448,21.72,0.962,1.0,4.397261991471169e-06,4.291999630368082e-06,8.044049582167642e-06,1.741699998092372e-05
artemis,RoundRobin,1010,1.0,3.0,B1-d,0,0.0,none,0,B,0.794580970384373,0.7748827514330381,0.7952615109521681,1261,1487,1779,1587,1919,2237,0.929978584002186,22.24,0.968,1.0,5.205616009334336e-06,4.250000529282261e-06,8.590199286118145e-06,0.0003783820002354
artemis,RoundRobin,1011,1.0,3.0,B1-d,0,0.0,none,0,B,0.7976772616136919,0.7769633507853403,0.7931190583974649,1305,1484,1752,1636,1910,2209,0.9255172758888138,22.34,0.972,1.0,4.353328004071954e-06,4.251000063959509e-06,7.648899418199996e-06,2.366699936828809e-05
artemis,RoundRobin,1012,1.0,3.0,B1-d,0,0.0,none,0,B,0.8015873015873016,0.7857142857142857,0.7882037533512064,1313,1474,1764,1638,1876,2238,0.9400166105811388,22.11,0.976,1.0,4.35210601426661e-06,4.187500053376425e-06,7.835150381652054e-06,2.470900017215172e-05
artemis,RoundRobin,1013,1.0,3.0,B1-d,0,0.0,none,0,B,0.8009858287122612,0.7760736196319018,0.796229802513465,1300,1518,1774,1623,1956,2228,0.9281642969984202,22.33,0.966,1.0,4.412657994180336e-06,4.292000085115433e-06,8.166999623426819e-06,1.4666999959445093e-05
artemis,RoundRobin,1014,1.0,3.0,B1-d,0,0.0,none,0,B,0.7981366459627329,0.7790937178166838,0.7884444444444444,1285,1513,1774,1610,1942,2250,0.9175304870972384,22.53,0.96,1.0,4.431154013218474e-06,4.250000529282261e-06,8.421150550930175e-06,1.583299945195904e-05
artemis,RoundRobin,1015,1.0,3.0,B1-d,0,0.0,none,0,B,0.8025672371638142,0.7738719832109129,0.7918552036199095,1313,1475,1750,1636,1906,2210,0.9264938771395111,22.62,0.968,1.0,4.415834004248609e-06,4.209000053378986e-06,8.008299982975579e-06,2.354199932597112e-05
artemis,RoundRobin,1016,1.0,3.0,B1-d,0,0.0,none,0,B,0.8107074569789675,0.7824267782426778,0.7883211678832117,1272,1496,1728,1569,1912,2192,0.9204492527978496,22.05,0.968,1.0,4.296750010325923e-06,4.083000021637417e-06,8.04199958110985e-06,2.7457999749458395e-05
artemis,RoundRobin,1017,1.0,3.0,B1-d,0,0.0,none,0,B,0.792675356921167,0.7761806981519507,0.8022371364653244,1277,1512,1793,1611,1948,2235,0.934428680865083,22.06,0.974,1.0,4.548079976302688e-06,4.459000138012925e-06,7.925350382720345e-06,3.73759994545253e-05
artemis,RoundRobin,1018,1.0,3.0,B1-d,0,0.0,none,0,B,0.7998749218261413,0.7882291119285338,0.7870879120879121,1279,1500,1719,1599,1903,2184,0.9231456110166154,22.03,0.96,1.0,4.36766400707711e-06,4.084000465809368e-06,8.252050065493675e-06,2.104299983329838e-05
artemis,RoundRobin,1019,1.0,3.0,B1-d,0,0.0,none,0,B,0.7991293532338308,0.7743431221020093,0.7974002689376961,1285,1503,1779,1608,1941,2231,0.9214142864468488,22.44,0.972,1.0,4.383854005936882e-06,4.250000529282261e-06,8.084000000962988e-06,2.183299966418417e-05
artemis,RoundRobin,1020,1.0,3.0,B1-d,0,0.0,none,0,B,0.7934508816120907,0.7807933194154488,0.7913121361397224,1260,1496,1767,1588,1916,2233,0.9227308553233078,22.26,0.962,1.0,4.569025988530484e-06,4.208000063954387e-06,7.960150423969023e-06,0.0001355450003757
artemis,RoundRobin,1021,1.0,3.0,B1-d,0,0.0,none,0,B,0.806253832004905,0.7738534528202425,0.7978021978021979,1315,1468,1815,1631,1897,2275,0.9315341030931764,22.44,0.978,1.0,4.306171991629526e-06,4.374999662104528e-06,7.752049896225797e-06,1.5874999917286914e-05
artemis,RoundRobin,1022,1.0,3.0,B1-d,0,0.0,none,0,B,0.7911818738518065,0.7763975155279503,0.7979390681003584,1292,1500,1781,1633,1932,2232,0.92866901810983,22.33,0.97,1.0,4.48102799418848e-06,4.292000085115433e-06,7.963149982970205e-06,1.7874999684863724e-05
artemis,RoundRobin,1023,1.0,3.0,B1-d,0,0.0,none,0,B,0.7949526813880127,0.7731266149870801,0.7955456570155902,1260,1496,1786,1585,1935,2245,0.9348884652375424,22.57,0.97,1.0,4.420755994942738e-06,4.333000106271356e-06,8.041050023166463e-06,1.8666999494598716e-05
artemis,RoundRobin,1024,1.0,3.0,B1-d,0,0.0,none,0,B,0.7944099378881988,0.7716942148760331,0.7965873372249663,1279,1494,1774,1610,1936,2227,0.9239730608308836,22.33,0.968,1.0,4.388383988043643e-06,4.417000127432402e-06,7.713150716881498e-06,1.9709000298462342e-05
artemis,RoundRobin,1025,1.0,3.0,B1-d,0,0.0,none,0,B,0.8002458512599877,0.7830632514375326,0.7944469323779668,1302,1498,1774,1627,1913,2233,0.9305919977821124,21.86,0.968,1.0,4.152310000790748e-06,4.083499788976042e-06,7.625049829584896e-06,1.354200048808707e-05
artemis,RoundRobin,1026,1.0,3.0,B1-d,0,0.0,none,0,B,0.8035714285714286,0.7693490517683239,0.7933481152993348,1305,1501,1789,1624,1951,2255,0.9304750516492778,22.81,0.972,1.0,4.372941970359534e-06,4.374999662104528e-06,7.87504995969357e-06,1.6459000107715838e-05
artemis,RoundRobin,1027,1.0,3.0,B1-d,0,0.0,none,0,B,0.80125,0.7704654895666132,0.7939585211902614,1282,1440,1761,1600,1869,2218,0.9371213821848824,22.44,0.968,1.0,4.214903996398789e-06,4.124999577470589e-06,7.921150381662297e-06,1.6541999684704933e-05
artemis,RoundRobin,1028,1.0,3.0,B1-d,0,0.0,none,0,B,0.7942464040025016,0.7723492723492723,0.7960088691796009,1270,1486,1795,1599,1924,2255,0.917473766409762,22.55,0.978,1.0,4.463315994144068e-06,4.3125000956933945e-06,8.627100169178445e-06,1.7501000002084766e-05
artemis,RoundRobin,1029,1.0,3.0,B1-d,0,0.0,none,0,B,0.8023327194597912,0.7729166666666667,0.7975708502024291,1307,1484,1773,1629,1920,2223,0.931449357365432,22.15,0.976,1.0,4.406592011946487e-06,4.291499408282107e-06,8.842300258038442e-06,2.045900055236416e-05
artemis,RoundRobin,1000,1.0,3.0,B1-e,0,0.0,none,0,B,0.8074694140373471,0.789247311827957,0.7733272644515248,1254,1468,1699,1553,1860,2197,0.9145162951803352,22.64,0.972,1.0,4.465070018341066e-06,4.000000444648322e-06,9.460100045544094e-06,1.995899947360158e-05
artemis,RoundRobin,1001,1.0,3.0,B1-e,0,0.0,none,0,B,0.8074935400516796,0.7927631578947368,0.7675260063319764,1250,1446,1697,1548,1824,2211,0.9220511192252738,22.61,0.958,1.0,4.094171999895479e-06,3.749999450519681e-06,8.457999683741946e-06,2.616700021462748e-05
artemis,RoundRobin,1002,1.0,3.0,B1-e,0,0.0,none,0,B,0.8035248041775457,0.778072033898305,0.7784296028880866,1231,1469,1725,1532,1888,2216,0.9112476656068952,22.75,0.972,1.0,4.283657979613054e-06,3.916999958164524e-06,9.1333494765422e-06,1.687500025582267e-05
artemis,RoundRobin,1003,1.0,3.0,B1-e,0,0.0,none,0,B,0.804752729608221,0.7905731119442957,0.7721228794131133,1253,1476,1684,1557,1867,2181,0.9190783303197608,22.57,0.968,1.0,4.142566012887983e-06,3.957999979320448e-06,8.108949987217761e-06,2.2541999896930065e-05
artemis,RoundRobin,1004,1.0,3.0,B1-e,0,0.0,none,0,B,0.804862023653088,0.7882858678130038,0.7706630336058129,1225,1467,1697,1522,1861,2202,0.9194501836547292,22.89,0.972,1.0,4.134250013521524e-06,3.916999958164524e-06,8.381250108868693e-06,4.041800002596574e-05
artemis,RoundRobin,1005,1.0,3.0,B1-e,0,0.0,none,0,B,0.8093112244897959,0.7778964228510411,0.787562414888788,1269,1457,1735,1568,1873,2203,0.9198949873235392,22.34,0.962,1.0,4.064894033945166e-06,3.916999958164524e-06,7.423199349432246e-06,1.879199953691568e-05
artemis,RoundRobin,1006,1.0,3.0,B1-e,0,0.0,none,0,B,0.8153153153153153,0.7882666666666667,0.7738095238095238,1267,1478,1690,1554,1875,2184,0.9144451348085382,22.48,0.976,1.0,4.080402035469888e-06,3.916999958164524e-06,8.624999327366823e-06,1.7792000107874628e-05
artemis,RoundRobin,1007,1.0,3.0,B1-e,0,0.0,none,0,B,0.8017845761631612,0.7804621848739496,0.7790004585052728,1258,1486,1699,1569,1904,2181,0.9174380280783404,22.62,0.954,1.0,4.149414000494289e-06,3.959000423492398e-06,8.462199684799994e-06,1.67500002135057e-05
artemis,RoundRobin,1008,1.0,3.0,B1-e,0,0.0,none,0,B,0.7988319273199221,0.7885021097046413,0.7756410256410257,1231,1495,1694,1541,1896,2184,0.9187383512544804,22.61,0.974,1.0,4.089238005690276e-06,3.958499746659072e-06,7.927399519758173e-06,1.7626000044401735e-05
artemis,RoundRobin,1009,1.0,3.0,B1-e,0,0.0,none,0,B,0.8095545513234345,0.7875066737853711,0.7815934065934066,1254,1475,1707,1549,1873,2184,0.9223884397370368,21.9,0.966,1.0,4.034606003187946e-06,3.832999937003478e-06,8.04199958110985e-06,1.8582999473437667e-05
artemis,RoundRobin,1010,1.0,3.0,B1-e,0,0.0,none,0,B,0.8101430429128739,0.7805659369994661,0.7760109041344844,1246,1462,1708,1538,1873,2201,0.9196199682980764,22.53,0.972,1.0,4.192594000414829e-06,3.916000423487276e-06,9.048250740306678e-06,2.1167000340938102e-05
artemis,RoundRobin,1011,1.0,3.0,B1-e,0,0.0,none,0,B,0.8071833648393195,0.7852925389157274,0.776044056906838,1281,1463,1691,1587,1863,2179,0.91626983361931,22.5,0.974,1.0,4.098933986824704e-06,3.834000381175429e-06,7.92114951764233e-06,2.795899945340352e-05
artemis,RoundRobin,1012,1.0,3.0,B1-e,0,0.0,none,0,B,0.8105867346938775,0.7939560439560439,0.7693351424694709,1271,1445,1701,1568,1820,2211,0.9310816664543254,22.37,0.976,1.0,3.966845999457292e-06,3.834000381175429e-06,6.925350089659325e-06,2.2334000277624e-05
artemis,RoundRobin,1013,1.0,3.0,B1-e,0,0.0,none,0,B,0.8126195028680688,0.7845993756503642,0.7755565651976375,1275,1508,1707,1569,1922,2201,0.9127884491427098,22.76,0.968,1.0,4.172753984676092e-06,3.915999513992574e-06,8.666999792694697e-06,1.8167000234825537e-05
artemis,RoundRobin,1014,1.0,3.0,B1-e,0,0.0,none,0,B,0.8091553836234687,0.7852956846030901,0.7728093947606143,1255,1474,1711,1551,1877,2214,0.9074779886077644,22.53,0.962,1.0,4.142590012634173e-06,3.832999937003478e-06,8.752049370741585e-06,1.7499999557912815e-05
artemis,RoundRobin,1015,1.0,3.0,B1-e,0,0.0,none,0,B,0.813953488372093,0.7825851811790157,0.7737494263423589,1295,1447,1686,1591,1849,2179,0.9167619541787178,22.76,0.974,1.0,4.05388998115086e-06,3.832999937003478e-06,8.00419998085999e-06,2.037600006588036e-05
artemis,RoundRobin,1016,1.0,3.0,B1-e,0,0.0,none,0,B,0.8198019801980198,0.7900905700586042,0.7706209453197405,1242,1483,1663,1515,1877,2158,0.909940074564098,22.3,0.968,1.0,3.911315987352282e-06,3.666999873530585e-06,7.840199896236294e-06,2.499999936844688e-05
artemis,RoundRobin,1017,1.0,3.0,B1-e,0,0.0,none,0,B,0.7992351816443595,0.7844374342797056,0.786036036036036,1254,1492,1745,1569,1902,2220,0.9249096345073968,22.34,0.974,1.0,4.239420026351581e-06,4.083499788976042e-06,8.504200150127868e-06,1.808300021366449e-05
artemis,RoundRobin,1018,1.0,3.0,B1-e,0,0.0,none,0,B,0.811104020421187,0.7956873315363882,0.7699814126394052,1271,1476,1657,1567,1855,2152,0.911556806552374,22.21,0.962,1.0,3.977621990998159e-06,3.666999873530585e-06,8.298250486404861e-06,1.8167000234825537e-05
artemis,RoundRobin,1019,1.0,3.0,B1-e,0,0.0,none,0,B,0.8079132099553287,0.7850368809272918,0.7819990954319312,1266,1490,1729,1567,1898,2211,0.9112913166745912,22.52,0.972,1.0,4.304328003854608e-06,3.916999958164524e-06,8.253000487457028e-06,7.629300034750486e-05
artemis,RoundRobin,1020,1.0,3.0,B1-e,0,0.0,none,0,B,0.8082633957391866,0.7898936170212766,0.7696167883211679,1252,1485,1687,1549,1880,2192,0.9107212541371784,22.62,0.966,1.0,4.112254006031435e-06,3.8749994928366505e-06,8.627100214653181e-06,1.8041999283013865e-05
artemis,RoundRobin,1021,1.0,3.0,B1-e,0,0.0,none,0,B,0.8155893536121673,0.7851373182552503,0.7798573975044564,1287,1458,1750,1578,1857,2244,0.9226351749322652,22.61,0.978,1.0,4.208558011669083e-06,4.062500011059456e-06,8.63009977365436e-06,1.7082999875128735e-05
artemis,RoundRobin,1022,1.0,3.0,B1-e,0,0.0,none,0,B,0.8024219247928617,0.7890583903208838,0.7789904502046384,1259,1500,1713,1569,1901,2199,0.9210732870141574,22.45,0.97,1.0,4.184268000244629e-06,3.957999979320448e-06,7.606899816892089e-06,4.633399930753512e-05
artemis,RoundRobin,1023,1.0,3.0,B1-e,0,0.0,none,0,B,0.8076923076923077,0.7791313559322034,0.7773242630385487,1239,1471,1714,1534,1888,2205,0.9241740485603516,22.79,0.972,1.0,4.182563985523302e-06,3.9165001908259e-06,8.084000000962988e-06,2.7667000722431112e-05
artemis,RoundRobin,1024,1.0,3.0,B1-e,0,0.0,none,0,B,0.8023032629558541,0.78125,0.7769718948322756,1254,1475,1714,1563,1888,2206,0.9098969588775094,22.7,0.97,1.0,4.195650029942044e-06,4.000000444648322e-06,8.13335000202641e-06,1.8541999452281743e-05
artemis,RoundRobin,1025,1.0,3.0,B1-e,0,0.0,none,0,B,0.8083491461100569,0.7926763597199784,0.7745009074410163,1278,1472,1707,1581,1857,2204,0.9215938993609366,22.18,0.968,1.0,4.172829985691351e-06,3.832999937003478e-06,8.508350128977319e-06,6.13349993727752e-05
artemis,RoundRobin,1026,1.0,3.0,B1-e,0,0.0,none,0,B,0.8144132653061225,0.777895293495505,0.7756294964028777,1277,1471,1725,1568,1891,2224,0.9188924169580076,22.92,0.972,1.0,4.21182797072106e-06,4.042000000481494e-06,8.502049240632912e-06,2.1207999452599324e-05
artemis,RoundRobin,1027,1.0,3.0,B1-e,0,0.0,none,0,B,0.8056810845706908,0.7788778877887789,0.7778286761337608,1248,1416,1698,1549,1818,2183,0.9295773158474426,22.57,0.968,1.0,4.143237998505356e-06,3.85449993700604e-06,8.25000006443588e-06,6.845999996585306e-05
artemis,RoundRobin,1028,1.0,3.0,B1-e,0,0.0,none,0,B,0.8052869116698904,0.7819347942276857,0.7779775280898876,1249,1463,1731,1551,1871,2225,0.9075812591324416,22.7,0.978,1.0,4.178685996521381e-06,3.85449993700604e-06,8.427400507571283e-06,1.8000000636675395e-05
artemis,RoundRobin,1029,1.0,3.0,B1-e,0,0.0,none,0,B,0.8112603966730646,0.7830490405117271,0.7757437070938215,1268,1469,1695,1563,1876,2185,0.9218596645245294,22.5,0.978,1.0,4.115604009712115e-06,3.875000402331352e-06,8.377100084544506e-06,2.300000051036477e-05
artemis,RoundRobin,1000,1.0,3.0,B2-phase,0,0.0,none,0,B,0.8300940438871474,0.8143091206990716,0.7758198727361723,1324,1491,1585,1595,1831,2043,0.9579490473132092,20.12,0.902,1.0,3.970588000811404e-06,3.5830003071168903e-06,8.753000656724906e-06,2.2375000298779923e-05
artemis,RoundRobin,1001,1.0,3.0,B2-phase,0,0.0,none,0,B,0.8284098051539912,0.8127777777777778,0.7691561590688651,1318,1463,1586,1591,1800,2062,0.9647607855159844,20.4,0.824,1.0,3.944176012737444e-06,3.66649965144461e-06,8.554500618629379e-06,2.0958999812137336e-05
artemis,RoundRobin,1002,1.0,3.0,B2-phase,0,0.0,none,0,B,0.8248407643312102,0.8070844686648502,0.7802037845705968,1295,1481,1608,1570,1835,2061,0.967023688598014,20.05,0.88,1.0,3.888716017172556e-06,3.666500106191961e-06,7.83715036050125e-06,2.1208999896771275e-05
artemis,RoundRobin,1003,1.0,3.0,B2-phase,0,0.0,none,0,B,0.8199498117942283,0.8141592920353983,0.7751710654936461,1307,1472,1586,1594,1808,2046,0.9645418410261252,20.19,0.802,1.0,3.88118398586812e-06,3.5839998417941388e-06,8.010449982975833e-06,2.1167000340938102e-05
artemis,RoundRobin,1004,1.0,3.0,B2-phase,0,0.0,none,0,B,0.824967824967825,0.8113000548546352,0.7752918287937743,1282,1479,1594,1554,1823,2056,0.9658525037833632,20.35,0.804,1.0,3.928525993615039e-06,3.541999831213616e-06,8.585100613345273e-06,2.091799979098141e-05
artemis,RoundRobin,1005,1.0,3.0,B2-phase,0,0.0,none,0,B,0.8308364544319601,0.8004410143329658,0.7864506627393225,1331,1452,1602,1602,1814,2037,0.9654471544715448,19.99,0.848,1.0,3.8733320106985046e-06,3.707999894686509e-06,8.172250045390677e-06,2.0792000213987197e-05
artemis,RoundRobin,1006,1.0,3.0,B2-phase,0,0.0,none,0,B,0.8334380892520428,0.8146341463414634,0.777345649003403,1326,1503,1599,1591,1845,2057,0.9644281212685522,20.08,0.88,1.0,3.876404001857736e-06,3.6255000850360375e-06,8.210100486394365e-06,2.1292000383255072e-05
artemis,RoundRobin,1007,1.0,3.0,B2-phase,0,0.0,none,0,B,0.817103620474407,0.807103825136612,0.7762067284251585,1309,1477,1592,1602,1830,2051,0.9582237140524358,20.45,0.836,1.0,4.014911970443791e-06,3.666999873530585e-06,8.804499793768616e-06,2.087600023514824e-05
artemis,RoundRobin,1008,1.0,3.0,B2-phase,0,0.0,none,0,B,0.8175505050505051,0.8121277747698972,0.775811209439528,1295,1500,1578,1584,1847,2034,0.9645701915208768,20.3,0.852,1.0,3.989101980550913e-06,3.750500127353007e-06,8.427399689026051e-06,2.141699951607734e-05
artemis,RoundRobin,1009,1.0,3.0,B2-phase,0,0.0,none,0,B,0.8248267170762444,0.8121245221190606,0.7849093581577657,1309,1487,1602,1587,1831,2041,0.973631242654707,19.51,0.878,1.0,3.842403993985499e-06,3.6249998629500624e-06,8.004150004126128e-06,2.1333999939088244e-05
artemis,RoundRobin,1010,1.0,3.0,B2-phase,0,0.0,none,0,B,0.8282051282051283,0.8075657894736842,0.7741777123220422,1292,1473,1577,1560,1824,2037,0.9677907029670136,20.1,0.868,1.0,3.870925982482731e-06,3.500000275380444e-06,8.127100045385303e-06,2.1083999854454305e-05
artemis,RoundRobin,1011,1.0,3.0,B2-phase,0,0.0,none,0,B,0.817450495049505,0.8121911037891268,0.7733134920634921,1321,1479,1559,1616,1821,2016,0.9608728644968108,20.3,0.892,1.0,3.961737984354841e-06,3.666500106191961e-06,8.134299559969797e-06,2.099999983329326e-05
artemis,RoundRobin,1012,1.0,3.0,B2-phase,0,0.0,none,0,B,0.8247809762202754,0.8205849268841395,0.7706913339824732,1318,1459,1583,1598,1778,2054,0.9682433674678644,19.91,0.864,1.0,3.9011580138321735e-06,3.541999831213616e-06,7.800350340403375e-06,4.796000030182768e-05
artemis,RoundRobin,1013,1.0,3.0,B2-phase,0,0.0,none,0,B,0.8267667292057536,0.8090859924283397,0.7758705247670427,1322,1496,1582,1599,1849,2039,0.9597546888454834,20.26,0.854,1.0,3.858557978674071e-06,3.625000317697413e-06,7.604799839100432e-06,2.033300006587524e-05
artemis,RoundRobin,1014,1.0,3.0,B2-phase,0,0.0,none,0,B,0.8223477715003139,0.8036976617727025,0.7728146013448607,1310,1478,1609,1593,1839,2082,0.9582372657661464,20.66,0.844,1.0,3.864730007990147e-06,3.541500063874992e-06,8.50415012791927e-06,2.0917000256304163e-05
artemis,RoundRobin,1015,1.0,3.0,B2-phase,0,0.0,none,0,B,0.8289067325509574,0.8054945054945055,0.7777237354085603,1342,1466,1599,1619,1820,2056,0.9595084910984556,20.53,0.876,1.0,3.861894008878153e-06,3.45799981005257e-06,9.046150762515022e-06,2.0917000256304163e-05
artemis,RoundRobin,1016,1.0,3.0,B2-phase,0,0.0,none,0,B,0.8326898326898327,0.8091603053435115,0.7727272727272727,1294,1484,1547,1554,1834,2002,0.9658603984119488,20.09,0.84,1.0,3.744890000234591e-06,3.458500032138545e-06,7.80769992161366e-06,2.087499979097629e-05
artemis,RoundRobin,1017,1.0,3.0,B2-phase,0,0.0,none,0,B,0.8194878201124297,0.8058095750403442,0.7791380999020568,1312,1498,1591,1601,1859,2042,0.9631053571136114,20.38,0.864,1.0,3.862149991618935e-06,3.666999873530585e-06,8.458049705950543e-06,2.554200000304263e-05
artemis,RoundRobin,1018,1.0,3.0,B2-phase,0,0.0,none,0,B,0.8302005012531328,0.816236972024136,0.7686939182452642,1325,1488,1542,1596,1823,2006,0.9659315841050836,20.15,0.868,1.0,3.681619979033712e-06,3.45799981005257e-06,7.958050400702631e-06,2.095900072163204e-05
artemis,RoundRobin,1019,1.0,3.0,B2-phase,0,0.0,none,0,B,0.8240396530359355,0.8049837486457205,0.7818448023426061,1330,1486,1602,1614,1846,2049,0.9557074321410102,20.34,0.852,1.0,3.780562003157684e-06,3.5625002965389285e-06,8.169100465238441e-06,2.037499962170841e-05
artemis,RoundRobin,1020,1.0,3.0,B2-phase,0,0.0,none,0,B,0.8248447204968944,0.8124318429661941,0.7727944800394283,1328,1490,1568,1610,1834,2029,0.9595919741590648,20.13,0.876,1.0,3.812232005657279e-06,3.500000275380444e-06,8.33305052765354e-06,2.1208999896771275e-05
artemis,RoundRobin,1021,1.0,3.0,B2-phase,0,0.0,none,0,B,0.8295880149812734,0.8121212121212121,0.7730326295585412,1329,1474,1611,1602,1815,2084,0.9623930616960896,20.64,0.874,1.0,3.908092028723331e-06,3.604499852372101e-06,8.585099749325307e-06,2.979199962283019e-05
artemis,RoundRobin,1022,1.0,3.0,B2-phase,0,0.0,none,0,B,0.8206896551724138,0.8081457663451233,0.7807017543859649,1309,1508,1602,1595,1866,2052,0.959548966389897,20.27,0.846,1.0,3.9888519768283e-06,3.708999884111108e-06,8.877099389792418e-06,2.154199955839431e-05
artemis,RoundRobin,1023,1.0,3.0,B2-phase,0,0.0,none,0,B,0.8277177368086459,0.8110928061504667,0.7810361681329423,1302,1477,1598,1573,1821,2046,0.9619069218110784,19.8,0.826,1.0,3.839811979560181e-06,3.5625002965389285e-06,8.336100063388583e-06,2.100000074278796e-05
artemis,RoundRobin,1024,1.0,3.0,B2-phase,0,0.0,none,0,B,0.8212255211623499,0.8059048660470203,0.7835455435847208,1300,1474,1600,1583,1829,2042,0.9610753773613394,19.78,0.886,1.0,3.85647999610228e-06,3.665999884105986e-06,7.906249948064186e-06,2.0541999219858557e-05
artemis,RoundRobin,1025,1.0,3.0,B2-phase,0,0.0,none,0,B,0.8255813953488372,0.814404432132964,0.7811890838206628,1349,1470,1603,1634,1805,2052,0.9705339465204312,19.56,0.87,1.0,3.864233995045652e-06,3.5839998417941388e-06,8.268750025308675e-06,2.079199930449249e-05
artemis,RoundRobin,1026,1.0,3.0,B2-phase,0,0.0,none,0,B,0.8308176100628931,0.8059048660470203,0.7746138996138996,1321,1474,1605,1590,1829,2072,0.9605701284574314,20.44,0.846,1.0,3.919513992514112e-06,3.6259998523746617e-06,8.460150593236901e-06,2.0583999685186427e-05
artemis,RoundRobin,1027,1.0,3.0,B2-phase,0,0.0,none,0,B,0.8307692307692308,0.8089136490250697,0.7736503219415553,1296,1452,1562,1560,1795,2019,0.9659315841050836,20.18,0.88,1.0,3.7833599890291215e-06,3.45900025422452e-06,8.55034968481049e-06,2.12499999179272e-05
artemis,RoundRobin,1028,1.0,3.0,B2-phase,0,0.0,none,0,B,0.8230478589420654,0.8113311331133113,0.7803692905733722,1307,1475,1606,1588,1818,2058,0.9618308846193364,19.93,0.876,1.0,3.897411985235522e-06,3.5835000744555146e-06,8.929499836085586e-06,2.0917000256304163e-05
artemis,RoundRobin,1029,1.0,3.0,B2-phase,0,0.0,none,0,B,0.8239795918367347,0.8073344280240832,0.780714635340186,1292,1475,1595,1568,1827,2043,0.9647398969351776,19.95,0.85,1.0,3.786756016779691e-06,3.4169997888966464e-06,8.585100613345273e-06,2.1208999896771275e-05
artemis,RoundRobin,1000,1.0,3.0,B3-correlated,0,0.0,none,0,B,0.8043609933373713,0.7866531850353893,0.7915936952714536,1328,1556,1808,1651,1978,2284,0.9083404909362144,22.82,0.972,1.0,4.386356034956407e-06,4.000500211986946e-06,9.333049956694594e-06,2.1292000383255072e-05
artemis,RoundRobin,1001,1.0,3.0,B3-correlated,0,0.0,none,0,B,0.8031687995124924,0.7913890312660175,0.7848761408083442,1318,1544,1806,1641,1951,2301,0.9155824575816176,22.87,0.958,1.0,4.319999987274059e-06,3.916999958164524e-06,9.298249960920651e-06,2.074999974865932e-05
artemis,RoundRobin,1002,1.0,3.0,B3-correlated,0,0.0,none,0,B,0.7987767584097859,0.7792725460886896,0.7927731824118416,1306,1564,1821,1635,2007,2297,0.9050779172080612,23.06,0.972,1.0,4.530006024651812e-06,4.1254997995565645e-06,9.758350552147012e-06,2.9417000405373983e-05
artemis,RoundRobin,1003,1.0,3.0,B3-correlated,0,0.0,none,0,B,0.8029197080291971,0.7898441427853192,0.7866901718818863,1320,1571,1785,1644,1989,2269,0.910034021252042,22.92,0.968,1.0,4.319712006690679e-06,3.979499979323009e-06,9.041999919645604e-06,2.0458999642869458e-05
artemis,RoundRobin,1004,1.0,3.0,B3-correlated,0,0.0,none,0,B,0.8001230012300123,0.7889908256880734,0.781882145998241,1301,1548,1778,1626,1962,2274,0.9121298337537718,23.3,0.972,1.0,4.345195991845685e-06,4.083999556314666e-06,8.963150276031225e-06,2.020800002355827e-05
artemis,RoundRobin,1005,1.0,3.0,B3-correlated,0,0.0,none,0,B,0.810042347247429,0.7802916038210156,0.8,1339,1552,1840,1653,1989,2300,0.9120725169451024,22.67,0.962,1.0,4.324501991504804e-06,3.959000423492398e-06,8.958050693763653e-06,2.062499970634235e-05
artemis,RoundRobin,1006,1.0,3.0,B3-correlated,0,0.0,none,0,B,0.8144144144144144,0.7866465863453815,0.785430463576159,1356,1567,1779,1665,1992,2265,0.9057077021702,23.02,0.976,1.0,4.323271998146084e-06,3.896000180247938e-06,9.211050337398772e-06,2.179200055252295e-05
artemis,RoundRobin,1007,1.0,3.0,B3-correlated,0,0.0,none,0,B,0.7987987987987988,0.7796610169491526,0.7915194346289752,1330,1564,1792,1665,2006,2264,0.909692647693441,23.04,0.954,1.0,4.3962360123259714e-06,4.103999799554003e-06,9.125050337388529e-06,2.054200012935325e-05
artemis,RoundRobin,1008,1.0,3.0,B3-correlated,0,0.0,none,0,B,0.7954822954822954,0.7887112887112887,0.7887571365832236,1303,1579,1796,1638,2002,2277,0.9104553219061082,23.03,0.974,1.0,4.375656004413032e-06,4.0835002437233925e-06,9.20804995985236e-06,1.9750000319618263e-05
artemis,RoundRobin,1009,1.0,3.0,B3-correlated,0,0.0,none,0,B,0.8052184466019418,0.7887039838628341,0.7936021034180544,1327,1564,1811,1648,1983,2282,0.9138086642599278,22.4,0.966,1.0,4.243967994625564e-06,3.916999958164524e-06,8.83509978848451e-06,1.9250000150350388e-05
artemis,RoundRobin,1010,1.0,3.0,B3-correlated,0,0.0,none,0,B,0.805115712545676,0.7799401197604791,0.7913385826771654,1322,1563,1809,1642,2004,2286,0.9095859005588192,22.93,0.972,1.0,4.436858005647082e-06,3.99999953515362e-06,9.291999958804809e-06,2.766699981293641e-05
artemis,RoundRobin,1011,1.0,3.0,B3-correlated,0,0.0,none,0,B,0.8034441805225653,0.7847011144883486,0.7898678414096917,1353,1549,1793,1684,1974,2270,0.9086648188600842,22.92,0.974,1.0,4.325000007156632e-06,3.979499979323009e-06,8.960100740296182e-06,1.9916999917768408e-05
artemis,RoundRobin,1012,1.0,3.0,B3-correlated,0,0.0,none,0,B,0.8078524687685901,0.7909604519774012,0.783180026281209,1358,1540,1788,1681,1947,2283,0.9219082204323604,22.82,0.976,1.0,4.301608014429803e-06,4.062500011059456e-06,9.042000783665571e-06,1.979199987545144e-05
artemis,RoundRobin,1013,1.0,3.0,B3-correlated,0,0.0,none,0,B,0.8088057901085646,0.7841301133563332,0.7899563318777293,1341,1591,1809,1658,2029,2290,0.9070146976456728,23.08,0.968,1.0,4.366649976873304e-06,4.062500011059456e-06,8.999999454317732e-06,2.183400010835612e-05
artemis,RoundRobin,1014,1.0,3.0,B3-correlated,0,0.0,none,0,B,0.8039927404718693,0.7895791583166333,0.7843736359668267,1329,1576,1797,1653,1996,2291,0.9013853996731248,22.88,0.962,1.0,4.400399993755855e-06,4.062500011059456e-06,8.96110027497343e-06,2.0000000404252205e-05
artemis,RoundRobin,1015,1.0,3.0,B3-correlated,0,0.0,none,0,B,0.8101714961561206,0.7835365853658537,0.7865367581930912,1370,1542,1776,1691,1968,2258,0.909017133887186,23.16,0.974,1.0,4.419820019393228e-06,3.959000423492398e-06,9.046149898495056e-06,2.2333999368129295e-05
artemis,RoundRobin,1016,1.0,3.0,B3-correlated,0,0.0,none,0,B,0.8120721841941506,0.7902168431669188,0.7829388119696293,1305,1567,1753,1607,1983,2239,0.899370879702373,22.76,0.968,1.0,4.2124880019400735e-06,3.895499958161963e-06,8.919099855120292e-06,2.0251000023563392e-05
artemis,RoundRobin,1017,1.0,3.0,B3-correlated,0,0.0,none,0,B,0.7978273989136995,0.7846842366981601,0.7981691368788143,1322,1578,1831,1657,2011,2294,0.9200709291043528,22.64,0.974,1.0,4.457344011825626e-06,4.00099997932557e-06,8.919049832911695e-06,4.895999973086873e-05
artemis,RoundRobin,1018,1.0,3.0,B3-correlated,0,0.0,none,0,B,0.805655836341757,0.7944444444444444,0.7850133809099019,1339,1573,1760,1662,1980,2242,0.9020037589565308,22.65,0.962,1.0,4.219985998133779e-06,3.874999947584001e-06,8.879199367584075e-06,1.95420007003122e-05
artemis,RoundRobin,1019,1.0,3.0,B3-correlated,0,0.0,none,0,B,0.8045700541190619,0.787954206072673,0.7942332896461337,1338,1583,1818,1663,2009,2289,0.9053691154206618,22.79,0.972,1.0,4.366010003650444e-06,3.999999989900971e-06,8.833049787426716e-06,2.487599977030186e-05
artemis,RoundRobin,1020,1.0,3.0,B3-correlated,0,0.0,none,0,B,0.8031591737545565,0.788,0.7854322071083809,1322,1576,1790,1646,2000,2279,0.9059971180829168,22.99,0.966,1.0,4.361478015198373e-06,4.062499556312105e-06,8.916999877328636e-06,3.1458999728783965e-05
artemis,RoundRobin,1021,1.0,3.0,B3-correlated,0,0.0,none,0,B,0.8114558472553699,0.7852791878172589,0.7906976744186046,1360,1547,1836,1676,1970,2322,0.9142637923856504,23.1,0.978,1.0,4.3565820233197884e-06,4.229500063956948e-06,8.875049388734624e-06,2.012500044656917e-05
artemis,RoundRobin,1022,1.0,3.0,B3-correlated,0,0.0,none,0,B,0.7980769230769231,0.7864609258337482,0.7912280701754386,1328,1580,1804,1664,2009,2280,0.9097479723605372,22.97,0.97,1.0,4.460854008357273e-06,4.1045000216399785e-06,8.963150276031225e-06,1.983299989660736e-05
artemis,RoundRobin,1023,1.0,3.0,B3-correlated,0,0.0,none,0,B,0.7975384615384615,0.782,0.788874288217258,1296,1564,1801,1625,2000,2283,0.9147336760379042,23.24,0.972,1.0,4.426931956913904e-06,4.208000063954387e-06,9.127100338446323e-06,1.9749999410123564e-05
artemis,RoundRobin,1024,1.0,3.0,B3-correlated,0,0.0,none,0,B,0.8026394721055788,0.7810473815461346,0.7910643889618922,1338,1566,1806,1667,2005,2283,0.9028014510817782,22.97,0.97,1.0,4.347239977505524e-06,4.124999577470589e-06,9.125049473368564e-06,1.9749999410123564e-05
artemis,RoundRobin,1025,1.0,3.0,B3-correlated,0,0.0,none,0,B,0.8034751348112642,0.7909090909090909,0.788183807439825,1341,1566,1801,1669,1980,2285,0.9129365412950398,22.62,0.968,1.0,4.306101986003341e-06,3.916499736078549e-06,8.921149856178087e-06,2.591700012999354e-05
artemis,RoundRobin,1026,1.0,3.0,B3-correlated,0,0.0,none,0,B,0.8081779915814793,0.7811414392059554,0.787521815008726,1344,1574,1805,1663,2015,2292,0.9130864197530864,23.26,0.972,1.0,4.503576010392863e-06,4.167000042798463e-06,9.383350425196103e-06,2.0583999685186427e-05
artemis,RoundRobin,1027,1.0,3.0,B3-correlated,0,0.0,none,0,B,0.8031591737545565,0.7773797338792221,0.7919788453063024,1322,1519,1797,1646,1954,2269,0.9184321624761208,23.07,0.968,1.0,4.297748013414093e-06,3.957999979320448e-06,9.086050340556538e-06,1.9916999917768408e-05
