13,2,3,4,14,5,6,9|13,2,3,4,14,5,6,11|13,2,3,4,14,5,9|13,2,3,4,14,5,11|13,2,3,4,14,6,5,9|13,2,3,4,14,6,5,11|13,2,3,4,14,6,9|13,2,3,4,14,6,11|13,2,3,4,14,9|13,2,3,4,14,10|13,2,3,4,14,11|13,2,3,10|13,2,3,14,5,6,9|13,2,3,14,5,6,11|13,2,3,14,5,9|13,2,3,14,5,11|13,2,3,14,6,5,9|13,2,3,14,6,5,11|13,2,3,14,6,9|13,2,3,14,6,11|13,2,3,14,9|13,2,3,14,10|13,2,3,14,11|13,2,4,3,10|13,2,4,3,14,5,6,9|13,2,4,3,14,5,6,11|13,2,4,3,14,5,9|13,2,4,3,14,5,11|13,2,4,3,14,6,5,9|13,2,4,3,14,6,5,11|13,2,4,3,14,6,9|13,2,4,3,14,6,11|13,2,4,3,14,9|13,2,4,3,14,10|13,2,4,3,14,11|13,2,4,14,3,10|13,2,4,14,5,6,9|13,2,4,14,5,6,11|13,2,4,14,5,9|13,2,4,14,5,11|13,2,4,14,6,5,9|13,2,4,14,6,5,11|13,2,4,14,6,9|13,2,4,14,6,11|13,2,4,14,9|13,2,4,14,10|13,2,4,14,11|13,2,10|13,2,14,3,10|13,2,14,4,3,10|13,2,14,5,6,9|13,2,14,5,6,11|13,2,14,5,9|13,2,14,5,11|13,2,14,6,5,9|13,2,14,6,5,11|13,2,14,6,9|13,2,14,6,11|13,2,14,9|13,2,14,10|13,2,14,11|13,3,2,4,14,5,6,9|13,3,2,4,14,5,6,11|13,3,2,4,14,5,9|13,3,2,4,14,5,11|13,3,2,4,14,6,5,9|13,3,2,4,14,6,5,11|13,3,2,4,14,6,9|13,3,2,4,14,6,11|13,3,2,4,14,9|13,3,2,4,14,10|13,3,2,4,14,11|13,3,2,10|13,3,2,14,5,6,9|13,3,2,14,5,6,11|13,3,2,14,5,9|13,3,2,14,5,11|13,3,2,14,6,5,9|13,3,2,14,6,5,11|13,3,2,14,6,9|13,3,2,14,6,11|13,3,2,14,9|13,3,2,14,10|13,3,2,14,11|13,3,4,2,10|13,3,4,2,14,5,6,9|13,3,4,2,14,5,6,11|13,3,4,2,14,5,9|13,3,4,2,14,5,11|13,3,4,2,14,6,5,9|13,3,4,2,14,6,5,11|13,3,4,2,14,6,9|13,3,4,2,14,6,11|13,3,4,2,14,9|13,3,4,2,14,10|13,3,4,2,14,11|13,3,4,14,2,10|13,3,4,14,5,6,9|13,3,4,14,5,6,11|13,3,4,14,5,9|13,3,4,14,5,11|13,3,4,14,6,5,9|13,3,4,14,6,5,11|13,3,4,14,6,9|13,3,4,14,6,11|13,3,4,14,9|13,3,4,14,10|13,3,4,14,11|13,3,10|13,3,14,2,10|13,3,14,4,2,10|13,3,14,5,6,9|13,3,14,5,6,11|13,3,14,5,9|13,3,14,5,11|13,3,14,6,5,9|13,3,14,6,5,11|13,3,14,6,9|13,3,14,6,11|13,3,14,9|13,3,14,10|13,3,14,11|13,4,2,3,10|13,4,2,3,14,5,6,9|13,4,2,3,14,5,6,11|13,4,2,3,14,5,9|13,4,2,3,14,5,11|13,4,2,3,14,6,5,9|13,4,2,3,14,6,5,11|13,4,2,3,14,6,9|13,4,2,3,14,6,11|13,4,2,3,14,9|13,4,2,3,14,10|13,4,2,3,14,11|13,4,2,10|13,4,2,14,3,10|13,4,2,14,5,6,9|13,4,2,14,5,6,11|13,4,2,14,5,9|13,4,2,14,5,11|13,4,2,14,6,5,9|13,4,2,14,6,5,11|13,4,2,14,6,9|13,4,2,14,6,11|13,4,2,14,9|13,4,2,14,10|13,4,2,14,11|13,4,3,2,10|13,4,3,2,14,5,6,9|13,4,3,2,14,5,6,11|13,4,3,2,14,5,9|13,4,3,2,14,5,11|13,4,3,2,14,6,5,9|13,4,3,2,14,6,5,11|13,4,3,2,14,6,9|13,4,3,2,14,6,11|13,4,3,2,14,9|13,4,3,2,14,10|13,4,3,2,14,11|13,4,3,10|13,4,3,14,2,10|13,4,3,14,5,6,9|13,4,3,14,5,6,11|13,4,3,14,5,9|13,4,3,14,5,11|13,4,3,14,6,5,9|13,4,3,14,6,5,11|13,4,3,14,6,9|13,4,3,14,6,11|13,4,3,14,9|13,4,3,14,10|13,4,3,14,11|13,4,14,2,3,10|13,4,14,2,10|13,4,14,3,2,10|13,4,14,3,10|13,4,14,5,6,9|13,4,14,5,6,11|13,4,14,5,9|13,4,14,5,11|13,4,14,6,5,9|13,4,14,6,5,11|13,4,14,6,9|13,4,14,6,11|13,4,14,9|13,4,14,10|13,4,14,11|13,5,6,9|13,5,6,11|13,5,6,14,2,3,10|13,5,6,14,2,4,3,10|13,5,6,14,2,10|13,5,6,14,3,2,10|13,5,6,14,3,4,2,10|13,5,6,14,3,10|13,5,6,14,4,2,3,10|13,5,6,14,4,2,10|13,5,6,14,4,3,2,10|13,5,6,14,4,3,10|13,5,6,14,9|13,5,6,14,10|13,5,6,14,11|13,5,9|13,5,11|13,5,14,2,3,10|13,5,14,2,4,3,10|13,5,14,2,10|13,5,14,3,2,10|13,5,14,3,4,2,10|13,5,14,3,10|13,5,14,4,2,3,10|13,5,14,4,2,10|13,5,14,4,3,2,10|13,5,14,4,3,10|13,5,14,6,9|13,5,14,6,11|13,5,14,9|13,5,14,10|13,5,14,11|13,6,5,9|13,6,5,11|13,6,5,14,2,3,10|13,6,5,14,2,4,3,10|13,6,5,14,2,10|13,6,5,14,3,2,10|13,6,5,14,3,4,2,10|13,6,5,14,3,10|13,6,5,14,4,2,3,10|13,6,5,14,4,2,10|13,6,5,14,4,3,2,10|13,6,5,14,4,3,10|13,6,5,14,9|13,6,5,14,10|13,6,5,14,11|13,6,9|13,6,11|13,6,14,2,3,10|13,6,14,2,4,3,10|13,6,14,2,10|13,6,14,3,2,10|13,6,14,3,4,2,10|13,6,14,3,10|13,6,14,4,2,3,10|13,6,14,4,2,10|13,6,14,4,3,2,10|13,6,14,4,3,10|13,6,14,5,9|13,6,14,5,11|13,6,14,9|13,6,14,10|13,6,14,11|13,9|13,10|13,11|14,2,3,4,13,5,6,9|14,2,3,4,13,5,6,11|14,2,3,4,13,5,9|14,2,3,4,13,5,11|14,2,3,4,13,6,5,9|14,2,3,4,13,6,5,11|14,2,3,4,13,6,9|14,2,3,4,13,6,11|14,2,3,4,13,9|14,2,3,4,13,10|14,2,3,4,13,11|14,2,3,10|14,2,3,13,5,6,9|14,2,3,13,5,6,11|14,2,3,13,5,9|14,2,3,13,5,11|14,2,3,13,6,5,9|14,2,3,13,6,5,11|14,2,3,13,6,9|14,2,3,13,6,11|14,2,3,13,9|14,2,3,13,10|14,2,3,13,11|14,2,4,3,10|14,2,4,3,13,5,6,9|14,2,4,3,13,5,6,11|14,2,4,3,13,5,9|14,2,4,3,13,5,11|14,2,4,3,13,6,5,9|14,2,4,3,13,6,5,11|14,2,4,3,13,6,9|14,2,4,3,13,6,11|14,2,4,3,13,9|14,2,4,3,13,10|14,2,4,3,13,11|14,2,4,13,3,10|14,2,4,13,5,6,9|14,2,4,13,5,6,11|14,2,4,13,5,9|14,2,4,13,5,11|14,2,4,13,6,5,9|14,2,4,13,6,5,11|14,2,4,13,6,9|14,2,4,13,6,11|14,2,4,13,9|14,2,4,13,10|14,2,4,13,11|14,2,10|14,2,13,3,10|14,2,13,4,3,10|14,2,13,5,6,9|14,2,13,5,6,11|14,2,13,5,9|14,2,13,5,11|14,2,13,6,5,9|14,2,13,6,5,11|14,2,13,6,9|14,2,13,6,11|14,2,13,9|14,2,13,10|14,2,13,11|14,3,2,4,13,5,6,9|14,3,2,4,13,5,6,11|14,3,2,4,13,5,9|14,3,2,4,13,5,11|14,3,2,4,13,6,5,9|14,3,2,4,13,6,5,11|14,3,2,4,13,6,9|14,3,2,4,13,6,11|14,3,2,4,13,9|14,3,2,4,13,10|14,3,2,4,13,11|14,3,2,10|14,3,2,13,5,6,9|14,3,2,13,5,6,11|14,3,2,13,5,9|14,3,2,13,5,11|14,3,2,13,6,5,9|14,3,2,13,6,5,11|14,3,2,13,6,9|14,3,2,13,6,11|14,3,2,13,9|14,3,2,13,10|14,3,2,13,11|14,3,4,2,10|14,3,4,2,13,5,6,9|14,3,4,2,13,5,6,11|14,3,4,2,13,5,9|14,3,4,2,13,5,11|14,3,4,2,13,6,5,9|14,3,4,2,13,6,5,11|14,3,4,2,13,6,9|14,3,4,2,13,6,11|14,3,4,2,13,9|14,3,4,2,13,10|14,3,4,2,13,11|14,3,4,13,2,10|14,3,4,13,5,6,9|14,3,4,13,5,6,11|14,3,4,13,5,9|14,3,4,13,5,11|14,3,4,13,6,5,9|14,3,4,13,6,5,11|14,3,4,13,6,9|14,3,4,13,6,11|14,3,4,13,9|14,3,4,13,10|14,3,4,13,11|14,3,10|14,3,13,2,10|14,3,13,4,2,10|14,3,13,5,6,9|14,3,13,5,6,11|14,3,13,5,9|14,3,13,5,11|14,3,13,6,5,9|14,3,13,6,5,11|14,3,13,6,9|14,3,13,6,11|14,3,13,9|14,3,13,10|14,3,13,11|14,4,2,3,10|14,4,2,3,13,5,6,9|14,4,2,3,13,5,6,11|14,4,2,3,13,5,9|14,4,2,3,13,5,11|14,4,2,3,13,6,5,9|14,4,2,3,13,6,5,11|14,4,2,3,13,6,9|14,4,2,3,13,6,11|14,4,2,3,13,9|14,4,2,3,13,10|14,4,2,3,13,11|14,4,2,10|14,4,2,13,3,10|14,4,2,13,5,6,9|14,4,2,13,5,6,11|14,4,2,13,5,9|14,4,2,13,5,11|14,4,2,13,6,5,9|14,4,2,13,6,5,11|14,4,2,13,6,9|14,4,2,13,6,11|14,4,2,13,9|14,4,2,13,10|14,4,2,13,11|14,4,3,2,10|14,4,3,2,13,5,6,9|14,4,3,2,13,5,6,11|14,4,3,2,13,5,9|14,4,3,2,13,5,11|14,4,3,2,13,6,5,9|14,4,3,2,13,6,5,11|14,4,3,2,13,6,9|14,4,3,2,13,6,11|14,4,3,2,13,9|14,4,3,2,13,10|14,4,3,2,13,11|14,4,3,10|14,4,3,13,2,10|14,4,3,13,5,6,9|14,4,3,13,5,6,11|14,4,3,13,5,9|14,4,3,13,5,11|14,4,3,13,6,5,9|14,4,3,13,6,5,11|14,4,3,13,6,9|14,4,3,13,6,11|14,4,3,13,9|14,4,3,13,10|14,4,3,13,11|14,4,13,2,3,10|14,4,13,2,10|14,4,13,3,2,10|14,4,13,3,10|14,4,13,5,6,9|14,4,13,5,6,11|14,4,13,5,9|14,4,13,5,11|14,4,13,6,5,9|14,4,13,6,5,11|14,4,13,6,9|14,4,13,6,11|14,4,13,9|14,4,13,10|14,4,13,11|14,5,6,9|14,5,6,11|14,5,6,13,2,3,10|14,5,6,13,2,4,3,10|14,5,6,13,2,10|14,5,6,13,3,2,10|14,5,6,13,3,4,2,10|14,5,6,13,3,10|14,5,6,13,4,2,3,10|14,5,6,13,4,2,10|14,5,6,13,4,3,2,10|14,5,6,13,4,3,10|14,5,6,13,9|14,5,6,13,10|14,5,6,13,11|14,5,9|14,5,11|14,5,13,2,3,10|14,5,13,2,4,3,10|14,5,13,2,10|14,5,13,3,2,10|14,5,13,3,4,2,10|14,5,13,3,10|14,5,13,4,2,3,10|14,5,13,4,2,10|14,5,13,4,3,2,10|14,5,13,4,3,10|14,5,13,6,9|14,5,13,6,11|14,5,13,9|14,5,13,10|14,5,13,11|14,6,5,9|14,6,5,11|14,6,5,13,2,3,10|14,6,5,13,2,4,3,10|14,6,5,13,2,10|14,6,5,13,3,2,10|14,6,5,13,3,4,2,10|14,6,5,13,3,10|14,6,5,13,4,2,3,10|14,6,5,13,4,2,10|14,6,5,13,4,3,2,10|14,6,5,13,4,3,10|14,6,5,13,9|14,6,5,13,10|14,6,5,13,11|14,6,9|14,6,11|14,6,13,2,3,10|14,6,13,2,4,3,10|14,6,13,2,10|14,6,13,3,2,10|14,6,13,3,4,2,10|14,6,13,3,10|14,6,13,4,2,3,10|14,6,13,4,2,10|14,6,13,4,3,2,10|14,6,13,4,3,10|14,6,13,5,9|14,6,13,5,11|14,6,13,9|14,6,13,10|14,6,13,11|14,9|14,10|14,11
13,2,3,4,14,6,9|13,2,3,4,14,6,11|13,2,3,4,14,9|13,2,3,4,14,10|13,2,3,4,14,11|13,2,3,10|13,2,3,14,6,9|13,2,3,14,6,11|13,2,3,14,9|13,2,3,14,10|13,2,3,14,11|13,2,4,3,10|13,2,4,3,14,6,9|13,2,4,3,14,6,11|13,2,4,3,14,9|13,2,4,3,14,10|13,2,4,3,14,11|13,2,4,14,3,10|13,2,4,14,6,9|13,2,4,14,6,11|13,2,4,14,9|13,2,4,14,10|13,2,4,14,11|13,2,10|13,2,14,3,10|13,2,14,4,3,10|13,2,14,6,9|13,2,14,6,11|13,2,14,9|13,2,14,10|13,2,14,11|13,3,2,4,14,6,9|13,3,2,4,14,6,11|13,3,2,4,14,9|13,3,2,4,14,10|13,3,2,4,14,11|13,3,2,10|13,3,2,14,6,9|13,3,2,14,6,11|13,3,2,14,9|13,3,2,14,10|13,3,2,14,11|13,3,4,2,10|13,3,4,2,14,6,9|13,3,4,2,14,6,11|13,3,4,2,14,9|13,3,4,2,14,10|13,3,4,2,14,11|13,3,4,14,2,10|13,3,4,14,6,9|13,3,4,14,6,11|13,3,4,14,9|13,3,4,14,10|13,3,4,14,11|13,3,10|13,3,14,2,10|13,3,14,4,2,10|13,3,14,6,9|13,3,14,6,11|13,3,14,9|13,3,14,10|13,3,14,11|13,4,2,3,10|13,4,2,3,14,6,9|13,4,2,3,14,6,11|13,4,2,3,14,9|13,4,2,3,14,10|13,4,2,3,14,11|13,4,2,10|13,4,2,14,3,10|13,4,2,14,6,9|13,4,2,14,6,11|13,4,2,14,9|13,4,2,14,10|13,4,2,14,11|13,4,3,2,10|13,4,3,2,14,6,9|13,4,3,2,14,6,11|13,4,3,2,14,9|13,4,3,2,14,10|13,4,3,2,14,11|13,4,3,10|13,4,3,14,2,10|13,4,3,14,6,9|13,4,3,14,6,11|13,4,3,14,9|13,4,3,14,10|13,4,3,14,11|13,4,14,2,3,10|13,4,14,2,10|13,4,14,3,2,10|13,4,14,3,10|13,4,14,6,9|13,4,14,6,11|13,4,14,9|13,4,14,10|13,4,14,11|13,6,9|13,6,11|13,6,14,2,3,10|13,6,14,2,4,3,10|13,6,14,2,10|13,6,14,3,2,10|13,6,14,3,4,2,10|13,6,14,3,10|13,6,14,4,2,3,10|13,6,14,4,2,10|13,6,14,4,3,2,10|13,6,14,4,3,10|13,6,14,9|13,6,14,10|13,6,14,11|13,9|13,10|13,11|14,2,3,4,13,6,9|14,2,3,4,13,6,11|14,2,3,4,13,9|14,2,3,4,13,10|14,2,3,4,13,11|14,2,3,10|14,2,3,13,6,9|14,2,3,13,6,11|14,2,3,13,9|14,2,3,13,10|14,2,3,13,11|14,2,4,3,10|14,2,4,3,13,6,9|14,2,4,3,13,6,11|14,2,4,3,13,9|14,2,4,3,13,10|14,2,4,3,13,11|14,2,4,13,3,10|14,2,4,13,6,9|14,2,4,13,6,11|14,2,4,13,9|14,2,4,13,10|14,2,4,13,11|14,2,10|14,2,13,3,10|14,2,13,4,3,10|14,2,13,6,9|14,2,13,6,11|14,2,13,9|14,2,13,10|14,2,13,11|14,3,2,4,13,6,9|14,3,2,4,13,6,11|14,3,2,4,13,9|14,3,2,4,13,10|14,3,2,4,13,11|14,3,2,10|14,3,2,13,6,9|14,3,2,13,6,11|14,3,2,13,9|14,3,2,13,10|14,3,2,13,11|14,3,4,2,10|14,3,4,2,13,6,9|14,3,4,2,13,6,11|14,3,4,2,13,9|14,3,4,2,13,10|14,3,4,2,13,11|14,3,4,13,2,10|14,3,4,13,6,9|14,3,4,13,6,11|14,3,4,13,9|14,3,4,13,10|14,3,4,13,11|14,3,10|14,3,13,2,10|14,3,13,4,2,10|14,3,13,6,9|14,3,13,6,11|14,3,13,9|14,3,13,10|14,3,13,11|14,4,2,3,10|14,4,2,3,13,6,9|14,4,2,3,13,6,11|14,4,2,3,13,9|14,4,2,3,13,10|14,4,2,3,13,11|14,4,2,10|14,4,2,13,3,10|14,4,2,13,6,9|14,4,2,13,6,11|14,4,2,13,9|14,4,2,13,10|14,4,2,13,11|14,4,3,2,10|14,4,3,2,13,6,9|14,4,3,2,13,6,11|14,4,3,2,13,9|14,4,3,2,13,10|14,4,3,2,13,11|14,4,3,10|14,4,3,13,2,10|14,4,3,13,6,9|14,4,3,13,6,11|14,4,3,13,9|14,4,3,13,10|14,4,3,13,11|14,4,13,2,3,10|14,4,13,2,10|14,4,13,3,2,10|14,4,13,3,10|14,4,13,6,9|14,4,13,6,11|14,4,13,9|14,4,13,10|14,4,13,11|14,6,9|14,6,11|14,6,13,2,3,10|14,6,13,2,4,3,10|14,6,13,2,10|14,6,13,3,2,10|14,6,13,3,4,2,10|14,6,13,3,10|14,6,13,4,2,3,10|14,6,13,4,2,10|14,6,13,4,3,2,10|14,6,13,4,3,10|14,6,13,9|14,6,13,10|14,6,13,11|14,9|14,10|14,11
13,2,10|13,2,14,3,10|13,2,14,4,3,10|13,2,14,5,6,8|13,2,14,5,6,9|13,2,14,5,8|13,2,14,5,9|13,2,14,6,5,8|13,2,14,6,5,9|13,2,14,6,8|13,2,14,6,9|13,2,14,8|13,2,14,9|13,2,14,10|13,3,4,14,2,10|13,3,4,14,5,6,8|13,3,4,14,5,6,9|13,3,4,14,5,8|13,3,4,14,5,9|13,3,4,14,6,5,8|13,3,4,14,6,5,9|13,3,4,14,6,8|13,3,4,14,6,9|13,3,4,14,8|13,3,4,14,9|13,3,4,14,10|13,3,10|13,3,14,2,10|13,3,14,5,6,8|13,3,14,5,6,9|13,3,14,5,8|13,3,14,5,9|13,3,14,6,5,8|13,3,14,6,5,9|13,3,14,6,8|13,3,14,6,9|13,3,14,8|13,3,14,9|13,3,14,10|13,4,3,10|13,4,3,14,2,10|13,4,3,14,5,6,8|13,4,3,14,5,6,9|13,4,3,14,5,8|13,4,3,14,5,9|13,4,3,14,6,5,8|13,4,3,14,6,5,9|13,4,3,14,6,8|13,4,3,14,6,9|13,4,3,14,8|13,4,3,14,9|13,4,3,14,10|13,4,14,2,10|13,4,14,3,10|13,4,14,5,6,8|13,4,14,5,6,9|13,4,14,5,8|13,4,14,5,9|13,4,14,6,5,8|13,4,14,6,5,9|13,4,14,6,8|13,4,14,6,9|13,4,14,8|13,4,14,9|13,4,14,10|13,5,6,8|13,5,6,9|13,5,6,14,2,10|13,5,6,14,3,10|13,5,6,14,4,3,10|13,5,6,14,8|13,5,6,14,9|13,5,6,14,10|13,5,8|13,5,9|13,5,14,2,10|13,5,14,3,10|13,5,14,4,3,10|13,5,14,6,8|13,5,14,6,9|13,5,14,8|13,5,14,9|13,5,14,10|13,8|13,9|13,10|14,2,10|14,2,13,3,10|14,2,13,4,3,10|14,2,13,5,6,8|14,2,13,5,6,9|14,2,13,5,8|14,2,13,5,9|14,2,13,8|14,2,13,9|14,2,13,10|14,3,4,13,2,10|14,3,4,13,5,6,8|14,3,4,13,5,6,9|14,3,4,13,5,8|14,3,4,13,5,9|14,3,4,13,8|14,3,4,13,9|14,3,4,13,10|14,3,10|14,3,13,2,10|14,3,13,5,6,8|14,3,13,5,6,9|14,3,13,5,8|14,3,13,5,9|14,3,13,8|14,3,13,9|14,3,13,10|14,4,3,10|14,4,3,13,2,10|14,4,3,13,5,6,8|14,4,3,13,5,6,9|14,4,3,13,5,8|14,4,3,13,5,9|14,4,3,13,8|14,4,3,13,9|14,4,3,13,10|14,4,13,2,10|14,4,13,3,10|14,4,13,5,6,8|14,4,13,5,6,9|14,4,13,5,8|14,4,13,5,9|14,4,13,8|14,4,13,9|14,4,13,10|14,5,6,8|14,5,6,9|14,5,8|14,5,9|14,5,13,2,10|14,5,13,3,10|14,5,13,4,3,10|14,5,13,8|14,5,13,9|14,5,13,10|14,6,5,8|14,6,5,9|14,6,5,13,2,10|14,6,5,13,3,10|14,6,5,13,4,3,10|14,6,5,13,8|14,6,5,13,9|14,6,5,13,10|14,6,8|14,6,9|14,8|14,9|14,10
13,3,4,14,6,8|13,3,4,14,6,9|13,3,4,14,8|13,3,4,14,9|13,3,4,14,10|13,3,10|13,3,14,6,8|13,3,14,6,9|13,3,14,8|13,3,14,9|13,3,14,10|13,4,3,10|13,4,3,14,6,8|13,4,3,14,6,9|13,4,3,14,8|13,4,3,14,9|13,4,3,14,10|13,4,14,3,10|13,4,14,6,8|13,4,14,6,9|13,4,14,8|13,4,14,9|13,4,14,10|13,8|13,9|13,10|14,3,4,13,8|14,3,4,13,9|14,3,4,13,10|14,3,10|14,3,13,8|14,3,13,9|14,3,13,10|14,4,3,10|14,4,3,13,8|14,4,3,13,9|14,4,3,13,10|14,4,13,3,10|14,4,13,8|14,4,13,9|14,4,13,10|14,6,8|14,6,9|14,8|14,9|14,10
13,2,4,3,10|13,2,4,3,14,5,8|13,2,4,3,14,5,9|13,2,4,3,14,7|13,2,4,3,14,8|13,2,4,3,14,9|13,2,4,14,3,10|13,2,4,14,5,8|13,2,4,14,5,9|13,2,4,14,7|13,2,4,14,8|13,2,4,14,9|13,2,7|13,2,14,3,10|13,2,14,4,3,10|13,2,14,5,8|13,2,14,5,9|13,2,14,7|13,2,14,8|13,2,14,9|13,3,4,2,7|13,3,4,2,14,5,8|13,3,4,2,14,5,9|13,3,4,2,14,7|13,3,4,2,14,8|13,3,4,2,14,9|13,3,4,14,2,7|13,3,4,14,5,8|13,3,4,14,5,9|13,3,4,14,7|13,3,4,14,8|13,3,4,14,9|13,3,10|13,3,14,2,7|13,3,14,4,2,7|13,3,14,5,8|13,3,14,5,9|13,3,14,7|13,3,14,8|13,3,14,9|13,4,2,7|13,4,2,14,3,10|13,4,2,14,5,8|13,4,2,14,5,9|13,4,2,14,7|13,4,2,14,8|13,4,2,14,9|13,4,3,10|13,4,3,14,2,7|13,4,3,14,5,8|13,4,3,14,5,9|13,4,3,14,7|13,4,3,14,8|13,4,3,14,9|13,4,14,2,7|13,4,14,3,10|13,4,14,5,8|13,4,14,5,9|13,4,14,7|13,4,14,8|13,4,14,9|13,5,8|13,5,9|13,5,14,2,4,3,10|13,5,14,2,7|13,5,14,3,4,2,7|13,5,14,3,10|13,5,14,4,2,7|13,5,14,4,3,10|13,5,14,7|13,5,14,8|13,5,14,9|13,7|13,8|13,9|13,10|14,2,4,3,10|14,2,4,3,13,5,8|14,2,4,3,13,5,9|14,2,4,3,13,7|14,2,4,3,13,8|14,2,4,3,13,9|14,2,4,3,13,10|14,2,4,13,3,10|14,2,4,13,5,8|14,2,4,13,5,9|14,2,4,13,7|14,2,4,13,8|14,2,4,13,9|14,2,4,13,10|14,2,7|14,2,13,3,10|14,2,13,4,3,10|14,2,13,5,8|14,2,13,5,9|14,2,13,7|14,2,13,8|14,2,13,9|14,2,13,10|14,3,4,2,7|14,3,4,2,13,5,8|14,3,4,2,13,5,9|14,3,4,2,13,7|14,3,4,2,13,8|14,3,4,2,13,9|14,3,4,2,13,10|14,3,4,13,2,7|14,3,4,13,5,8|14,3,4,13,5,9|14,3,4,13,7|14,3,4,13,8|14,3,4,13,9|14,3,4,13,10|14,3,10|14,3,13,2,7|14,3,13,4,2,7|14,3,13,5,8|14,3,13,5,9|14,3,13,7|14,3,13,8|14,3,13,9|14,3,13,10|14,4,2,7|14,4,2,13,3,10|14,4,2,13,5,8|14,4,2,13,5,9|14,4,2,13,7|14,4,2,13,8|14,4,2,13,9|14,4,2,13,10|14,4,3,10|14,4,3,13,2,7|14,4,3,13,5,8|14,4,3,13,5,9|14,4,3,13,7|14,4,3,13,8|14,4,3,13,9|14,4,3,13,10|14,4,13,2,7|14,4,13,3,10|14,4,13,5,8|14,4,13,5,9|14,4,13,7|14,4,13,8|14,4,13,9|14,4,13,10|14,5,8|14,5,9|14,5,13,2,4,3,10|14,5,13,2,7|14,5,13,3,4,2,7|14,5,13,3,10|14,5,13,4,2,7|14,5,13,4,3,10|14,5,13,7|14,5,13,8|14,5,13,9|14,5,13,10|14,7|14,8|14,9
13,2,3,4,14,7|13,2,3,4,14,8|13,2,3,4,14,9|13,2,3,10|13,2,3,14,7|13,2,3,14,8|13,2,3,14,9|13,2,4,3,10|13,2,4,3,14,7|13,2,4,3,14,8|13,2,4,3,14,9|13,2,4,14,3,10|13,2,4,14,7|13,2,4,14,8|13,2,4,14,9|13,2,14,3,10|13,2,14,4,3,10|13,2,14,7|13,2,14,8|13,2,14,9|13,3,2,4,14,7|13,3,2,4,14,8|13,3,2,4,14,9|13,3,2,14,7|13,3,2,14,8|13,3,2,14,9|13,3,4,2,14,7|13,3,4,2,14,8|13,3,4,2,14,9|13,3,4,14,7|13,3,4,14,8|13,3,4,14,9|13,3,10|13,3,14,7|13,3,14,8|13,3,14,9|13,4,2,3,10|13,4,2,3,14,7|13,4,2,3,14,8|13,4,2,3,14,9|13,4,2,14,3,10|13,4,2,14,7|13,4,2,14,8|13,4,2,14,9|13,4,3,2,14,7|13,4,3,2,14,8|13,4,3,2,14,9|13,4,3,10|13,4,3,14,7|13,4,3,14,8|13,4,3,14,9|13,4,14,2,3,10|13,4,14,3,10|13,4,14,7|13,4,14,8|13,4,14,9|13,7|13,8|13,9|14,2,3,4,13,7|14,2,3,4,13,8|14,2,3,4,13,9|14,2,3,10|14,2,3,13,7|14,2,3,13,8|14,2,3,13,9|14,2,4,3,10|14,2,4,3,13,7|14,2,4,3,13,8|14,2,4,3,13,9|14,2,4,13,3,10|14,2,4,13,7|14,2,4,13,8|14,2,4,13,9|14,2,13,3,10|14,2,13,4,3,10|14,2,13,7|14,2,13,8|14,2,13,9|14,3,2,4,13,7|14,3,2,4,13,8|14,3,2,4,13,9|14,3,2,13,7|14,3,2,13,8|14,3,2,13,9|14,3,4,2,13,7|14,3,4,2,13,8|14,3,4,2,13,9|14,3,4,13,7|14,3,4,13,8|14,3,4,13,9|14,3,10|14,3,13,7|14,3,13,8|14,3,13,9|14,4,2,3,10|14,4,2,3,13,7|14,4,2,3,13,8|14,4,2,3,13,9|14,4,2,13,3,10|14,4,2,13,7|14,4,2,13,8|14,4,2,13,9|14,4,3,2,13,7|14,4,3,2,13,8|14,4,3,2,13,9|14,4,3,10|14,4,3,13,7|14,4,3,13,8|14,4,3,13,9|14,4,13,2,3,10|14,4,13,3,10|14,4,13,7|14,4,13,8|14,4,13,9|14,7|14,8|14,9
13,2,3,4,10|13,2,3,4,14,5,6,8|13,2,3,4,14,5,6,9|13,2,3,4,14,5,8|13,2,3,4,14,5,9|13,2,3,4,14,7|13,2,3,4,14,8|13,2,3,4,14,9|13,2,3,14,4,10|13,2,3,14,5,6,8|13,2,3,14,5,6,9|13,2,3,14,5,8|13,2,3,14,5,9|13,2,3,14,7|13,2,3,14,8|13,2,3,14,9|13,2,4,3,14,5,6,8|13,2,4,3,14,5,6,9|13,2,4,3,14,5,8|13,2,4,3,14,5,9|13,2,4,3,14,7|13,2,4,3,14,8|13,2,4,3,14,9|13,2,4,10|13,2,4,14,5,6,8|13,2,4,14,5,6,9|13,2,4,14,5,8|13,2,4,14,5,9|13,2,4,14,7|13,2,4,14,8|13,2,4,14,9|13,2,10|13,2,14,3,4,10|13,2,14,4,10|13,2,14,5,6,8|13,2,14,5,6,9|13,2,14,5,8|13,2,14,5,9|13,2,14,7|13,2,14,8|13,2,14,9|13,3,2,4,10|13,3,2,4,14,5,6,8|13,3,2,4,14,5,6,9|13,3,2,4,14,5,8|13,3,2,4,14,5,9|13,3,2,4,14,7|13,3,2,4,14,8|13,3,2,4,14,9|13,3,2,10|13,3,2,14,4,10|13,3,2,14,5,6,8|13,3,2,14,5,6,9|13,3,2,14,5,8|13,3,2,14,5,9|13,3,2,14,7|13,3,2,14,8|13,3,2,14,9|13,3,4,2,10|13,3,4,2,14,5,6,8|13,3,4,2,14,5,6,9|13,3,4,2,14,5,8|13,3,4,2,14,5,9|13,3,4,2,14,7|13,3,4,2,14,8|13,3,4,2,14,9|13,3,4,10|13,3,4,14,2,10|13,3,4,14,5,6,8|13,3,4,14,5,6,9|13,3,4,14,5,8|13,3,4,14,5,9|13,3,4,14,7|13,3,4,14,8|13,3,4,14,9|13,3,14,2,4,10|13,3,14,2,10|13,3,14,4,2,10|13,3,14,4,10|13,3,14,5,6,8|13,3,14,5,6,9|13,3,14,5,8|13,3,14,5,9|13,3,14,7|13,3,14,8|13,3,14,9|13,4,2,3,14,5,6,8|13,4,2,3,14,5,6,9|13,4,2,3,14,5,8|13,4,2,3,14,5,9|13,4,2,3,14,7|13,4,2,3,14,8|13,4,2,3,14,9|13,4,2,10|13,4,2,14,5,6,8|13,4,2,14,5,6,9|13,4,2,14,5,8|13,4,2,14,5,9|13,4,2,14,7|13,4,2,14,8|13,4,2,14,9|13,4,3,2,10|13,4,3,2,14,5,6,8|13,4,3,2,14,5,6,9|13,4,3,2,14,5,8|13,4,3,2,14,5,9|13,4,3,2,14,7|13,4,3,2,14,8|13,4,3,2,14,9|13,4,3,14,2,10|13,4,3,14,5,6,8|13,4,3,14,5,6,9|13,4,3,14,5,8|13,4,3,14,5,9|13,4,3,14,7|13,4,3,14,8|13,4,3,14,9|13,4,10|13,4,14,2,10|13,4,14,3,2,10|13,4,14,5,6,8|13,4,14,5,6,9|13,4,14,5,8|13,4,14,5,9|13,4,14,7|13,4,14,8|13,4,14,9|13,5,6,8|13,5,6,9|13,5,8|13,5,9|13,5,14,2,3,4,10|13,5,14,2,4,10|13,5,14,2,10|13,5,14,3,2,4,10|13,5,14,3,2,10|13,5,14,3,4,2,10|13,5,14,3,4,10|13,5,14,4,2,10|13,5,14,4,3,2,10|13,5,14,4,10|13,5,14,7|13,5,14,8|13,5,14,9|13,6,5,8|13,6,5,9|13,6,5,14,2,3,4,10|13,6,5,14,2,4,10|13,6,5,14,2,10|13,6,5,14,3,2,4,10|13,6,5,14,3,2,10|13,6,5,14,3,4,2,10|13,6,5,14,3,4,10|13,6,5,14,4,2,10|13,6,5,14,4,3,2,10|13,6,5,14,4,10|13,6,5,14,7|13,6,5,14,8|13,6,5,14,9|13,6,8|13,6,9|13,7|13,8|13,9|14,2,3,4,10|14,2,3,4,13,5,6,8|14,2,3,4,13,5,6,9|14,2,3,4,13,5,8|14,2,3,4,13,5,9|14,2,3,4,13,6,5,8|14,2,3,4,13,6,5,9|14,2,3,4,13,6,8|14,2,3,4,13,6,9|14,2,3,4,13,7|14,2,3,4,13,8|14,2,3,4,13,9|14,2,3,13,4,10|14,2,3,13,5,6,8|14,2,3,13,5,6,9|14,2,3,13,5,8|14,2,3,13,5,9|14,2,3,13,6,5,8|14,2,3,13,6,5,9|14,2,3,13,6,8|14,2,3,13,6,9|14,2,3,13,7|14,2,3,13,8|14,2,3,13,9|14,2,4,3,13,5,6,8|14,2,4,3,13,5,6,9|14,2,4,3,13,5,8|14,2,4,3,13,5,9|14,2,4,3,13,6,5,8|14,2,4,3,13,6,5,9|14,2,4,3,13,6,8|14,2,4,3,13,6,9|14,2,4,3,13,7|14,2,4,3,13,8|14,2,4,3,13,9|14,2,4,10|14,2,4,13,5,6,8|14,2,4,13,5,6,9|14,2,4,13,5,8|14,2,4,13,5,9|14,2,4,13,6,5,8|14,2,4,13,6,5,9|14,2,4,13,6,8|14,2,4,13,6,9|14,2,4,13,7|14,2,4,13,8|14,2,4,13,9|14,2,10|14,2,13,3,4,10|14,2,13,4,10|14,2,13,5,6,8|14,2,13,5,6,9|14,2,13,5,8|14,2,13,5,9|14,2,13,6,5,8|14,2,13,6,5,9|14,2,13,6,8|14,2,13,6,9|14,2,13,7|14,2,13,8|14,2,13,9|14,3,2,4,10|14,3,2,4,13,5,6,8|14,3,2,4,13,5,6,9|14,3,2,4,13,5,8|14,3,2,4,13,5,9|14,3,2,4,13,6,5,8|14,3,2,4,13,6,5,9|14,3,2,4,13,6,8|14,3,2,4,13,6,9|14,3,2,4,13,7|14,3,2,4,13,8|14,3,2,4,13,9|14,3,2,10|14,3,2,13,4,10|14,3,2,13,5,6,8|14,3,2,13,5,6,9|14,3,2,13,5,8|14,3,2,13,5,9|14,3,2,13,6,5,8|14,3,2,13,6,5,9|14,3,2,13,6,8|14,3,2,13,6,9|14,3,2,13,7|14,3,2,13,8|14,3,2,13,9|14,3,4,2,10|14,3,4,2,13,5,6,8|14,3,4,2,13,5,6,9|14,3,4,2,13,5,8|14,3,4,2,13,5,9|14,3,4,2,13,6,5,8|14,3,4,2,13,6,5,9|14,3,4,2,13,6,8|14,3,4,2,13,6,9|14,3,4,2,13,7|14,3,4,2,13,8|14,3,4,2,13,9|14,3,4,10|14,3,4,13,2,10|14,3,4,13,5,6,8|14,3,4,13,5,6,9|14,3,4,13,5,8|14,3,4,13,5,9|14,3,4,13,6,5,8|14,3,4,13,6,5,9|14,3,4,13,6,8|14,3,4,13,6,9|14,3,4,13,7|14,3,4,13,8|14,3,4,13,9|14,3,13,2,4,10|14,3,13,2,10|14,3,13,4,2,10|14,3,13,4,10|14,3,13,5,6,8|14,3,13,5,6,9|14,3,13,5,8|14,3,13,5,9|14,3,13,6,5,8|14,3,13,6,5,9|14,3,13,6,8|14,3,13,6,9|14,3,13,7|14,3,13,8|14,3,13,9|14,4,2,3,13,5,6,8|14,4,2,3,13,5,6,9|14,4,2,3,13,5,8|14,4,2,3,13,5,9|14,4,2,3,13,6,5,8|14,4,2,3,13,6,5,9|14,4,2,3,13,6,8|14,4,2,3,13,6,9|14,4,2,3,13,7|14,4,2,3,13,8|14,4,2,3,13,9|14,4,2,10|14,4,2,13,5,6,8|14,4,2,13,5,6,9|14,4,2,13,5,8|14,4,2,13,5,9|14,4,2,13,6,5,8|14,4,2,13,6,5,9|14,4,2,13,6,8|14,4,2,13,6,9|14,4,2,13,7|14,4,2,13,8|14,4,2,13,9|14,4,3,2,10|14,4,3,2,13,5,6,8|14,4,3,2,13,5,6,9|14,4,3,2,13,5,8|14,4,3,2,13,5,9|14,4,3,2,13,6,5,8|14,4,3,2,13,6,5,9|14,4,3,2,13,6,8|14,4,3,2,13,6,9|14,4,3,2,13,7|14,4,3,2,13,8|14,4,3,2,13,9|14,4,3,13,2,10|14,4,3,13,5,6,8|14,4,3,13,5,6,9|14,4,3,13,5,8|14,4,3,13,5,9|14,4,3,13,6,5,8|14,4,3,13,6,5,9|14,4,3,13,6,8|14,4,3,13,6,9|14,4,3,13,7|14,4,3,13,8|14,4,3,13,9|14,4,10|14,4,13,2,10|14,4,13,3,2,10|14,4,13,5,6,8|14,4,13,5,6,9|14,4,13,5,8|14,4,13,5,9|14,4,13,6,5,8|14,4,13,6,5,9|14,4,13,6,8|14,4,13,6,9|14,4,13,7|14,4,13,8|14,4,13,9|14,5,6,8|14,5,6,9|14,5,6,13,2,3,4,10|14,5,6,13,2,4,10|14,5,6,13,2,10|14,5,6,13,3,2,4,10|14,5,6,13,3,2,10|14,5,6,13,3,4,2,10|14,5,6,13,3,4,10|14,5,6,13,4,2,10|14,5,6,13,4,3,2,10|14,5,6,13,4,10|14,5,6,13,7|14,5,6,13,8|14,5,6,13,9|14,5,8|14,5,9|14,5,13,2,3,4,10|14,5,13,2,4,10|14,5,13,2,10|14,5,13,3,2,4,10|14,5,13,3,2,10|14,5,13,3,4,2,10|14,5,13,3,4,10|14,5,13,4,2,10|14,5,13,4,3,2,10|14,5,13,4,10|14,5,13,6,8|14,5,13,6,9|14,5,13,7|14,5,13,8|14,5,13,9|14,7|14,8|14,9
13,3,4,2,10|13,3,4,10|13,3,4,14,7|13,3,4,14,8|13,3,4,14,12|13,3,14,4,2,10|13,3,14,4,10|13,3,14,7|13,3,14,8|13,3,14,12|13,4,2,10|13,4,3,14,7|13,4,3,14,8|13,4,3,14,12|13,4,10|13,4,14,7|13,4,14,8|13,4,14,12|13,6,8|13,6,12|13,7|13,8|13,12|14,3,4,2,10|14,3,4,10|14,3,4,13,6,8|14,3,4,13,6,12|14,3,4,13,7|14,3,4,13,8|14,3,4,13,12|14,3,13,4,2,10|14,3,13,4,10|14,3,13,6,8|14,3,13,6,12|14,3,13,7|14,3,13,8|14,3,13,12|14,4,2,10|14,4,3,13,6,8|14,4,3,13,6,12|14,4,3,13,7|14,4,3,13,8|14,4,3,13,12|14,4,10|14,4,13,6,8|14,4,13,6,12|14,4,13,7|14,4,13,8|14,4,13,12|14,7|14,8|14,12
13,2,7|13,2,14,5,6,8|13,2,14,5,6,12|13,2,14,5,8|13,2,14,5,12|13,2,14,6,5,8|13,2,14,6,5,12|13,2,14,6,8|13,2,14,6,12|13,2,14,7|13,2,14,8|13,2,14,12|13,5,6,8|13,5,6,12|13,5,6,14,2,7|13,5,6,14,7|13,5,6,14,8|13,5,6,14,12|13,5,8|13,5,12|13,5,14,2,7|13,5,14,6,8|13,5,14,6,12|13,5,14,7|13,5,14,8|13,5,14,12|13,6,5,8|13,6,5,12|13,6,5,14,2,7|13,6,5,14,7|13,6,5,14,8|13,6,5,14,12|13,6,8|13,6,12|13,6,14,2,7|13,6,14,5,8|13,6,14,5,12|13,6,14,7|13,6,14,8|13,6,14,12|13,7|13,8|13,12|14,2,7|14,2,13,5,6,8|14,2,13,5,6,12|14,2,13,5,8|14,2,13,5,12|14,2,13,6,5,8|14,2,13,6,5,12|14,2,13,6,8|14,2,13,6,12|14,2,13,7|14,2,13,8|14,2,13,12|14,5,6,8|14,5,6,12|14,5,6,13,2,7|14,5,6,13,7|14,5,6,13,8|14,5,6,13,12|14,5,8|14,5,12|14,5,13,2,7|14,5,13,6,8|14,5,13,6,12|14,5,13,7|14,5,13,8|14,5,13,12|14,6,5,8|14,6,5,12|14,6,5,13,2,7|14,6,5,13,7|14,6,5,13,8|14,6,5,13,12|14,6,8|14,6,12|14,6,13,2,7|14,6,13,5,8|14,6,13,5,12|14,6,13,7|14,6,13,8|14,6,13,12|14,7|14,8|14,12
13,2,7|13,2,14,6,8|13,2,14,6,12|13,2,14,7|13,2,14,8|13,2,14,12|13,6,8|13,6,12|13,6,14,2,7|13,6,14,7|13,6,14,8|13,6,14,12|13,7|13,8|13,12|14,2,7|14,2,13,6,8|14,2,13,6,12|14,2,13,7|14,2,13,8|14,2,13,12|14,6,8|14,6,12|14,6,13,2,7|14,6,13,7|14,6,13,8|14,6,13,12|14,7|14,8|14,12
13,2,3,4,10|13,2,4,10|13,2,7|13,2,14,5,6,11|13,2,14,5,6,12|13,2,14,5,11|13,2,14,5,12|13,2,14,6,5,11|13,2,14,6,5,12|13,2,14,6,11|13,2,14,6,12|13,2,14,7|13,2,14,11|13,2,14,12|13,5,6,11|13,5,6,12|13,5,6,14,2,3,4,10|13,5,6,14,2,4,10|13,5,6,14,2,7|13,5,6,14,7|13,5,6,14,11|13,5,6,14,12|13,5,11|13,5,12|13,5,14,2,3,4,10|13,5,14,2,4,10|13,5,14,2,7|13,5,14,6,11|13,5,14,6,12|13,5,14,7|13,5,14,11|13,5,14,12|13,7|13,11|13,12|14,2,3,4,10|14,2,4,10|14,2,7|14,2,13,5,6,11|14,2,13,5,6,12|14,2,13,5,11|14,2,13,5,12|14,2,13,7|14,2,13,11|14,2,13,12|14,5,6,11|14,5,6,12|14,5,11|14,5,12|14,5,13,2,3,4,10|14,5,13,2,4,10|14,5,13,2,7|14,5,13,7|14,5,13,11|14,5,13,12|14,6,5,11|14,6,5,12|14,6,5,13,2,3,4,10|14,6,5,13,2,4,10|14,6,5,13,2,7|14,6,5,13,7|14,6,5,13,11|14,6,5,13,12|14,6,11|14,6,12|14,7|14,11|14,12
13,7|13,11|13,12|14,4,2,10|14,4,3,2,10|14,4,10|14,6,11|14,6,12|14,7|14,11|14,12
13,2,4,10|13,2,4,14,5,11|13,2,4,14,5,12|13,2,4,14,10|13,2,4,14,11|13,2,4,14,12|13,2,10|13,2,14,4,10|13,2,14,5,11|13,2,14,5,12|13,2,14,10|13,2,14,11|13,2,14,12|13,4,2,10|13,4,2,14,5,11|13,4,2,14,5,12|13,4,2,14,10|13,4,2,14,11|13,4,2,14,12|13,4,10|13,4,14,2,10|13,4,14,5,11|13,4,14,5,12|13,4,14,10|13,4,14,11|13,4,14,12|13,5,11|13,5,12|13,5,14,2,4,10|13,5,14,2,10|13,5,14,4,2,10|13,5,14,4,10|13,5,14,10|13,5,14,11|13,5,14,12|13,7|13,10|13,11|13,12|14,2,4,10|14,2,4,13,5,11|14,2,4,13,5,12|14,2,4,13,7|14,2,4,13,10|14,2,4,13,11|14,2,4,13,12|14,2,10|14,2,13,4,10|14,2,13,5,11|14,2,13,5,12|14,2,13,7|14,2,13,10|14,2,13,11|14,2,13,12|14,4,2,10|14,4,2,13,5,11|14,4,2,13,5,12|14,4,2,13,7|14,4,2,13,10|14,4,2,13,11|14,4,2,13,12|14,4,10|14,4,13,2,10|14,4,13,5,11|14,4,13,5,12|14,4,13,7|14,4,13,10|14,4,13,11|14,4,13,12|14,5,11|14,5,12|14,5,13,2,4,10|14,5,13,2,10|14,5,13,4,2,10|14,5,13,4,10|14,5,13,7|14,5,13,10|14,5,13,11|14,5,13,12|14,10|14,11|14,12
13,2,4,10|13,2,4,14,10|13,2,4,14,11|13,2,4,14,12|13,2,14,4,10|13,2,14,10|13,2,14,11|13,2,14,12|13,4,2,14,10|13,4,2,14,11|13,4,2,14,12|13,4,10|13,4,14,10|13,4,14,11|13,4,14,12|13,10|13,11|13,12|14,2,4,10|14,2,4,13,10|14,2,4,13,11|14,2,4,13,12|14,2,13,4,10|14,2,13,10|14,2,13,11|14,2,13,12|14,4,2,13,10|14,4,2,13,11|14,4,2,13,12|14,4,10|14,4,13,10|14,4,13,11|14,4,13,12|14,10|14,11|14,12
13,2,7|13,2,14,4,10|13,2,14,5,6,11|13,2,14,5,6,12|13,2,14,5,11|13,2,14,5,12|13,2,14,10|13,2,14,11|13,2,14,12|13,4,10|13,4,14,2,7|13,4,14,5,6,11|13,4,14,5,6,12|13,4,14,5,11|13,4,14,5,12|13,4,14,10|13,4,14,11|13,4,14,12|13,5,6,11|13,5,6,12|13,5,11|13,5,12|13,5,14,2,7|13,5,14,4,10|13,5,14,10|13,5,14,11|13,5,14,12|13,6,5,11|13,6,5,12|13,6,5,14,2,7|13,6,5,14,4,10|13,6,5,14,10|13,6,5,14,11|13,6,5,14,12|13,6,11|13,6,12|13,10|13,11|13,12|14,2,7|14,2,13,4,10|14,2,13,5,6,11|14,2,13,5,6,12|14,2,13,5,11|14,2,13,5,12|14,2,13,6,5,11|14,2,13,6,5,12|14,2,13,6,11|14,2,13,6,12|14,2,13,10|14,2,13,11|14,2,13,12|14,4,10|14,4,13,2,7|14,4,13,5,6,11|14,4,13,5,6,12|14,4,13,5,11|14,4,13,5,12|14,4,13,6,5,11|14,4,13,6,5,12|14,4,13,6,11|14,4,13,6,12|14,4,13,10|14,4,13,11|14,4,13,12|14,5,6,11|14,5,6,12|14,5,6,13,2,7|14,5,6,13,4,10|14,5,6,13,10|14,5,6,13,11|14,5,6,13,12|14,5,11|14,5,12|14,5,13,2,7|14,5,13,4,10|14,5,13,6,11|14,5,13,6,12|14,5,13,10|14,5,13,11|14,5,13,12|14,10|14,11|14,12
13,3,2,7|13,3,14,4,10|13,3,14,9|13,3,14,10|13,3,14,11|13,4,10|13,4,14,3,2,7|13,4,14,9|13,4,14,10|13,4,14,11|13,6,9|13,6,11|13,9|13,10|13,11|14,3,2,7|14,3,13,4,10|14,3,13,6,9|14,3,13,6,11|14,3,13,9|14,3,13,10|14,3,13,11|14,4,10|14,4,13,3,2,7|14,4,13,6,9|14,4,13,6,11|14,4,13,9|14,4,13,10|14,4,13,11|14,9|14,10|14,11
13,2,3,14,4,10|13,2,3,14,5,6,9|13,2,3,14,5,6,11|13,2,3,14,5,9|13,2,3,14,5,11|13,2,3,14,6,5,9|13,2,3,14,6,5,11|13,2,3,14,6,9|13,2,3,14,6,11|13,2,3,14,9|13,2,3,14,10|13,2,3,14,11|13,2,4,10|13,2,4,14,5,6,9|13,2,4,14,5,6,11|13,2,4,14,5,9|13,2,4,14,5,11|13,2,4,14,6,5,9|13,2,4,14,6,5,11|13,2,4,14,6,9|13,2,4,14,6,11|13,2,4,14,9|13,2,4,14,10|13,2,4,14,11|13,2,10|13,2,14,4,10|13,2,14,5,6,9|13,2,14,5,6,11|13,2,14,5,9|13,2,14,5,11|13,2,14,6,5,9|13,2,14,6,5,11|13,2,14,6,9|13,2,14,6,11|13,2,14,9|13,2,14,10|13,2,14,11|13,3,2,4,10|13,3,2,4,14,5,6,9|13,3,2,4,14,5,6,11|13,3,2,4,14,5,9|13,3,2,4,14,5,11|13,3,2,4,14,6,5,9|13,3,2,4,14,6,5,11|13,3,2,4,14,6,9|13,3,2,4,14,6,11|13,3,2,4,14,9|13,3,2,4,14,10|13,3,2,4,14,11|13,3,2,10|13,3,2,14,4,10|13,3,2,14,5,6,9|13,3,2,14,5,6,11|13,3,2,14,5,9|13,3,2,14,5,11|13,3,2,14,6,5,9|13,3,2,14,6,5,11|13,3,2,14,6,9|13,3,2,14,6,11|13,3,2,14,9|13,3,2,14,10|13,3,2,14,11|13,3,14,2,4,10|13,3,14,2,10|13,3,14,4,2,10|13,3,14,4,10|13,3,14,5,6,9|13,3,14,5,6,11|13,3,14,5,9|13,3,14,5,11|13,3,14,6,5,9|13,3,14,6,5,11|13,3,14,6,9|13,3,14,6,11|13,3,14,9|13,3,14,10|13,3,14,11|13,4,2,3,14,5,6,9|13,4,2,3,14,5,6,11|13,4,2,3,14,5,9|13,4,2,3,14,5,11|13,4,2,3,14,6,5,9|13,4,2,3,14,6,5,11|13,4,2,3,14,6,9|13,4,2,3,14,6,11|13,4,2,3,14,9|13,4,2,3,14,10|13,4,2,3,14,11|13,4,2,10|13,4,2,14,5,6,9|13,4,2,14,5,6,11|13,4,2,14,5,9|13,4,2,14,5,11|13,4,2,14,6,5,9|13,4,2,14,6,5,11|13,4,2,14,6,9|13,4,2,14,6,11|13,4,2,14,9|13,4,2,14,10|13,4,2,14,11|13,4,10|13,4,14,2,10|13,4,14,3,2,10|13,4,14,5,6,9|13,4,14,5,6,11|13,4,14,5,9|13,4,14,5,11|13,4,14,6,5,9|13,4,14,6,5,11|13,4,14,6,9|13,4,14,6,11|13,4,14,9|13,4,14,10|13,4,14,11|13,5,6,9|13,5,6,11|13,5,6,14,2,4,10|13,5,6,14,2,10|13,5,6,14,3,2,4,10|13,5,6,14,3,2,10|13,5,6,14,4,2,10|13,5,6,14,4,10|13,5,6,14,9|13,5,6,14,10|13,5,6,14,11|13,5,9|13,5,11|13,5,14,2,4,10|13,5,14,2,10|13,5,14,3,2,4,10|13,5,14,3,2,10|13,5,14,4,2,10|13,5,14,4,10|13,5,14,6,9|13,5,14,6,11|13,5,14,9|13,5,14,10|13,5,14,11|13,6,5,9|13,6,5,11|13,6,5,14,2,4,10|13,6,5,14,2,10|13,6,5,14,3,2,4,10|13,6,5,14,3,2,10|13,6,5,14,4,2,10|13,6,5,14,4,10|13,6,5,14,9|13,6,5,14,10|13,6,5,14,11|13,6,9|13,6,11|13,6,14,2,4,10|13,6,14,2,10|13,6,14,3,2,4,10|13,6,14,3,2,10|13,6,14,4,2,10|13,6,14,4,10|13,6,14,5,9|13,6,14,5,11|13,6,14,9|13,6,14,10|13,6,14,11|13,9|13,10|13,11|14,2,3,13,4,10|14,2,3,13,5,6,9|14,2,3,13,5,6,11|14,2,3,13,5,9|14,2,3,13,5,11|14,2,3,13,6,5,9|14,2,3,13,6,5,11|14,2,3,13,6,9|14,2,3,13,6,11|14,2,3,13,9|14,2,3,13,10|14,2,3,13,11|14,2,4,10|14,2,4,13,5,6,9|14,2,4,13,5,6,11|14,2,4,13,5,9|14,2,4,13,5,11|14,2,4,13,6,5,9|14,2,4,13,6,5,11|14,2,4,13,6,9|14,2,4,13,6,11|14,2,4,13,9|14,2,4,13,10|14,2,4,13,11|14,2,10|14,2,13,4,10|14,2,13,5,6,9|14,2,13,5,6,11|14,2,13,5,9|14,2,13,5,11|14,2,13,6,5,9|14,2,13,6,5,11|14,2,13,6,9|14,2,13,6,11|14,2,13,9|14,2,13,10|14,2,13,11|14,3,2,4,10|14,3,2,4,13,5,6,9|14,3,2,4,13,5,6,11|14,3,2,4,13,5,9|14,3,2,4,13,5,11|14,3,2,4,13,6,5,9|14,3,2,4,13,6,5,11|14,3,2,4,13,6,9|14,3,2,4,13,6,11|14,3,2,4,13,9|14,3,2,4,13,10|14,3,2,4,13,11|14,3,2,10|14,3,2,13,4,10|14,3,2,13,5,6,9|14,3,2,13,5,6,11|14,3,2,13,5,9|14,3,2,13,5,11|14,3,2,13,6,5,9|14,3,2,13,6,5,11|14,3,2,13,6,9|14,3,2,13,6,11|14,3,2,13,9|14,3,2,13,10|14,3,2,13,11|14,3,13,2,4,10|14,3,13,2,10|14,3,13,4,2,10|14,3,13,4,10|14,3,13,5,6,9|14,3,13,5,6,11|14,3,13,5,9|14,3,13,5,11|14,3,13,6,5,9|14,3,13,6,5,11|14,3,13,6,9|14,3,13,6,11|14,3,13,9|14,3,13,10|14,3,13,11|14,4,2,3,13,5,6,9|14,4,2,3,13,5,6,11|14,4,2,3,13,5,9|14,4,2,3,13,5,11|14,4,2,3,13,6,5,9|14,4,2,3,13,6,5,11|14,4,2,3,13,6,9|14,4,2,3,13,6,11|14,4,2,3,13,9|14,4,2,3,13,10|14,4,2,3,13,11|14,4,2,10|14,4,2,13,5,6,9|14,4,2,13,5,6,11|14,4,2,13,5,9|14,4,2,13,5,11|14,4,2,13,6,5,9|14,4,2,13,6,5,11|14,4,2,13,6,9|14,4,2,13,6,11|14,4,2,13,9|14,4,2,13,10|14,4,2,13,11|14,4,10|14,4,13,2,10|14,4,13,3,2,10|14,4,13,5,6,9|14,4,13,5,6,11|14,4,13,5,9|14,4,13,5,11|14,4,13,6,5,9|14,4,13,6,5,11|14,4,13,6,9|14,4,13,6,11|14,4,13,9|14,4,13,10|14,4,13,11|14,5,6,9|14,5,6,11|14,5,6,13,2,4,10|14,5,6,13,2,10|14,5,6,13,3,2,4,10|14,5,6,13,3,2,10|14,5,6,13,4,2,10|14,5,6,13,4,10|14,5,6,13,9|14,5,6,13,10|14,5,6,13,11|14,5,9|14,5,11|14,5,13,2,4,10|14,5,13,2,10|14,5,13,3,2,4,10|14,5,13,3,2,10|14,5,13,4,2,10|14,5,13,4,10|14,5,13,6,9|14,5,13,6,11|14,5,13,9|14,5,13,10|14,5,13,11|14,6,5,9|14,6,5,11|14,6,5,13,2,4,10|14,6,5,13,2,10|14,6,5,13,3,2,4,10|14,6,5,13,3,2,10|14,6,5,13,4,2,10|14,6,5,13,4,10|14,6,5,13,9|14,6,5,13,10|14,6,5,13,11|14,6,9|14,6,11|14,6,13,2,4,10|14,6,13,2,10|14,6,13,3,2,4,10|14,6,13,3,2,10|14,6,13,4,2,10|14,6,13,4,10|14,6,13,5,9|14,6,13,5,11|14,6,13,9|14,6,13,10|14,6,13,11|14,9|14,10|14,11
13,2,4,10|13,2,4,14,6,9|13,2,4,14,6,11|13,2,4,14,9|13,2,4,14,10|13,2,4,14,11|13,2,10|13,2,14,4,10|13,2,14,6,9|13,2,14,6,11|13,2,14,9|13,2,14,10|13,2,14,11|13,3,14,2,4,10|13,3,14,2,10|13,3,14,4,2,10|13,3,14,4,10|13,3,14,6,9|13,3,14,6,11|13,3,14,9|13,3,14,10|13,3,14,11|13,4,2,10|13,4,2,14,6,9|13,4,2,14,6,11|13,4,2,14,9|13,4,2,14,10|13,4,2,14,11|13,4,10|13,4,14,2,10|13,4,14,6,9|13,4,14,6,11|13,4,14,9|13,4,14,10|13,4,14,11|13,6,9|13,6,11|13,6,14,2,4,10|13,6,14,2,10|13,6,14,4,2,10|13,6,14,4,10|13,6,14,9|13,6,14,10|13,6,14,11|13,9|13,10|13,11|14,2,4,10|14,2,4,13,6,9|14,2,4,13,6,11|14,2,4,13,9|14,2,4,13,10|14,2,4,13,11|14,2,10|14,2,13,4,10|14,2,13,6,9|14,2,13,6,11|14,2,13,9|14,2,13,10|14,2,13,11|14,3,13,2,4,10|14,3,13,2,10|14,3,13,4,2,10|14,3,13,4,10|14,3,13,6,9|14,3,13,6,11|14,3,13,9|14,3,13,10|14,3,13,11|14,4,2,10|14,4,2,13,6,9|14,4,2,13,6,11|14,4,2,13,9|14,4,2,13,10|14,4,2,13,11|14,4,10|14,4,13,2,10|14,4,13,6,9|14,4,13,6,11|14,4,13,9|14,4,13,10|14,4,13,11|14,6,9|14,6,11|14,6,13,2,4,10|14,6,13,2,10|14,6,13,4,2,10|14,6,13,4,10|14,6,13,9|14,6,13,10|14,6,13,11|14,9|14,10|14,11
13,2,4,10|13,2,4,14,5,6,8|13,2,4,14,5,6,9|13,2,4,14,5,8|13,2,4,14,5,9|13,2,4,14,6,5,8|13,2,4,14,6,5,9|13,2,4,14,6,8|13,2,4,14,6,9|13,2,4,14,8|13,2,4,14,9|13,2,4,14,10|13,2,10|13,2,14,4,10|13,2,14,5,6,8|13,2,14,5,6,9|13,2,14,5,8|13,2,14,5,9|13,2,14,6,5,8|13,2,14,6,5,9|13,2,14,6,8|13,2,14,6,9|13,2,14,8|13,2,14,9|13,2,14,10|13,3,14,2,4,10|13,3,14,2,10|13,3,14,4,2,10|13,3,14,4,10|13,3,14,5,6,8|13,3,14,5,6,9|13,3,14,5,8|13,3,14,5,9|13,3,14,6,5,8|13,3,14,6,5,9|13,3,14,6,8|13,3,14,6,9|13,3,14,8|13,3,14,9|13,3,14,10|13,4,2,10|13,4,2,14,5,6,8|13,4,2,14,5,6,9|13,4,2,14,5,8|13,4,2,14,5,9|13,4,2,14,6,5,8|13,4,2,14,6,5,9|13,4,2,14,6,8|13,4,2,14,6,9|13,4,2,14,8|13,4,2,14,9|13,4,2,14,10|13,4,10|13,4,14,2,10|13,4,14,5,6,8|13,4,14,5,6,9|13,4,14,5,8|13,4,14,5,9|13,4,14,6,5,8|13,4,14,6,5,9|13,4,14,6,8|13,4,14,6,9|13,4,14,8|13,4,14,9|13,4,14,10|13,5,6,8|13,5,6,9|13,5,6,14,2,4,10|13,5,6,14,2,10|13,5,6,14,4,2,10|13,5,6,14,4,10|13,5,6,14,8|13,5,6,14,9|13,5,6,14,10|13,5,8|13,5,9|13,5,14,2,4,10|13,5,14,2,10|13,5,14,4,2,10|13,5,14,4,10|13,5,14,6,8|13,5,14,6,9|13,5,14,8|13,5,14,9|13,5,14,10|13,8|13,9|13,10|14,2,4,10|14,2,4,13,5,6,8|14,2,4,13,5,6,9|14,2,4,13,5,8|14,2,4,13,5,9|14,2,4,13,8|14,2,4,13,9|14,2,4,13,10|14,2,10|14,2,13,4,10|14,2,13,5,6,8|14,2,13,5,6,9|14,2,13,5,8|14,2,13,5,9|14,2,13,8|14,2,13,9|14,2,13,10|14,3,13,2,4,10|14,3,13,2,10|14,3,13,4,2,10|14,3,13,4,10|14,3,13,5,6,8|14,3,13,5,6,9|14,3,13,5,8|14,3,13,5,9|14,3,13,8|14,3,13,9|14,3,13,10|14,4,2,10|14,4,2,13,5,6,8|14,4,2,13,5,6,9|14,4,2,13,5,8|14,4,2,13,5,9|14,4,2,13,8|14,4,2,13,9|14,4,2,13,10|14,4,10|14,4,13,2,10|14,4,13,5,6,8|14,4,13,5,6,9|14,4,13,5,8|14,4,13,5,9|14,4,13,8|14,4,13,9|14,4,13,10|14,5,6,8|14,5,6,9|14,5,8|14,5,9|14,5,13,2,4,10|14,5,13,2,10|14,5,13,4,2,10|14,5,13,4,10|14,5,13,8|14,5,13,9|14,5,13,10|14,6,5,8|14,6,5,9|14,6,5,13,2,4,10|14,6,5,13,2,10|14,6,5,13,4,2,10|14,6,5,13,4,10|14,6,5,13,8|14,6,5,13,9|14,6,5,13,10|14,6,8|14,6,9|14,8|14,9|14,10
13,3,14,4,2,7|13,3,14,4,10|13,3,14,6,8|13,3,14,6,9|13,3,14,8|13,3,14,9|13,3,14,10|13,4,2,7|13,4,10|13,4,14,6,8|13,4,14,6,9|13,4,14,8|13,4,14,9|13,4,14,10|13,8|13,9|13,10|14,3,13,4,2,7|14,3,13,4,10|14,3,13,8|14,3,13,9|14,3,13,10|14,4,2,7|14,4,10|14,4,13,8|14,4,13,9|14,4,13,10|14,6,8|14,6,9|14,8|14,9|14,10
13,2,3,14,5,8|13,2,3,14,5,9|13,2,3,14,7|13,2,3,14,8|13,2,3,14,9|13,2,7|13,2,14,5,8|13,2,14,5,9|13,2,14,7|13,2,14,8|13,2,14,9|13,3,2,7|13,3,2,14,5,8|13,3,2,14,5,9|13,3,2,14,7|13,3,2,14,8|13,3,2,14,9|13,3,14,2,7|13,3,14,5,8|13,3,14,5,9|13,3,14,7|13,3,14,8|13,3,14,9|13,5,8|13,5,9|13,5,14,2,7|13,5,14,3,2,7|13,5,14,7|13,5,14,8|13,5,14,9|13,7|13,8|13,9|13,10|14,2,3,13,5,8|14,2,3,13,5,9|14,2,3,13,7|14,2,3,13,8|14,2,3,13,9|14,2,3,13,10|14,2,7|14,2,13,5,8|14,2,13,5,9|14,2,13,7|14,2,13,8|14,2,13,9|14,2,13,10|14,3,2,7|14,3,2,13,5,8|14,3,2,13,5,9|14,3,2,13,7|14,3,2,13,8|14,3,2,13,9|14,3,2,13,10|14,3,13,2,7|14,3,13,5,8|14,3,13,5,9|14,3,13,7|14,3,13,8|14,3,13,9|14,3,13,10|14,5,8|14,5,9|14,5,13,2,7|14,5,13,3,2,7|14,5,13,7|14,5,13,8|14,5,13,9|14,5,13,10|14,7|14,8|14,9
13,2,3,14,7|13,2,3,14,8|13,2,3,14,9|13,2,14,7|13,2,14,8|13,2,14,9|13,3,2,14,7|13,3,2,14,8|13,3,2,14,9|13,3,14,7|13,3,14,8|13,3,14,9|13,7|13,8|13,9|14,2,3,13,7|14,2,3,13,8|14,2,3,13,9|14,2,13,7|14,2,13,8|14,2,13,9|14,3,2,13,7|14,3,2,13,8|14,3,2,13,9|14,3,13,7|14,3,13,8|14,3,13,9|14,7|14,8|14,9
13,2,10|13,2,14,5,6,8|13,2,14,5,6,9|13,2,14,5,8|13,2,14,5,9|13,2,14,7|13,2,14,8|13,2,14,9|13,3,14,2,10|13,3,14,5,6,8|13,3,14,5,6,9|13,3,14,5,8|13,3,14,5,9|13,3,14,7|13,3,14,8|13,3,14,9|13,5,6,8|13,5,6,9|13,5,8|13,5,9|13,5,14,2,10|13,5,14,7|13,5,14,8|13,5,14,9|13,6,5,8|13,6,5,9|13,6,5,14,2,10|13,6,5,14,7|13,6,5,14,8|13,6,5,14,9|13,6,8|13,6,9|13,7|13,8|13,9|14,2,10|14,2,13,5,6,8|14,2,13,5,6,9|14,2,13,5,8|14,2,13,5,9|14,2,13,6,5,8|14,2,13,6,5,9|14,2,13,6,8|14,2,13,6,9|14,2,13,7|14,2,13,8|14,2,13,9|14,3,13,2,10|14,3,13,5,6,8|14,3,13,5,6,9|14,3,13,5,8|14,3,13,5,9|14,3,13,6,5,8|14,3,13,6,5,9|14,3,13,6,8|14,3,13,6,9|14,3,13,7|14,3,13,8|14,3,13,9|14,5,6,8|14,5,6,9|14,5,6,13,2,10|14,5,6,13,7|14,5,6,13,8|14,5,6,13,9|14,5,8|14,5,9|14,5,13,2,10|14,5,13,6,8|14,5,13,6,9|14,5,13,7|14,5,13,8|14,5,13,9|14,7|14,8|14,9
13,3,14,4,2,10|13,3,14,7|13,3,14,8|13,3,14,12|13,6,8|13,6,12|13,7|13,8|13,12|14,3,13,6,8|14,3,13,6,12|14,3,13,7|14,3,13,8|14,3,13,12|14,4,2,10|14,7|14,8|14,12
13,2,4,14,5,6,8|13,2,4,14,5,6,12|13,2,4,14,5,8|13,2,4,14,5,12|13,2,4,14,6,5,8|13,2,4,14,6,5,12|13,2,4,14,6,8|13,2,4,14,6,12|13,2,4,14,7|13,2,4,14,8|13,2,4,14,12|13,2,7|13,2,14,5,6,8|13,2,14,5,6,12|13,2,14,5,8|13,2,14,5,12|13,2,14,6,5,8|13,2,14,6,5,12|13,2,14,6,8|13,2,14,6,12|13,2,14,7|13,2,14,8|13,2,14,12|13,3,14,2,7|13,3,14,4,2,7|13,3,14,5,6,8|13,3,14,5,6,12|13,3,14,5,8|13,3,14,5,12|13,3,14,6,5,8|13,3,14,6,5,12|13,3,14,6,8|13,3,14,6,12|13,3,14,7|13,3,14,8|13,3,14,12|13,4,2,7|13,4,2,14,5,6,8|13,4,2,14,5,6,12|13,4,2,14,5,8|13,4,2,14,5,12|13,4,2,14,6,5,8|13,4,2,14,6,5,12|13,4,2,14,6,8|13,4,2,14,6,12|13,4,2,14,7|13,4,2,14,8|13,4,2,14,12|13,4,14,2,7|13,4,14,5,6,8|13,4,14,5,6,12|13,4,14,5,8|13,4,14,5,12|13,4,14,6,5,8|13,4,14,6,5,12|13,4,14,6,8|13,4,14,6,12|13,4,14,7|13,4,14,8|13,4,14,12|13,5,6,8|13,5,6,12|13,5,6,14,2,7|13,5,6,14,4,2,7|13,5,6,14,7|13,5,6,14,8|13,5,6,14,12|13,5,8|13,5,12|13,5,14,2,7|13,5,14,4,2,7|13,5,14,6,8|13,5,14,6,12|13,5,14,7|13,5,14,8|13,5,14,12|13,6,5,8|13,6,5,12|13,6,5,14,2,7|13,6,5,14,4,2,7|13,6,5,14,7|13,6,5,14,8|13,6,5,14,12|13,6,8|13,6,12|13,6,14,2,7|13,6,14,4,2,7|13,6,14,5,8|13,6,14,5,12|13,6,14,7|13,6,14,8|13,6,14,12|13,7|13,8|13,12|14,2,4,13,5,6,8|14,2,4,13,5,6,12|14,2,4,13,5,8|14,2,4,13,5,12|14,2,4,13,6,5,8|14,2,4,13,6,5,12|14,2,4,13,6,8|14,2,4,13,6,12|14,2,4,13,7|14,2,4,13,8|14,2,4,13,12|14,2,7|14,2,13,5,6,8|14,2,13,5,6,12|14,2,13,5,8|14,2,13,5,12|14,2,13,6,5,8|14,2,13,6,5,12|14,2,13,6,8|14,2,13,6,12|14,2,13,7|14,2,13,8|14,2,13,12|14,3,13,2,7|14,3,13,4,2,7|14,3,13,5,6,8|14,3,13,5,6,12|14,3,13,5,8|14,3,13,5,12|14,3,13,6,5,8|14,3,13,6,5,12|14,3,13,6,8|14,3,13,6,12|14,3,13,7|14,3,13,8|14,3,13,12|14,4,2,7|14,4,2,13,5,6,8|14,4,2,13,5,6,12|14,4,2,13,5,8|14,4,2,13,5,12|14,4,2,13,6,5,8|14,4,2,13,6,5,12|14,4,2,13,6,8|14,4,2,13,6,12|14,4,2,13,7|14,4,2,13,8|14,4,2,13,12|14,4,13,2,7|14,4,13,5,6,8|14,4,13,5,6,12|14,4,13,5,8|14,4,13,5,12|14,4,13,6,5,8|14,4,13,6,5,12|14,4,13,6,8|14,4,13,6,12|14,4,13,7|14,4,13,8|14,4,13,12|14,5,6,8|14,5,6,12|14,5,6,13,2,7|14,5,6,13,4,2,7|14,5,6,13,7|14,5,6,13,8|14,5,6,13,12|14,5,8|14,5,12|14,5,13,2,7|14,5,13,4,2,7|14,5,13,6,8|14,5,13,6,12|14,5,13,7|14,5,13,8|14,5,13,12|14,6,5,8|14,6,5,12|14,6,5,13,2,7|14,6,5,13,4,2,7|14,6,5,13,7|14,6,5,13,8|14,6,5,13,12|14,6,8|14,6,12|14,6,13,2,7|14,6,13,4,2,7|14,6,13,5,8|14,6,13,5,12|14,6,13,7|14,6,13,8|14,6,13,12|14,7|14,8|14,12
13,2,3,14,6,8|13,2,3,14,6,12|13,2,3,14,7|13,2,3,14,8|13,2,3,14,12|13,2,4,14,6,8|13,2,4,14,6,12|13,2,4,14,7|13,2,4,14,8|13,2,4,14,12|13,2,7|13,2,14,6,8|13,2,14,6,12|13,2,14,7|13,2,14,8|13,2,14,12|13,3,2,4,14,6,8|13,3,2,4,14,6,12|13,3,2,4,14,7|13,3,2,4,14,8|13,3,2,4,14,12|13,3,2,7|13,3,2,14,6,8|13,3,2,14,6,12|13,3,2,14,7|13,3,2,14,8|13,3,2,14,12|13,3,14,2,7|13,3,14,4,2,7|13,3,14,6,8|13,3,14,6,12|13,3,14,7|13,3,14,8|13,3,14,12|13,4,2,3,14,6,8|13,4,2,3,14,6,12|13,4,2,3,14,7|13,4,2,3,14,8|13,4,2,3,14,12|13,4,2,7|13,4,2,14,6,8|13,4,2,14,6,12|13,4,2,14,7|13,4,2,14,8|13,4,2,14,12|13,4,14,2,7|13,4,14,3,2,7|13,4,14,6,8|13,4,14,6,12|13,4,14,7|13,4,14,8|13,4,14,12|13,6,8|13,6,12|13,6,14,2,7|13,6,14,3,2,7|13,6,14,4,2,7|13,6,14,7|13,6,14,8|13,6,14,12|13,7|13,8|13,12|14,2,3,13,6,8|14,2,3,13,6,12|14,2,3,13,7|14,2,3,13,8|14,2,3,13,12|14,2,4,13,6,8|14,2,4,13,6,12|14,2,4,13,7|14,2,4,13,8|14,2,4,13,12|14,2,7|14,2,13,6,8|14,2,13,6,12|14,2,13,7|14,2,13,8|14,2,13,12|14,3,2,4,13,6,8|14,3,2,4,13,6,12|14,3,2,4,13,7|14,3,2,4,13,8|14,3,2,4,13,12|14,3,2,7|14,3,2,13,6,8|14,3,2,13,6,12|14,3,2,13,7|14,3,2,13,8|14,3,2,13,12|14,3,13,2,7|14,3,13,4,2,7|14,3,13,6,8|14,3,13,6,12|14,3,13,7|14,3,13,8|14,3,13,12|14,4,2,3,13,6,8|14,4,2,3,13,6,12|14,4,2,3,13,7|14,4,2,3,13,8|14,4,2,3,13,12|14,4,2,7|14,4,2,13,6,8|14,4,2,13,6,12|14,4,2,13,7|14,4,2,13,8|14,4,2,13,12|14,4,13,2,7|14,4,13,3,2,7|14,4,13,6,8|14,4,13,6,12|14,4,13,7|14,4,13,8|14,4,13,12|14,6,8|14,6,12|14,6,13,2,7|14,6,13,3,2,7|14,6,13,4,2,7|14,6,13,7|14,6,13,8|14,6,13,12|14,7|14,8|14,12
13,2,3,7|13,2,3,14,5,6,11|13,2,3,14,5,6,12|13,2,3,14,5,11|13,2,3,14,5,12|13,2,3,14,6,5,11|13,2,3,14,6,5,12|13,2,3,14,6,11|13,2,3,14,6,12|13,2,3,14,7|13,2,3,14,11|13,2,3,14,12|13,2,7|13,2,14,3,7|13,2,14,5,6,11|13,2,14,5,6,12|13,2,14,5,11|13,2,14,5,12|13,2,14,6,5,11|13,2,14,6,5,12|13,2,14,6,11|13,2,14,6,12|13,2,14,7|13,2,14,11|13,2,14,12|13,3,2,7|13,3,2,14,5,6,11|13,3,2,14,5,6,12|13,3,2,14,5,11|13,3,2,14,5,12|13,3,2,14,6,5,11|13,3,2,14,6,5,12|13,3,2,14,6,11|13,3,2,14,6,12|13,3,2,14,7|13,3,2,14,11|13,3,2,14,12|13,3,7|13,3,14,2,7|13,3,14,5,6,11|13,3,14,5,6,12|13,3,14,5,11|13,3,14,5,12|13,3,14,6,5,11|13,3,14,6,5,12|13,3,14,6,11|13,3,14,6,12|13,3,14,7|13,3,14,11|13,3,14,12|13,4,14,2,3,7|13,4,14,2,7|13,4,14,3,2,7|13,4,14,3,7|13,4,14,5,6,11|13,4,14,5,6,12|13,4,14,5,11|13,4,14,5,12|13,4,14,6,5,11|13,4,14,6,5,12|13,4,14,6,11|13,4,14,6,12|13,4,14,7|13,4,14,11|13,4,14,12|13,5,6,11|13,5,6,12|13,5,6,14,2,3,7|13,5,6,14,2,7|13,5,6,14,3,2,7|13,5,6,14,3,7|13,5,6,14,7|13,5,6,14,11|13,5,6,14,12|13,5,11|13,5,12|13,5,14,2,3,7|13,5,14,2,7|13,5,14,3,2,7|13,5,14,3,7|13,5,14,6,11|13,5,14,6,12|13,5,14,7|13,5,14,11|13,5,14,12|13,7|13,11|13,12|14,2,3,7|14,2,3,13,5,6,11|14,2,3,13,5,6,12|14,2,3,13,5,11|14,2,3,13,5,12|14,2,3,13,7|14,2,3,13,11|14,2,3,13,12|14,2,7|14,2,13,3,7|14,2,13,5,6,11|14,2,13,5,6,12|14,2,13,5,11|14,2,13,5,12|14,2,13,7|14,2,13,11|14,2,13,12|14,3,2,7|14,3,2,13,5,6,11|14,3,2,13,5,6,12|14,3,2,13,5,11|14,3,2,13,5,12|14,3,2,13,7|14,3,2,13,11|14,3,2,13,12|14,3,7|14,3,13,2,7|14,3,13,5,6,11|14,3,13,5,6,12|14,3,13,5,11|14,3,13,5,12|14,3,13,7|14,3,13,11|14,3,13,12|14,4,13,2,3,7|14,4,13,2,7|14,4,13,3,2,7|14,4,13,3,7|14,4,13,5,6,11|14,4,13,5,6,12|14,4,13,5,11|14,4,13,5,12|14,4,13,7|14,4,13,11|14,4,13,12|14,5,6,11|14,5,6,12|14,5,11|14,5,12|14,5,13,2,3,7|14,5,13,2,7|14,5,13,3,2,7|14,5,13,3,7|14,5,13,7|14,5,13,11|14,5,13,12|14,6,5,11|14,6,5,12|14,6,5,13,2,3,7|14,6,5,13,2,7|14,6,5,13,3,2,7|14,6,5,13,3,7|14,6,5,13,7|14,6,5,13,11|14,6,5,13,12|14,6,11|14,6,12|14,7|14,11|14,12
13,3,7|13,3,14,6,11|13,3,14,6,12|13,3,14,7|13,3,14,11|13,3,14,12|13,4,14,3,7|13,4,14,6,11|13,4,14,6,12|13,4,14,7|13,4,14,11|13,4,14,12|13,7|13,11|13,12|14,3,7|14,3,13,7|14,3,13,11|14,3,13,12|14,4,13,3,7|14,4,13,7|14,4,13,11|14,4,13,12|14,6,11|14,6,12|14,7|14,11|14,12
13,2,4,14,5,11|13,2,4,14,5,12|13,2,4,14,10|13,2,4,14,11|13,2,4,14,12|13,2,10|13,2,14,5,11|13,2,14,5,12|13,2,14,10|13,2,14,11|13,2,14,12|13,4,2,10|13,4,2,14,5,11|13,4,2,14,5,12|13,4,2,14,10|13,4,2,14,11|13,4,2,14,12|13,4,14,2,10|13,4,14,5,11|13,4,14,5,12|13,4,14,10|13,4,14,11|13,4,14,12|13,5,11|13,5,12|13,5,14,2,10|13,5,14,4,2,10|13,5,14,10|13,5,14,11|13,5,14,12|13,7|13,10|13,11|13,12|14,2,4,13,5,11|14,2,4,13,5,12|14,2,4,13,7|14,2,4,13,10|14,2,4,13,11|14,2,4,13,12|14,2,10|14,2,13,5,11|14,2,13,5,12|14,2,13,7|14,2,13,10|14,2,13,11|14,2,13,12|14,4,2,10|14,4,2,13,5,11|14,4,2,13,5,12|14,4,2,13,7|14,4,2,13,10|14,4,2,13,11|14,4,2,13,12|14,4,13,2,10|14,4,13,5,11|14,4,13,5,12|14,4,13,7|14,4,13,10|14,4,13,11|14,4,13,12|14,5,11|14,5,12|14,5,13,2,10|14,5,13,4,2,10|14,5,13,7|14,5,13,10|14,5,13,11|14,5,13,12|14,10|14,11|14,12
13,2,4,14,10|13,2,4,14,11|13,2,4,14,12|13,2,14,10|13,2,14,11|13,2,14,12|13,4,2,14,10|13,4,2,14,11|13,4,2,14,12|13,4,14,10|13,4,14,11|13,4,14,12|13,10|13,11|13,12|14,2,4,13,10|14,2,4,13,11|14,2,4,13,12|14,2,13,10|14,2,13,11|14,2,13,12|14,4,2,13,10|14,4,2,13,11|14,4,2,13,12|14,4,13,10|14,4,13,11|14,4,13,12|14,10|14,11|14,12
13,2,3,4,7|13,2,3,4,14,5,6,11|13,2,3,4,14,5,6,12|13,2,3,4,14,5,11|13,2,3,4,14,5,12|13,2,3,4,14,10|13,2,3,4,14,11|13,2,3,4,14,12|13,2,3,7|13,2,4,3,7|13,2,4,7|13,2,4,14,5,6,11|13,2,4,14,5,6,12|13,2,4,14,5,11|13,2,4,14,5,12|13,2,4,14,10|13,2,4,14,11|13,2,4,14,12|13,2,7|13,2,14,4,3,7|13,2,14,4,7|13,2,14,5,6,11|13,2,14,5,6,12|13,2,14,5,11|13,2,14,5,12|13,2,14,10|13,2,14,11|13,2,14,12|13,4,2,3,7|13,4,2,7|13,4,2,14,5,6,11|13,4,2,14,5,6,12|13,4,2,14,5,11|13,4,2,14,5,12|13,4,2,14,10|13,4,2,14,11|13,4,2,14,12|13,4,3,2,7|13,4,3,2,14,5,6,11|13,4,3,2,14,5,6,12|13,4,3,2,14,5,11|13,4,3,2,14,5,12|13,4,3,2,14,10|13,4,3,2,14,11|13,4,3,2,14,12|13,4,3,7|13,4,7|13,4,14,2,3,7|13,4,14,2,7|13,4,14,5,6,11|13,4,14,5,6,12|13,4,14,5,11|13,4,14,5,12|13,4,14,10|13,4,14,11|13,4,14,12|13,5,6,11|13,5,6,12|13,5,11|13,5,12|13,5,14,2,3,4,7|13,5,14,2,3,7|13,5,14,2,4,3,7|13,5,14,2,4,7|13,5,14,2,7|13,5,14,4,2,3,7|13,5,14,4,2,7|13,5,14,4,3,2,7|13,5,14,4,3,7|13,5,14,4,7|13,5,14,10|13,5,14,11|13,5,14,12|13,6,5,11|13,6,5,12|13,6,5,14,2,3,4,7|13,6,5,14,2,3,7|13,6,5,14,2,4,3,7|13,6,5,14,2,4,7|13,6,5,14,2,7|13,6,5,14,4,2,3,7|13,6,5,14,4,2,7|13,6,5,14,4,3,2,7|13,6,5,14,4,3,7|13,6,5,14,4,7|13,6,5,14,10|13,6,5,14,11|13,6,5,14,12|13,6,11|13,6,12|13,10|13,11|13,12|14,2,3,4,7|14,2,3,4,13,5,6,11|14,2,3,4,13,5,6,12|14,2,3,4,13,5,11|14,2,3,4,13,5,12|14,2,3,4,13,6,5,11|14,2,3,4,13,6,5,12|14,2,3,4,13,6,11|14,2,3,4,13,6,12|14,2,3,4,13,10|14,2,3,4,13,11|14,2,3,4,13,12|14,2,3,7|14,2,4,3,7|14,2,4,7|14,2,4,13,5,6,11|14,2,4,13,5,6,12|14,2,4,13,5,11|14,2,4,13,5,12|14,2,4,13,6,5,11|14,2,4,13,6,5,12|14,2,4,13,6,11|14,2,4,13,6,12|14,2,4,13,10|14,2,4,13,11|14,2,4,13,12|14,2,7|14,2,13,4,3,7|14,2,13,4,7|14,2,13,5,6,11|14,2,13,5,6,12|14,2,13,5,11|14,2,13,5,12|14,2,13,6,5,11|14,2,13,6,5,12|14,2,13,6,11|14,2,13,6,12|14,2,13,10|14,2,13,11|14,2,13,12|14,4,2,3,7|14,4,2,7|14,4,2,13,5,6,11|14,4,2,13,5,6,12|14,4,2,13,5,11|14,4,2,13,5,12|14,4,2,13,6,5,11|14,4,2,13,6,5,12|14,4,2,13,6,11|14,4,2,13,6,12|14,4,2,13,10|14,4,2,13,11|14,4,2,13,12|14,4,3,2,7|14,4,3,2,13,5,6,11|14,4,3,2,13,5,6,12|14,4,3,2,13,5,11|14,4,3,2,13,5,12|14,4,3,2,13,6,5,11|14,4,3,2,13,6,5,12|14,4,3,2,13,6,11|14,4,3,2,13,6,12|14,4,3,2,13,10|14,4,3,2,13,11|14,4,3,2,13,12|14,4,3,7|14,4,7|14,4,13,2,3,7|14,4,13,2,7|14,4,13,5,6,11|14,4,13,5,6,12|14,4,13,5,11|14,4,13,5,12|14,4,13,6,5,11|14,4,13,6,5,12|14,4,13,6,11|14,4,13,6,12|14,4,13,10|14,4,13,11|14,4,13,12|14,5,6,11|14,5,6,12|14,5,6,13,2,3,4,7|14,5,6,13,2,3,7|14,5,6,13,2,4,3,7|14,5,6,13,2,4,7|14,5,6,13,2,7|14,5,6,13,4,2,3,7|14,5,6,13,4,2,7|14,5,6,13,4,3,2,7|14,5,6,13,4,3,7|14,5,6,13,4,7|14,5,6,13,10|14,5,6,13,11|14,5,6,13,12|14,5,11|14,5,12|14,5,13,2,3,4,7|14,5,13,2,3,7|14,5,13,2,4,3,7|14,5,13,2,4,7|14,5,13,2,7|14,5,13,4,2,3,7|14,5,13,4,2,7|14,5,13,4,3,2,7|14,5,13,4,3,7|14,5,13,4,7|14,5,13,6,11|14,5,13,6,12|14,5,13,10|14,5,13,11|14,5,13,12|14,10|14,11|14,12
13,4,2,3,7|13,4,2,7|13,4,3,2,7|13,4,3,7|13,4,7|13,4,14,9|13,4,14,10|13,4,14,11|13,6,9|13,6,11|13,9|13,10|13,11|14,4,2,3,7|14,4,2,7|14,4,3,2,7|14,4,3,7|14,4,7|14,4,13,6,9|14,4,13,6,11|14,4,13,9|14,4,13,10|14,4,13,11|14,9|14,10|14,11
13,2,10|13,2,14,5,6,9|13,2,14,5,6,11|13,2,14,5,9|13,2,14,5,11|13,2,14,6,5,9|13,2,14,6,5,11|13,2,14,6,9|13,2,14,6,11|13,2,14,9|13,2,14,10|13,2,14,11|13,5,6,9|13,5,6,11|13,5,6,14,2,10|13,5,6,14,9|13,5,6,14,10|13,5,6,14,11|13,5,9|13,5,11|13,5,14,2,10|13,5,14,6,9|13,5,14,6,11|13,5,14,9|13,5,14,10|13,5,14,11|13,6,5,9|13,6,5,11|13,6,5,14,2,10|13,6,5,14,9|13,6,5,14,10|13,6,5,14,11|13,6,9|13,6,11|13,6,14,2,10|13,6,14,5,9|13,6,14,5,11|13,6,14,9|13,6,14,10|13,6,14,11|13,9|13,10|13,11|14,2,10|14,2,13,5,6,9|14,2,13,5,6,11|14,2,13,5,9|14,2,13,5,11|14,2,13,6,5,9|14,2,13,6,5,11|14,2,13,6,9|14,2,13,6,11|14,2,13,9|14,2,13,10|14,2,13,11|14,5,6,9|14,5,6,11|14,5,6,13,2,10|14,5,6,13,9|14,5,6,13,10|14,5,6,13,11|14,5,9|14,5,11|14,5,13,2,10|14,5,13,6,9|14,5,13,6,11|14,5,13,9|14,5,13,10|14,5,13,11|14,6,5,9|14,6,5,11|14,6,5,13,2,10|14,6,5,13,9|14,6,5,13,10|14,6,5,13,11|14,6,9|14,6,11|14,6,13,2,10|14,6,13,5,9|14,6,13,5,11|14,6,13,9|14,6,13,10|14,6,13,11|14,9|14,10|14,11
13,2,10|13,2,14,6,9|13,2,14,6,11|13,2,14,9|13,2,14,10|13,2,14,11|13,6,9|13,6,11|13,6,14,2,10|13,6,14,9|13,6,14,10|13,6,14,11|13,9|13,10|13,11|14,2,10|14,2,13,6,9|14,2,13,6,11|14,2,13,9|14,2,13,10|14,2,13,11|14,6,9|14,6,11|14,6,13,2,10|14,6,13,9|14,6,13,10|14,6,13,11|14,9|14,10|14,11
13,2,4,3,7|13,2,4,7|13,2,10|13,2,14,5,6,8|13,2,14,5,6,9|13,2,14,5,8|13,2,14,5,9|13,2,14,6,5,8|13,2,14,6,5,9|13,2,14,6,8|13,2,14,6,9|13,2,14,8|13,2,14,9|13,2,14,10|13,5,6,8|13,5,6,9|13,5,6,14,2,4,3,7|13,5,6,14,2,4,7|13,5,6,14,2,10|13,5,6,14,8|13,5,6,14,9|13,5,6,14,10|13,5,8|13,5,9|13,5,14,2,4,3,7|13,5,14,2,4,7|13,5,14,2,10|13,5,14,6,8|13,5,14,6,9|13,5,14,8|13,5,14,9|13,5,14,10|13,8|13,9|13,10|14,2,4,3,7|14,2,4,7|14,2,10|14,2,13,5,6,8|14,2,13,5,6,9|14,2,13,5,8|14,2,13,5,9|14,2,13,8|14,2,13,9|14,2,13,10|14,5,6,8|14,5,6,9|14,5,8|14,5,9|14,5,13,2,4,3,7|14,5,13,2,4,7|14,5,13,2,10|14,5,13,8|14,5,13,9|14,5,13,10|14,6,5,8|14,6,5,9|14,6,5,13,2,4,3,7|14,6,5,13,2,4,7|14,6,5,13,2,10|14,6,5,13,8|14,6,5,13,9|14,6,5,13,10|14,6,8|14,6,9|14,8|14,9|14,10
13,3,2,4,7|13,3,2,4,14,6,8|13,3,2,4,14,6,9|13,3,2,4,14,8|13,3,2,4,14,9|13,3,2,4,14,10|13,3,2,7|13,3,4,2,7|13,3,4,7|13,3,4,14,6,8|13,3,4,14,6,9|13,3,4,14,8|13,3,4,14,9|13,3,4,14,10|13,3,7|13,3,14,4,2,7|13,3,14,4,7|13,3,14,6,8|13,3,14,6,9|13,3,14,8|13,3,14,9|13,3,14,10|13,8|13,9|13,10|14,3,2,4,7|14,3,2,7|14,3,4,2,7|14,3,4,7|14,3,7|14,3,13,8|14,3,13,9|14,3,13,10|14,4,2,3,7|14,4,2,3,13,8|14,4,2,3,13,9|14,4,2,3,13,10|14,4,2,7|14,4,3,2,7|14,4,3,7|14,4,3,13,8|14,4,3,13,9|14,4,3,13,10|14,4,7|14,6,8|14,6,9|14,8|14,9|14,10
13,2,3,4,7|13,2,3,4,14,5,8|13,2,3,4,14,5,9|13,2,3,4,14,7|13,2,3,4,14,8|13,2,3,4,14,9|13,2,3,7|13,2,3,14,4,7|13,2,3,14,5,8|13,2,3,14,5,9|13,2,3,14,7|13,2,3,14,8|13,2,3,14,9|13,2,4,3,7|13,2,4,3,14,5,8|13,2,4,3,14,5,9|13,2,4,3,14,7|13,2,4,3,14,8|13,2,4,3,14,9|13,2,4,7|13,2,4,14,3,7|13,2,4,14,5,8|13,2,4,14,5,9|13,2,4,14,7|13,2,4,14,8|13,2,4,14,9|13,2,7|13,2,14,3,4,7|13,2,14,3,7|13,2,14,4,3,7|13,2,14,4,7|13,2,14,5,8|13,2,14,5,9|13,2,14,7|13,2,14,8|13,2,14,9|13,3,2,4,7|13,3,2,4,14,5,8|13,3,2,4,14,5,9|13,3,2,4,14,7|13,3,2,4,14,8|13,3,2,4,14,9|13,3,2,7|13,3,2,14,4,7|13,3,2,14,5,8|13,3,2,14,5,9|13,3,2,14,7|13,3,2,14,8|13,3,2,14,9|13,3,4,2,7|13,3,4,2,14,5,8|13,3,4,2,14,5,9|13,3,4,2,14,7|13,3,4,2,14,8|13,3,4,2,14,9|13,3,4,7|13,3,4,14,2,7|13,3,4,14,5,8|13,3,4,14,5,9|13,3,4,14,7|13,3,4,14,8|13,3,4,14,9|13,3,7|13,3,14,2,4,7|13,3,14,2,7|13,3,14,4,2,7|13,3,14,4,7|13,3,14,5,8|13,3,14,5,9|13,3,14,7|13,3,14,8|13,3,14,9|13,4,2,3,7|13,4,2,3,14,5,8|13,4,2,3,14,5,9|13,4,2,3,14,7|13,4,2,3,14,8|13,4,2,3,14,9|13,4,2,7|13,4,2,14,3,7|13,4,2,14,5,8|13,4,2,14,5,9|13,4,2,14,7|13,4,2,14,8|13,4,2,14,9|13,4,3,2,7|13,4,3,2,14,5,8|13,4,3,2,14,5,9|13,4,3,2,14,7|13,4,3,2,14,8|13,4,3,2,14,9|13,4,3,7|13,4,3,14,2,7|13,4,3,14,5,8|13,4,3,14,5,9|13,4,3,14,7|13,4,3,14,8|13,4,3,14,9|13,4,7|13,4,14,2,3,7|13,4,14,2,7|13,4,14,3,2,7|13,4,14,3,7|13,4,14,5,8|13,4,14,5,9|13,4,14,7|13,4,14,8|13,4,14,9|13,5,8|13,5,9|13,5,14,2,3,4,7|13,5,14,2,3,7|13,5,14,2,4,3,7|13,5,14,2,4,7|13,5,14,2,7|13,5,14,3,2,4,7|13,5,14,3,2,7|13,5,14,3,4,2,7|13,5,14,3,4,7|13,5,14,3,7|13,5,14,4,2,3,7|13,5,14,4,2,7|13,5,14,4,3,2,7|13,5,14,4,3,7|13,5,14,4,7|13,5,14,7|13,5,14,8|13,5,14,9|13,7|13,8|13,9|13,10|14,2,3,4,7|14,2,3,4,13,5,8|14,2,3,4,13,5,9|14,2,3,4,13,7|14,2,3,4,13,8|14,2,3,4,13,9|14,2,3,4,13,10|14,2,3,7|14,2,3,13,4,7|14,2,3,13,5,8|14,2,3,13,5,9|14,2,3,13,7|14,2,3,13,8|14,2,3,13,9|14,2,3,13,10|14,2,4,3,7|14,2,4,3,13,5,8|14,2,4,3,13,5,9|14,2,4,3,13,7|14,2,4,3,13,8|14,2,4,3,13,9|14,2,4,3,13,10|14,2,4,7|14,2,4,13,3,7|14,2,4,13,5,8|14,2,4,13,5,9|14,2,4,13,7|14,2,4,13,8|14,2,4,13,9|14,2,4,13,10|14,2,7|14,2,13,3,4,7|14,2,13,3,7|14,2,13,4,3,7|14,2,13,4,7|14,2,13,5,8|14,2,13,5,9|14,2,13,7|14,2,13,8|14,2,13,9|14,2,13,10|14,3,2,4,7|14,3,2,4,13,5,8|14,3,2,4,13,5,9|14,3,2,4,13,7|14,3,2,4,13,8|14,3,2,4,13,9|14,3,2,4,13,10|14,3,2,7|14,3,2,13,4,7|14,3,2,13,5,8|14,3,2,13,5,9|14,3,2,13,7|14,3,2,13,8|14,3,2,13,9|14,3,2,13,10|14,3,4,2,7|14,3,4,2,13,5,8|14,3,4,2,13,5,9|14,3,4,2,13,7|14,3,4,2,13,8|14,3,4,2,13,9|14,3,4,2,13,10|14,3,4,7|14,3,4,13,2,7|14,3,4,13,5,8|14,3,4,13,5,9|14,3,4,13,7|14,3,4,13,8|14,3,4,13,9|14,3,4,13,10|14,3,7|14,3,13,2,4,7|14,3,13,2,7|14,3,13,4,2,7|14,3,13,4,7|14,3,13,5,8|14,3,13,5,9|14,3,13,7|14,3,13,8|14,3,13,9|14,3,13,10|14,4,2,3,7|14,4,2,3,13,5,8|14,4,2,3,13,5,9|14,4,2,3,13,7|14,4,2,3,13,8|14,4,2,3,13,9|14,4,2,3,13,10|14,4,2,7|14,4,2,13,3,7|14,4,2,13,5,8|14,4,2,13,5,9|14,4,2,13,7|14,4,2,13,8|14,4,2,13,9|14,4,2,13,10|14,4,3,2,7|14,4,3,2,13,5,8|14,4,3,2,13,5,9|14,4,3,2,13,7|14,4,3,2,13,8|14,4,3,2,13,9|14,4,3,2,13,10|14,4,3,7|14,4,3,13,2,7|14,4,3,13,5,8|14,4,3,13,5,9|14,4,3,13,7|14,4,3,13,8|14,4,3,13,9|14,4,3,13,10|14,4,7|14,4,13,2,3,7|14,4,13,2,7|14,4,13,3,2,7|14,4,13,3,7|14,4,13,5,8|14,4,13,5,9|14,4,13,7|14,4,13,8|14,4,13,9|14,4,13,10|14,5,8|14,5,9|14,5,13,2,3,4,7|14,5,13,2,3,7|14,5,13,2,4,3,7|14,5,13,2,4,7|14,5,13,2,7|14,5,13,3,2,4,7|14,5,13,3,2,7|14,5,13,3,4,2,7|14,5,13,3,4,7|14,5,13,3,7|14,5,13,4,2,3,7|14,5,13,4,2,7|14,5,13,4,3,2,7|14,5,13,4,3,7|14,5,13,4,7|14,5,13,7|14,5,13,8|14,5,13,9|14,5,13,10|14,7|14,8|14,9
13,2,4,3,7|13,2,4,3,14,7|13,2,4,3,14,8|13,2,4,3,14,9|13,2,4,7|13,2,4,14,3,7|13,2,4,14,7|13,2,4,14,8|13,2,4,14,9|13,2,14,3,4,7|13,2,14,3,7|13,2,14,4,3,7|13,2,14,4,7|13,2,14,7|13,2,14,8|13,2,14,9|13,3,4,2,14,7|13,3,4,2,14,8|13,3,4,2,14,9|13,3,4,7|13,3,4,14,7|13,3,4,14,8|13,3,4,14,9|13,3,7|13,3,14,2,4,7|13,3,14,4,7|13,3,14,7|13,3,14,8|13,3,14,9|13,4,2,14,3,7|13,4,2,14,7|13,4,2,14,8|13,4,2,14,9|13,4,3,7|13,4,3,14,7|13,4,3,14,8|13,4,3,14,9|13,4,7|13,4,14,3,7|13,4,14,7|13,4,14,8|13,4,14,9|13,7|13,8|13,9|14,2,4,3,7|14,2,4,3,13,7|14,2,4,3,13,8|14,2,4,3,13,9|14,2,4,7|14,2,4,13,3,7|14,2,4,13,7|14,2,4,13,8|14,2,4,13,9|14,2,13,3,4,7|14,2,13,3,7|14,2,13,4,3,7|14,2,13,4,7|14,2,13,7|14,2,13,8|14,2,13,9|14,3,4,2,13,7|14,3,4,2,13,8|14,3,4,2,13,9|14,3,4,7|14,3,4,13,7|14,3,4,13,8|14,3,4,13,9|14,3,7|14,3,13,2,4,7|14,3,13,4,7|14,3,13,7|14,3,13,8|14,3,13,9|14,4,2,13,3,7|14,4,2,13,7|14,4,2,13,8|14,4,2,13,9|14,4,3,7|14,4,3,13,7|14,4,3,13,8|14,4,3,13,9|14,4,7|14,4,13,3,7|14,4,13,7|14,4,13,8|14,4,13,9|14,7|14,8|14,9
13,2,10|13,2,14,3,4,7|13,2,14,3,7|13,2,14,4,3,7|13,2,14,4,7|13,2,14,5,6,8|13,2,14,5,6,9|13,2,14,5,8|13,2,14,5,9|13,2,14,7|13,2,14,8|13,2,14,9|13,3,4,7|13,3,4,14,2,10|13,3,4,14,5,6,8|13,3,4,14,5,6,9|13,3,4,14,5,8|13,3,4,14,5,9|13,3,4,14,7|13,3,4,14,8|13,3,4,14,9|13,3,7|13,3,14,2,10|13,3,14,4,7|13,3,14,5,6,8|13,3,14,5,6,9|13,3,14,5,8|13,3,14,5,9|13,3,14,7|13,3,14,8|13,3,14,9|13,4,3,7|13,4,3,14,2,10|13,4,3,14,5,6,8|13,4,3,14,5,6,9|13,4,3,14,5,8|13,4,3,14,5,9|13,4,3,14,7|13,4,3,14,8|13,4,3,14,9|13,4,7|13,4,14,2,10|13,4,14,3,7|13,4,14,5,6,8|13,4,14,5,6,9|13,4,14,5,8|13,4,14,5,9|13,4,14,7|13,4,14,8|13,4,14,9|13,5,6,8|13,5,6,9|13,5,8|13,5,9|13,5,14,2,10|13,5,14,3,4,7|13,5,14,3,7|13,5,14,4,3,7|13,5,14,4,7|13,5,14,7|13,5,14,8|13,5,14,9|13,6,5,8|13,6,5,9|13,6,5,14,2,10|13,6,5,14,3,4,7|13,6,5,14,3,7|13,6,5,14,4,3,7|13,6,5,14,4,7|13,6,5,14,7|13,6,5,14,8|13,6,5,14,9|13,6,8|13,6,9|13,7|13,8|13,9|14,2,10|14,2,13,3,4,7|14,2,13,3,7|14,2,13,4,3,7|14,2,13,4,7|14,2,13,5,6,8|14,2,13,5,6,9|14,2,13,5,8|14,2,13,5,9|14,2,13,6,5,8|14,2,13,6,5,9|14,2,13,6,8|14,2,13,6,9|14,2,13,7|14,2,13,8|14,2,13,9|14,3,4,7|14,3,4,13,2,10|14,3,4,13,5,6,8|14,3,4,13,5,6,9|14,3,4,13,5,8|14,3,4,13,5,9|14,3,4,13,6,5,8|14,3,4,13,6,5,9|14,3,4,13,6,8|14,3,4,13,6,9|14,3,4,13,7|14,3,4,13,8|14,3,4,13,9|14,3,7|14,3,13,2,10|14,3,13,4,7|14,3,13,5,6,8|14,3,13,5,6,9|14,3,13,5,8|14,3,13,5,9|14,3,13,6,5,8|14,3,13,6,5,9|14,3,13,6,8|14,3,13,6,9|14,3,13,7|14,3,13,8|14,3,13,9|14,4,3,7|14,4,3,13,2,10|14,4,3,13,5,6,8|14,4,3,13,5,6,9|14,4,3,13,5,8|14,4,3,13,5,9|14,4,3,13,6,5,8|14,4,3,13,6,5,9|14,4,3,13,6,8|14,4,3,13,6,9|14,4,3,13,7|14,4,3,13,8|14,4,3,13,9|14,4,7|14,4,13,2,10|14,4,13,3,7|14,4,13,5,6,8|14,4,13,5,6,9|14,4,13,5,8|14,4,13,5,9|14,4,13,6,5,8|14,4,13,6,5,9|14,4,13,6,8|14,4,13,6,9|14,4,13,7|14,4,13,8|14,4,13,9|14,5,6,8|14,5,6,9|14,5,6,13,2,10|14,5,6,13,3,4,7|14,5,6,13,3,7|14,5,6,13,4,3,7|14,5,6,13,4,7|14,5,6,13,7|14,5,6,13,8|14,5,6,13,9|14,5,8|14,5,9|14,5,13,2,10|14,5,13,3,4,7|14,5,13,3,7|14,5,13,4,3,7|14,5,13,4,7|14,5,13,6,8|14,5,13,6,9|14,5,13,7|14,5,13,8|14,5,13,9|14,7|14,8|14,9
13,3,4,7|13,3,4,14,7|13,3,4,14,8|13,3,4,14,12|13,3,7|13,3,14,4,7|13,3,14,7|13,3,14,8|13,3,14,12|13,4,3,7|13,4,3,14,7|13,4,3,14,8|13,4,3,14,12|13,4,7|13,4,14,3,7|13,4,14,7|13,4,14,8|13,4,14,12|13,6,8|13,6,12|13,7|13,8|13,12|14,3,4,7|14,3,4,13,6,8|14,3,4,13,6,12|14,3,4,13,7|14,3,4,13,8|14,3,4,13,12|14,3,7|14,3,13,4,7|14,3,13,6,8|14,3,13,6,12|14,3,13,7|14,3,13,8|14,3,13,12|14,4,3,7|14,4,3,13,6,8|14,4,3,13,6,12|14,4,3,13,7|14,4,3,13,8|14,4,3,13,12|14,4,7|14,4,13,3,7|14,4,13,6,8|14,4,13,6,12|14,4,13,7|14,4,13,8|14,4,13,12|14,7|14,8|14,12
13,2,3,4,7|13,2,3,4,14,5,6,8|13,2,3,4,14,5,6,12|13,2,3,4,14,5,8|13,2,3,4,14,5,12|13,2,3,4,14,6,5,8|13,2,3,4,14,6,5,12|13,2,3,4,14,6,8|13,2,3,4,14,6,12|13,2,3,4,14,7|13,2,3,4,14,8|13,2,3,4,14,12|13,2,3,7|13,2,3,14,4,7|13,2,3,14,5,6,8|13,2,3,14,5,6,12|13,2,3,14,5,8|13,2,3,14,5,12|13,2,3,14,6,5,8|13,2,3,14,6,5,12|13,2,3,14,6,8|13,2,3,14,6,12|13,2,3,14,7|13,2,3,14,8|13,2,3,14,12|13,2,4,3,7|13,2,4,3,14,5,6,8|13,2,4,3,14,5,6,12|13,2,4,3,14,5,8|13,2,4,3,14,5,12|13,2,4,3,14,6,5,8|13,2,4,3,14,6,5,12|13,2,4,3,14,6,8|13,2,4,3,14,6,12|13,2,4,3,14,7|13,2,4,3,14,8|13,2,4,3,14,12|13,2,4,7|13,2,4,14,3,7|13,2,4,14,5,6,8|13,2,4,14,5,6,12|13,2,4,14,5,8|13,2,4,14,5,12|13,2,4,14,6,5,8|13,2,4,14,6,5,12|13,2,4,14,6,8|13,2,4,14,6,12|13,2,4,14,7|13,2,4,14,8|13,2,4,14,12|13,2,7|13,2,14,3,4,7|13,2,14,3,7|13,2,14,4,3,7|13,2,14,4,7|13,2,14,5,6,8|13,2,14,5,6,12|13,2,14,5,8|13,2,14,5,12|13,2,14,6,5,8|13,2,14,6,5,12|13,2,14,6,8|13,2,14,6,12|13,2,14,7|13,2,14,8|13,2,14,12|13,3,2,4,7|13,3,2,4,14,5,6,8|13,3,2,4,14,5,6,12|13,3,2,4,14,5,8|13,3,2,4,14,5,12|13,3,2,4,14,6,5,8|13,3,2,4,14,6,5,12|13,3,2,4,14,6,8|13,3,2,4,14,6,12|13,3,2,4,14,7|13,3,2,4,14,8|13,3,2,4,14,12|13,3,2,7|13,3,2,14,4,7|13,3,2,14,5,6,8|13,3,2,14,5,6,12|13,3,2,14,5,8|13,3,2,14,5,12|13,3,2,14,6,5,8|13,3,2,14,6,5,12|13,3,2,14,6,8|13,3,2,14,6,12|13,3,2,14,7|13,3,2,14,8|13,3,2,14,12|13,3,4,2,7|13,3,4,2,14,5,6,8|13,3,4,2,14,5,6,12|13,3,4,2,14,5,8|13,3,4,2,14,5,12|13,3,4,2,14,6,5,8|13,3,4,2,14,6,5,12|13,3,4,2,14,6,8|13,3,4,2,14,6,12|13,3,4,2,14,7|13,3,4,2,14,8|13,3,4,2,14,12|13,3,4,7|13,3,4,14,2,7|13,3,4,14,5,6,8|13,3,4,14,5,6,12|13,3,4,14,5,8|13,3,4,14,5,12|13,3,4,14,6,5,8|13,3,4,14,6,5,12|13,3,4,14,6,8|13,3,4,14,6,12|13,3,4,14,7|13,3,4,14,8|13,3,4,14,12|13,3,7|13,3,14,2,4,7|13,3,14,2,7|13,3,14,4,2,7|13,3,14,4,7|13,3,14,5,6,8|13,3,14,5,6,12|13,3,14,5,8|13,3,14,5,12|13,3,14,6,5,8|13,3,14,6,5,12|13,3,14,6,8|13,3,14,6,12|13,3,14,7|13,3,14,8|13,3,14,12|13,4,2,3,7|13,4,2,3,14,5,6,8|13,4,2,3,14,5,6,12|13,4,2,3,14,5,8|13,4,2,3,14,5,12|13,4,2,3,14,6,5,8|13,4,2,3,14,6,5,12|13,4,2,3,14,6,8|13,4,2,3,14,6,12|13,4,2,3,14,7|13,4,2,3,14,8|13,4,2,3,14,12|13,4,2,7|13,4,2,14,3,7|13,4,2,14,5,6,8|13,4,2,14,5,6,12|13,4,2,14,5,8|13,4,2,14,5,12|13,4,2,14,6,5,8|13,4,2,14,6,5,12|13,4,2,14,6,8|13,4,2,14,6,12|13,4,2,14,7|13,4,2,14,8|13,4,2,14,12|13,4,3,2,7|13,4,3,2,14,5,6,8|13,4,3,2,14,5,6,12|13,4,3,2,14,5,8|13,4,3,2,14,5,12|13,4,3,2,14,6,5,8|13,4,3,2,14,6,5,12|13,4,3,2,14,6,8|13,4,3,2,14,6,12|13,4,3,2,14,7|13,4,3,2,14,8|13,4,3,2,14,12|13,4,3,7|13,4,3,14,2,7|13,4,3,14,5,6,8|13,4,3,14,5,6,12|13,4,3,14,5,8|13,4,3,14,5,12|13,4,3,14,6,5,8|13,4,3,14,6,5,12|13,4,3,14,6,8|13,4,3,14,6,12|13,4,3,14,7|13,4,3,14,8|13,4,3,14,12|13,4,7|13,4,14,2,3,7|13,4,14,2,7|13,4,14,3,2,7|13,4,14,3,7|13,4,14,5,6,8|13,4,14,5,6,12|13,4,14,5,8|13,4,14,5,12|13,4,14,6,5,8|13,4,14,6,5,12|13,4,14,6,8|13,4,14,6,12|13,4,14,7|13,4,14,8|13,4,14,12|13,5,6,8|13,5,6,12|13,5,6,14,2,3,4,7|13,5,6,14,2,3,7|13,5,6,14,2,4,3,7|13,5,6,14,2,4,7|13,5,6,14,2,7|13,5,6,14,3,2,4,7|13,5,6,14,3,2,7|13,5,6,14,3,4,2,7|13,5,6,14,3,4,7|13,5,6,14,3,7|13,5,6,14,4,2,3,7|13,5,6,14,4,2,7|13,5,6,14,4,3,2,7|13,5,6,14,4,3,7|13,5,6,14,4,7|13,5,6,14,7|13,5,6,14,8|13,5,6,14,12|13,5,8|13,5,12|13,5,14,2,3,4,7|13,5,14,2,3,7|13,5,14,2,4,3,7|13,5,14,2,4,7|13,5,14,2,7|13,5,14,3,2,4,7|13,5,14,3,2,7|13,5,14,3,4,2,7|13,5,14,3,4,7|13,5,14,3,7|13,5,14,4,2,3,7|13,5,14,4,2,7|13,5,14,4,3,2,7|13,5,14,4,3,7|13,5,14,4,7|13,5,14,6,8|13,5,14,6,12|13,5,14,7|13,5,14,8|13,5,14,12|13,6,5,8|13,6,5,12|13,6,5,14,2,3,4,7|13,6,5,14,2,3,7|13,6,5,14,2,4,3,7|13,6,5,14,2,4,7|13,6,5,14,2,7|13,6,5,14,3,2,4,7|13,6,5,14,3,2,7|13,6,5,14,3,4,2,7|13,6,5,14,3,4,7|13,6,5,14,3,7|13,6,5,14,4,2,3,7|13,6,5,14,4,2,7|13,6,5,14,4,3,2,7|13,6,5,14,4,3,7|13,6,5,14,4,7|13,6,5,14,7|13,6,5,14,8|13,6,5,14,12|13,6,8|13,6,12|13,6,14,2,3,4,7|13,6,14,2,3,7|13,6,14,2,4,3,7|13,6,14,2,4,7|13,6,14,2,7|13,6,14,3,2,4,7|13,6,14,3,2,7|13,6,14,3,4,2,7|13,6,14,3,4,7|13,6,14,3,7|13,6,14,4,2,3,7|13,6,14,4,2,7|13,6,14,4,3,2,7|13,6,14,4,3,7|13,6,14,4,7|13,6,14,5,8|13,6,14,5,12|13,6,14,7|13,6,14,8|13,6,14,12|13,7|13,8|13,12|14,2,3,4,7|14,2,3,4,13,5,6,8|14,2,3,4,13,5,6,12|14,2,3,4,13,5,8|14,2,3,4,13,5,12|14,2,3,4,13,6,5,8|14,2,3,4,13,6,5,12|14,2,3,4,13,6,8|14,2,3,4,13,6,12|14,2,3,4,13,7|14,2,3,4,13,8|14,2,3,4,13,12|14,2,3,7|14,2,3,13,4,7|14,2,3,13,5,6,8|14,2,3,13,5,6,12|14,2,3,13,5,8|14,2,3,13,5,12|14,2,3,13,6,5,8|14,2,3,13,6,5,12|14,2,3,13,6,8|14,2,3,13,6,12|14,2,3,13,7|14,2,3,13,8|14,2,3,13,12|14,2,4,3,7|14,2,4,3,13,5,6,8|14,2,4,3,13,5,6,12|14,2,4,3,13,5,8|14,2,4,3,13,5,12|14,2,4,3,13,6,5,8|14,2,4,3,13,6,5,12|14,2,4,3,13,6,8|14,2,4,3,13,6,12|14,2,4,3,13,7|14,2,4,3,13,8|14,2,4,3,13,12|14,2,4,7|14,2,4,13,3,7|14,2,4,13,5,6,8|14,2,4,13,5,6,12|14,2,4,13,5,8|14,2,4,13,5,12|14,2,4,13,6,5,8|14,2,4,13,6,5,12|14,2,4,13,6,8|14,2,4,13,6,12|14,2,4,13,7|14,2,4,13,8|14,2,4,13,12|14,2,7|14,2,13,3,4,7|14,2,13,3,7|14,2,13,4,3,7|14,2,13,4,7|14,2,13,5,6,8|14,2,13,5,6,12|14,2,13,5,8|14,2,13,5,12|14,2,13,6,5,8|14,2,13,6,5,12|14,2,13,6,8|14,2,13,6,12|14,2,13,7|14,2,13,8|14,2,13,12|14,3,2,4,7|14,3,2,4,13,5,6,8|14,3,2,4,13,5,6,12|14,3,2,4,13,5,8|14,3,2,4,13,5,12|14,3,2,4,13,6,5,8|14,3,2,4,13,6,5,12|14,3,2,4,13,6,8|14,3,2,4,13,6,12|14,3,2,4,13,7|14,3,2,4,13,8|14,3,2,4,13,12|14,3,2,7|14,3,2,13,4,7|14,3,2,13,5,6,8|14,3,2,13,5,6,12|14,3,2,13,5,8|14,3,2,13,5,12|14,3,2,13,6,5,8|14,3,2,13,6,5,12|14,3,2,13,6,8|14,3,2,13,6,12|14,3,2,13,7|14,3,2,13,8|14,3,2,13,12|14,3,4,2,7|14,3,4,2,13,5,6,8|14,3,4,2,13,5,6,12|14,3,4,2,13,5,8|14,3,4,2,13,5,12|14,3,4,2,13,6,5,8|14,3,4,2,13,6,5,12|14,3,4,2,13,6,8|14,3,4,2,13,6,12|14,3,4,2,13,7|14,3,4,2,13,8|14,3,4,2,13,12|14,3,4,7|14,3,4,13,2,7|14,3,4,13,5,6,8|14,3,4,13,5,6,12|14,3,4,13,5,8|14,3,4,13,5,12|14,3,4,13,6,5,8|14,3,4,13,6,5,12|14,3,4,13,6,8|14,3,4,13,6,12|14,3,4,13,7|14,3,4,13,8|14,3,4,13,12|14,3,7|14,3,13,2,4,7|14,3,13,2,7|14,3,13,4,2,7|14,3,13,4,7|14,3,13,5,6,8|14,3,13,5,6,12|14,3,13,5,8|14,3,13,5,12|14,3,13,6,5,8|14,3,13,6,5,12|14,3,13,6,8|14,3,13,6,12|14,3,13,7|14,3,13,8|14,3,13,12|14,4,2,3,7|14,4,2,3,13,5,6,8|14,4,2,3,13,5,6,12|14,4,2,3,13,5,8|14,4,2,3,13,5,12|14,4,2,3,13,6,5,8|14,4,2,3,13,6,5,12|14,4,2,3,13,6,8|14,4,2,3,13,6,12|14,4,2,3,13,7|14,4,2,3,13,8|14,4,2,3,13,12|14,4,2,7|14,4,2,13,3,7|14,4,2,13,5,6,8|14,4,2,13,5,6,12|14,4,2,13,5,8|14,4,2,13,5,12|14,4,2,13,6,5,8|14,4,2,13,6,5,12|14,4,2,13,6,8|14,4,2,13,6,12|14,4,2,13,7|14,4,2,13,8|14,4,2,13,12|14,4,3,2,7|14,4,3,2,13,5,6,8|14,4,3,2,13,5,6,12|14,4,3,2,13,5,8|14,4,3,2,13,5,12|14,4,3,2,13,6,5,8|14,4,3,2,13,6,5,12|14,4,3,2,13,6,8|14,4,3,2,13,6,12|14,4,3,2,13,7|14,4,3,2,13,8|14,4,3,2,13,12|14,4,3,7|14,4,3,13,2,7|14,4,3,13,5,6,8|14,4,3,13,5,6,12|14,4,3,13,5,8|14,4,3,13,5,12|14,4,3,13,6,5,8|14,4,3,13,6,5,12|14,4,3,13,6,8|14,4,3,13,6,12|14,4,3,13,7|14,4,3,13,8|14,4,3,13,12|14,4,7|14,4,13,2,3,7|14,4,13,2,7|14,4,13,3,2,7|14,4,13,3,7|14,4,13,5,6,8|14,4,13,5,6,12|14,4,13,5,8|14,4,13,5,12|14,4,13,6,5,8|14,4,13,6,5,12|14,4,13,6,8|14,4,13,6,12|14,4,13,7|14,4,13,8|14,4,13,12|14,5,6,8|14,5,6,12|14,5,6,13,2,3,4,7|14,5,6,13,2,3,7|14,5,6,13,2,4,3,7|14,5,6,13,2,4,7|14,5,6,13,2,7|14,5,6,13,3,2,4,7|14,5,6,13,3,2,7|14,5,6,13,3,4,2,7|14,5,6,13,3,4,7|14,5,6,13,3,7|14,5,6,13,4,2,3,7|14,5,6,13,4,2,7|14,5,6,13,4,3,2,7|14,5,6,13,4,3,7|14,5,6,13,4,7|14,5,6,13,7|14,5,6,13,8|14,5,6,13,12|14,5,8|14,5,12|14,5,13,2,3,4,7|14,5,13,2,3,7|14,5,13,2,4,3,7|14,5,13,2,4,7|14,5,13,2,7|14,5,13,3,2,4,7|14,5,13,3,2,7|14,5,13,3,4,2,7|14,5,13,3,4,7|14,5,13,3,7|14,5,13,4,2,3,7|14,5,13,4,2,7|14,5,13,4,3,2,7|14,5,13,4,3,7|14,5,13,4,7|14,5,13,6,8|14,5,13,6,12|14,5,13,7|14,5,13,8|14,5,13,12|14,6,5,8|14,6,5,12|14,6,5,13,2,3,4,7|14,6,5,13,2,3,7|14,6,5,13,2,4,3,7|14,6,5,13,2,4,7|14,6,5,13,2,7|14,6,5,13,3,2,4,7|14,6,5,13,3,2,7|14,6,5,13,3,4,2,7|14,6,5,13,3,4,7|14,6,5,13,3,7|14,6,5,13,4,2,3,7|14,6,5,13,4,2,7|14,6,5,13,4,3,2,7|14,6,5,13,4,3,7|14,6,5,13,4,7|14,6,5,13,7|14,6,5,13,8|14,6,5,13,12|14,6,8|14,6,12|14,6,13,2,3,4,7|14,6,13,2,3,7|14,6,13,2,4,3,7|14,6,13,2,4,7|14,6,13,2,7|14,6,13,3,2,4,7|14,6,13,3,2,7|14,6,13,3,4,2,7|14,6,13,3,4,7|14,6,13,3,7|14,6,13,4,2,3,7|14,6,13,4,2,7|14,6,13,4,3,2,7|14,6,13,4,3,7|14,6,13,4,7|14,6,13,5,8|14,6,13,5,12|14,6,13,7|14,6,13,8|14,6,13,12|14,7|14,8|14,12
13,2,3,4,7|13,2,3,4,14,6,8|13,2,3,4,14,6,12|13,2,3,4,14,7|13,2,3,4,14,8|13,2,3,4,14,12|13,2,3,7|13,2,3,14,4,7|13,2,3,14,6,8|13,2,3,14,6,12|13,2,3,14,7|13,2,3,14,8|13,2,3,14,12|13,2,4,3,7|13,2,4,3,14,6,8|13,2,4,3,14,6,12|13,2,4,3,14,7|13,2,4,3,14,8|13,2,4,3,14,12|13,2,4,7|13,2,4,14,3,7|13,2,4,14,6,8|13,2,4,14,6,12|13,2,4,14,7|13,2,4,14,8|13,2,4,14,12|13,2,7|13,2,14,3,4,7|13,2,14,3,7|13,2,14,4,3,7|13,2,14,4,7|13,2,14,6,8|13,2,14,6,12|13,2,14,7|13,2,14,8|13,2,14,12|13,3,2,4,7|13,3,2,4,14,6,8|13,3,2,4,14,6,12|13,3,2,4,14,7|13,3,2,4,14,8|13,3,2,4,14,12|13,3,2,7|13,3,2,14,4,7|13,3,2,14,6,8|13,3,2,14,6,12|13,3,2,14,7|13,3,2,14,8|13,3,2,14,12|13,3,4,2,7|13,3,4,2,14,6,8|13,3,4,2,14,6,12|13,3,4,2,14,7|13,3,4,2,14,8|13,3,4,2,14,12|13,3,4,7|13,3,4,14,2,7|13,3,4,14,6,8|13,3,4,14,6,12|13,3,4,14,7|13,3,4,14,8|13,3,4,14,12|13,3,7|13,3,14,2,4,7|13,3,14,2,7|13,3,14,4,2,7|13,3,14,4,7|13,3,14,6,8|13,3,14,6,12|13,3,14,7|13,3,14,8|13,3,14,12|13,4,2,3,7|13,4,2,3,14,6,8|13,4,2,3,14,6,12|13,4,2,3,14,7|13,4,2,3,14,8|13,4,2,3,14,12|13,4,2,7|13,4,2,14,3,7|13,4,2,14,6,8|13,4,2,14,6,12|13,4,2,14,7|13,4,2,14,8|13,4,2,14,12|13,4,3,2,7|13,4,3,2,14,6,8|13,4,3,2,14,6,12|13,4,3,2,14,7|13,4,3,2,14,8|13,4,3,2,14,12|13,4,3,7|13,4,3,14,2,7|13,4,3,14,6,8|13,4,3,14,6,12|13,4,3,14,7|13,4,3,14,8|13,4,3,14,12|13,4,7|13,4,14,2,3,7|13,4,14,2,7|13,4,14,3,2,7|13,4,14,3,7|13,4,14,6,8|13,4,14,6,12|13,4,14,7|13,4,14,8|13,4,14,12|13,6,8|13,6,12|13,6,14,2,3,4,7|13,6,14,2,3,7|13,6,14,2,4,3,7|13,6,14,2,4,7|13,6,14,2,7|13,6,14,3,2,4,7|13,6,14,3,2,7|13,6,14,3,4,2,7|13,6,14,3,4,7|13,6,14,3,7|13,6,14,4,2,3,7|13,6,14,4,2,7|13,6,14,4,3,2,7|13,6,14,4,3,7|13,6,14,4,7|13,6,14,7|13,6,14,8|13,6,14,12|13,7|13,8|13,12|14,2,3,4,7|14,2,3,4,13,6,8|14,2,3,4,13,6,12|14,2,3,4,13,7|14,2,3,4,13,8|14,2,3,4,13,12|14,2,3,7|14,2,3,13,4,7|14,2,3,13,6,8|14,2,3,13,6,12|14,2,3,13,7|14,2,3,13,8|14,2,3,13,12|14,2,4,3,7|14,2,4,3,13,6,8|14,2,4,3,13,6,12|14,2,4,3,13,7|14,2,4,3,13,8|14,2,4,3,13,12|14,2,4,7|14,2,4,13,3,7|14,2,4,13,6,8|14,2,4,13,6,12|14,2,4,13,7|14,2,4,13,8|14,2,4,13,12|14,2,7|14,2,13,3,4,7|14,2,13,3,7|14,2,13,4,3,7|14,2,13,4,7|14,2,13,6,8|14,2,13,6,12|14,2,13,7|14,2,13,8|14,2,13,12|14,3,2,4,7|14,3,2,4,13,6,8|14,3,2,4,13,6,12|14,3,2,4,13,7|14,3,2,4,13,8|14,3,2,4,13,12|14,3,2,7|14,3,2,13,4,7|14,3,2,13,6,8|14,3,2,13,6,12|14,3,2,13,7|14,3,2,13,8|14,3,2,13,12|14,3,4,2,7|14,3,4,2,13,6,8|14,3,4,2,13,6,12|14,3,4,2,13,7|14,3,4,2,13,8|14,3,4,2,13,12|14,3,4,7|14,3,4,13,2,7|14,3,4,13,6,8|14,3,4,13,6,12|14,3,4,13,7|14,3,4,13,8|14,3,4,13,12|14,3,7|14,3,13,2,4,7|14,3,13,2,7|14,3,13,4,2,7|14,3,13,4,7|14,3,13,6,8|14,3,13,6,12|14,3,13,7|14,3,13,8|14,3,13,12|14,4,2,3,7|14,4,2,3,13,6,8|14,4,2,3,13,6,12|14,4,2,3,13,7|14,4,2,3,13,8|14,4,2,3,13,12|14,4,2,7|14,4,2,13,3,7|14,4,2,13,6,8|14,4,2,13,6,12|14,4,2,13,7|14,4,2,13,8|14,4,2,13,12|14,4,3,2,7|14,4,3,2,13,6,8|14,4,3,2,13,6,12|14,4,3,2,13,7|14,4,3,2,13,8|14,4,3,2,13,12|14,4,3,7|14,4,3,13,2,7|14,4,3,13,6,8|14,4,3,13,6,12|14,4,3,13,7|14,4,3,13,8|14,4,3,13,12|14,4,7|14,4,13,2,3,7|14,4,13,2,7|14,4,13,3,2,7|14,4,13,3,7|14,4,13,6,8|14,4,13,6,12|14,4,13,7|14,4,13,8|14,4,13,12|14,6,8|14,6,12|14,6,13,2,3,4,7|14,6,13,2,3,7|14,6,13,2,4,3,7|14,6,13,2,4,7|14,6,13,2,7|14,6,13,3,2,4,7|14,6,13,3,2,7|14,6,13,3,4,2,7|14,6,13,3,4,7|14,6,13,3,7|14,6,13,4,2,3,7|14,6,13,4,2,7|14,6,13,4,3,2,7|14,6,13,4,3,7|14,6,13,4,7|14,6,13,7|14,6,13,8|14,6,13,12|14,7|14,8|14,12
13,2,4,3,7|13,2,4,3,14,5,6,11|13,2,4,3,14,5,6,12|13,2,4,3,14,5,11|13,2,4,3,14,5,12|13,2,4,3,14,6,5,11|13,2,4,3,14,6,5,12|13,2,4,3,14,6,11|13,2,4,3,14,6,12|13,2,4,3,14,7|13,2,4,3,14,11|13,2,4,3,14,12|13,2,4,7|13,2,4,14,3,7|13,2,4,14,5,6,11|13,2,4,14,5,6,12|13,2,4,14,5,11|13,2,4,14,5,12|13,2,4,14,6,5,11|13,2,4,14,6,5,12|13,2,4,14,6,11|13,2,4,14,6,12|13,2,4,14,7|13,2,4,14,11|13,2,4,14,12|13,2,7|13,2,14,3,4,7|13,2,14,3,7|13,2,14,4,3,7|13,2,14,4,7|13,2,14,5,6,11|13,2,14,5,6,12|13,2,14,5,11|13,2,14,5,12|13,2,14,6,5,11|13,2,14,6,5,12|13,2,14,6,11|13,2,14,6,12|13,2,14,7|13,2,14,11|13,2,14,12|13,3,4,2,7|13,3,4,2,14,5,6,11|13,3,4,2,14,5,6,12|13,3,4,2,14,5,11|13,3,4,2,14,5,12|13,3,4,2,14,6,5,11|13,3,4,2,14,6,5,12|13,3,4,2,14,6,11|13,3,4,2,14,6,12|13,3,4,2,14,7|13,3,4,2,14,11|13,3,4,2,14,12|13,3,4,7|13,3,4,14,2,7|13,3,4,14,5,6,11|13,3,4,14,5,6,12|13,3,4,14,5,11|13,3,4,14,5,12|13,3,4,14,6,5,11|13,3,4,14,6,5,12|13,3,4,14,6,11|13,3,4,14,6,12|13,3,4,14,7|13,3,4,14,11|13,3,4,14,12|13,3,7|13,3,14,2,4,7|13,3,14,2,7|13,3,14,4,2,7|13,3,14,4,7|13,3,14,5,6,11|13,3,14,5,6,12|13,3,14,5,11|13,3,14,5,12|13,3,14,6,5,11|13,3,14,6,5,12|13,3,14,6,11|13,3,14,6,12|13,3,14,7|13,3,14,11|13,3,14,12|13,4,2,7|13,4,2,14,3,7|13,4,2,14,5,6,11|13,4,2,14,5,6,12|13,4,2,14,5,11|13,4,2,14,5,12|13,4,2,14,6,5,11|13,4,2,14,6,5,12|13,4,2,14,6,11|13,4,2,14,6,12|13,4,2,14,7|13,4,2,14,11|13,4,2,14,12|13,4,3,7|13,4,3,14,2,7|13,4,3,14,5,6,11|13,4,3,14,5,6,12|13,4,3,14,5,11|13,4,3,14,5,12|13,4,3,14,6,5,11|13,4,3,14,6,5,12|13,4,3,14,6,11|13,4,3,14,6,12|13,4,3,14,7|13,4,3,14,11|13,4,3,14,12|13,4,7|13,4,14,2,7|13,4,14,3,7|13,4,14,5,6,11|13,4,14,5,6,12|13,4,14,5,11|13,4,14,5,12|13,4,14,6,5,11|13,4,14,6,5,12|13,4,14,6,11|13,4,14,6,12|13,4,14,7|13,4,14,11|13,4,14,12|13,5,6,11|13,5,6,12|13,5,6,14,2,4,3,7|13,5,6,14,2,4,7|13,5,6,14,2,7|13,5,6,14,3,4,2,7|13,5,6,14,3,4,7|13,5,6,14,3,7|13,5,6,14,4,2,7|13,5,6,14,4,3,7|13,5,6,14,4,7|13,5,6,14,7|13,5,6,14,11|13,5,6,14,12|13,5,11|13,5,12|13,5,14,2,4,3,7|13,5,14,2,4,7|13,5,14,2,7|13,5,14,3,4,2,7|13,5,14,3,4,7|13,5,14,3,7|13,5,14,4,2,7|13,5,14,4,3,7|13,5,14,4,7|13,5,14,6,11|13,5,14,6,12|13,5,14,7|13,5,14,11|13,5,14,12|13,7|13,11|13,12|14,2,4,3,7|14,2,4,3,13,5,6,11|14,2,4,3,13,5,6,12|14,2,4,3,13,5,11|14,2,4,3,13,5,12|14,2,4,3,13,7|14,2,4,3,13,11|14,2,4,3,13,12|14,2,4,7|14,2,4,13,3,7|14,2,4,13,5,6,11|14,2,4,13,5,6,12|14,2,4,13,5,11|14,2,4,13,5,12|14,2,4,13,7|14,2,4,13,11|14,2,4,13,12|14,2,7|14,2,13,3,4,7|14,2,13,3,7|14,2,13,4,3,7|14,2,13,4,7|14,2,13,5,6,11|14,2,13,5,6,12|14,2,13,5,11|14,2,13,5,12|14,2,13,7|14,2,13,11|14,2,13,12|14,3,4,2,7|14,3,4,2,13,5,6,11|14,3,4,2,13,5,6,12|14,3,4,2,13,5,11|14,3,4,2,13,5,12|14,3,4,2,13,7|14,3,4,2,13,11|14,3,4,2,13,12|14,3,4,7|14,3,4,13,2,7|14,3,4,13,5,6,11|14,3,4,13,5,6,12|14,3,4,13,5,11|14,3,4,13,5,12|14,3,4,13,7|14,3,4,13,11|14,3,4,13,12|14,3,7|14,3,13,2,4,7|14,3,13,2,7|14,3,13,4,2,7|14,3,13,4,7|14,3,13,5,6,11|14,3,13,5,6,12|14,3,13,5,11|14,3,13,5,12|14,3,13,7|14,3,13,11|14,3,13,12|14,4,2,7|14,4,2,13,3,7|14,4,2,13,5,6,11|14,4,2,13,5,6,12|14,4,2,13,5,11|14,4,2,13,5,12|14,4,2,13,7|14,4,2,13,11|14,4,2,13,12|14,4,3,7|14,4,3,13,2,7|14,4,3,13,5,6,11|14,4,3,13,5,6,12|14,4,3,13,5,11|14,4,3,13,5,12|14,4,3,13,7|14,4,3,13,11|14,4,3,13,12|14,4,7|14,4,13,2,7|14,4,13,3,7|14,4,13,5,6,11|14,4,13,5,6,12|14,4,13,5,11|14,4,13,5,12|14,4,13,7|14,4,13,11|14,4,13,12|14,5,6,11|14,5,6,12|14,5,11|14,5,12|14,5,13,2,4,3,7|14,5,13,2,4,7|14,5,13,2,7|14,5,13,3,4,2,7|14,5,13,3,4,7|14,5,13,3,7|14,5,13,4,2,7|14,5,13,4,3,7|14,5,13,4,7|14,5,13,7|14,5,13,11|14,5,13,12|14,6,5,11|14,6,5,12|14,6,5,13,2,4,3,7|14,6,5,13,2,4,7|14,6,5,13,2,7|14,6,5,13,3,4,2,7|14,6,5,13,3,4,7|14,6,5,13,3,7|14,6,5,13,4,2,7|14,6,5,13,4,3,7|14,6,5,13,4,7|14,6,5,13,7|14,6,5,13,11|14,6,5,13,12|14,6,11|14,6,12|14,7|14,11|14,12
13,3,7|13,3,14,4,2,10|13,3,14,4,7|13,3,14,6,11|13,3,14,6,12|13,3,14,7|13,3,14,11|13,3,14,12|13,4,2,10|13,4,7|13,4,14,3,7|13,4,14,6,11|13,4,14,6,12|13,4,14,7|13,4,14,11|13,4,14,12|13,7|13,11|13,12|14,3,7|14,3,13,4,2,10|14,3,13,4,7|14,3,13,7|14,3,13,11|14,3,13,12|14,4,2,10|14,4,7|14,4,13,3,7|14,4,13,7|14,4,13,11|14,4,13,12|14,6,11|14,6,12|14,7|14,11|14,12
13,2,10|13,2,14,3,7|13,2,14,5,11|13,2,14,5,12|13,2,14,10|13,2,14,11|13,2,14,12|13,3,7|13,3,14,2,10|13,3,14,5,11|13,3,14,5,12|13,3,14,10|13,3,14,11|13,3,14,12|13,5,11|13,5,12|13,5,14,2,10|13,5,14,3,7|13,5,14,10|13,5,14,11|13,5,14,12|13,7|13,10|13,11|13,12|14,2,10|14,2,13,3,7|14,2,13,5,11|14,2,13,5,12|14,2,13,7|14,2,13,10|14,2,13,11|14,2,13,12|14,3,7|14,3,13,2,10|14,3,13,5,11|14,3,13,5,12|14,3,13,7|14,3,13,10|14,3,13,11|14,3,13,12|14,5,11|14,5,12|14,5,13,2,10|14,5,13,3,7|14,5,13,7|14,5,13,10|14,5,13,11|14,5,13,12|14,10|14,11|14,12
13,2,3,7|13,2,3,14,10|13,2,3,14,11|13,2,3,14,12|13,2,14,3,7|13,2,14,10|13,2,14,11|13,2,14,12|13,3,2,14,10|13,3,2,14,11|13,3,2,14,12|13,3,7|13,3,14,10|13,3,14,11|13,3,14,12|13,10|13,11|13,12|14,2,3,7|14,2,3,13,10|14,2,3,13,11|14,2,3,13,12|14,2,13,3,7|14,2,13,10|14,2,13,11|14,2,13,12|14,3,2,13,10|14,3,2,13,11|14,3,2,13,12|14,3,7|14,3,13,10|14,3,13,11|14,3,13,12|14,10|14,11|14,12
13,2,3,14,5,6,11|13,2,3,14,5,6,12|13,2,3,14,5,11|13,2,3,14,5,12|13,2,3,14,10|13,2,3,14,11|13,2,3,14,12|13,2,7|13,2,14,5,6,11|13,2,14,5,6,12|13,2,14,5,11|13,2,14,5,12|13,2,14,10|13,2,14,11|13,2,14,12|13,3,2,7|13,3,2,14,5,6,11|13,3,2,14,5,6,12|13,3,2,14,5,11|13,3,2,14,5,12|13,3,2,14,10|13,3,2,14,11|13,3,2,14,12|13,3,14,2,7|13,3,14,5,6,11|13,3,14,5,6,12|13,3,14,5,11|13,3,14,5,12|13,3,14,10|13,3,14,11|13,3,14,12|13,5,6,11|13,5,6,12|13,5,11|13,5,12|13,5,14,2,7|13,5,14,3,2,7|13,5,14,10|13,5,14,11|13,5,14,12|13,6,5,11|13,6,5,12|13,6,5,14,2,7|13,6,5,14,3,2,7|13,6,5,14,10|13,6,5,14,11|13,6,5,14,12|13,6,11|13,6,12|13,10|13,11|13,12|14,2,3,13,5,6,11|14,2,3,13,5,6,12|14,2,3,13,5,11|14,2,3,13,5,12|14,2,3,13,6,5,11|14,2,3,13,6,5,12|14,2,3,13,6,11|14,2,3,13,6,12|14,2,3,13,10|14,2,3,13,11|14,2,3,13,12|14,2,7|14,2,13,5,6,11|14,2,13,5,6,12|14,2,13,5,11|14,2,13,5,12|14,2,13,6,5,11|14,2,13,6,5,12|14,2,13,6,11|14,2,13,6,12|14,2,13,10|14,2,13,11|14,2,13,12|14,3,2,7|14,3,2,13,5,6,11|14,3,2,13,5,6,12|14,3,2,13,5,11|14,3,2,13,5,12|14,3,2,13,6,5,11|14,3,2,13,6,5,12|14,3,2,13,6,11|14,3,2,13,6,12|14,3,2,13,10|14,3,2,13,11|14,3,2,13,12|14,3,13,2,7|14,3,13,5,6,11|14,3,13,5,6,12|14,3,13,5,11|14,3,13,5,12|14,3,13,6,5,11|14,3,13,6,5,12|14,3,13,6,11|14,3,13,6,12|14,3,13,10|14,3,13,11|14,3,13,12|14,5,6,11|14,5,6,12|14,5,6,13,2,7|14,5,6,13,3,2,7|14,5,6,13,10|14,5,6,13,11|14,5,6,13,12|14,5,11|14,5,12|14,5,13,2,7|14,5,13,3,2,7|14,5,13,6,11|14,5,13,6,12|14,5,13,10|14,5,13,11|14,5,13,12|14,10|14,11|14,12
13,3,14,4,2,7|13,3,14,9|13,3,14,10|13,3,14,11|13,6,9|13,6,11|13,9|13,10|13,11|14,3,13,6,9|14,3,13,6,11|14,3,13,9|14,3,13,10|14,3,13,11|14,4,2,7|14,9|14,10|14,11
13,2,4,14,5,6,9|13,2,4,14,5,6,11|13,2,4,14,5,9|13,2,4,14,5,11|13,2,4,14,6,5,9|13,2,4,14,6,5,11|13,2,4,14,6,9|13,2,4,14,6,11|13,2,4,14,9|13,2,4,14,10|13,2,4,14,11|13,2,10|13,2,14,5,6,9|13,2,14,5,6,11|13,2,14,5,9|13,2,14,5,11|13,2,14,6,5,9|13,2,14,6,5,11|13,2,14,6,9|13,2,14,6,11|13,2,14,9|13,2,14,10|13,2,14,11|13,4,2,10|13,4,2,14,5,6,9|13,4,2,14,5,6,11|13,4,2,14,5,9|13,4,2,14,5,11|13,4,2,14,6,5,9|13,4,2,14,6,5,11|13,4,2,14,6,9|13,4,2,14,6,11|13,4,2,14,9|13,4,2,14,10|13,4,2,14,11|13,4,14,2,10|13,4,14,5,6,9|13,4,14,5,6,11|13,4,14,5,9|13,4,14,5,11|13,4,14,6,5,9|13,4,14,6,5,11|13,4,14,6,9|13,4,14,6,11|13,4,14,9|13,4,14,10|13,4,14,11|13,5,6,9|13,5,6,11|13,5,6,14,2,10|13,5,6,14,4,2,10|13,5,6,14,9|13,5,6,14,10|13,5,6,14,11|13,5,9|13,5,11|13,5,14,2,10|13,5,14,4,2,10|13,5,14,6,9|13,5,14,6,11|13,5,14,9|13,5,14,10|13,5,14,11|13,6,5,9|13,6,5,11|13,6,5,14,2,10|13,6,5,14,4,2,10|13,6,5,14,9|13,6,5,14,10|13,6,5,14,11|13,6,9|13,6,11|13,6,14,2,10|13,6,14,4,2,10|13,6,14,5,9|13,6,14,5,11|13,6,14,9|13,6,14,10|13,6,14,11|13,9|13,10|13,11|14,2,4,13,5,6,9|14,2,4,13,5,6,11|14,2,4,13,5,9|14,2,4,13,5,11|14,2,4,13,6,5,9|14,2,4,13,6,5,11|14,2,4,13,6,9|14,2,4,13,6,11|14,2,4,13,9|14,2,4,13,10|14,2,4,13,11|14,2,10|14,2,13,5,6,9|14,2,13,5,6,11|14,2,13,5,9|14,2,13,5,11|14,2,13,6,5,9|14,2,13,6,5,11|14,2,13,6,9|14,2,13,6,11|14,2,13,9|14,2,13,10|14,2,13,11|14,4,2,10|14,4,2,13,5,6,9|14,4,2,13,5,6,11|14,4,2,13,5,9|14,4,2,13,5,11|14,4,2,13,6,5,9|14,4,2,13,6,5,11|14,4,2,13,6,9|14,4,2,13,6,11|14,4,2,13,9|14,4,2,13,10|14,4,2,13,11|14,4,13,2,10|14,4,13,5,6,9|14,4,13,5,6,11|14,4,13,5,9|14,4,13,5,11|14,4,13,6,5,9|14,4,13,6,5,11|14,4,13,6,9|14,4,13,6,11|14,4,13,9|14,4,13,10|14,4,13,11|14,5,6,9|14,5,6,11|14,5,6,13,2,10|14,5,6,13,4,2,10|14,5,6,13,9|14,5,6,13,10|14,5,6,13,11|14,5,9|14,5,11|14,5,13,2,10|14,5,13,4,2,10|14,5,13,6,9|14,5,13,6,11|14,5,13,9|14,5,13,10|14,5,13,11|14,6,5,9|14,6,5,11|14,6,5,13,2,10|14,6,5,13,4,2,10|14,6,5,13,9|14,6,5,13,10|14,6,5,13,11|14,6,9|14,6,11|14,6,13,2,10|14,6,13,4,2,10|14,6,13,5,9|14,6,13,5,11|14,6,13,9|14,6,13,10|14,6,13,11|14,9|14,10|14,11
13,2,4,14,6,9|13,2,4,14,6,11|13,2,4,14,9|13,2,4,14,10|13,2,4,14,11|13,2,10|13,2,14,6,9|13,2,14,6,11|13,2,14,9|13,2,14,10|13,2,14,11|13,4,2,10|13,4,2,14,6,9|13,4,2,14,6,11|13,4,2,14,9|13,4,2,14,10|13,4,2,14,11|13,4,14,2,10|13,4,14,6,9|13,4,14,6,11|13,4,14,9|13,4,14,10|13,4,14,11|13,6,9|13,6,11|13,6,14,2,10|13,6,14,4,2,10|13,6,14,9|13,6,14,10|13,6,14,11|13,9|13,10|13,11|14,2,4,13,6,9|14,2,4,13,6,11|14,2,4,13,9|14,2,4,13,10|14,2,4,13,11|14,2,10|14,2,13,6,9|14,2,13,6,11|14,2,13,9|14,2,13,10|14,2,13,11|14,4,2,10|14,4,2,13,6,9|14,4,2,13,6,11|14,4,2,13,9|14,4,2,13,10|14,4,2,13,11|14,4,13,2,10|14,4,13,6,9|14,4,13,6,11|14,4,13,9|14,4,13,10|14,4,13,11|14,6,9|14,6,11|14,6,13,2,10|14,6,13,4,2,10|14,6,13,9|14,6,13,10|14,6,13,11|14,9|14,10|14,11
13,2,10|13,2,14,5,6,8|13,2,14,5,6,9|13,2,14,5,8|13,2,14,5,9|13,2,14,6,5,8|13,2,14,6,5,9|13,2,14,6,8|13,2,14,6,9|13,2,14,8|13,2,14,9|13,2,14,10|13,4,14,2,10|13,4,14,5,6,8|13,4,14,5,6,9|13,4,14,5,8|13,4,14,5,9|13,4,14,6,5,8|13,4,14,6,5,9|13,4,14,6,8|13,4,14,6,9|13,4,14,8|13,4,14,9|13,4,14,10|13,5,6,8|13,5,6,9|13,5,6,14,2,10|13,5,6,14,8|13,5,6,14,9|13,5,6,14,10|13,5,8|13,5,9|13,5,14,2,10|13,5,14,6,8|13,5,14,6,9|13,5,14,8|13,5,14,9|13,5,14,10|13,8|13,9|13,10|14,2,10|14,2,13,5,6,8|14,2,13,5,6,9|14,2,13,5,8|14,2,13,5,9|14,2,13,8|14,2,13,9|14,2,13,10|14,4,13,2,10|14,4,13,5,6,8|14,4,13,5,6,9|14,4,13,5,8|14,4,13,5,9|14,4,13,8|14,4,13,9|14,4,13,10|14,5,6,8|14,5,6,9|14,5,8|14,5,9|14,5,13,2,10|14,5,13,8|14,5,13,9|14,5,13,10|14,6,5,8|14,6,5,9|14,6,5,13,2,10|14,6,5,13,8|14,6,5,13,9|14,6,5,13,10|14,6,8|14,6,9|14,8|14,9|14,10
13,4,14,6,8|13,4,14,6,9|13,4,14,8|13,4,14,9|13,4,14,10|13,8|13,9|13,10|14,4,13,8|14,4,13,9|14,4,13,10|14,6,8|14,6,9|14,8|14,9|14,10
13,2,4,14,5,8|13,2,4,14,5,9|13,2,4,14,7|13,2,4,14,8|13,2,4,14,9|13,2,7|13,2,14,5,8|13,2,14,5,9|13,2,14,7|13,2,14,8|13,2,14,9|13,4,2,7|13,4,2,14,5,8|13,4,2,14,5,9|13,4,2,14,7|13,4,2,14,8|13,4,2,14,9|13,4,14,2,7|13,4,14,5,8|13,4,14,5,9|13,4,14,7|13,4,14,8|13,4,14,9|13,5,8|13,5,9|13,5,14,2,7|13,5,14,4,2,7|13,5,14,7|13,5,14,8|13,5,14,9|13,7|13,8|13,9|13,10|14,2,4,13,5,8|14,2,4,13,5,9|14,2,4,13,7|14,2,4,13,8|14,2,4,13,9|14,2,4,13,10|14,2,7|14,2,13,5,8|14,2,13,5,9|14,2,13,7|14,2,13,8|14,2,13,9|14,2,13,10|14,4,2,7|14,4,2,13,5,8|14,4,2,13,5,9|14,4,2,13,7|14,4,2,13,8|14,4,2,13,9|14,4,2,13,10|14,4,13,2,7|14,4,13,5,8|14,4,13,5,9|14,4,13,7|14,4,13,8|14,4,13,9|14,4,13,10|14,5,8|14,5,9|14,5,13,2,7|14,5,13,4,2,7|14,5,13,7|14,5,13,8|14,5,13,9|14,5,13,10|14,7|14,8|14,9
13,2,4,14,7|13,2,4,14,8|13,2,4,14,9|13,2,14,7|13,2,14,8|13,2,14,9|13,4,2,14,7|13,4,2,14,8|13,4,2,14,9|13,4,14,7|13,4,14,8|13,4,14,9|13,7|13,8|13,9|14,2,4,13,7|14,2,4,13,8|14,2,4,13,9|14,2,13,7|14,2,13,8|14,2,13,9|14,4,2,13,7|14,4,2,13,8|14,4,2,13,9|14,4,13,7|14,4,13,8|14,4,13,9|14,7|14,8|14,9
13,2,4,10|13,2,4,14,5,6,8|13,2,4,14,5,6,9|13,2,4,14,5,8|13,2,4,14,5,9|13,2,4,14,7|13,2,4,14,8|13,2,4,14,9|13,2,10|13,2,14,4,10|13,2,14,5,6,8|13,2,14,5,6,9|13,2,14,5,8|13,2,14,5,9|13,2,14,7|13,2,14,8|13,2,14,9|13,4,2,10|13,4,2,14,5,6,8|13,4,2,14,5,6,9|13,4,2,14,5,8|13,4,2,14,5,9|13,4,2,14,7|13,4,2,14,8|13,4,2,14,9|13,4,10|13,4,14,2,10|13,4,14,5,6,8|13,4,14,5,6,9|13,4,14,5,8|13,4,14,5,9|13,4,14,7|13,4,14,8|13,4,14,9|13,5,6,8|13,5,6,9|13,5,8|13,5,9|13,5,14,2,4,10|13,5,14,2,10|13,5,14,4,2,10|13,5,14,4,10|13,5,14,7|13,5,14,8|13,5,14,9|13,6,5,8|13,6,5,9|13,6,5,14,2,4,10|13,6,5,14,2,10|13,6,5,14,4,2,10|13,6,5,14,4,10|13,6,5,14,7|13,6,5,14,8|13,6,5,14,9|13,6,8|13,6,9|13,7|13,8|13,9|14,2,4,10|14,2,4,13,5,6,8|14,2,4,13,5,6,9|14,2,4,13,5,8|14,2,4,13,5,9|14,2,4,13,6,5,8|14,2,4,13,6,5,9|14,2,4,13,6,8|14,2,4,13,6,9|14,2,4,13,7|14,2,4,13,8|14,2,4,13,9|14,2,10|14,2,13,4,10|14,2,13,5,6,8|14,2,13,5,6,9|14,2,13,5,8|14,2,13,5,9|14,2,13,6,5,8|14,2,13,6,5,9|14,2,13,6,8|14,2,13,6,9|14,2,13,7|14,2,13,8|14,2,13,9|14,4,2,10|14,4,2,13,5,6,8|14,4,2,13,5,6,9|14,4,2,13,5,8|14,4,2,13,5,9|14,4,2,13,6,5,8|14,4,2,13,6,5,9|14,4,2,13,6,8|14,4,2,13,6,9|14,4,2,13,7|14,4,2,13,8|14,4,2,13,9|14,4,10|14,4,13,2,10|14,4,13,5,6,8|14,4,13,5,6,9|14,4,13,5,8|14,4,13,5,9|14,4,13,6,5,8|14,4,13,6,5,9|14,4,13,6,8|14,4,13,6,9|14,4,13,7|14,4,13,8|14,4,13,9|14,5,6,8|14,5,6,9|14,5,6,13,2,4,10|14,5,6,13,2,10|14,5,6,13,4,2,10|14,5,6,13,4,10|14,5,6,13,7|14,5,6,13,8|14,5,6,13,9|14,5,8|14,5,9|14,5,13,2,4,10|14,5,13,2,10|14,5,13,4,2,10|14,5,13,4,10|14,5,13,6,8|14,5,13,6,9|14,5,13,7|14,5,13,8|14,5,13,9|14,7|14,8|14,9
13,3,2,4,10|13,3,2,4,14,7|13,3,2,4,14,8|13,3,2,4,14,12|13,3,2,10|13,3,14,4,2,10|13,3,14,4,10|13,3,14,7|13,3,14,8|13,3,14,12|13,4,2,3,14,7|13,4,2,3,14,8|13,4,2,3,14,12|13,4,2,10|13,4,10|13,4,14,3,2,10|13,4,14,7|13,4,14,8|13,4,14,12|13,6,8|13,6,12|13,7|13,8|13,12|14,3,2,4,10|14,3,2,4,13,6,8|14,3,2,4,13,6,12|14,3,2,4,13,7|14,3,2,4,13,8|14,3,2,4,13,12|14,3,2,10|14,3,13,4,2,10|14,3,13,4,10|14,3,13,6,8|14,3,13,6,12|14,3,13,7|14,3,13,8|14,3,13,12|14,4,2,3,13,6,8|14,4,2,3,13,6,12|14,4,2,3,13,7|14,4,2,3,13,8|14,4,2,3,13,12|14,4,2,10|14,4,10|14,4,13,3,2,10|14,4,13,6,8|14,4,13,6,12|14,4,13,7|14,4,13,8|14,4,13,12|14,7|14,8|14,12
13,2,3,14,5,6,8|13,2,3,14,5,6,12|13,2,3,14,5,8|13,2,3,14,5,12|13,2,3,14,6,5,8|13,2,3,14,6,5,12|13,2,3,14,6,8|13,2,3,14,6,12|13,2,3,14,7|13,2,3,14,8|13,2,3,14,12|13,2,7|13,2,14,5,6,8|13,2,14,5,6,12|13,2,14,5,8|13,2,14,5,12|13,2,14,6,5,8|13,2,14,6,5,12|13,2,14,6,8|13,2,14,6,12|13,2,14,7|13,2,14,8|13,2,14,12|13,3,2,7|13,3,2,14,5,6,8|13,3,2,14,5,6,12|13,3,2,14,5,8|13,3,2,14,5,12|13,3,2,14,6,5,8|13,3,2,14,6,5,12|13,3,2,14,6,8|13,3,2,14,6,12|13,3,2,14,7|13,3,2,14,8|13,3,2,14,12|13,3,14,2,7|13,3,14,5,6,8|13,3,14,5,6,12|13,3,14,5,8|13,3,14,5,12|13,3,14,6,5,8|13,3,14,6,5,12|13,3,14,6,8|13,3,14,6,12|13,3,14,7|13,3,14,8|13,3,14,12|13,5,6,8|13,5,6,12|13,5,6,14,2,7|13,5,6,14,3,2,7|13,5,6,14,7|13,5,6,14,8|13,5,6,14,12|13,5,8|13,5,12|13,5,14,2,7|13,5,14,3,2,7|13,5,14,6,8|13,5,14,6,12|13,5,14,7|13,5,14,8|13,5,14,12|13,6,5,8|13,6,5,12|13,6,5,14,2,7|13,6,5,14,3,2,7|13,6,5,14,7|13,6,5,14,8|13,6,5,14,12|13,6,8|13,6,12|13,6,14,2,7|13,6,14,3,2,7|13,6,14,5,8|13,6,14,5,12|13,6,14,7|13,6,14,8|13,6,14,12|13,7|13,8|13,12|14,2,3,13,5,6,8|14,2,3,13,5,6,12|14,2,3,13,5,8|14,2,3,13,5,12|14,2,3,13,6,5,8|14,2,3,13,6,5,12|14,2,3,13,6,8|14,2,3,13,6,12|14,2,3,13,7|14,2,3,13,8|14,2,3,13,12|14,2,7|14,2,13,5,6,8|14,2,13,5,6,12|14,2,13,5,8|14,2,13,5,12|14,2,13,6,5,8|14,2,13,6,5,12|14,2,13,6,8|14,2,13,6,12|14,2,13,7|14,2,13,8|14,2,13,12|14,3,2,7|14,3,2,13,5,6,8|14,3,2,13,5,6,12|14,3,2,13,5,8|14,3,2,13,5,12|14,3,2,13,6,5,8|14,3,2,13,6,5,12|14,3,2,13,6,8|14,3,2,13,6,12|14,3,2,13,7|14,3,2,13,8|14,3,2,13,12|14,3,13,2,7|14,3,13,5,6,8|14,3,13,5,6,12|14,3,13,5,8|14,3,13,5,12|14,3,13,6,5,8|14,3,13,6,5,12|14,3,13,6,8|14,3,13,6,12|14,3,13,7|14,3,13,8|14,3,13,12|14,5,6,8|14,5,6,12|14,5,6,13,2,7|14,5,6,13,3,2,7|14,5,6,13,7|14,5,6,13,8|14,5,6,13,12|14,5,8|14,5,12|14,5,13,2,7|14,5,13,3,2,7|14,5,13,6,8|14,5,13,6,12|14,5,13,7|14,5,13,8|14,5,13,12|14,6,5,8|14,6,5,12|14,6,5,13,2,7|14,6,5,13,3,2,7|14,6,5,13,7|14,6,5,13,8|14,6,5,13,12|14,6,8|14,6,12|14,6,13,2,7|14,6,13,3,2,7|14,6,13,5,8|14,6,13,5,12|14,6,13,7|14,6,13,8|14,6,13,12|14,7|14,8|14,12
13,2,7|13,2,14,6,8|13,2,14,6,12|13,2,14,7|13,2,14,8|13,2,14,12|13,3,14,2,7|13,3,14,6,8|13,3,14,6,12|13,3,14,7|13,3,14,8|13,3,14,12|13,6,8|13,6,12|13,6,14,2,7|13,6,14,7|13,6,14,8|13,6,14,12|13,7|13,8|13,12|14,2,7|14,2,13,6,8|14,2,13,6,12|14,2,13,7|14,2,13,8|14,2,13,12|14,3,13,2,7|14,3,13,6,8|14,3,13,6,12|14,3,13,7|14,3,13,8|14,3,13,12|14,6,8|14,6,12|14,6,13,2,7|14,6,13,7|14,6,13,8|14,6,13,12|14,7|14,8|14,12
13,2,4,10|13,2,7|13,2,14,5,6,11|13,2,14,5,6,12|13,2,14,5,11|13,2,14,5,12|13,2,14,6,5,11|13,2,14,6,5,12|13,2,14,6,11|13,2,14,6,12|13,2,14,7|13,2,14,11|13,2,14,12|13,3,14,2,4,10|13,3,14,2,7|13,3,14,5,6,11|13,3,14,5,6,12|13,3,14,5,11|13,3,14,5,12|13,3,14,6,5,11|13,3,14,6,5,12|13,3,14,6,11|13,3,14,6,12|13,3,14,7|13,3,14,11|13,3,14,12|13,5,6,11|13,5,6,12|13,5,6,14,2,4,10|13,5,6,14,2,7|13,5,6,14,7|13,5,6,14,11|13,5,6,14,12|13,5,11|13,5,12|13,5,14,2,4,10|13,5,14,2,7|13,5,14,6,11|13,5,14,6,12|13,5,14,7|13,5,14,11|13,5,14,12|13,7|13,11|13,12|14,2,4,10|14,2,7|14,2,13,5,6,11|14,2,13,5,6,12|14,2,13,5,11|14,2,13,5,12|14,2,13,7|14,2,13,11|14,2,13,12|14,3,13,2,4,10|14,3,13,2,7|14,3,13,5,6,11|14,3,13,5,6,12|14,3,13,5,11|14,3,13,5,12|14,3,13,7|14,3,13,11|14,3,13,12|14,5,6,11|14,5,6,12|14,5,11|14,5,12|14,5,13,2,4,10|14,5,13,2,7|14,5,13,7|14,5,13,11|14,5,13,12|14,6,5,11|14,6,5,12|14,6,5,13,2,4,10|14,6,5,13,2,7|14,6,5,13,7|14,6,5,13,11|14,6,5,13,12|14,6,11|14,6,12|14,7|14,11|14,12
13,3,14,4,2,10|13,3,14,4,10|13,3,14,6,11|13,3,14,6,12|13,3,14,7|13,3,14,11|13,3,14,12|13,7|13,11|13,12|14,3,13,7|14,3,13,11|14,3,13,12|14,4,2,10|14,4,10|14,6,11|14,6,12|14,7|14,11|14,12
13,2,3,4,10|13,2,3,4,14,5,11|13,2,3,4,14,5,12|13,2,3,4,14,10|13,2,3,4,14,11|13,2,3,4,14,12|13,2,3,14,4,10|13,2,3,14,5,11|13,2,3,14,5,12|13,2,3,14,10|13,2,3,14,11|13,2,3,14,12|13,2,4,3,14,5,11|13,2,4,3,14,5,12|13,2,4,3,14,10|13,2,4,3,14,11|13,2,4,3,14,12|13,2,4,10|13,2,4,14,5,11|13,2,4,14,5,12|13,2,4,14,10|13,2,4,14,11|13,2,4,14,12|13,2,10|13,2,14,3,4,10|13,2,14,4,10|13,2,14,5,11|13,2,14,5,12|13,2,14,10|13,2,14,11|13,2,14,12|13,3,2,4,10|13,3,2,4,14,5,11|13,3,2,4,14,5,12|13,3,2,4,14,10|13,3,2,4,14,11|13,3,2,4,14,12|13,3,2,10|13,3,2,14,4,10|13,3,2,14,5,11|13,3,2,14,5,12|13,3,2,14,10|13,3,2,14,11|13,3,2,14,12|13,3,4,2,10|13,3,4,2,14,5,11|13,3,4,2,14,5,12|13,3,4,2,14,10|13,3,4,2,14,11|13,3,4,2,14,12|13,3,4,10|13,3,4,14,2,10|13,3,4,14,5,11|13,3,4,14,5,12|13,3,4,14,10|13,3,4,14,11|13,3,4,14,12|13,3,14,2,4,10|13,3,14,2,10|13,3,14,4,2,10|13,3,14,4,10|13,3,14,5,11|13,3,14,5,12|13,3,14,10|13,3,14,11|13,3,14,12|13,4,2,3,14,5,11|13,4,2,3,14,5,12|13,4,2,3,14,10|13,4,2,3,14,11|13,4,2,3,14,12|13,4,2,10|13,4,2,14,5,11|13,4,2,14,5,12|13,4,2,14,10|13,4,2,14,11|13,4,2,14,12|13,4,3,2,10|13,4,3,2,14,5,11|13,4,3,2,14,5,12|13,4,3,2,14,10|13,4,3,2,14,11|13,4,3,2,14,12|13,4,3,14,2,10|13,4,3,14,5,11|13,4,3,14,5,12|13,4,3,14,10|13,4,3,14,11|13,4,3,14,12|13,4,10|13,4,14,2,10|13,4,14,3,2,10|13,4,14,5,11|13,4,14,5,12|13,4,14,10|13,4,14,11|13,4,14,12|13,5,11|13,5,12|13,5,14,2,3,4,10|13,5,14,2,4,10|13,5,14,2,10|13,5,14,3,2,4,10|13,5,14,3,2,10|13,5,14,3,4,2,10|13,5,14,3,4,10|13,5,14,4,2,10|13,5,14,4,3,2,10|13,5,14,4,10|13,5,14,10|13,5,14,11|13,5,14,12|13,7|13,10|13,11|13,12|14,2,3,4,10|14,2,3,4,13,5,11|14,2,3,4,13,5,12|14,2,3,4,13,7|14,2,3,4,13,10|14,2,3,4,13,11|14,2,3,4,13,12|14,2,3,13,4,10|14,2,3,13,5,11|14,2,3,13,5,12|14,2,3,13,7|14,2,3,13,10|14,2,3,13,11|14,2,3,13,12|14,2,4,3,13,5,11|14,2,4,3,13,5,12|14,2,4,3,13,7|14,2,4,3,13,10|14,2,4,3,13,11|14,2,4,3,13,12|14,2,4,10|14,2,4,13,5,11|14,2,4,13,5,12|14,2,4,13,7|14,2,4,13,10|14,2,4,13,11|14,2,4,13,12|14,2,10|14,2,13,3,4,10|14,2,13,4,10|14,2,13,5,11|14,2,13,5,12|14,2,13,7|14,2,13,10|14,2,13,11|14,2,13,12|14,3,2,4,10|14,3,2,4,13,5,11|14,3,2,4,13,5,12|14,3,2,4,13,7|14,3,2,4,13,10|14,3,2,4,13,11|14,3,2,4,13,12|14,3,2,10|14,3,2,13,4,10|14,3,2,13,5,11|14,3,2,13,5,12|14,3,2,13,7|14,3,2,13,10|14,3,2,13,11|14,3,2,13,12|14,3,4,2,10|14,3,4,2,13,5,11|14,3,4,2,13,5,12|14,3,4,2,13,7|14,3,4,2,13,10|14,3,4,2,13,11|14,3,4,2,13,12|14,3,4,10|14,3,4,13,2,10|14,3,4,13,5,11|14,3,4,13,5,12|14,3,4,13,7|14,3,4,13,10|14,3,4,13,11|14,3,4,13,12|14,3,13,2,4,10|14,3,13,2,10|14,3,13,4,2,10|14,3,13,4,10|14,3,13,5,11|14,3,13,5,12|14,3,13,7|14,3,13,10|14,3,13,11|14,3,13,12|14,4,2,3,13,5,11|14,4,2,3,13,5,12|14,4,2,3,13,7|14,4,2,3,13,10|14,4,2,3,13,11|14,4,2,3,13,12|14,4,2,10|14,4,2,13,5,11|14,4,2,13,5,12|14,4,2,13,7|14,4,2,13,10|14,4,2,13,11|14,4,2,13,12|14,4,3,2,10|14,4,3,2,13,5,11|14,4,3,2,13,5,12|14,4,3,2,13,7|14,4,3,2,13,10|14,4,3,2,13,11|14,4,3,2,13,12|14,4,3,13,2,10|14,4,3,13,5,11|14,4,3,13,5,12|14,4,3,13,7|14,4,3,13,10|14,4,3,13,11|14,4,3,13,12|14,4,10|14,4,13,2,10|14,4,13,3,2,10|14,4,13,5,11|14,4,13,5,12|14,4,13,7|14,4,13,10|14,4,13,11|14,4,13,12|14,5,11|14,5,12|14,5,13,2,3,4,10|14,5,13,2,4,10|14,5,13,2,10|14,5,13,3,2,4,10|14,5,13,3,2,10|14,5,13,3,4,2,10|14,5,13,3,4,10|14,5,13,4,2,10|14,5,13,4,3,2,10|14,5,13,4,10|14,5,13,7|14,5,13,10|14,5,13,11|14,5,13,12|14,10|14,11|14,12
13,2,3,4,10|13,2,3,4,14,10|13,2,3,4,14,11|13,2,3,4,14,12|13,2,3,14,4,10|13,2,3,14,10|13,2,3,14,11|13,2,3,14,12|13,2,4,3,14,10|13,2,4,3,14,11|13,2,4,3,14,12|13,2,4,10|13,2,4,14,10|13,2,4,14,11|13,2,4,14,12|13,2,14,3,4,10|13,2,14,4,10|13,2,14,10|13,2,14,11|13,2,14,12|13,3,2,4,10|13,3,2,4,14,10|13,3,2,4,14,11|13,3,2,4,14,12|13,3,2,14,4,10|13,3,2,14,10|13,3,2,14,11|13,3,2,14,12|13,3,4,2,14,10|13,3,4,2,14,11|13,3,4,2,14,12|13,3,4,10|13,3,4,14,10|13,3,4,14,11|13,3,4,14,12|13,3,14,2,4,10|13,3,14,4,10|13,3,14,10|13,3,14,11|13,3,14,12|13,4,2,3,14,10|13,4,2,3,14,11|13,4,2,3,14,12|13,4,2,14,10|13,4,2,14,11|13,4,2,14,12|13,4,3,2,14,10|13,4,3,2,14,11|13,4,3,2,14,12|13,4,3,14,10|13,4,3,14,11|13,4,3,14,12|13,4,10|13,4,14,10|13,4,14,11|13,4,14,12|13,10|13,11|13,12|14,2,3,4,10|14,2,3,4,13,10|14,2,3,4,13,11|14,2,3,4,13,12|14,2,3,13,4,10|14,2,3,13,10|14,2,3,13,11|14,2,3,13,12|14,2,4,3,13,10|14,2,4,3,13,11|14,2,4,3,13,12|14,2,4,10|14,2,4,13,10|14,2,4,13,11|14,2,4,13,12|14,2,13,3,4,10|14,2,13,4,10|14,2,13,10|14,2,13,11|14,2,13,12|14,3,2,4,10|14,3,2,4,13,10|14,3,2,4,13,11|14,3,2,4,13,12|14,3,2,13,4,10|14,3,2,13,10|14,3,2,13,11|14,3,2,13,12|14,3,4,2,13,10|14,3,4,2,13,11|14,3,4,2,13,12|14,3,4,10|14,3,4,13,10|14,3,4,13,11|14,3,4,13,12|14,3,13,2,4,10|14,3,13,4,10|14,3,13,10|14,3,13,11|14,3,13,12|14,4,2,3,13,10|14,4,2,3,13,11|14,4,2,3,13,12|14,4,2,13,10|14,4,2,13,11|14,4,2,13,12|14,4,3,2,13,10|14,4,3,2,13,11|14,4,3,2,13,12|14,4,3,13,10|14,4,3,13,11|14,4,3,13,12|14,4,10|14,4,13,10|14,4,13,11|14,4,13,12|14,10|14,11|14,12
13,2,7|13,2,14,3,4,10|13,2,14,4,10|13,2,14,5,6,11|13,2,14,5,6,12|13,2,14,5,11|13,2,14,5,12|13,2,14,10|13,2,14,11|13,2,14,12|13,3,4,10|13,3,4,14,2,7|13,3,4,14,5,6,11|13,3,4,14,5,6,12|13,3,4,14,5,11|13,3,4,14,5,12|13,3,4,14,10|13,3,4,14,11|13,3,4,14,12|13,3,14,2,7|13,3,14,4,10|13,3,14,5,6,11|13,3,14,5,6,12|13,3,14,5,11|13,3,14,5,12|13,3,14,10|13,3,14,11|13,3,14,12|13,4,3,14,2,7|13,4,3,14,5,6,11|13,4,3,14,5,6,12|13,4,3,14,5,11|13,4,3,14,5,12|13,4,3,14,10|13,4,3,14,11|13,4,3,14,12|13,4,10|13,4,14,2,7|13,4,14,5,6,11|13,4,14,5,6,12|13,4,14,5,11|13,4,14,5,12|13,4,14,10|13,4,14,11|13,4,14,12|13,5,6,11|13,5,6,12|13,5,11|13,5,12|13,5,14,2,7|13,5,14,3,4,10|13,5,14,4,10|13,5,14,10|13,5,14,11|13,5,14,12|13,6,5,11|13,6,5,12|13,6,5,14,2,7|13,6,5,14,3,4,10|13,6,5,14,4,10|13,6,5,14,10|13,6,5,14,11|13,6,5,14,12|13,6,11|13,6,12|13,10|13,11|13,12|14,2,7|14,2,13,3,4,10|14,2,13,4,10|14,2,13,5,6,11|14,2,13,5,6,12|14,2,13,5,11|14,2,13,5,12|14,2,13,6,5,11|14,2,13,6,5,12|14,2,13,6,11|14,2,13,6,12|14,2,13,10|14,2,13,11|14,2,13,12|14,3,4,10|14,3,4,13,2,7|14,3,4,13,5,6,11|14,3,4,13,5,6,12|14,3,4,13,5,11|14,3,4,13,5,12|14,3,4,13,6,5,11|14,3,4,13,6,5,12|14,3,4,13,6,11|14,3,4,13,6,12|14,3,4,13,10|14,3,4,13,11|14,3,4,13,12|14,3,13,2,7|14,3,13,4,10|14,3,13,5,6,11|14,3,13,5,6,12|14,3,13,5,11|14,3,13,5,12|14,3,13,6,5,11|14,3,13,6,5,12|14,3,13,6,11|14,3,13,6,12|14,3,13,10|14,3,13,11|14,3,13,12|14,4,3,13,2,7|14,4,3,13,5,6,11|14,4,3,13,5,6,12|14,4,3,13,5,11|14,4,3,13,5,12|14,4,3,13,6,5,11|14,4,3,13,6,5,12|14,4,3,13,6,11|14,4,3,13,6,12|14,4,3,13,10|14,4,3,13,11|14,4,3,13,12|14,4,10|14,4,13,2,7|14,4,13,5,6,11|14,4,13,5,6,12|14,4,13,5,11|14,4,13,5,12|14,4,13,6,5,11|14,4,13,6,5,12|14,4,13,6,11|14,4,13,6,12|14,4,13,10|14,4,13,11|14,4,13,12|14,5,6,11|14,5,6,12|14,5,6,13,2,7|14,5,6,13,3,4,10|14,5,6,13,4,10|14,5,6,13,10|14,5,6,13,11|14,5,6,13,12|14,5,11|14,5,12|14,5,13,2,7|14,5,13,3,4,10|14,5,13,4,10|14,5,13,6,11|14,5,13,6,12|14,5,13,10|14,5,13,11|14,5,13,12|14,10|14,11|14,12
13,3,4,10|13,3,4,14,9|13,3,4,14,10|13,3,4,14,11|13,3,14,4,10|13,3,14,9|13,3,14,10|13,3,14,11|13,4,3,14,9|13,4,3,14,10|13,4,3,14,11|13,4,10|13,4,14,9|13,4,14,10|13,4,14,11|13,6,9|13,6,11|13,9|13,10|13,11|14,3,4,10|14,3,4,13,6,9|14,3,4,13,6,11|14,3,4,13,9|14,3,4,13,10|14,3,4,13,11|14,3,13,4,10|14,3,13,6,9|14,3,13,6,11|14,3,13,9|14,3,13,10|14,3,13,11|14,4,3,13,6,9|14,4,3,13,6,11|14,4,3,13,9|14,4,3,13,10|14,4,3,13,11|14,4,10|14,4,13,6,9|14,4,13,6,11|14,4,13,9|14,4,13,10|14,4,13,11|14,9|14,10|14,11
13,2,4,3,14,5,6,9|13,2,4,3,14,5,6,11|13,2,4,3,14,5,9|13,2,4,3,14,5,11|13,2,4,3,14,6,5,9|13,2,4,3,14,6,5,11|13,2,4,3,14,6,9|13,2,4,3,14,6,11|13,2,4,3,14,9|13,2,4,3,14,10|13,2,4,3,14,11|13,2,4,10|13,2,4,14,5,6,9|13,2,4,14,5,6,11|13,2,4,14,5,9|13,2,4,14,5,11|13,2,4,14,6,5,9|13,2,4,14,6,5,11|13,2,4,14,6,9|13,2,4,14,6,11|13,2,4,14,9|13,2,4,14,10|13,2,4,14,11|13,2,10|13,2,14,3,4,10|13,2,14,4,10|13,2,14,5,6,9|13,2,14,5,6,11|13,2,14,5,9|13,2,14,5,11|13,2,14,6,5,9|13,2,14,6,5,11|13,2,14,6,9|13,2,14,6,11|13,2,14,9|13,2,14,10|13,2,14,11|13,3,4,2,10|13,3,4,2,14,5,6,9|13,3,4,2,14,5,6,11|13,3,4,2,14,5,9|13,3,4,2,14,5,11|13,3,4,2,14,6,5,9|13,3,4,2,14,6,5,11|13,3,4,2,14,6,9|13,3,4,2,14,6,11|13,3,4,2,14,9|13,3,4,2,14,10|13,3,4,2,14,11|13,3,4,10|13,3,4,14,2,10|13,3,4,14,5,6,9|13,3,4,14,5,6,11|13,3,4,14,5,9|13,3,4,14,5,11|13,3,4,14,6,5,9|13,3,4,14,6,5,11|13,3,4,14,6,9|13,3,4,14,6,11|13,3,4,14,9|13,3,4,14,10|13,3,4,14,11|13,3,14,2,4,10|13,3,14,2,10|13,3,14,4,2,10|13,3,14,4,10|13,3,14,5,6,9|13,3,14,5,6,11|13,3,14,5,9|13,3,14,5,11|13,3,14,6,5,9|13,3,14,6,5,11|13,3,14,6,9|13,3,14,6,11|13,3,14,9|13,3,14,10|13,3,14,11|13,4,2,10|13,4,2,14,5,6,9|13,4,2,14,5,6,11|13,4,2,14,5,9|13,4,2,14,5,11|13,4,2,14,6,5,9|13,4,2,14,6,5,11|13,4,2,14,6,9|13,4,2,14,6,11|13,4,2,14,9|13,4,2,14,10|13,4,2,14,11|13,4,3,14,2,10|13,4,3,14,5,6,9|13,4,3,14,5,6,11|13,4,3,14,5,9|13,4,3,14,5,11|13,4,3,14,6,5,9|13,4,3,14,6,5,11|13,4,3,14,6,9|13,4,3,14,6,11|13,4,3,14,9|13,4,3,14,10|13,4,3,14,11|13,4,10|13,4,14,2,10|13,4,14,5,6,9|13,4,14,5,6,11|13,4,14,5,9|13,4,14,5,11|13,4,14,6,5,9|13,4,14,6,5,11|13,4,14,6,9|13,4,14,6,11|13,4,14,9|13,4,14,10|13,4,14,11|13,5,6,9|13,5,6,11|13,5,6,14,2,4,10|13,5,6,14,2,10|13,5,6,14,3,4,2,10|13,5,6,14,3,4,10|13,5,6,14,4,2,10|13,5,6,14,4,10|13,5,6,14,9|13,5,6,14,10|13,5,6,14,11|13,5,9|13,5,11|13,5,14,2,4,10|13,5,14,2,10|13,5,14,3,4,2,10|13,5,14,3,4,10|13,5,14,4,2,10|13,5,14,4,10|13,5,14,6,9|13,5,14,6,11|13,5,14,9|13,5,14,10|13,5,14,11|13,6,5,9|13,6,5,11|13,6,5,14,2,4,10|13,6,5,14,2,10|13,6,5,14,3,4,2,10|13,6,5,14,3,4,10|13,6,5,14,4,2,10|13,6,5,14,4,10|13,6,5,14,9|13,6,5,14,10|13,6,5,14,11|13,6,9|13,6,11|13,6,14,2,4,10|13,6,14,2,10|13,6,14,3,4,2,10|13,6,14,3,4,10|13,6,14,4,2,10|13,6,14,4,10|13,6,14,5,9|13,6,14,5,11|13,6,14,9|13,6,14,10|13,6,14,11|13,9|13,10|13,11|14,2,4,3,13,5,6,9|14,2,4,3,13,5,6,11|14,2,4,3,13,5,9|14,2,4,3,13,5,11|14,2,4,3,13,6,5,9|14,2,4,3,13,6,5,11|14,2,4,3,13,6,9|14,2,4,3,13,6,11|14,2,4,3,13,9|14,2,4,3,13,10|14,2,4,3,13,11|14,2,4,10|14,2,4,13,5,6,9|14,2,4,13,5,6,11|14,2,4,13,5,9|14,2,4,13,5,11|14,2,4,13,6,5,9|14,2,4,13,6,5,11|14,2,4,13,6,9|14,2,4,13,6,11|14,2,4,13,9|14,2,4,13,10|14,2,4,13,11|14,2,10|14,2,13,3,4,10|14,2,13,4,10|14,2,13,5,6,9|14,2,13,5,6,11|14,2,13,5,9|14,2,13,5,11|14,2,13,6,5,9|14,2,13,6,5,11|14,2,13,6,9|14,2,13,6,11|14,2,13,9|14,2,13,10|14,2,13,11|14,3,4,2,10|14,3,4,2,13,5,6,9|14,3,4,2,13,5,6,11|14,3,4,2,13,5,9|14,3,4,2,13,5,11|14,3,4,2,13,6,5,9|14,3,4,2,13,6,5,11|14,3,4,2,13,6,9|14,3,4,2,13,6,11|14,3,4,2,13,9|14,3,4,2,13,10|14,3,4,2,13,11|14,3,4,10|14,3,4,13,2,10|14,3,4,13,5,6,9|14,3,4,13,5,6,11|14,3,4,13,5,9|14,3,4,13,5,11|14,3,4,13,6,5,9|14,3,4,13,6,5,11|14,3,4,13,6,9|14,3,4,13,6,11|14,3,4,13,9|14,3,4,13,10|14,3,4,13,11|14,3,13,2,4,10|14,3,13,2,10|14,3,13,4,2,10|14,3,13,4,10|14,3,13,5,6,9|14,3,13,5,6,11|14,3,13,5,9|14,3,13,5,11|14,3,13,6,5,9|14,3,13,6,5,11|14,3,13,6,9|14,3,13,6,11|14,3,13,9|14,3,13,10|14,3,13,11|14,4,2,10|14,4,2,13,5,6,9|14,4,2,13,5,6,11|14,4,2,13,5,9|14,4,2,13,5,11|14,4,2,13,6,5,9|14,4,2,13,6,5,11|14,4,2,13,6,9|14,4,2,13,6,11|14,4,2,13,9|14,4,2,13,10|14,4,2,13,11|14,4,3,13,2,10|14,4,3,13,5,6,9|14,4,3,13,5,6,11|14,4,3,13,5,9|14,4,3,13,5,11|14,4,3,13,6,5,9|14,4,3,13,6,5,11|14,4,3,13,6,9|14,4,3,13,6,11|14,4,3,13,9|14,4,3,13,10|14,4,3,13,11|14,4,10|14,4,13,2,10|14,4,13,5,6,9|14,4,13,5,6,11|14,4,13,5,9|14,4,13,5,11|14,4,13,6,5,9|14,4,13,6,5,11|14,4,13,6,9|14,4,13,6,11|14,4,13,9|14,4,13,10|14,4,13,11|14,5,6,9|14,5,6,11|14,5,6,13,2,4,10|14,5,6,13,2,10|14,5,6,13,3,4,2,10|14,5,6,13,3,4,10|14,5,6,13,4,2,10|14,5,6,13,4,10|14,5,6,13,9|14,5,6,13,10|14,5,6,13,11|14,5,9|14,5,11|14,5,13,2,4,10|14,5,13,2,10|14,5,13,3,4,2,10|14,5,13,3,4,10|14,5,13,4,2,10|14,5,13,4,10|14,5,13,6,9|14,5,13,6,11|14,5,13,9|14,5,13,10|14,5,13,11|14,6,5,9|14,6,5,11|14,6,5,13,2,4,10|14,6,5,13,2,10|14,6,5,13,3,4,2,10|14,6,5,13,3,4,10|14,6,5,13,4,2,10|14,6,5,13,4,10|14,6,5,13,9|14,6,5,13,10|14,6,5,13,11|14,6,9|14,6,11|14,6,13,2,4,10|14,6,13,2,10|14,6,13,3,4,2,10|14,6,13,3,4,10|14,6,13,4,2,10|14,6,13,4,10|14,6,13,5,9|14,6,13,5,11|14,6,13,9|14,6,13,10|14,6,13,11|14,9|14,10|14,11
13,2,3,4,10|13,2,3,4,14,6,9|13,2,3,4,14,6,11|13,2,3,4,14,9|13,2,3,4,14,10|13,2,3,4,14,11|13,2,3,14,4,10|13,2,3,14,6,9|13,2,3,14,6,11|13,2,3,14,9|13,2,3,14,10|13,2,3,14,11|13,2,4,3,14,6,9|13,2,4,3,14,6,11|13,2,4,3,14,9|13,2,4,3,14,10|13,2,4,3,14,11|13,2,4,10|13,2,4,14,6,9|13,2,4,14,6,11|13,2,4,14,9|13,2,4,14,10|13,2,4,14,11|13,2,10|13,2,14,3,4,10|13,2,14,4,10|13,2,14,6,9|13,2,14,6,11|13,2,14,9|13,2,14,10|13,2,14,11|13,3,2,4,10|13,3,2,4,14,6,9|13,3,2,4,14,6,11|13,3,2,4,14,9|13,3,2,4,14,10|13,3,2,4,14,11|13,3,2,10|13,3,2,14,4,10|13,3,2,14,6,9|13,3,2,14,6,11|13,3,2,14,9|13,3,2,14,10|13,3,2,14,11|13,3,4,2,10|13,3,4,2,14,6,9|13,3,4,2,14,6,11|13,3,4,2,14,9|13,3,4,2,14,10|13,3,4,2,14,11|13,3,4,10|13,3,4,14,2,10|13,3,4,14,6,9|13,3,4,14,6,11|13,3,4,14,9|13,3,4,14,10|13,3,4,14,11|13,3,14,2,4,10|13,3,14,2,10|13,3,14,4,2,10|13,3,14,4,10|13,3,14,6,9|13,3,14,6,11|13,3,14,9|13,3,14,10|13,3,14,11|13,4,2,3,14,6,9|13,4,2,3,14,6,11|13,4,2,3,14,9|13,4,2,3,14,10|13,4,2,3,14,11|13,4,2,10|13,4,2,14,6,9|13,4,2,14,6,11|13,4,2,14,9|13,4,2,14,10|13,4,2,14,11|13,4,3,2,10|13,4,3,2,14,6,9|13,4,3,2,14,6,11|13,4,3,2,14,9|13,4,3,2,14,10|13,4,3,2,14,11|13,4,3,14,2,10|13,4,3,14,6,9|13,4,3,14,6,11|13,4,3,14,9|13,4,3,14,10|13,4,3,14,11|13,4,10|13,4,14,2,10|13,4,14,3,2,10|13,4,14,6,9|13,4,14,6,11|13,4,14,9|13,4,14,10|13,4,14,11|13,6,9|13,6,11|13,6,14,2,3,4,10|13,6,14,2,4,10|13,6,14,2,10|13,6,14,3,2,4,10|13,6,14,3,2,10|13,6,14,3,4,2,10|13,6,14,3,4,10|13,6,14,4,2,10|13,6,14,4,3,2,10|13,6,14,4,10|13,6,14,9|13,6,14,10|13,6,14,11|13,9|13,10|13,11|14,2,3,4,10|14,2,3,4,13,6,9|14,2,3,4,13,6,11|14,2,3,4,13,9|14,2,3,4,13,10|14,2,3,4,13,11|14,2,3,13,4,10|14,2,3,13,6,9|14,2,3,13,6,11|14,2,3,13,9|14,2,3,13,10|14,2,3,13,11|14,2,4,3,13,6,9|14,2,4,3,13,6,11|14,2,4,3,13,9|14,2,4,3,13,10|14,2,4,3,13,11|14,2,4,10|14,2,4,13,6,9|14,2,4,13,6,11|14,2,4,13,9|14,2,4,13,10|14,2,4,13,11|14,2,10|14,2,13,3,4,10|14,2,13,4,10|14,2,13,6,9|14,2,13,6,11|14,2,13,9|14,2,13,10|14,2,13,11|14,3,2,4,10|14,3,2,4,13,6,9|14,3,2,4,13,6,11|14,3,2,4,13,9|14,3,2,4,13,10|14,3,2,4,13,11|14,3,2,10|14,3,2,13,4,10|14,3,2,13,6,9|14,3,2,13,6,11|14,3,2,13,9|14,3,2,13,10|14,3,2,13,11|14,3,4,2,10|14,3,4,2,13,6,9|14,3,4,2,13,6,11|14,3,4,2,13,9|14,3,4,2,13,10|14,3,4,2,13,11|14,3,4,10|14,3,4,13,2,10|14,3,4,13,6,9|14,3,4,13,6,11|14,3,4,13,9|14,3,4,13,10|14,3,4,13,11|14,3,13,2,4,10|14,3,13,2,10|14,3,13,4,2,10|14,3,13,4,10|14,3,13,6,9|14,3,13,6,11|14,3,13,9|14,3,13,10|14,3,13,11|14,4,2,3,13,6,9|14,4,2,3,13,6,11|14,4,2,3,13,9|14,4,2,3,13,10|14,4,2,3,13,11|14,4,2,10|14,4,2,13,6,9|14,4,2,13,6,11|14,4,2,13,9|14,4,2,13,10|14,4,2,13,11|14,4,3,2,10|14,4,3,2,13,6,9|14,4,3,2,13,6,11|14,4,3,2,13,9|14,4,3,2,13,10|14,4,3,2,13,11|14,4,3,13,2,10|14,4,3,13,6,9|14,4,3,13,6,11|14,4,3,13,9|14,4,3,13,10|14,4,3,13,11|14,4,10|14,4,13,2,10|14,4,13,3,2,10|14,4,13,6,9|14,4,13,6,11|14,4,13,9|14,4,13,10|14,4,13,11|14,6,9|14,6,11|14,6,13,2,3,4,10|14,6,13,2,4,10|14,6,13,2,10|14,6,13,3,2,4,10|14,6,13,3,2,10|14,6,13,3,4,2,10|14,6,13,3,4,10|14,6,13,4,2,10|14,6,13,4,3,2,10|14,6,13,4,10|14,6,13,9|14,6,13,10|14,6,13,11|14,9|14,10|14,11
13,2,3,4,10|13,2,3,4,14,5,6,8|13,2,3,4,14,5,6,9|13,2,3,4,14,5,8|13,2,3,4,14,5,9|13,2,3,4,14,6,5,8|13,2,3,4,14,6,5,9|13,2,3,4,14,6,8|13,2,3,4,14,6,9|13,2,3,4,14,8|13,2,3,4,14,9|13,2,3,4,14,10|13,2,3,10|13,2,3,14,4,10|13,2,3,14,5,6,8|13,2,3,14,5,6,9|13,2,3,14,5,8|13,2,3,14,5,9|13,2,3,14,6,5,8|13,2,3,14,6,5,9|13,2,3,14,6,8|13,2,3,14,6,9|13,2,3,14,8|13,2,3,14,9|13,2,3,14,10|13,2,4,3,10|13,2,4,3,14,5,6,8|13,2,4,3,14,5,6,9|13,2,4,3,14,5,8|13,2,4,3,14,5,9|13,2,4,3,14,6,5,8|13,2,4,3,14,6,5,9|13,2,4,3,14,6,8|13,2,4,3,14,6,9|13,2,4,3,14,8|13,2,4,3,14,9|13,2,4,3,14,10|13,2,4,10|13,2,4,14,3,10|13,2,4,14,5,6,8|13,2,4,14,5,6,9|13,2,4,14,5,8|13,2,4,14,5,9|13,2,4,14,6,5,8|13,2,4,14,6,5,9|13,2,4,14,6,8|13,2,4,14,6,9|13,2,4,14,8|13,2,4,14,9|13,2,4,14,10|13,2,10|13,2,14,3,4,10|13,2,14,3,10|13,2,14,4,3,10|13,2,14,4,10|13,2,14,5,6,8|13,2,14,5,6,9|13,2,14,5,8|13,2,14,5,9|13,2,14,6,5,8|13,2,14,6,5,9|13,2,14,6,8|13,2,14,6,9|13,2,14,8|13,2,14,9|13,2,14,10|13,3,2,4,10|13,3,2,4,14,5,6,8|13,3,2,4,14,5,6,9|13,3,2,4,14,5,8|13,3,2,4,14,5,9|13,3,2,4,14,6,5,8|13,3,2,4,14,6,5,9|13,3,2,4,14,6,8|13,3,2,4,14,6,9|13,3,2,4,14,8|13,3,2,4,14,9|13,3,2,4,14,10|13,3,2,10|13,3,2,14,4,10|13,3,2,14,5,6,8|13,3,2,14,5,6,9|13,3,2,14,5,8|13,3,2,14,5,9|13,3,2,14,6,5,8|13,3,2,14,6,5,9|13,3,2,14,6,8|13,3,2,14,6,9|13,3,2,14,8|13,3,2,14,9|13,3,2,14,10|13,3,4,2,10|13,3,4,2,14,5,6,8|13,3,4,2,14,5,6,9|13,3,4,2,14,5,8|13,3,4,2,14,5,9|13,3,4,2,14,6,5,8|13,3,4,2,14,6,5,9|13,3,4,2,14,6,8|13,3,4,2,14,6,9|13,3,4,2,14,8|13,3,4,2,14,9|13,3,4,2,14,10|13,3,4,10|13,3,4,14,2,10|13,3,4,14,5,6,8|13,3,4,14,5,6,9|13,3,4,14,5,8|13,3,4,14,5,9|13,3,4,14,6,5,8|13,3,4,14,6,5,9|13,3,4,14,6,8|13,3,4,14,6,9|13,3,4,14,8|13,3,4,14,9|13,3,4,14,10|13,3,10|13,3,14,2,4,10|13,3,14,2,10|13,3,14,4,2,10|13,3,14,4,10|13,3,14,5,6,8|13,3,14,5,6,9|13,3,14,5,8|13,3,14,5,9|13,3,14,6,5,8|13,3,14,6,5,9|13,3,14,6,8|13,3,14,6,9|13,3,14,8|13,3,14,9|13,3,14,10|13,4,2,3,10|13,4,2,3,14,5,6,8|13,4,2,3,14,5,6,9|13,4,2,3,14,5,8|13,4,2,3,14,5,9|13,4,2,3,14,6,5,8|13,4,2,3,14,6,5,9|13,4,2,3,14,6,8|13,4,2,3,14,6,9|13,4,2,3,14,8|13,4,2,3,14,9|13,4,2,3,14,10|13,4,2,10|13,4,2,14,3,10|13,4,2,14,5,6,8|13,4,2,14,5,6,9|13,4,2,14,5,8|13,4,2,14,5,9|13,4,2,14,6,5,8|13,4,2,14,6,5,9|13,4,2,14,6,8|13,4,2,14,6,9|13,4,2,14,8|13,4,2,14,9|13,4,2,14,10|13,4,3,2,10|13,4,3,2,14,5,6,8|13,4,3,2,14,5,6,9|13,4,3,2,14,5,8|13,4,3,2,14,5,9|13,4,3,2,14,6,5,8|13,4,3,2,14,6,5,9|13,4,3,2,14,6,8|13,4,3,2,14,6,9|13,4,3,2,14,8|13,4,3,2,14,9|13,4,3,2,14,10|13,4,3,10|13,4,3,14,2,10|13,4,3,14,5,6,8|13,4,3,14,5,6,9|13,4,3,14,5,8|13,4,3,14,5,9|13,4,3,14,6,5,8|13,4,3,14,6,5,9|13,4,3,14,6,8|13,4,3,14,6,9|13,4,3,14,8|13,4,3,14,9|13,4,3,14,10|13,4,10|13,4,14,2,3,10|13,4,14,2,10|13,4,14,3,2,10|13,4,14,3,10|13,4,14,5,6,8|13,4,14,5,6,9|13,4,14,5,8|13,4,14,5,9|13,4,14,6,5,8|13,4,14,6,5,9|13,4,14,6,8|13,4,14,6,9|13,4,14,8|13,4,14,9|13,4,14,10|13,5,6,8|13,5,6,9|13,5,6,14,2,3,4,10|13,5,6,14,2,3,10|13,5,6,14,2,4,3,10|13,5,6,14,2,4,10|13,5,6,14,2,10|13,5,6,14,3,2,4,10|13,5,6,14,3,2,10|13,5,6,14,3,4,2,10|13,5,6,14,3,4,10|13,5,6,14,3,10|13,5,6,14,4,2,3,10|13,5,6,14,4,2,10|13,5,6,14,4,3,2,10|13,5,6,14,4,3,10|13,5,6,14,4,10|13,5,6,14,8|13,5,6,14,9|13,5,6,14,10|13,5,8|13,5,9|13,5,14,2,3,4,10|13,5,14,2,3,10|13,5,14,2,4,3,10|13,5,14,2,4,10|13,5,14,2,10|13,5,14,3,2,4,10|13,5,14,3,2,10|13,5,14,3,4,2,10|13,5,14,3,4,10|13,5,14,3,10|13,5,14,4,2,3,10|13,5,14,4,2,10|13,5,14,4,3,2,10|13,5,14,4,3,10|13,5,14,4,10|13,5,14,6,8|13,5,14,6,9|13,5,14,8|13,5,14,9|13,5,14,10|13,8|13,9|13,10|14,2,3,4,10|14,2,3,4,13,5,6,8|14,2,3,4,13,5,6,9|14,2,3,4,13,5,8|14,2,3,4,13,5,9|14,2,3,4,13,8|14,2,3,4,13,9|14,2,3,4,13,10|14,2,3,10|14,2,3,13,4,10|14,2,3,13,5,6,8|14,2,3,13,5,6,9|14,2,3,13,5,8|14,2,3,13,5,9|14,2,3,13,8|14,2,3,13,9|14,2,3,13,10|14,2,4,3,10|14,2,4,3,13,5,6,8|14,2,4,3,13,5,6,9|14,2,4,3,13,5,8|14,2,4,3,13,5,9|14,2,4,3,13,8|14,2,4,3,13,9|14,2,4,3,13,10|14,2,4,10|14,2,4,13,3,10|14,2,4,13,5,6,8|14,2,4,13,5,6,9|14,2,4,13,5,8|14,2,4,13,5,9|14,2,4,13,8|14,2,4,13,9|14,2,4,13,10|14,2,10|14,2,13,3,4,10|14,2,13,3,10|14,2,13,4,3,10|14,2,13,4,10|14,2,13,5,6,8|14,2,13,5,6,9|14,2,13,5,8|14,2,13,5,9|14,2,13,8|14,2,13,9|14,2,13,10|14,3,2,4,10|14,3,2,4,13,5,6,8|14,3,2,4,13,5,6,9|14,3,2,4,13,5,8|14,3,2,4,13,5,9|14,3,2,4,13,8|14,3,2,4,13,9|14,3,2,4,13,10|14,3,2,10|14,3,2,13,4,10|14,3,2,13,5,6,8|14,3,2,13,5,6,9|14,3,2,13,5,8|14,3,2,13,5,9|14,3,2,13,8|14,3,2,13,9|14,3,2,13,10|14,3,4,2,10|14,3,4,2,13,5,6,8|14,3,4,2,13,5,6,9|14,3,4,2,13,5,8|14,3,4,2,13,5,9|14,3,4,2,13,8|14,3,4,2,13,9|14,3,4,2,13,10|14,3,4,10|14,3,4,13,2,10|14,3,4,13,5,6,8|14,3,4,13,5,6,9|14,3,4,13,5,8|14,3,4,13,5,9|14,3,4,13,8|14,3,4,13,9|14,3,4,13,10|14,3,10|14,3,13,2,4,10|14,3,13,2,10|14,3,13,4,2,10|14,3,13,4,10|14,3,13,5,6,8|14,3,13,5,6,9|14,3,13,5,8|14,3,13,5,9|14,3,13,8|14,3,13,9|14,3,13,10|14,4,2,3,10|14,4,2,3,13,5,6,8|14,4,2,3,13,5,6,9|14,4,2,3,13,5,8|14,4,2,3,13,5,9|14,4,2,3,13,8|14,4,2,3,13,9|14,4,2,3,13,10|14,4,2,10|14,4,2,13,3,10|14,4,2,13,5,6,8|14,4,2,13,5,6,9|14,4,2,13,5,8|14,4,2,13,5,9|14,4,2,13,8|14,4,2,13,9|14,4,2,13,10|14,4,3,2,10|14,4,3,2,13,5,6,8|14,4,3,2,13,5,6,9|14,4,3,2,13,5,8|14,4,3,2,13,5,9|14,4,3,2,13,8|14,4,3,2,13,9|14,4,3,2,13,10|14,4,3,10|14,4,3,13,2,10|14,4,3,13,5,6,8|14,4,3,13,5,6,9|14,4,3,13,5,8|14,4,3,13,5,9|14,4,3,13,8|14,4,3,13,9|14,4,3,13,10|14,4,10|14,4,13,2,3,10|14,4,13,2,10|14,4,13,3,2,10|14,4,13,3,10|14,4,13,5,6,8|14,4,13,5,6,9|14,4,13,5,8|14,4,13,5,9|14,4,13,8|14,4,13,9|14,4,13,10|14,5,6,8|14,5,6,9|14,5,8|14,5,9|14,5,13,2,3,4,10|14,5,13,2,3,10|14,5,13,2,4,3,10|14,5,13,2,4,10|14,5,13,2,10|14,5,13,3,2,4,10|14,5,13,3,2,10|14,5,13,3,4,2,10|14,5,13,3,4,10|14,5,13,3,10|14,5,13,4,2,3,10|14,5,13,4,2,10|14,5,13,4,3,2,10|14,5,13,4,3,10|14,5,13,4,10|14,5,13,8|14,5,13,9|14,5,13,10|14,6,5,8|14,6,5,9|14,6,5,13,2,3,4,10|14,6,5,13,2,3,10|14,6,5,13,2,4,3,10|14,6,5,13,2,4,10|14,6,5,13,2,10|14,6,5,13,3,2,4,10|14,6,5,13,3,2,10|14,6,5,13,3,4,2,10|14,6,5,13,3,4,10|14,6,5,13,3,10|14,6,5,13,4,2,3,10|14,6,5,13,4,2,10|14,6,5,13,4,3,2,10|14,6,5,13,4,3,10|14,6,5,13,4,10|14,6,5,13,8|14,6,5,13,9|14,6,5,13,10|14,6,8|14,6,9|14,8|14,9|14,10
13,3,4,2,7|13,3,4,10|13,3,4,14,6,8|13,3,4,14,6,9|13,3,4,14,8|13,3,4,14,9|13,3,4,14,10|13,3,10|13,3,14,4,2,7|13,3,14,4,10|13,3,14,6,8|13,3,14,6,9|13,3,14,8|13,3,14,9|13,3,14,10|13,4,2,7|13,4,3,10|13,4,3,14,6,8|13,4,3,14,6,9|13,4,3,14,8|13,4,3,14,9|13,4,3,14,10|13,4,10|13,4,14,3,10|13,4,14,6,8|13,4,14,6,9|13,4,14,8|13,4,14,9|13,4,14,10|13,8|13,9|13,10|14,3,4,2,7|14,3,4,10|14,3,4,13,8|14,3,4,13,9|14,3,4,13,10|14,3,10|14,3,13,4,2,7|14,3,13,4,10|14,3,13,8|14,3,13,9|14,3,13,10|14,4,2,7|14,4,3,10|14,4,3,13,8|14,4,3,13,9|14,4,3,13,10|14,4,10|14,4,13,3,10|14,4,13,8|14,4,13,9|14,4,13,10|14,6,8|14,6,9|14,8|14,9|14,10
13,2,7|13,2,14,5,8|13,2,14,5,9|13,2,14,7|13,2,14,8|13,2,14,9|13,5,8|13,5,9|13,5,14,2,7|13,5,14,7|13,5,14,8|13,5,14,9|13,7|13,8|13,9|13,10|14,2,7|14,2,13,5,8|14,2,13,5,9|14,2,13,7|14,2,13,8|14,2,13,9|14,2,13,10|14,5,8|14,5,9|14,5,13,2,7|14,5,13,7|14,5,13,8|14,5,13,9|14,5,13,10|14,7|14,8|14,9
13,2,14,7|13,2,14,8|13,2,14,9|13,7|13,8|13,9|14,2,13,7|14,2,13,8|14,2,13,9|14,7|14,8|14,9
13,2,3,10|13,2,4,3,10|13,2,10|13,2,14,5,6,8|13,2,14,5,6,9|13,2,14,5,8|13,2,14,5,9|13,2,14,7|13,2,14,8|13,2,14,9|13,5,6,8|13,5,6,9|13,5,8|13,5,9|13,5,14,2,3,10|13,5,14,2,4,3,10|13,5,14,2,10|13,5,14,7|13,5,14,8|13,5,14,9|13,6,5,8|13,6,5,9|13,6,5,14,2,3,10|13,6,5,14,2,4,3,10|13,6,5,14,2,10|13,6,5,14,7|13,6,5,14,8|13,6,5,14,9|13,6,8|13,6,9|13,7|13,8|13,9|14,2,3,10|14,2,4,3,10|14,2,10|14,2,13,5,6,8|14,2,13,5,6,9|14,2,13,5,8|14,2,13,5,9|14,2,13,6,5,8|14,2,13,6,5,9|14,2,13,6,8|14,2,13,6,9|14,2,13,7|14,2,13,8|14,2,13,9|14,5,6,8|14,5,6,9|14,5,6,13,2,3,10|14,5,6,13,2,4,3,10|14,5,6,13,2,10|14,5,6,13,7|14,5,6,13,8|14,5,6,13,9|14,5,8|14,5,9|14,5,13,2,3,10|14,5,13,2,4,3,10|14,5,13,2,10|14,5,13,6,8|14,5,13,6,9|14,5,13,7|14,5,13,8|14,5,13,9|14,7|14,8|14,9
13,6,8|13,6,12|13,7|13,8|13,12|14,4,2,3,10|14,4,2,10|14,4,3,2,10|14,4,3,10|14,7|14,8|14,12
13,2,4,3,10|13,2,4,14,5,6,8|13,2,4,14,5,6,12|13,2,4,14,5,8|13,2,4,14,5,12|13,2,4,14,6,5,8|13,2,4,14,6,5,12|13,2,4,14,6,8|13,2,4,14,6,12|13,2,4,14,7|13,2,4,14,8|13,2,4,14,12|13,2,7|13,2,14,4,3,10|13,2,14,5,6,8|13,2,14,5,6,12|13,2,14,5,8|13,2,14,5,12|13,2,14,6,5,8|13,2,14,6,5,12|13,2,14,6,8|13,2,14,6,12|13,2,14,7|13,2,14,8|13,2,14,12|13,4,2,7|13,4,2,14,5,6,8|13,4,2,14,5,6,12|13,4,2,14,5,8|13,4,2,14,5,12|13,4,2,14,6,5,8|13,4,2,14,6,5,12|13,4,2,14,6,8|13,4,2,14,6,12|13,4,2,14,7|13,4,2,14,8|13,4,2,14,12|13,4,3,10|13,4,14,2,7|13,4,14,5,6,8|13,4,14,5,6,12|13,4,14,5,8|13,4,14,5,12|13,4,14,6,5,8|13,4,14,6,5,12|13,4,14,6,8|13,4,14,6,12|13,4,14,7|13,4,14,8|13,4,14,12|13,5,6,8|13,5,6,12|13,5,6,14,2,4,3,10|13,5,6,14,2,7|13,5,6,14,4,2,7|13,5,6,14,4,3,10|13,5,6,14,7|13,5,6,14,8|13,5,6,14,12|13,5,8|13,5,12|13,5,14,2,4,3,10|13,5,14,2,7|13,5,14,4,2,7|13,5,14,4,3,10|13,5,14,6,8|13,5,14,6,12|13,5,14,7|13,5,14,8|13,5,14,12|13,6,5,8|13,6,5,12|13,6,5,14,2,4,3,10|13,6,5,14,2,7|13,6,5,14,4,2,7|13,6,5,14,4,3,10|13,6,5,14,7|13,6,5,14,8|13,6,5,14,12|13,6,8|13,6,12|13,6,14,2,4,3,10|13,6,14,2,7|13,6,14,4,2,7|13,6,14,4,3,10|13,6,14,5,8|13,6,14,5,12|13,6,14,7|13,6,14,8|13,6,14,12|13,7|13,8|13,12|14,2,4,3,10|14,2,4,13,5,6,8|14,2,4,13,5,6,12|14,2,4,13,5,8|14,2,4,13,5,12|14,2,4,13,6,5,8|14,2,4,13,6,5,12|14,2,4,13,6,8|14,2,4,13,6,12|14,2,4,13,7|14,2,4,13,8|14,2,4,13,12|14,2,7|14,2,13,4,3,10|14,2,13,5,6,8|14,2,13,5,6,12|14,2,13,5,8|14,2,13,5,12|14,2,13,6,5,8|14,2,13,6,5,12|14,2,13,6,8|14,2,13,6,12|14,2,13,7|14,2,13,8|14,2,13,12|14,4,2,7|14,4,2,13,5,6,8|14,4,2,13,5,6,12|14,4,2,13,5,8|14,4,2,13,5,12|14,4,2,13,6,5,8|14,4,2,13,6,5,12|14,4,2,13,6,8|14,4,2,13,6,12|14,4,2,13,7|14,4,2,13,8|14,4,2,13,12|14,4,3,10|14,4,13,2,7|14,4,13,5,6,8|14,4,13,5,6,12|14,4,13,5,8|14,4,13,5,12|14,4,13,6,5,8|14,4,13,6,5,12|14,4,13,6,8|14,4,13,6,12|14,4,13,7|14,4,13,8|14,4,13,12|14,5,6,8|14,5,6,12|14,5,6,13,2,4,3,10|14,5,6,13,2,7|14,5,6,13,4,2,7|14,5,6,13,4,3,10|14,5,6,13,7|14,5,6,13,8|14,5,6,13,12|14,5,8|14,5,12|14,5,13,2,4,3,10|14,5,13,2,7|14,5,13,4,2,7|14,5,13,4,3,10|14,5,13,6,8|14,5,13,6,12|14,5,13,7|14,5,13,8|14,5,13,12|14,6,5,8|14,6,5,12|14,6,5,13,2,4,3,10|14,6,5,13,2,7|14,6,5,13,4,2,7|14,6,5,13,4,3,10|14,6,5,13,7|14,6,5,13,8|14,6,5,13,12|14,6,8|14,6,12|14,6,13,2,4,3,10|14,6,13,2,7|14,6,13,4,2,7|14,6,13,4,3,10|14,6,13,5,8|14,6,13,5,12|14,6,13,7|14,6,13,8|14,6,13,12|14,7|14,8|14,12
13,2,4,14,6,8|13,2,4,14,6,12|13,2,4,14,7|13,2,4,14,8|13,2,4,14,12|13,2,7|13,2,14,6,8|13,2,14,6,12|13,2,14,7|13,2,14,8|13,2,14,12|13,4,2,7|13,4,2,14,6,8|13,4,2,14,6,12|13,4,2,14,7|13,4,2,14,8|13,4,2,14,12|13,4,14,2,7|13,4,14,6,8|13,4,14,6,12|13,4,14,7|13,4,14,8|13,4,14,12|13,6,8|13,6,12|13,6,14,2,7|13,6,14,4,2,7|13,6,14,7|13,6,14,8|13,6,14,12|13,7|13,8|13,12|14,2,4,13,6,8|14,2,4,13,6,12|14,2,4,13,7|14,2,4,13,8|14,2,4,13,12|14,2,7|14,2,13,6,8|14,2,13,6,12|14,2,13,7|14,2,13,8|14,2,13,12|14,4,2,7|14,4,2,13,6,8|14,4,2,13,6,12|14,4,2,13,7|14,4,2,13,8|14,4,2,13,12|14,4,13,2,7|14,4,13,6,8|14,4,13,6,12|14,4,13,7|14,4,13,8|14,4,13,12|14,6,8|14,6,12|14,6,13,2,7|14,6,13,4,2,7|14,6,13,7|14,6,13,8|14,6,13,12|14,7|14,8|14,12
13,2,7|13,2,14,5,6,11|13,2,14,5,6,12|13,2,14,5,11|13,2,14,5,12|13,2,14,6,5,11|13,2,14,6,5,12|13,2,14,6,11|13,2,14,6,12|13,2,14,7|13,2,14,11|13,2,14,12|13,4,14,2,7|13,4,14,5,6,11|13,4,14,5,6,12|13,4,14,5,11|13,4,14,5,12|13,4,14,6,5,11|13,4,14,6,5,12|13,4,14,6,11|13,4,14,6,12|13,4,14,7|13,4,14,11|13,4,14,12|13,5,6,11|13,5,6,12|13,5,6,14,2,7|13,5,6,14,7|13,5,6,14,11|13,5,6,14,12|13,5,11|13,5,12|13,5,14,2,7|13,5,14,6,11|13,5,14,6,12|13,5,14,7|13,5,14,11|13,5,14,12|13,7|13,11|13,12|14,2,7|14,2,13,5,6,11|14,2,13,5,6,12|14,2,13,5,11|14,2,13,5,12|14,2,13,7|14,2,13,11|14,2,13,12|14,4,13,2,7|14,4,13,5,6,11|14,4,13,5,6,12|14,4,13,5,11|14,4,13,5,12|14,4,13,7|14,4,13,11|14,4,13,12|14,5,6,11|14,5,6,12|14,5,11|14,5,12|14,5,13,2,7|14,5,13,7|14,5,13,11|14,5,13,12|14,6,5,11|14,6,5,12|14,6,5,13,2,7|14,6,5,13,7|14,6,5,13,11|14,6,5,13,12|14,6,11|14,6,12|14,7|14,11|14,12
13,3,2,10|13,3,10|13,3,14,6,11|13,3,14,6,12|13,3,14,7|13,3,14,11|13,3,14,12|13,4,14,3,2,10|13,4,14,3,10|13,4,14,6,11|13,4,14,6,12|13,4,14,7|13,4,14,11|13,4,14,12|13,7|13,11|13,12|14,3,2,10|14,3,10|14,3,13,7|14,3,13,11|14,3,13,12|14,4,13,3,2,10|14,4,13,3,10|14,4,13,7|14,4,13,11|14,4,13,12|14,6,11|14,6,12|14,7|14,11|14,12
13,2,3,10|13,2,3,14,5,11|13,2,3,14,5,12|13,2,3,14,10|13,2,3,14,11|13,2,3,14,12|13,2,4,14,3,10|13,2,4,14,5,11|13,2,4,14,5,12|13,2,4,14,10|13,2,4,14,11|13,2,4,14,12|13,2,10|13,2,14,3,10|13,2,14,5,11|13,2,14,5,12|13,2,14,10|13,2,14,11|13,2,14,12|13,3,2,4,14,5,11|13,3,2,4,14,5,12|13,3,2,4,14,10|13,3,2,4,14,11|13,3,2,4,14,12|13,3,2,10|13,3,2,14,5,11|13,3,2,14,5,12|13,3,2,14,10|13,3,2,14,11|13,3,2,14,12|13,3,10|13,3,14,2,10|13,3,14,4,2,10|13,3,14,5,11|13,3,14,5,12|13,3,14,10|13,3,14,11|13,3,14,12|13,4,2,3,10|13,4,2,3,14,5,11|13,4,2,3,14,5,12|13,4,2,3,14,10|13,4,2,3,14,11|13,4,2,3,14,12|13,4,2,10|13,4,2,14,3,10|13,4,2,14,5,11|13,4,2,14,5,12|13,4,2,14,10|13,4,2,14,11|13,4,2,14,12|13,4,14,2,3,10|13,4,14,2,10|13,4,14,3,2,10|13,4,14,3,10|13,4,14,5,11|13,4,14,5,12|13,4,14,10|13,4,14,11|13,4,14,12|13,5,11|13,5,12|13,5,14,2,3,10|13,5,14,2,10|13,5,14,3,2,10|13,5,14,3,10|13,5,14,4,2,3,10|13,5,14,4,2,10|13,5,14,10|13,5,14,11|13,5,14,12|13,7|13,10|13,11|13,12|14,2,3,10|14,2,3,13,5,11|14,2,3,13,5,12|14,2,3,13,7|14,2,3,13,10|14,2,3,13,11|14,2,3,13,12|14,2,4,13,3,10|14,2,4,13,5,11|14,2,4,13,5,12|14,2,4,13,7|14,2,4,13,10|14,2,4,13,11|14,2,4,13,12|14,2,10|14,2,13,3,10|14,2,13,5,11|14,2,13,5,12|14,2,13,7|14,2,13,10|14,2,13,11|14,2,13,12|14,3,2,4,13,5,11|14,3,2,4,13,5,12|14,3,2,4,13,7|14,3,2,4,13,10|14,3,2,4,13,11|14,3,2,4,13,12|14,3,2,10|14,3,2,13,5,11|14,3,2,13,5,12|14,3,2,13,7|14,3,2,13,10|14,3,2,13,11|14,3,2,13,12|14,3,10|14,3,13,2,10|14,3,13,4,2,10|14,3,13,5,11|14,3,13,5,12|14,3,13,7|14,3,13,10|14,3,13,11|14,3,13,12|14,4,2,3,10|14,4,2,3,13,5,11|14,4,2,3,13,5,12|14,4,2,3,13,7|14,4,2,3,13,10|14,4,2,3,13,11|14,4,2,3,13,12|14,4,2,10|14,4,2,13,3,10|14,4,2,13,5,11|14,4,2,13,5,12|14,4,2,13,7|14,4,2,13,10|14,4,2,13,11|14,4,2,13,12|14,4,13,2,3,10|14,4,13,2,10|14,4,13,3,2,10|14,4,13,3,10|14,4,13,5,11|14,4,13,5,12|14,4,13,7|14,4,13,10|14,4,13,11|14,4,13,12|14,5,11|14,5,12|14,5,13,2,3,10|14,5,13,2,10|14,5,13,3,2,10|14,5,13,3,10|14,5,13,4,2,3,10|14,5,13,4,2,10|14,5,13,7|14,5,13,10|14,5,13,11|14,5,13,12|14,10|14,11|14,12
13,2,4,14,3,10|13,2,4,14,10|13,2,4,14,11|13,2,4,14,12|13,2,14,3,10|13,2,14,10|13,2,14,11|13,2,14,12|13,3,10|13,3,14,10|13,3,14,11|13,3,14,12|13,4,2,14,3,10|13,4,2,14,10|13,4,2,14,11|13,4,2,14,12|13,4,14,3,10|13,4,14,10|13,4,14,11|13,4,14,12|13,10|13,11|13,12|14,2,4,13,3,10|14,2,4,13,10|14,2,4,13,11|14,2,4,13,12|14,2,13,3,10|14,2,13,10|14,2,13,11|14,2,13,12|14,3,10|14,3,13,10|14,3,13,11|14,3,13,12|14,4,2,13,3,10|14,4,2,13,10|14,4,2,13,11|14,4,2,13,12|14,4,13,3,10|14,4,13,10|14,4,13,11|14,4,13,12|14,10|14,11|14,12
13,2,4,7|13,2,4,14,3,10|13,2,4,14,5,6,11|13,2,4,14,5,6,12|13,2,4,14,5,11|13,2,4,14,5,12|13,2,4,14,10|13,2,4,14,11|13,2,4,14,12|13,2,7|13,2,14,3,10|13,2,14,4,7|13,2,14,5,6,11|13,2,14,5,6,12|13,2,14,5,11|13,2,14,5,12|13,2,14,10|13,2,14,11|13,2,14,12|13,3,10|13,3,14,2,4,7|13,3,14,2,7|13,3,14,4,2,7|13,3,14,4,7|13,3,14,5,6,11|13,3,14,5,6,12|13,3,14,5,11|13,3,14,5,12|13,3,14,10|13,3,14,11|13,3,14,12|13,4,2,7|13,4,2,14,3,10|13,4,2,14,5,6,11|13,4,2,14,5,6,12|13,4,2,14,5,11|13,4,2,14,5,12|13,4,2,14,10|13,4,2,14,11|13,4,2,14,12|13,4,7|13,4,14,2,7|13,4,14,3,10|13,4,14,5,6,11|13,4,14,5,6,12|13,4,14,5,11|13,4,14,5,12|13,4,14,10|13,4,14,11|13,4,14,12|13,5,6,11|13,5,6,12|13,5,11|13,5,12|13,5,14,2,4,7|13,5,14,2,7|13,5,14,3,10|13,5,14,4,2,7|13,5,14,4,7|13,5,14,10|13,5,14,11|13,5,14,12|13,6,5,11|13,6,5,12|13,6,5,14,2,4,7|13,6,5,14,2,7|13,6,5,14,3,10|13,6,5,14,4,2,7|13,6,5,14,4,7|13,6,5,14,10|13,6,5,14,11|13,6,5,14,12|13,6,11|13,6,12|13,10|13,11|13,12|14,2,4,7|14,2,4,13,3,10|14,2,4,13,5,6,11|14,2,4,13,5,6,12|14,2,4,13,5,11|14,2,4,13,5,12|14,2,4,13,6,5,11|14,2,4,13,6,5,12|14,2,4,13,6,11|14,2,4,13,6,12|14,2,4,13,10|14,2,4,13,11|14,2,4,13,12|14,2,7|14,2,13,3,10|14,2,13,4,7|14,2,13,5,6,11|14,2,13,5,6,12|14,2,13,5,11|14,2,13,5,12|14,2,13,6,5,11|14,2,13,6,5,12|14,2,13,6,11|14,2,13,6,12|14,2,13,10|14,2,13,11|14,2,13,12|14,3,10|14,3,13,2,4,7|14,3,13,2,7|14,3,13,4,2,7|14,3,13,4,7|14,3,13,5,6,11|14,3,13,5,6,12|14,3,13,5,11|14,3,13,5,12|14,3,13,6,5,11|14,3,13,6,5,12|14,3,13,6,11|14,3,13,6,12|14,3,13,10|14,3,13,11|14,3,13,12|14,4,2,7|14,4,2,13,3,10|14,4,2,13,5,6,11|14,4,2,13,5,6,12|14,4,2,13,5,11|14,4,2,13,5,12|14,4,2,13,6,5,11|14,4,2,13,6,5,12|14,4,2,13,6,11|14,4,2,13,6,12|14,4,2,13,10|14,4,2,13,11|14,4,2,13,12|14,4,7|14,4,13,2,7|14,4,13,3,10|14,4,13,5,6,11|14,4,13,5,6,12|14,4,13,5,11|14,4,13,5,12|14,4,13,6,5,11|14,4,13,6,5,12|14,4,13,6,11|14,4,13,6,12|14,4,13,10|14,4,13,11|14,4,13,12|14,5,6,11|14,5,6,12|14,5,6,13,2,4,7|14,5,6,13,2,7|14,5,6,13,3,10|14,5,6,13,4,2,7|14,5,6,13,4,7|14,5,6,13,10|14,5,6,13,11|14,5,6,13,12|14,5,11|14,5,12|14,5,13,2,4,7|14,5,13,2,7|14,5,13,3,10|14,5,13,4,2,7|14,5,13,4,7|14,5,13,6,11|14,5,13,6,12|14,5,13,10|14,5,13,11|14,5,13,12|14,10|14,11|14,12
13,3,10|13,3,14,4,2,7|13,3,14,4,7|13,3,14,9|13,3,14,10|13,3,14,11|13,4,2,7|13,4,7|13,4,14,3,10|13,4,14,9|13,4,14,10|13,4,14,11|13,6,9|13,6,11|13,9|13,10|13,11|14,3,10|14,3,13,4,2,7|14,3,13,4,7|14,3,13,6,9|14,3,13,6,11|14,3,13,9|14,3,13,10|14,3,13,11|14,4,2,7|14,4,7|14,4,13,3,10|14,4,13,6,9|14,4,13,6,11|14,4,13,9|14,4,13,10|14,4,13,11|14,9|14,10|14,11
13,2,3,10|13,2,3,14,5,6,9|13,2,3,14,5,6,11|13,2,3,14,5,9|13,2,3,14,5,11|13,2,3,14,6,5,9|13,2,3,14,6,5,11|13,2,3,14,6,9|13,2,3,14,6,11|13,2,3,14,9|13,2,3,14,10|13,2,3,14,11|13,2,10|13,2,14,3,10|13,2,14,5,6,9|13,2,14,5,6,11|13,2,14,5,9|13,2,14,5,11|13,2,14,6,5,9|13,2,14,6,5,11|13,2,14,6,9|13,2,14,6,11|13,2,14,9|13,2,14,10|13,2,14,11|13,3,2,10|13,3,2,14,5,6,9|13,3,2,14,5,6,11|13,3,2,14,5,9|13,3,2,14,5,11|13,3,2,14,6,5,9|13,3,2,14,6,5,11|13,3,2,14,6,9|13,3,2,14,6,11|13,3,2,14,9|13,3,2,14,10|13,3,2,14,11|13,3,10|13,3,14,2,10|13,3,14,5,6,9|13,3,14,5,6,11|13,3,14,5,9|13,3,14,5,11|13,3,14,6,5,9|13,3,14,6,5,11|13,3,14,6,9|13,3,14,6,11|13,3,14,9|13,3,14,10|13,3,14,11|13,5,6,9|13,5,6,11|13,5,6,14,2,3,10|13,5,6,14,2,10|13,5,6,14,3,2,10|13,5,6,14,3,10|13,5,6,14,9|13,5,6,14,10|13,5,6,14,11|13,5,9|13,5,11|13,5,14,2,3,10|13,5,14,2,10|13,5,14,3,2,10|13,5,14,3,10|13,5,14,6,9|13,5,14,6,11|13,5,14,9|13,5,14,10|13,5,14,11|13,6,5,9|13,6,5,11|13,6,5,14,2,3,10|13,6,5,14,2,10|13,6,5,14,3,2,10|13,6,5,14,3,10|13,6,5,14,9|13,6,5,14,10|13,6,5,14,11|13,6,9|13,6,11|13,6,14,2,3,10|13,6,14,2,10|13,6,14,3,2,10|13,6,14,3,10|13,6,14,5,9|13,6,14,5,11|13,6,14,9|13,6,14,10|13,6,14,11|13,9|13,10|13,11|14,2,3,10|14,2,3,13,5,6,9|14,2,3,13,5,6,11|14,2,3,13,5,9|14,2,3,13,5,11|14,2,3,13,6,5,9|14,2,3,13,6,5,11|14,2,3,13,6,9|14,2,3,13,6,11|14,2,3,13,9|14,2,3,13,10|14,2,3,13,11|14,2,10|14,2,13,3,10|14,2,13,5,6,9|14,2,13,5,6,11|14,2,13,5,9|14,2,13,5,11|14,2,13,6,5,9|14,2,13,6,5,11|14,2,13,6,9|14,2,13,6,11|14,2,13,9|14,2,13,10|14,2,13,11|14,3,2,10|14,3,2,13,5,6,9|14,3,2,13,5,6,11|14,3,2,13,5,9|14,3,2,13,5,11|14,3,2,13,6,5,9|14,3,2,13,6,5,11|14,3,2,13,6,9|14,3,2,13,6,11|14,3,2,13,9|14,3,2,13,10|14,3,2,13,11|14,3,10|14,3,13,2,10|14,3,13,5,6,9|14,3,13,5,6,11|14,3,13,5,9|14,3,13,5,11|14,3,13,6,5,9|14,3,13,6,5,11|14,3,13,6,9|14,3,13,6,11|14,3,13,9|14,3,13,10|14,3,13,11|14,5,6,9|14,5,6,11|14,5,6,13,2,3,10|14,5,6,13,2,10|14,5,6,13,3,2,10|14,5,6,13,3,10|14,5,6,13,9|14,5,6,13,10|14,5,6,13,11|14,5,9|14,5,11|14,5,13,2,3,10|14,5,13,2,10|14,5,13,3,2,10|14,5,13,3,10|14,5,13,6,9|14,5,13,6,11|14,5,13,9|14,5,13,10|14,5,13,11|14,6,5,9|14,6,5,11|14,6,5,13,2,3,10|14,6,5,13,2,10|14,6,5,13,3,2,10|14,6,5,13,3,10|14,6,5,13,9|14,6,5,13,10|14,6,5,13,11|14,6,9|14,6,11|14,6,13,2,3,10|14,6,13,2,10|14,6,13,3,2,10|14,6,13,3,10|14,6,13,5,9|14,6,13,5,11|14,6,13,9|14,6,13,10|14,6,13,11|14,9|14,10|14,11
13,2,3,10|13,2,3,14,6,9|13,2,3,14,6,11|13,2,3,14,9|13,2,3,14,10|13,2,3,14,11|13,2,10|13,2,14,3,10|13,2,14,6,9|13,2,14,6,11|13,2,14,9|13,2,14,10|13,2,14,11|13,3,2,10|13,3,2,14,6,9|13,3,2,14,6,11|13,3,2,14,9|13,3,2,14,10|13,3,2,14,11|13,3,10|13,3,14,2,10|13,3,14,6,9|13,3,14,6,11|13,3,14,9|13,3,14,10|13,3,14,11|13,6,9|13,6,11|13,6,14,2,3,10|13,6,14,2,10|13,6,14,3,2,10|13,6,14,3,10|13,6,14,9|13,6,14,10|13,6,14,11|13,9|13,10|13,11|14,2,3,10|14,2,3,13,6,9|14,2,3,13,6,11|14,2,3,13,9|14,2,3,13,10|14,2,3,13,11|14,2,10|14,2,13,3,10|14,2,13,6,9|14,2,13,6,11|14,2,13,9|14,2,13,10|14,2,13,11|14,3,2,10|14,3,2,13,6,9|14,3,2,13,6,11|14,3,2,13,9|14,3,2,13,10|14,3,2,13,11|14,3,10|14,3,13,2,10|14,3,13,6,9|14,3,13,6,11|14,3,13,9|14,3,13,10|14,3,13,11|14,6,9|14,6,11|14,6,13,2,3,10|14,6,13,2,10|14,6,13,3,2,10|14,6,13,3,10|14,6,13,9|14,6,13,10|14,6,13,11|14,9|14,10|14,11
13,2,4,7|13,2,10|13,2,14,3,10|13,2,14,5,6,8|13,2,14,5,6,9|13,2,14,5,8|13,2,14,5,9|13,2,14,6,5,8|13,2,14,6,5,9|13,2,14,6,8|13,2,14,6,9|13,2,14,8|13,2,14,9|13,2,14,10|13,3,10|13,3,14,2,4,7|13,3,14,2,10|13,3,14,5,6,8|13,3,14,5,6,9|13,3,14,5,8|13,3,14,5,9|13,3,14,6,5,8|13,3,14,6,5,9|13,3,14,6,8|13,3,14,6,9|13,3,14,8|13,3,14,9|13,3,14,10|13,5,6,8|13,5,6,9|13,5,6,14,2,4,7|13,5,6,14,2,10|13,5,6,14,3,10|13,5,6,14,8|13,5,6,14,9|13,5,6,14,10|13,5,8|13,5,9|13,5,14,2,4,7|13,5,14,2,10|13,5,14,3,10|13,5,14,6,8|13,5,14,6,9|13,5,14,8|13,5,14,9|13,5,14,10|13,8|13,9|13,10|14,2,4,7|14,2,10|14,2,13,3,10|14,2,13,5,6,8|14,2,13,5,6,9|14,2,13,5,8|14,2,13,5,9|14,2,13,8|14,2,13,9|14,2,13,10|14,3,10|14,3,13,2,4,7|14,3,13,2,10|14,3,13,5,6,8|14,3,13,5,6,9|14,3,13,5,8|14,3,13,5,9|14,3,13,8|14,3,13,9|14,3,13,10|14,5,6,8|14,5,6,9|14,5,8|14,5,9|14,5,13,2,4,7|14,5,13,2,10|14,5,13,3,10|14,5,13,8|14,5,13,9|14,5,13,10|14,6,5,8|14,6,5,9|14,6,5,13,2,4,7|14,6,5,13,2,10|14,6,5,13,3,10|14,6,5,13,8|14,6,5,13,9|14,6,5,13,10|14,6,8|14,6,9|14,8|14,9|14,10
13,3,10|13,3,14,4,2,7|13,3,14,4,7|13,3,14,6,8|13,3,14,6,9|13,3,14,8|13,3,14,9|13,3,14,10|13,8|13,9|13,10|14,3,10|14,3,13,8|14,3,13,9|14,3,13,10|14,4,2,7|14,4,7|14,6,8|14,6,9|14,8|14,9|14,10
13,2,4,7|13,2,4,14,3,10|13,2,4,14,5,8|13,2,4,14,5,9|13,2,4,14,7|13,2,4,14,8|13,2,4,14,9|13,2,7|13,2,14,3,10|13,2,14,4,7|13,2,14,5,8|13,2,14,5,9|13,2,14,7|13,2,14,8|13,2,14,9|13,3,10|13,3,14,2,4,7|13,3,14,2,7|13,3,14,4,2,7|13,3,14,4,7|13,3,14,5,8|13,3,14,5,9|13,3,14,7|13,3,14,8|13,3,14,9|13,4,2,7|13,4,2,14,3,10|13,4,2,14,5,8|13,4,2,14,5,9|13,4,2,14,7|13,4,2,14,8|13,4,2,14,9|13,4,7|13,4,14,2,7|13,4,14,3,10|13,4,14,5,8|13,4,14,5,9|13,4,14,7|13,4,14,8|13,4,14,9|13,5,8|13,5,9|13,5,14,2,4,7|13,5,14,2,7|13,5,14,3,10|13,5,14,4,2,7|13,5,14,4,7|13,5,14,7|13,5,14,8|13,5,14,9|13,7|13,8|13,9|13,10|14,2,4,7|14,2,4,13,3,10|14,2,4,13,5,8|14,2,4,13,5,9|14,2,4,13,7|14,2,4,13,8|14,2,4,13,9|14,2,4,13,10|14,2,7|14,2,13,3,10|14,2,13,4,7|14,2,13,5,8|14,2,13,5,9|14,2,13,7|14,2,13,8|14,2,13,9|14,2,13,10|14,3,10|14,3,13,2,4,7|14,3,13,2,7|14,3,13,4,2,7|14,3,13,4,7|14,3,13,5,8|14,3,13,5,9|14,3,13,7|14,3,13,8|14,3,13,9|14,3,13,10|14,4,2,7|14,4,2,13,3,10|14,4,2,13,5,8|14,4,2,13,5,9|14,4,2,13,7|14,4,2,13,8|14,4,2,13,9|14,4,2,13,10|14,4,7|14,4,13,2,7|14,4,13,3,10|14,4,13,5,8|14,4,13,5,9|14,4,13,7|14,4,13,8|14,4,13,9|14,4,13,10|14,5,8|14,5,9|14,5,13,2,4,7|14,5,13,2,7|14,5,13,3,10|14,5,13,4,2,7|14,5,13,4,7|14,5,13,7|14,5,13,8|14,5,13,9|14,5,13,10|14,7|14,8|14,9
13,2,3,10|13,2,3,14,4,7|13,2,3,14,7|13,2,3,14,8|13,2,3,14,9|13,2,4,7|13,2,4,14,3,10|13,2,4,14,7|13,2,4,14,8|13,2,4,14,9|13,2,14,3,10|13,2,14,4,7|13,2,14,7|13,2,14,8|13,2,14,9|13,3,2,4,7|13,3,2,4,14,7|13,3,2,4,14,8|13,3,2,4,14,9|13,3,2,14,4,7|13,3,2,14,7|13,3,2,14,8|13,3,2,14,9|13,3,10|13,3,14,2,4,7|13,3,14,4,7|13,3,14,7|13,3,14,8|13,3,14,9|13,4,2,3,10|13,4,2,3,14,7|13,4,2,3,14,8|13,4,2,3,14,9|13,4,2,14,3,10|13,4,2,14,7|13,4,2,14,8|13,4,2,14,9|13,4,7|13,4,14,2,3,10|13,4,14,3,10|13,4,14,7|13,4,14,8|13,4,14,9|13,7|13,8|13,9|14,2,3,10|14,2,3,13,4,7|14,2,3,13,7|14,2,3,13,8|14,2,3,13,9|14,2,4,7|14,2,4,13,3,10|14,2,4,13,7|14,2,4,13,8|14,2,4,13,9|14,2,13,3,10|14,2,13,4,7|14,2,13,7|14,2,13,8|14,2,13,9|14,3,2,4,7|14,3,2,4,13,7|14,3,2,4,13,8|14,3,2,4,13,9|14,3,2,13,4,7|14,3,2,13,7|14,3,2,13,8|14,3,2,13,9|14,3,10|14,3,13,2,4,7|14,3,13,4,7|14,3,13,7|14,3,13,8|14,3,13,9|14,4,2,3,10|14,4,2,3,13,7|14,4,2,3,13,8|14,4,2,3,13,9|14,4,2,13,3,10|14,4,2,13,7|14,4,2,13,8|14,4,2,13,9|14,4,7|14,4,13,2,3,10|14,4,13,3,10|14,4,13,7|14,4,13,8|14,4,13,9|14,7|14,8|14,9
13,2,3,14,4,7|13,2,3,14,5,6,8|13,2,3,14,5,6,9|13,2,3,14,5,8|13,2,3,14,5,9|13,2,3,14,7|13,2,3,14,8|13,2,3,14,9|13,2,10|13,2,14,4,7|13,2,14,5,6,8|13,2,14,5,6,9|13,2,14,5,8|13,2,14,5,9|13,2,14,7|13,2,14,8|13,2,14,9|13,3,2,10|13,3,2,14,4,7|13,3,2,14,5,6,8|13,3,2,14,5,6,9|13,3,2,14,5,8|13,3,2,14,5,9|13,3,2,14,7|13,3,2,14,8|13,3,2,14,9|13,3,14,2,10|13,3,14,4,7|13,3,14,5,6,8|13,3,14,5,6,9|13,3,14,5,8|13,3,14,5,9|13,3,14,7|13,3,14,8|13,3,14,9|13,4,7|13,4,14,2,10|13,4,14,3,2,10|13,4,14,5,6,8|13,4,14,5,6,9|13,4,14,5,8|13,4,14,5,9|13,4,14,7|13,4,14,8|13,4,14,9|13,5,6,8|13,5,6,9|13,5,8|13,5,9|13,5,14,2,10|13,5,14,3,2,10|13,5,14,4,7|13,5,14,7|13,5,14,8|13,5,14,9|13,6,5,8|13,6,5,9|13,6,5,14,2,10|13,6,5,14,3,2,10|13,6,5,14,4,7|13,6,5,14,7|13,6,5,14,8|13,6,5,14,9|13,6,8|13,6,9|13,7|13,8|13,9|14,2,3,13,4,7|14,2,3,13,5,6,8|14,2,3,13,5,6,9|14,2,3,13,5,8|14,2,3,13,5,9|14,2,3,13,6,5,8|14,2,3,13,6,5,9|14,2,3,13,6,8|14,2,3,13,6,9|14,2,3,13,7|14,2,3,13,8|14,2,3,13,9|14,2,10|14,2,13,4,7|14,2,13,5,6,8|14,2,13,5,6,9|14,2,13,5,8|14,2,13,5,9|14,2,13,6,5,8|14,2,13,6,5,9|14,2,13,6,8|14,2,13,6,9|14,2,13,7|14,2,13,8|14,2,13,9|14,3,2,10|14,3,2,13,4,7|14,3,2,13,5,6,8|14,3,2,13,5,6,9|14,3,2,13,5,8|14,3,2,13,5,9|14,3,2,13,6,5,8|14,3,2,13,6,5,9|14,3,2,13,6,8|14,3,2,13,6,9|14,3,2,13,7|14,3,2,13,8|14,3,2,13,9|14,3,13,2,10|14,3,13,4,7|14,3,13,5,6,8|14,3,13,5,6,9|14,3,13,5,8|14,3,13,5,9|14,3,13,6,5,8|14,3,13,6,5,9|14,3,13,6,8|14,3,13,6,9|14,3,13,7|14,3,13,8|14,3,13,9|14,4,7|14,4,13,2,10|14,4,13,3,2,10|14,4,13,5,6,8|14,4,13,5,6,9|14,4,13,5,8|14,4,13,5,9|14,4,13,6,5,8|14,4,13,6,5,9|14,4,13,6,8|14,4,13,6,9|14,4,13,7|14,4,13,8|14,4,13,9|14,5,6,8|14,5,6,9|14,5,6,13,2,10|14,5,6,13,3,2,10|14,5,6,13,4,7|14,5,6,13,7|14,5,6,13,8|14,5,6,13,9|14,5,8|14,5,9|14,5,13,2,10|14,5,13,3,2,10|14,5,13,4,7|14,5,13,6,8|14,5,13,6,9|14,5,13,7|14,5,13,8|14,5,13,9|14,7|14,8|14,9
13,3,14,4,7|13,3,14,7|13,3,14,8|13,3,14,12|13,4,7|13,4,14,7|13,4,14,8|13,4,14,12|13,6,8|13,6,12|13,7|13,8|13,12|14,3,13,4,7|14,3,13,6,8|14,3,13,6,12|14,3,13,7|14,3,13,8|14,3,13,12|14,4,7|14,4,13,6,8|14,4,13,6,12|14,4,13,7|14,4,13,8|14,4,13,12|14,7|14,8|14,12
13,2,4,7|13,2,4,14,5,6,8|13,2,4,14,5,6,12|13,2,4,14,5,8|13,2,4,14,5,12|13,2,4,14,6,5,8|13,2,4,14,6,5,12|13,2,4,14,6,8|13,2,4,14,6,12|13,2,4,14,7|13,2,4,14,8|13,2,4,14,12|13,2,7|13,2,14,4,7|13,2,14,5,6,8|13,2,14,5,6,12|13,2,14,5,8|13,2,14,5,12|13,2,14,6,5,8|13,2,14,6,5,12|13,2,14,6,8|13,2,14,6,12|13,2,14,7|13,2,14,8|13,2,14,12|13,4,2,7|13,4,2,14,5,6,8|13,4,2,14,5,6,12|13,4,2,14,5,8|13,4,2,14,5,12|13,4,2,14,6,5,8|13,4,2,14,6,5,12|13,4,2,14,6,8|13,4,2,14,6,12|13,4,2,14,7|13,4,2,14,8|13,4,2,14,12|13,4,7|13,4,14,2,7|13,4,14,5,6,8|13,4,14,5,6,12|13,4,14,5,8|13,4,14,5,12|13,4,14,6,5,8|13,4,14,6,5,12|13,4,14,6,8|13,4,14,6,12|13,4,14,7|13,4,14,8|13,4,14,12|13,5,6,8|13,5,6,12|13,5,6,14,2,4,7|13,5,6,14,2,7|13,5,6,14,4,2,7|13,5,6,14,4,7|13,5,6,14,7|13,5,6,14,8|13,5,6,14,12|13,5,8|13,5,12|13,5,14,2,4,7|13,5,14,2,7|13,5,14,4,2,7|13,5,14,4,7|13,5,14,6,8|13,5,14,6,12|13,5,14,7|13,5,14,8|13,5,14,12|13,6,5,8|13,6,5,12|13,6,5,14,2,4,7|13,6,5,14,2,7|13,6,5,14,4,2,7|13,6,5,14,4,7|13,6,5,14,7|13,6,5,14,8|13,6,5,14,12|13,6,8|13,6,12|13,6,14,2,4,7|13,6,14,2,7|13,6,14,4,2,7|13,6,14,4,7|13,6,14,5,8|13,6,14,5,12|13,6,14,7|13,6,14,8|13,6,14,12|13,7|13,8|13,12|14,2,4,7|14,2,4,13,5,6,8|14,2,4,13,5,6,12|14,2,4,13,5,8|14,2,4,13,5,12|14,2,4,13,6,5,8|14,2,4,13,6,5,12|14,2,4,13,6,8|14,2,4,13,6,12|14,2,4,13,7|14,2,4,13,8|14,2,4,13,12|14,2,7|14,2,13,4,7|14,2,13,5,6,8|14,2,13,5,6,12|14,2,13,5,8|14,2,13,5,12|14,2,13,6,5,8|14,2,13,6,5,12|14,2,13,6,8|14,2,13,6,12|14,2,13,7|14,2,13,8|14,2,13,12|14,4,2,7|14,4,2,13,5,6,8|14,4,2,13,5,6,12|14,4,2,13,5,8|14,4,2,13,5,12|14,4,2,13,6,5,8|14,4,2,13,6,5,12|14,4,2,13,6,8|14,4,2,13,6,12|14,4,2,13,7|14,4,2,13,8|14,4,2,13,12|14,4,7|14,4,13,2,7|14,4,13,5,6,8|14,4,13,5,6,12|14,4,13,5,8|14,4,13,5,12|14,4,13,6,5,8|14,4,13,6,5,12|14,4,13,6,8|14,4,13,6,12|14,4,13,7|14,4,13,8|14,4,13,12|14,5,6,8|14,5,6,12|14,5,6,13,2,4,7|14,5,6,13,2,7|14,5,6,13,4,2,7|14,5,6,13,4,7|14,5,6,13,7|14,5,6,13,8|14,5,6,13,12|14,5,8|14,5,12|14,5,13,2,4,7|14,5,13,2,7|14,5,13,4,2,7|14,5,13,4,7|14,5,13,6,8|14,5,13,6,12|14,5,13,7|14,5,13,8|14,5,13,12|14,6,5,8|14,6,5,12|14,6,5,13,2,4,7|14,6,5,13,2,7|14,6,5,13,4,2,7|14,6,5,13,4,7|14,6,5,13,7|14,6,5,13,8|14,6,5,13,12|14,6,8|14,6,12|14,6,13,2,4,7|14,6,13,2,7|14,6,13,4,2,7|14,6,13,4,7|14,6,13,5,8|14,6,13,5,12|14,6,13,7|14,6,13,8|14,6,13,12|14,7|14,8|14,12
13,2,4,7|13,2,4,14,6,8|13,2,4,14,6,12|13,2,4,14,7|13,2,4,14,8|13,2,4,14,12|13,2,7|13,2,14,4,7|13,2,14,6,8|13,2,14,6,12|13,2,14,7|13,2,14,8|13,2,14,12|13,4,2,7|13,4,2,14,6,8|13,4,2,14,6,12|13,4,2,14,7|13,4,2,14,8|13,4,2,14,12|13,4,7|13,4,14,2,7|13,4,14,6,8|13,4,14,6,12|13,4,14,7|13,4,14,8|13,4,14,12|13,6,8|13,6,12|13,6,14,2,4,7|13,6,14,2,7|13,6,14,4,2,7|13,6,14,4,7|13,6,14,7|13,6,14,8|13,6,14,12|13,7|13,8|13,12|14,2,4,7|14,2,4,13,6,8|14,2,4,13,6,12|14,2,4,13,7|14,2,4,13,8|14,2,4,13,12|14,2,7|14,2,13,4,7|14,2,13,6,8|14,2,13,6,12|14,2,13,7|14,2,13,8|14,2,13,12|14,4,2,7|14,4,2,13,6,8|14,4,2,13,6,12|14,4,2,13,7|14,4,2,13,8|14,4,2,13,12|14,4,7|14,4,13,2,7|14,4,13,6,8|14,4,13,6,12|14,4,13,7|14,4,13,8|14,4,13,12|14,6,8|14,6,12|14,6,13,2,4,7|14,6,13,2,7|14,6,13,4,2,7|14,6,13,4,7|14,6,13,7|14,6,13,8|14,6,13,12|14,7|14,8|14,12
13,2,3,4,7|13,2,3,4,14,5,6,11|13,2,3,4,14,5,6,12|13,2,3,4,14,5,11|13,2,3,4,14,5,12|13,2,3,4,14,6,5,11|13,2,3,4,14,6,5,12|13,2,3,4,14,6,11|13,2,3,4,14,6,12|13,2,3,4,14,7|13,2,3,4,14,11|13,2,3,4,14,12|13,2,4,7|13,2,4,14,5,6,11|13,2,4,14,5,6,12|13,2,4,14,5,11|13,2,4,14,5,12|13,2,4,14,6,5,11|13,2,4,14,6,5,12|13,2,4,14,6,11|13,2,4,14,6,12|13,2,4,14,7|13,2,4,14,11|13,2,4,14,12|13,2,7|13,2,14,4,7|13,2,14,5,6,11|13,2,14,5,6,12|13,2,14,5,11|13,2,14,5,12|13,2,14,6,5,11|13,2,14,6,5,12|13,2,14,6,11|13,2,14,6,12|13,2,14,7|13,2,14,11|13,2,14,12|13,4,2,7|13,4,2,14,5,6,11|13,4,2,14,5,6,12|13,4,2,14,5,11|13,4,2,14,5,12|13,4,2,14,6,5,11|13,4,2,14,6,5,12|13,4,2,14,6,11|13,4,2,14,6,12|13,4,2,14,7|13,4,2,14,11|13,4,2,14,12|13,4,3,2,7|13,4,3,2,14,5,6,11|13,4,3,2,14,5,6,12|13,4,3,2,14,5,11|13,4,3,2,14,5,12|13,4,3,2,14,6,5,11|13,4,3,2,14,6,5,12|13,4,3,2,14,6,11|13,4,3,2,14,6,12|13,4,3,2,14,7|13,4,3,2,14,11|13,4,3,2,14,12|13,4,7|13,4,14,2,7|13,4,14,5,6,11|13,4,14,5,6,12|13,4,14,5,11|13,4,14,5,12|13,4,14,6,5,11|13,4,14,6,5,12|13,4,14,6,11|13,4,14,6,12|13,4,14,7|13,4,14,11|13,4,14,12|13,5,6,11|13,5,6,12|13,5,6,14,2,3,4,7|13,5,6,14,2,4,7|13,5,6,14,2,7|13,5,6,14,4,2,7|13,5,6,14,4,3,2,7|13,5,6,14,4,7|13,5,6,14,7|13,5,6,14,11|13,5,6,14,12|13,5,11|13,5,12|13,5,14,2,3,4,7|13,5,14,2,4,7|13,5,14,2,7|13,5,14,4,2,7|13,5,14,4,3,2,7|13,5,14,4,7|13,5,14,6,11|13,5,14,6,12|13,5,14,7|13,5,14,11|13,5,14,12|13,7|13,11|13,12|14,2,3,4,7|14,2,3,4,13,5,6,11|14,2,3,4,13,5,6,12|14,2,3,4,13,5,11|14,2,3,4,13,5,12|14,2,3,4,13,7|14,2,3,4,13,11|14,2,3,4,13,12|14,2,4,7|14,2,4,13,5,6,11|14,2,4,13,5,6,12|14,2,4,13,5,11|14,2,4,13,5,12|14,2,4,13,7|14,2,4,13,11|14,2,4,13,12|14,2,7|14,2,13,4,7|14,2,13,5,6,11|14,2,13,5,6,12|14,2,13,5,11|14,2,13,5,12|14,2,13,7|14,2,13,11|14,2,13,12|14,4,2,7|14,4,2,13,5,6,11|14,4,2,13,5,6,12|14,4,2,13,5,11|14,4,2,13,5,12|14,4,2,13,7|14,4,2,13,11|14,4,2,13,12|14,4,3,2,7|14,4,3,2,13,5,6,11|14,4,3,2,13,5,6,12|14,4,3,2,13,5,11|14,4,3,2,13,5,12|14,4,3,2,13,7|14,4,3,2,13,11|14,4,3,2,13,12|14,4,7|14,4,13,2,7|14,4,13,5,6,11|14,4,13,5,6,12|14,4,13,5,11|14,4,13,5,12|14,4,13,7|14,4,13,11|14,4,13,12|14,5,6,11|14,5,6,12|14,5,11|14,5,12|14,5,13,2,3,4,7|14,5,13,2,4,7|14,5,13,2,7|14,5,13,4,2,7|14,5,13,4,3,2,7|14,5,13,4,7|14,5,13,7|14,5,13,11|14,5,13,12|14,6,5,11|14,6,5,12|14,6,5,13,2,3,4,7|14,6,5,13,2,4,7|14,6,5,13,2,7|14,6,5,13,4,2,7|14,6,5,13,4,3,2,7|14,6,5,13,4,7|14,6,5,13,7|14,6,5,13,11|14,6,5,13,12|14,6,11|14,6,12|14,7|14,11|14,12
13,4,2,10|13,4,3,2,10|13,4,7|13,4,14,6,11|13,4,14,6,12|13,4,14,7|13,4,14,11|13,4,14,12|13,7|13,11|13,12|14,4,2,10|14,4,3,2,10|14,4,7|14,4,13,7|14,4,13,11|14,4,13,12|14,6,11|14,6,12|14,7|14,11|14,12
13,2,10|13,2,14,5,11|13,2,14,5,12|13,2,14,10|13,2,14,11|13,2,14,12|13,5,11|13,5,12|13,5,14,2,10|13,5,14,10|13,5,14,11|13,5,14,12|13,7|13,10|13,11|13,12|14,2,10|14,2,13,5,11|14,2,13,5,12|14,2,13,7|14,2,13,10|14,2,13,11|14,2,13,12|14,5,11|14,5,12|14,5,13,2,10|14,5,13,7|14,5,13,10|14,5,13,11|14,5,13,12|14,10|14,11|14,12
13,2,14,10|13,2,14,11|13,2,14,12|13,10|13,11|13,12|14,2,13,10|14,2,13,11|14,2,13,12|14,10|14,11|14,12
13,2,7|13,2,14,5,6,11|13,2,14,5,6,12|13,2,14,5,11|13,2,14,5,12|13,2,14,10|13,2,14,11|13,2,14,12|13,5,6,11|13,5,6,12|13,5,11|13,5,12|13,5,14,2,7|13,5,14,10|13,5,14,11|13,5,14,12|13,6,5,11|13,6,5,12|13,6,5,14,2,7|13,6,5,14,10|13,6,5,14,11|13,6,5,14,12|13,6,11|13,6,12|13,10|13,11|13,12|14,2,7|14,2,13,5,6,11|14,2,13,5,6,12|14,2,13,5,11|14,2,13,5,12|14,2,13,6,5,11|14,2,13,6,5,12|14,2,13,6,11|14,2,13,6,12|14,2,13,10|14,2,13,11|14,2,13,12|14,5,6,11|14,5,6,12|14,5,6,13,2,7|14,5,6,13,10|14,5,6,13,11|14,5,6,13,12|14,5,11|14,5,12|14,5,13,2,7|14,5,13,6,11|14,5,13,6,12|14,5,13,10|14,5,13,11|14,5,13,12|14,10|14,11|14,12
13,3,2,4,14,9|13,3,2,4,14,10|13,3,2,4,14,11|13,3,2,7|13,3,4,2,7|13,3,4,14,9|13,3,4,14,10|13,3,4,14,11|13,3,14,4,2,7|13,3,14,9|13,3,14,10|13,3,14,11|13,6,9|13,6,11|13,9|13,10|13,11|14,3,2,7|14,3,4,2,7|14,3,13,6,9|14,3,13,6,11|14,3,13,9|14,3,13,10|14,3,13,11|14,4,2,3,13,6,9|14,4,2,3,13,6,11|14,4,2,3,13,9|14,4,2,3,13,10|14,4,2,3,13,11|14,4,2,7|14,4,3,2,7|14,4,3,13,6,9|14,4,3,13,6,11|14,4,3,13,9|14,4,3,13,10|14,4,3,13,11|14,9|14,10|14,11
13,2,3,4,14,5,6,9|13,2,3,4,14,5,6,11|13,2,3,4,14,5,9|13,2,3,4,14,5,11|13,2,3,4,14,6,5,9|13,2,3,4,14,6,5,11|13,2,3,4,14,6,9|13,2,3,4,14,6,11|13,2,3,4,14,9|13,2,3,4,14,10|13,2,3,4,14,11|13,2,3,14,5,6,9|13,2,3,14,5,6,11|13,2,3,14,5,9|13,2,3,14,5,11|13,2,3,14,6,5,9|13,2,3,14,6,5,11|13,2,3,14,6,9|13,2,3,14,6,11|13,2,3,14,9|13,2,3,14,10|13,2,3,14,11|13,2,4,3,14,5,6,9|13,2,4,3,14,5,6,11|13,2,4,3,14,5,9|13,2,4,3,14,5,11|13,2,4,3,14,6,5,9|13,2,4,3,14,6,5,11|13,2,4,3,14,6,9|13,2,4,3,14,6,11|13,2,4,3,14,9|13,2,4,3,14,10|13,2,4,3,14,11|13,2,4,14,5,6,9|13,2,4,14,5,6,11|13,2,4,14,5,9|13,2,4,14,5,11|13,2,4,14,6,5,9|13,2,4,14,6,5,11|13,2,4,14,6,9|13,2,4,14,6,11|13,2,4,14,9|13,2,4,14,10|13,2,4,14,11|13,2,10|13,2,14,5,6,9|13,2,14,5,6,11|13,2,14,5,9|13,2,14,5,11|13,2,14,6,5,9|13,2,14,6,5,11|13,2,14,6,9|13,2,14,6,11|13,2,14,9|13,2,14,10|13,2,14,11|13,3,2,4,14,5,6,9|13,3,2,4,14,5,6,11|13,3,2,4,14,5,9|13,3,2,4,14,5,11|13,3,2,4,14,6,5,9|13,3,2,4,14,6,5,11|13,3,2,4,14,6,9|13,3,2,4,14,6,11|13,3,2,4,14,9|13,3,2,4,14,10|13,3,2,4,14,11|13,3,2,10|13,3,2,14,5,6,9|13,3,2,14,5,6,11|13,3,2,14,5,9|13,3,2,14,5,11|13,3,2,14,6,5,9|13,3,2,14,6,5,11|13,3,2,14,6,9|13,3,2,14,6,11|13,3,2,14,9|13,3,2,14,10|13,3,2,14,11|13,3,4,2,10|13,3,4,2,14,5,6,9|13,3,4,2,14,5,6,11|13,3,4,2,14,5,9|13,3,4,2,14,5,11|13,3,4,2,14,6,5,9|13,3,4,2,14,6,5,11|13,3,4,2,14,6,9|13,3,4,2,14,6,11|13,3,4,2,14,9|13,3,4,2,14,10|13,3,4,2,14,11|13,3,4,14,2,10|13,3,4,14,5,6,9|13,3,4,14,5,6,11|13,3,4,14,5,9|13,3,4,14,5,11|13,3,4,14,6,5,9|13,3,4,14,6,5,11|13,3,4,14,6,9|13,3,4,14,6,11|13,3,4,14,9|13,3,4,14,10|13,3,4,14,11|13,3,14,2,10|13,3,14,4,2,10|13,3,14,5,6,9|13,3,14,5,6,11|13,3,14,5,9|13,3,14,5,11|13,3,14,6,5,9|13,3,14,6,5,11|13,3,14,6,9|13,3,14,6,11|13,3,14,9|13,3,14,10|13,3,14,11|13,4,2,3,14,5,6,9|13,4,2,3,14,5,6,11|13,4,2,3,14,5,9|13,4,2,3,14,5,11|13,4,2,3,14,6,5,9|13,4,2,3,14,6,5,11|13,4,2,3,14,6,9|13,4,2,3,14,6,11|13,4,2,3,14,9|13,4,2,3,14,10|13,4,2,3,14,11|13,4,2,10|13,4,2,14,5,6,9|13,4,2,14,5,6,11|13,4,2,14,5,9|13,4,2,14,5,11|13,4,2,14,6,5,9|13,4,2,14,6,5,11|13,4,2,14,6,9|13,4,2,14,6,11|13,4,2,14,9|13,4,2,14,10|13,4,2,14,11|13,4,3,2,10|13,4,3,2,14,5,6,9|13,4,3,2,14,5,6,11|13,4,3,2,14,5,9|13,4,3,2,14,5,11|13,4,3,2,14,6,5,9|13,4,3,2,14,6,5,11|13,4,3,2,14,6,9|13,4,3,2,14,6,11|13,4,3,2,14,9|13,4,3,2,14,10|13,4,3,2,14,11|13,4,3,14,2,10|13,4,3,14,5,6,9|13,4,3,14,5,6,11|13,4,3,14,5,9|13,4,3,14,5,11|13,4,3,14,6,5,9|13,4,3,14,6,5,11|13,4,3,14,6,9|13,4,3,14,6,11|13,4,3,14,9|13,4,3,14,10|13,4,3,14,11|13,4,14,2,10|13,4,14,3,2,10|13,4,14,5,6,9|13,4,14,5,6,11|13,4,14,5,9|13,4,14,5,11|13,4,14,6,5,9|13,4,14,6,5,11|13,4,14,6,9|13,4,14,6,11|13,4,14,9|13,4,14,10|13,4,14,11|13,5,6,9|13,5,6,11|13,5,6,14,2,10|13,5,6,14,3,2,10|13,5,6,14,3,4,2,10|13,5,6,14,4,2,10|13,5,6,14,4,3,2,10|13,5,6,14,9|13,5,6,14,10|13,5,6,14,11|13,5,9|13,5,11|13,5,14,2,10|13,5,14,3,2,10|13,5,14,3,4,2,10|13,5,14,4,2,10|13,5,14,4,3,2,10|13,5,14,6,9|13,5,14,6,11|13,5,14,9|13,5,14,10|13,5,14,11|13,6,5,9|13,6,5,11|13,6,5,14,2,10|13,6,5,14,3,2,10|13,6,5,14,3,4,2,10|13,6,5,14,4,2,10|13,6,5,14,4,3,2,10|13,6,5,14,9|13,6,5,14,10|13,6,5,14,11|13,6,9|13,6,11|13,6,14,2,10|13,6,14,3,2,10|13,6,14,3,4,2,10|13,6,14,4,2,10|13,6,14,4,3,2,10|13,6,14,5,9|13,6,14,5,11|13,6,14,9|13,6,14,10|13,6,14,11|13,9|13,10|13,11|14,2,3,4,13,5,6,9|14,2,3,4,13,5,6,11|14,2,3,4,13,5,9|14,2,3,4,13,5,11|14,2,3,4,13,6,5,9|14,2,3,4,13,6,5,11|14,2,3,4,13,6,9|14,2,3,4,13,6,11|14,2,3,4,13,9|14,2,3,4,13,10|14,2,3,4,13,11|14,2,3,13,5,6,9|14,2,3,13,5,6,11|14,2,3,13,5,9|14,2,3,13,5,11|14,2,3,13,6,5,9|14,2,3,13,6,5,11|14,2,3,13,6,9|14,2,3,13,6,11|14,2,3,13,9|14,2,3,13,10|14,2,3,13,11|14,2,4,3,13,5,6,9|14,2,4,3,13,5,6,11|14,2,4,3,13,5,9|14,2,4,3,13,5,11|14,2,4,3,13,6,5,9|14,2,4,3,13,6,5,11|14,2,4,3,13,6,9|14,2,4,3,13,6,11|14,2,4,3,13,9|14,2,4,3,13,10|14,2,4,3,13,11|14,2,4,13,5,6,9|14,2,4,13,5,6,11|14,2,4,13,5,9|14,2,4,13,5,11|14,2,4,13,6,5,9|14,2,4,13,6,5,11|14,2,4,13,6,9|14,2,4,13,6,11|14,2,4,13,9|14,2,4,13,10|14,2,4,13,11|14,2,10|14,2,13,5,6,9|14,2,13,5,6,11|14,2,13,5,9|14,2,13,5,11|14,2,13,6,5,9|14,2,13,6,5,11|14,2,13,6,9|14,2,13,6,11|14,2,13,9|14,2,13,10|14,2,13,11|14,3,2,4,13,5,6,9|14,3,2,4,13,5,6,11|14,3,2,4,13,5,9|14,3,2,4,13,5,11|14,3,2,4,13,6,5,9|14,3,2,4,13,6,5,11|14,3,2,4,13,6,9|14,3,2,4,13,6,11|14,3,2,4,13,9|14,3,2,4,13,10|14,3,2,4,13,11|14,3,2,10|14,3,2,13,5,6,9|14,3,2,13,5,6,11|14,3,2,13,5,9|14,3,2,13,5,11|14,3,2,13,6,5,9|14,3,2,13,6,5,11|14,3,2,13,6,9|14,3,2,13,6,11|14,3,2,13,9|14,3,2,13,10|14,3,2,13,11|14,3,4,2,10|14,3,4,2,13,5,6,9|14,3,4,2,13,5,6,11|14,3,4,2,13,5,9|14,3,4,2,13,5,11|14,3,4,2,13,6,5,9|14,3,4,2,13,6,5,11|14,3,4,2,13,6,9|14,3,4,2,13,6,11|14,3,4,2,13,9|14,3,4,2,13,10|14,3,4,2,13,11|14,3,4,13,2,10|14,3,4,13,5,6,9|14,3,4,13,5,6,11|14,3,4,13,5,9|14,3,4,13,5,11|14,3,4,13,6,5,9|14,3,4,13,6,5,11|14,3,4,13,6,9|14,3,4,13,6,11|14,3,4,13,9|14,3,4,13,10|14,3,4,13,11|14,3,13,2,10|14,3,13,4,2,10|14,3,13,5,6,9|14,3,13,5,6,11|14,3,13,5,9|14,3,13,5,11|14,3,13,6,5,9|14,3,13,6,5,11|14,3,13,6,9|14,3,13,6,11|14,3,13,9|14,3,13,10|14,3,13,11|14,4,2,3,13,5,6,9|14,4,2,3,13,5,6,11|14,4,2,3,13,5,9|14,4,2,3,13,5,11|14,4,2,3,13,6,5,9|14,4,2,3,13,6,5,11|14,4,2,3,13,6,9|14,4,2,3,13,6,11|14,4,2,3,13,9|14,4,2,3,13,10|14,4,2,3,13,11|14,4,2,10|14,4,2,13,5,6,9|14,4,2,13,5,6,11|14,4,2,13,5,9|14,4,2,13,5,11|14,4,2,13,6,5,9|14,4,2,13,6,5,11|14,4,2,13,6,9|14,4,2,13,6,11|14,4,2,13,9|14,4,2,13,10|14,4,2,13,11|14,4,3,2,10|14,4,3,2,13,5,6,9|14,4,3,2,13,5,6,11|14,4,3,2,13,5,9|14,4,3,2,13,5,11|14,4,3,2,13,6,5,9|14,4,3,2,13,6,5,11|14,4,3,2,13,6,9|14,4,3,2,13,6,11|14,4,3,2,13,9|14,4,3,2,13,10|14,4,3,2,13,11|14,4,3,13,2,10|14,4,3,13,5,6,9|14,4,3,13,5,6,11|14,4,3,13,5,9|14,4,3,13,5,11|14,4,3,13,6,5,9|14,4,3,13,6,5,11|14,4,3,13,6,9|14,4,3,13,6,11|14,4,3,13,9|14,4,3,13,10|14,4,3,13,11|14,4,13,2,10|14,4,13,3,2,10|14,4,13,5,6,9|14,4,13,5,6,11|14,4,13,5,9|14,4,13,5,11|14,4,13,6,5,9|14,4,13,6,5,11|14,4,13,6,9|14,4,13,6,11|14,4,13,9|14,4,13,10|14,4,13,11|14,5,6,9|14,5,6,11|14,5,6,13,2,10|14,5,6,13,3,2,10|14,5,6,13,3,4,2,10|14,5,6,13,4,2,10|14,5,6,13,4,3,2,10|14,5,6,13,9|14,5,6,13,10|14,5,6,13,11|14,5,9|14,5,11|14,5,13,2,10|14,5,13,3,2,10|14,5,13,3,4,2,10|14,5,13,4,2,10|14,5,13,4,3,2,10|14,5,13,6,9|14,5,13,6,11|14,5,13,9|14,5,13,10|14,5,13,11|14,6,5,9|14,6,5,11|14,6,5,13,2,10|14,6,5,13,3,2,10|14,6,5,13,3,4,2,10|14,6,5,13,4,2,10|14,6,5,13,4,3,2,10|14,6,5,13,9|14,6,5,13,10|14,6,5,13,11|14,6,9|14,6,11|14,6,13,2,10|14,6,13,3,2,10|14,6,13,3,4,2,10|14,6,13,4,2,10|14,6,13,4,3,2,10|14,6,13,5,9|14,6,13,5,11|14,6,13,9|14,6,13,10|14,6,13,11|14,9|14,10|14,11
13,2,4,3,14,6,9|13,2,4,3,14,6,11|13,2,4,3,14,9|13,2,4,3,14,10|13,2,4,3,14,11|13,2,4,14,6,9|13,2,4,14,6,11|13,2,4,14,9|13,2,4,14,10|13,2,4,14,11|13,2,10|13,2,14,6,9|13,2,14,6,11|13,2,14,9|13,2,14,10|13,2,14,11|13,3,4,2,10|13,3,4,2,14,6,9|13,3,4,2,14,6,11|13,3,4,2,14,9|13,3,4,2,14,10|13,3,4,2,14,11|13,3,4,14,2,10|13,3,4,14,6,9|13,3,4,14,6,11|13,3,4,14,9|13,3,4,14,10|13,3,4,14,11|13,3,14,2,10|13,3,14,4,2,10|13,3,14,6,9|13,3,14,6,11|13,3,14,9|13,3,14,10|13,3,14,11|13,4,2,10|13,4,2,14,6,9|13,4,2,14,6,11|13,4,2,14,9|13,4,2,14,10|13,4,2,14,11|13,4,3,14,2,10|13,4,3,14,6,9|13,4,3,14,6,11|13,4,3,14,9|13,4,3,14,10|13,4,3,14,11|13,4,14,2,10|13,4,14,6,9|13,4,14,6,11|13,4,14,9|13,4,14,10|13,4,14,11|13,6,9|13,6,11|13,6,14,2,10|13,6,14,3,4,2,10|13,6,14,4,2,10|13,6,14,9|13,6,14,10|13,6,14,11|13,9|13,10|13,11|14,2,4,3,13,6,9|14,2,4,3,13,6,11|14,2,4,3,13,9|14,2,4,3,13,10|14,2,4,3,13,11|14,2,4,13,6,9|14,2,4,13,6,11|14,2,4,13,9|14,2,4,13,10|14,2,4,13,11|14,2,10|14,2,13,6,9|14,2,13,6,11|14,2,13,9|14,2,13,10|14,2,13,11|14,3,4,2,10|14,3,4,2,13,6,9|14,3,4,2,13,6,11|14,3,4,2,13,9|14,3,4,2,13,10|14,3,4,2,13,11|14,3,4,13,2,10|14,3,4,13,6,9|14,3,4,13,6,11|14,3,4,13,9|14,3,4,13,10|14,3,4,13,11|14,3,13,2,10|14,3,13,4,2,10|14,3,13,6,9|14,3,13,6,11|14,3,13,9|14,3,13,10|14,3,13,11|14,4,2,10|14,4,2,13,6,9|14,4,2,13,6,11|14,4,2,13,9|14,4,2,13,10|14,4,2,13,11|14,4,3,13,2,10|14,4,3,13,6,9|14,4,3,13,6,11|14,4,3,13,9|14,4,3,13,10|14,4,3,13,11|14,4,13,2,10|14,4,13,6,9|14,4,13,6,11|14,4,13,9|14,4,13,10|14,4,13,11|14,6,9|14,6,11|14,6,13,2,10|14,6,13,3,4,2,10|14,6,13,4,2,10|14,6,13,9|14,6,13,10|14,6,13,11|14,9|14,10|14,11
13,2,10|13,2,14,5,6,8|13,2,14,5,6,9|13,2,14,5,8|13,2,14,5,9|13,2,14,6,5,8|13,2,14,6,5,9|13,2,14,6,8|13,2,14,6,9|13,2,14,8|13,2,14,9|13,2,14,10|13,3,4,14,2,10|13,3,4,14,5,6,8|13,3,4,14,5,6,9|13,3,4,14,5,8|13,3,4,14,5,9|13,3,4,14,6,5,8|13,3,4,14,6,5,9|13,3,4,14,6,8|13,3,4,14,6,9|13,3,4,14,8|13,3,4,14,9|13,3,4,14,10|13,3,14,2,10|13,3,14,5,6,8|13,3,14,5,6,9|13,3,14,5,8|13,3,14,5,9|13,3,14,6,5,8|13,3,14,6,5,9|13,3,14,6,8|13,3,14,6,9|13,3,14,8|13,3,14,9|13,3,14,10|13,4,3,14,2,10|13,4,3,14,5,6,8|13,4,3,14,5,6,9|13,4,3,14,5,8|13,4,3,14,5,9|13,4,3,14,6,5,8|13,4,3,14,6,5,9|13,4,3,14,6,8|13,4,3,14,6,9|13,4,3,14,8|13,4,3,14,9|13,4,3,14,10|13,4,14,2,10|13,4,14,5,6,8|13,4,14,5,6,9|13,4,14,5,8|13,4,14,5,9|13,4,14,6,5,8|13,4,14,6,5,9|13,4,14,6,8|13,4,14,6,9|13,4,14,8|13,4,14,9|13,4,14,10|13,5,6,8|13,5,6,9|13,5,6,14,2,10|13,5,6,14,8|13,5,6,14,9|13,5,6,14,10|13,5,8|13,5,9|13,5,14,2,10|13,5,14,6,8|13,5,14,6,9|13,5,14,8|13,5,14,9|13,5,14,10|13,8|13,9|13,10|14,2,10|14,2,13,5,6,8|14,2,13,5,6,9|14,2,13,5,8|14,2,13,5,9|14,2,13,8|14,2,13,9|14,2,13,10|14,3,4,13,2,10|14,3,4,13,5,6,8|14,3,4,13,5,6,9|14,3,4,13,5,8|14,3,4,13,5,9|14,3,4,13,8|14,3,4,13,9|14,3,4,13,10|14,3,13,2,10|14,3,13,5,6,8|14,3,13,5,6,9|14,3,13,5,8|14,3,13,5,9|14,3,13,8|14,3,13,9|14,3,13,10|14,4,3,13,2,10|14,4,3,13,5,6,8|14,4,3,13,5,6,9|14,4,3,13,5,8|14,4,3,13,5,9|14,4,3,13,8|14,4,3,13,9|14,4,3,13,10|14,4,13,2,10|14,4,13,5,6,8|14,4,13,5,6,9|14,4,13,5,8|14,4,13,5,9|14,4,13,8|14,4,13,9|14,4,13,10|14,5,6,8|14,5,6,9|14,5,8|14,5,9|14,5,13,2,10|14,5,13,8|14,5,13,9|14,5,13,10|14,6,5,8|14,6,5,9|14,6,5,13,2,10|14,6,5,13,8|14,6,5,13,9|14,6,5,13,10|14,6,8|14,6,9|14,8|14,9|14,10
13,3,4,14,6,8|13,3,4,14,6,9|13,3,4,14,8|13,3,4,14,9|13,3,4,14,10|13,3,14,6,8|13,3,14,6,9|13,3,14,8|13,3,14,9|13,3,14,10|13,4,3,14,6,8|13,4,3,14,6,9|13,4,3,14,8|13,4,3,14,9|13,4,3,14,10|13,4,14,6,8|13,4,14,6,9|13,4,14,8|13,4,14,9|13,4,14,10|13,8|13,9|13,10|14,3,4,13,8|14,3,4,13,9|14,3,4,13,10|14,3,13,8|14,3,13,9|14,3,13,10|14,4,3,13,8|14,4,3,13,9|14,4,3,13,10|14,4,13,8|14,4,13,9|14,4,13,10|14,6,8|14,6,9|14,8|14,9|14,10
13,2,3,4,14,5,8|13,2,3,4,14,5,9|13,2,3,4,14,7|13,2,3,4,14,8|13,2,3,4,14,9|13,2,3,14,5,8|13,2,3,14,5,9|13,2,3,14,7|13,2,3,14,8|13,2,3,14,9|13,2,4,3,14,5,8|13,2,4,3,14,5,9|13,2,4,3,14,7|13,2,4,3,14,8|13,2,4,3,14,9|13,2,4,14,5,8|13,2,4,14,5,9|13,2,4,14,7|13,2,4,14,8|13,2,4,14,9|13,2,7|13,2,14,5,8|13,2,14,5,9|13,2,14,7|13,2,14,8|13,2,14,9|13,3,2,4,14,5,8|13,3,2,4,14,5,9|13,3,2,4,14,7|13,3,2,4,14,8|13,3,2,4,14,9|13,3,2,7|13,3,2,14,5,8|13,3,2,14,5,9|13,3,2,14,7|13,3,2,14,8|13,3,2,14,9|13,3,4,2,7|13,3,4,2,14,5,8|13,3,4,2,14,5,9|13,3,4,2,14,7|13,3,4,2,14,8|13,3,4,2,14,9|13,3,4,14,2,7|13,3,4,14,5,8|13,3,4,14,5,9|13,3,4,14,7|13,3,4,14,8|13,3,4,14,9|13,3,14,2,7|13,3,14,4,2,7|13,3,14,5,8|13,3,14,5,9|13,3,14,7|13,3,14,8|13,3,14,9|13,4,2,3,14,5,8|13,4,2,3,14,5,9|13,4,2,3,14,7|13,4,2,3,14,8|13,4,2,3,14,9|13,4,2,7|13,4,2,14,5,8|13,4,2,14,5,9|13,4,2,14,7|13,4,2,14,8|13,4,2,14,9|13,4,3,2,7|13,4,3,2,14,5,8|13,4,3,2,14,5,9|13,4,3,2,14,7|13,4,3,2,14,8|13,4,3,2,14,9|13,4,3,14,2,7|13,4,3,14,5,8|13,4,3,14,5,9|13,4,3,14,7|13,4,3,14,8|13,4,3,14,9|13,4,14,2,7|13,4,14,3,2,7|13,4,14,5,8|13,4,14,5,9|13,4,14,7|13,4,14,8|13,4,14,9|13,5,8|13,5,9|13,5,14,2,7|13,5,14,3,2,7|13,5,14,3,4,2,7|13,5,14,4,2,7|13,5,14,4,3,2,7|13,5,14,7|13,5,14,8|13,5,14,9|13,7|13,8|13,9|13,10|14,2,3,4,13,5,8|14,2,3,4,13,5,9|14,2,3,4,13,7|14,2,3,4,13,8|14,2,3,4,13,9|14,2,3,4,13,10|14,2,3,13,5,8|14,2,3,13,5,9|14,2,3,13,7|14,2,3,13,8|14,2,3,13,9|14,2,3,13,10|14,2,4,3,13,5,8|14,2,4,3,13,5,9|14,2,4,3,13,7|14,2,4,3,13,8|14,2,4,3,13,9|14,2,4,3,13,10|14,2,4,13,5,8|14,2,4,13,5,9|14,2,4,13,7|14,2,4,13,8|14,2,4,13,9|14,2,4,13,10|14,2,7|14,2,13,5,8|14,2,13,5,9|14,2,13,7|14,2,13,8|14,2,13,9|14,2,13,10|14,3,2,4,13,5,8|14,3,2,4,13,5,9|14,3,2,4,13,7|14,3,2,4,13,8|14,3,2,4,13,9|14,3,2,4,13,10|14,3,2,7|14,3,2,13,5,8|14,3,2,13,5,9|14,3,2,13,7|14,3,2,13,8|14,3,2,13,9|14,3,2,13,10|14,3,4,2,7|14,3,4,2,13,5,8|14,3,4,2,13,5,9|14,3,4,2,13,7|14,3,4,2,13,8|14,3,4,2,13,9|14,3,4,2,13,10|14,3,4,13,2,7|14,3,4,13,5,8|14,3,4,13,5,9|14,3,4,13,7|14,3,4,13,8|14,3,4,13,9|14,3,4,13,10|14,3,13,2,7|14,3,13,4,2,7|14,3,13,5,8|14,3,13,5,9|14,3,13,7|14,3,13,8|14,3,13,9|14,3,13,10|14,4,2,3,13,5,8|14,4,2,3,13,5,9|14,4,2,3,13,7|14,4,2,3,13,8|14,4,2,3,13,9|14,4,2,3,13,10|14,4,2,7|14,4,2,13,5,8|14,4,2,13,5,9|14,4,2,13,7|14,4,2,13,8|14,4,2,13,9|14,4,2,13,10|14,4,3,2,7|14,4,3,2,13,5,8|14,4,3,2,13,5,9|14,4,3,2,13,7|14,4,3,2,13,8|14,4,3,2,13,9|14,4,3,2,13,10|14,4,3,13,2,7|14,4,3,13,5,8|14,4,3,13,5,9|14,4,3,13,7|14,4,3,13,8|14,4,3,13,9|14,4,3,13,10|14,4,13,2,7|14,4,13,3,2,7|14,4,13,5,8|14,4,13,5,9|14,4,13,7|14,4,13,8|14,4,13,9|14,4,13,10|14,5,8|14,5,9|14,5,13,2,7|14,5,13,3,2,7|14,5,13,3,4,2,7|14,5,13,4,2,7|14,5,13,4,3,2,7|14,5,13,7|14,5,13,8|14,5,13,9|14,5,13,10|14,7|14,8|14,9
13,2,3,4,14,7|13,2,3,4,14,8|13,2,3,4,14,9|13,2,3,14,7|13,2,3,14,8|13,2,3,14,9|13,2,4,3,14,7|13,2,4,3,14,8|13,2,4,3,14,9|13,2,4,14,7|13,2,4,14,8|13,2,4,14,9|13,2,14,7|13,2,14,8|13,2,14,9|13,3,2,4,14,7|13,3,2,4,14,8|13,3,2,4,14,9|13,3,2,14,7|13,3,2,14,8|13,3,2,14,9|13,3,4,2,14,7|13,3,4,2,14,8|13,3,4,2,14,9|13,3,4,14,7|13,3,4,14,8|13,3,4,14,9|13,3,14,7|13,3,14,8|13,3,14,9|13,4,2,3,14,7|13,4,2,3,14,8|13,4,2,3,14,9|13,4,2,14,7|13,4,2,14,8|13,4,2,14,9|13,4,3,2,14,7|13,4,3,2,14,8|13,4,3,2,14,9|13,4,3,14,7|13,4,3,14,8|13,4,3,14,9|13,4,14,7|13,4,14,8|13,4,14,9|13,7|13,8|13,9|14,2,3,4,13,7|14,2,3,4,13,8|14,2,3,4,13,9|14,2,3,13,7|14,2,3,13,8|14,2,3,13,9|14,2,4,3,13,7|14,2,4,3,13,8|14,2,4,3,13,9|14,2,4,13,7|14,2,4,13,8|14,2,4,13,9|14,2,13,7|14,2,13,8|14,2,13,9|14,3,2,4,13,7|14,3,2,4,13,8|14,3,2,4,13,9|14,3,2,13,7|14,3,2,13,8|14,3,2,13,9|14,3,4,2,13,7|14,3,4,2,13,8|14,3,4,2,13,9|14,3,4,13,7|14,3,4,13,8|14,3,4,13,9|14,3,13,7|14,3,13,8|14,3,13,9|14,4,2,3,13,7|14,4,2,3,13,8|14,4,2,3,13,9|14,4,2,13,7|14,4,2,13,8|14,4,2,13,9|14,4,3,2,13,7|14,4,3,2,13,8|14,4,3,2,13,9|14,4,3,13,7|14,4,3,13,8|14,4,3,13,9|14,4,13,7|14,4,13,8|14,4,13,9|14,7|14,8|14,9
13,2,4,3,14,5,6,8|13,2,4,3,14,5,6,9|13,2,4,3,14,5,8|13,2,4,3,14,5,9|13,2,4,3,14,7|13,2,4,3,14,8|13,2,4,3,14,9|13,2,4,10|13,2,4,14,5,6,8|13,2,4,14,5,6,9|13,2,4,14,5,8|13,2,4,14,5,9|13,2,4,14,7|13,2,4,14,8|13,2,4,14,9|13,2,10|13,2,14,3,4,10|13,2,14,4,10|13,2,14,5,6,8|13,2,14,5,6,9|13,2,14,5,8|13,2,14,5,9|13,2,14,7|13,2,14,8|13,2,14,9|13,3,4,2,10|13,3,4,2,14,5,6,8|13,3,4,2,14,5,6,9|13,3,4,2,14,5,8|13,3,4,2,14,5,9|13,3,4,2,14,7|13,3,4,2,14,8|13,3,4,2,14,9|13,3,4,10|13,3,4,14,2,10|13,3,4,14,5,6,8|13,3,4,14,5,6,9|13,3,4,14,5,8|13,3,4,14,5,9|13,3,4,14,7|13,3,4,14,8|13,3,4,14,9|13,3,14,2,4,10|13,3,14,2,10|13,3,14,4,2,10|13,3,14,4,10|13,3,14,5,6,8|13,3,14,5,6,9|13,3,14,5,8|13,3,14,5,9|13,3,14,7|13,3,14,8|13,3,14,9|13,4,2,10|13,4,2,14,5,6,8|13,4,2,14,5,6,9|13,4,2,14,5,8|13,4,2,14,5,9|13,4,2,14,7|13,4,2,14,8|13,4,2,14,9|13,4,3,14,2,10|13,4,3,14,5,6,8|13,4,3,14,5,6,9|13,4,3,14,5,8|13,4,3,14,5,9|13,4,3,14,7|13,4,3,14,8|13,4,3,14,9|13,4,10|13,4,14,2,10|13,4,14,5,6,8|13,4,14,5,6,9|13,4,14,5,8|13,4,14,5,9|13,4,14,7|13,4,14,8|13,4,14,9|13,5,6,8|13,5,6,9|13,5,8|13,5,9|13,5,14,2,4,10|13,5,14,2,10|13,5,14,3,4,2,10|13,5,14,3,4,10|13,5,14,4,2,10|13,5,14,4,10|13,5,14,7|13,5,14,8|13,5,14,9|13,6,5,8|13,6,5,9|13,6,5,14,2,4,10|13,6,5,14,2,10|13,6,5,14,3,4,2,10|13,6,5,14,3,4,10|13,6,5,14,4,2,10|13,6,5,14,4,10|13,6,5,14,7|13,6,5,14,8|13,6,5,14,9|13,6,8|13,6,9|13,7|13,8|13,9|14,2,4,3,13,5,6,8|14,2,4,3,13,5,6,9|14,2,4,3,13,5,8|14,2,4,3,13,5,9|14,2,4,3,13,6,5,8|14,2,4,3,13,6,5,9|14,2,4,3,13,6,8|14,2,4,3,13,6,9|14,2,4,3,13,7|14,2,4,3,13,8|14,2,4,3,13,9|14,2,4,10|14,2,4,13,5,6,8|14,2,4,13,5,6,9|14,2,4,13,5,8|14,2,4,13,5,9|14,2,4,13,6,5,8|14,2,4,13,6,5,9|14,2,4,13,6,8|14,2,4,13,6,9|14,2,4,13,7|14,2,4,13,8|14,2,4,13,9|14,2,10|14,2,13,3,4,10|14,2,13,4,10|14,2,13,5,6,8|14,2,13,5,6,9|14,2,13,5,8|14,2,13,5,9|14,2,13,6,5,8|14,2,13,6,5,9|14,2,13,6,8|14,2,13,6,9|14,2,13,7|14,2,13,8|14,2,13,9|14,3,4,2,10|14,3,4,2,13,5,6,8|14,3,4,2,13,5,6,9|14,3,4,2,13,5,8|14,3,4,2,13,5,9|14,3,4,2,13,6,5,8|14,3,4,2,13,6,5,9|14,3,4,2,13,6,8|14,3,4,2,13,6,9|14,3,4,2,13,7|14,3,4,2,13,8|14,3,4,2,13,9|14,3,4,10|14,3,4,13,2,10|14,3,4,13,5,6,8|14,3,4,13,5,6,9|14,3,4,13,5,8|14,3,4,13,5,9|14,3,4,13,6,5,8|14,3,4,13,6,5,9|14,3,4,13,6,8|14,3,4,13,6,9|14,3,4,13,7|14,3,4,13,8|14,3,4,13,9|14,3,13,2,4,10|14,3,13,2,10|14,3,13,4,2,10|14,3,13,4,10|14,3,13,5,6,8|14,3,13,5,6,9|14,3,13,5,8|14,3,13,5,9|14,3,13,6,5,8|14,3,13,6,5,9|14,3,13,6,8|14,3,13,6,9|14,3,13,7|14,3,13,8|14,3,13,9|14,4,2,10|14,4,2,13,5,6,8|14,4,2,13,5,6,9|14,4,2,13,5,8|14,4,2,13,5,9|14,4,2,13,6,5,8|14,4,2,13,6,5,9|14,4,2,13,6,8|14,4,2,13,6,9|14,4,2,13,7|14,4,2,13,8|14,4,2,13,9|14,4,3,13,2,10|14,4,3,13,5,6,8|14,4,3,13,5,6,9|14,4,3,13,5,8|14,4,3,13,5,9|14,4,3,13,6,5,8|14,4,3,13,6,5,9|14,4,3,13,6,8|14,4,3,13,6,9|14,4,3,13,7|14,4,3,13,8|14,4,3,13,9|14,4,10|14,4,13,2,10|14,4,13,5,6,8|14,4,13,5,6,9|14,4,13,5,8|14,4,13,5,9|14,4,13,6,5,8|14,4,13,6,5,9|14,4,13,6,8|14,4,13,6,9|14,4,13,7|14,4,13,8|14,4,13,9|14,5,6,8|14,5,6,9|14,5,6,13,2,4,10|14,5,6,13,2,10|14,5,6,13,3,4,2,10|14,5,6,13,3,4,10|14,5,6,13,4,2,10|14,5,6,13,4,10|14,5,6,13,7|14,5,6,13,8|14,5,6,13,9|14,5,8|14,5,9|14,5,13,2,4,10|14,5,13,2,10|14,5,13,3,4,2,10|14,5,13,3,4,10|14,5,13,4,2,10|14,5,13,4,10|14,5,13,6,8|14,5,13,6,9|14,5,13,7|14,5,13,8|14,5,13,9|14,7|14,8|14,9
13,3,14,4,2,10|13,3,14,4,10|13,3,14,7|13,3,14,8|13,3,14,12|13,4,2,10|13,4,10|13,4,14,7|13,4,14,8|13,4,14,12|13,6,8|13,6,12|13,7|13,8|13,12|14,3,13,4,2,10|14,3,13,4,10|14,3,13,6,8|14,3,13,6,12|14,3,13,7|14,3,13,8|14,3,13,12|14,4,2,10|14,4,10|14,4,13,6,8|14,4,13,6,12|14,4,13,7|14,4,13,8|14,4,13,12|14,7|14,8|14,12
13,2,7|13,2,14,5,6,8|13,2,14,5,6,12|13,2,14,5,8|13,2,14,5,12|13,2,14,6,5,8|13,2,14,6,5,12|13,2,14,6,8|13,2,14,6,12|13,2,14,7|13,2,14,8|13,2,14,12|13,3,14,2,7|13,3,14,5,6,8|13,3,14,5,6,12|13,3,14,5,8|13,3,14,5,12|13,3,14,6,5,8|13,3,14,6,5,12|13,3,14,6,8|13,3,14,6,12|13,3,14,7|13,3,14,8|13,3,14,12|13,5,6,8|13,5,6,12|13,5,6,14,2,7|13,5,6,14,7|13,5,6,14,8|13,5,6,14,12|13,5,8|13,5,12|13,5,14,2,7|13,5,14,6,8|13,5,14,6,12|13,5,14,7|13,5,14,8|13,5,14,12|13,6,5,8|13,6,5,12|13,6,5,14,2,7|13,6,5,14,7|13,6,5,14,8|13,6,5,14,12|13,6,8|13,6,12|13,6,14,2,7|13,6,14,5,8|13,6,14,5,12|13,6,14,7|13,6,14,8|13,6,14,12|13,7|13,8|13,12|14,2,7|14,2,13,5,6,8|14,2,13,5,6,12|14,2,13,5,8|14,2,13,5,12|14,2,13,6,5,8|14,2,13,6,5,12|14,2,13,6,8|14,2,13,6,12|14,2,13,7|14,2,13,8|14,2,13,12|14,3,13,2,7|14,3,13,5,6,8|14,3,13,5,6,12|14,3,13,5,8|14,3,13,5,12|14,3,13,6,5,8|14,3,13,6,5,12|14,3,13,6,8|14,3,13,6,12|14,3,13,7|14,3,13,8|14,3,13,12|14,5,6,8|14,5,6,12|14,5,6,13,2,7|14,5,6,13,7|14,5,6,13,8|14,5,6,13,12|14,5,8|14,5,12|14,5,13,2,7|14,5,13,6,8|14,5,13,6,12|14,5,13,7|14,5,13,8|14,5,13,12|14,6,5,8|14,6,5,12|14,6,5,13,2,7|14,6,5,13,7|14,6,5,13,8|14,6,5,13,12|14,6,8|14,6,12|14,6,13,2,7|14,6,13,5,8|14,6,13,5,12|14,6,13,7|14,6,13,8|14,6,13,12|14,7|14,8|14,12
13,2,3,14,6,8|13,2,3,14,6,12|13,2,3,14,7|13,2,3,14,8|13,2,3,14,12|13,2,7|13,2,14,6,8|13,2,14,6,12|13,2,14,7|13,2,14,8|13,2,14,12|13,3,2,7|13,3,2,14,6,8|13,3,2,14,6,12|13,3,2,14,7|13,3,2,14,8|13,3,2,14,12|13,3,14,2,7|13,3,14,6,8|13,3,14,6,12|13,3,14,7|13,3,14,8|13,3,14,12|13,6,8|13,6,12|13,6,14,2,7|13,6,14,3,2,7|13,6,14,7|13,6,14,8|13,6,14,12|13,7|13,8|13,12|14,2,3,13,6,8|14,2,3,13,6,12|14,2,3,13,7|14,2,3,13,8|14,2,3,13,12|14,2,7|14,2,13,6,8|14,2,13,6,12|14,2,13,7|14,2,13,8|14,2,13,12|14,3,2,7|14,3,2,13,6,8|14,3,2,13,6,12|14,3,2,13,7|14,3,2,13,8|14,3,2,13,12|14,3,13,2,7|14,3,13,6,8|14,3,13,6,12|14,3,13,7|14,3,13,8|14,3,13,12|14,6,8|14,6,12|14,6,13,2,7|14,6,13,3,2,7|14,6,13,7|14,6,13,8|14,6,13,12|14,7|14,8|14,12
13,2,3,7|13,2,3,14,5,6,11|13,2,3,14,5,6,12|13,2,3,14,5,11|13,2,3,14,5,12|13,2,3,14,6,5,11|13,2,3,14,6,5,12|13,2,3,14,6,11|13,2,3,14,6,12|13,2,3,14,7|13,2,3,14,11|13,2,3,14,12|13,2,4,10|13,2,7|13,2,14,3,7|13,2,14,5,6,11|13,2,14,5,6,12|13,2,14,5,11|13,2,14,5,12|13,2,14,6,5,11|13,2,14,6,5,12|13,2,14,6,11|13,2,14,6,12|13,2,14,7|13,2,14,11|13,2,14,12|13,3,2,4,10|13,3,2,7|13,3,2,14,5,6,11|13,3,2,14,5,6,12|13,3,2,14,5,11|13,3,2,14,5,12|13,3,2,14,6,5,11|13,3,2,14,6,5,12|13,3,2,14,6,11|13,3,2,14,6,12|13,3,2,14,7|13,3,2,14,11|13,3,2,14,12|13,3,7|13,3,14,2,4,10|13,3,14,2,7|13,3,14,5,6,11|13,3,14,5,6,12|13,3,14,5,11|13,3,14,5,12|13,3,14,6,5,11|13,3,14,6,5,12|13,3,14,6,11|13,3,14,6,12|13,3,14,7|13,3,14,11|13,3,14,12|13,5,6,11|13,5,6,12|13,5,6,14,2,3,7|13,5,6,14,2,4,10|13,5,6,14,2,7|13,5,6,14,3,2,4,10|13,5,6,14,3,2,7|13,5,6,14,3,7|13,5,6,14,7|13,5,6,14,11|13,5,6,14,12|13,5,11|13,5,12|13,5,14,2,3,7|13,5,14,2,4,10|13,5,14,2,7|13,5,14,3,2,4,10|13,5,14,3,2,7|13,5,14,3,7|13,5,14,6,11|13,5,14,6,12|13,5,14,7|13,5,14,11|13,5,14,12|13,7|13,11|13,12|14,2,3,7|14,2,3,13,5,6,11|14,2,3,13,5,6,12|14,2,3,13,5,11|14,2,3,13,5,12|14,2,3,13,7|14,2,3,13,11|14,2,3,13,12|14,2,4,10|14,2,7|14,2,13,3,7|14,2,13,5,6,11|14,2,13,5,6,12|14,2,13,5,11|14,2,13,5,12|14,2,13,7|14,2,13,11|14,2,13,12|14,3,2,4,10|14,3,2,7|14,3,2,13,5,6,11|14,3,2,13,5,6,12|14,3,2,13,5,11|14,3,2,13,5,12|14,3,2,13,7|14,3,2,13,11|14,3,2,13,12|14,3,7|14,3,13,2,4,10|14,3,13,2,7|14,3,13,5,6,11|14,3,13,5,6,12|14,3,13,5,11|14,3,13,5,12|14,3,13,7|14,3,13,11|14,3,13,12|14,5,6,11|14,5,6,12|14,5,11|14,5,12|14,5,13,2,3,7|14,5,13,2,4,10|14,5,13,2,7|14,5,13,3,2,4,10|14,5,13,3,2,7|14,5,13,3,7|14,5,13,7|14,5,13,11|14,5,13,12|14,6,5,11|14,6,5,12|14,6,5,13,2,3,7|14,6,5,13,2,4,10|14,6,5,13,2,7|14,6,5,13,3,2,4,10|14,6,5,13,3,2,7|14,6,5,13,3,7|14,6,5,13,7|14,6,5,13,11|14,6,5,13,12|14,6,11|14,6,12|14,7|14,11|14,12
13,3,7|13,3,14,4,2,10|13,3,14,4,10|13,3,14,6,11|13,3,14,6,12|13,3,14,7|13,3,14,11|13,3,14,12|13,7|13,11|13,12|14,3,7|14,3,13,7|14,3,13,11|14,3,13,12|14,4,2,10|14,4,10|14,6,11|14,6,12|14,7|14,11|14,12
13,2,4,10|13,2,4,14,5,11|13,2,4,14,5,12|13,2,4,14,10|13,2,4,14,11|13,2,4,14,12|13,2,10|13,2,14,4,10|13,2,14,5,11|13,2,14,5,12|13,2,14,10|13,2,14,11|13,2,14,12|13,4,2,10|13,4,2,14,5,11|13,4,2,14,5,12|13,4,2,14,10|13,4,2,14,11|13,4,2,14,12|13,4,10|13,4,14,2,10|13,4,14,5,11|13,4,14,5,12|13,4,14,10|13,4,14,11|13,4,14,12|13,5,11|13,5,12|13,5,14,2,4,10|13,5,14,2,10|13,5,14,4,2,10|13,5,14,4,10|13,5,14,10|13,5,14,11|13,5,14,12|13,7|13,10|13,11|13,12|14,2,4,10|14,2,4,13,5,11|14,2,4,13,5,12|14,2,4,13,7|14,2,4,13,10|14,2,4,13,11|14,2,4,13,12|14,2,10|14,2,13,4,10|14,2,13,5,11|14,2,13,5,12|14,2,13,7|14,2,13,10|14,2,13,11|14,2,13,12|14,4,2,10|14,4,2,13,5,11|14,4,2,13,5,12|14,4,2,13,7|14,4,2,13,10|14,4,2,13,11|14,4,2,13,12|14,4,10|14,4,13,2,10|14,4,13,5,11|14,4,13,5,12|14,4,13,7|14,4,13,10|14,4,13,11|14,4,13,12|14,5,11|14,5,12|14,5,13,2,4,10|14,5,13,2,10|14,5,13,4,2,10|14,5,13,4,10|14,5,13,7|14,5,13,10|14,5,13,11|14,5,13,12|14,10|14,11|14,12
13,2,4,10|13,2,4,14,10|13,2,4,14,11|13,2,4,14,12|13,2,14,4,10|13,2,14,10|13,2,14,11|13,2,14,12|13,4,2,14,10|13,4,2,14,11|13,4,2,14,12|13,4,10|13,4,14,10|13,4,14,11|13,4,14,12|13,10|13,11|13,12|14,2,4,10|14,2,4,13,10|14,2,4,13,11|14,2,4,13,12|14,2,13,4,10|14,2,13,10|14,2,13,11|14,2,13,12|14,4,2,13,10|14,4,2,13,11|14,4,2,13,12|14,4,10|14,4,13,10|14,4,13,11|14,4,13,12|14,10|14,11|14,12
13,2,3,7|13,2,7|13,2,14,4,10|13,2,14,5,6,11|13,2,14,5,6,12|13,2,14,5,11|13,2,14,5,12|13,2,14,10|13,2,14,11|13,2,14,12|13,4,10|13,4,14,2,3,7|13,4,14,2,7|13,4,14,5,6,11|13,4,14,5,6,12|13,4,14,5,11|13,4,14,5,12|13,4,14,10|13,4,14,11|13,4,14,12|13,5,6,11|13,5,6,12|13,5,11|13,5,12|13,5,14,2,3,7|13,5,14,2,7|13,5,14,4,10|13,5,14,10|13,5,14,11|13,5,14,12|13,6,5,11|13,6,5,12|13,6,5,14,2,3,7|13,6,5,14,2,7|13,6,5,14,4,10|13,6,5,14,10|13,6,5,14,11|13,6,5,14,12|13,6,11|13,6,12|13,10|13,11|13,12|14,2,3,7|14,2,7|14,2,13,4,10|14,2,13,5,6,11|14,2,13,5,6,12|14,2,13,5,11|14,2,13,5,12|14,2,13,6,5,11|14,2,13,6,5,12|14,2,13,6,11|14,2,13,6,12|14,2,13,10|14,2,13,11|14,2,13,12|14,4,10|14,4,13,2,3,7|14,4,13,2,7|14,4,13,5,6,11|14,4,13,5,6,12|14,4,13,5,11|14,4,13,5,12|14,4,13,6,5,11|14,4,13,6,5,12|14,4,13,6,11|14,4,13,6,12|14,4,13,10|14,4,13,11|14,4,13,12|14,5,6,11|14,5,6,12|14,5,6,13,2,3,7|14,5,6,13,2,7|14,5,6,13,4,10|14,5,6,13,10|14,5,6,13,11|14,5,6,13,12|14,5,11|14,5,12|14,5,13,2,3,7|14,5,13,2,7|14,5,13,4,10|14,5,13,6,11|14,5,13,6,12|14,5,13,10|14,5,13,11|14,5,13,12|14,10|14,11|14,12
13,4,10|13,4,14,9|13,4,14,10|13,4,14,11|13,6,9|13,6,11|13,9|13,10|13,11|14,4,10|14,4,13,6,9|14,4,13,6,11|14,4,13,9|14,4,13,10|14,4,13,11|14,9|14,10|14,11
13,2,4,10|13,2,4,14,5,6,9|13,2,4,14,5,6,11|13,2,4,14,5,9|13,2,4,14,5,11|13,2,4,14,6,5,9|13,2,4,14,6,5,11|13,2,4,14,6,9|13,2,4,14,6,11|13,2,4,14,9|13,2,4,14,10|13,2,4,14,11|13,2,10|13,2,14,4,10|13,2,14,5,6,9|13,2,14,5,6,11|13,2,14,5,9|13,2,14,5,11|13,2,14,6,5,9|13,2,14,6,5,11|13,2,14,6,9|13,2,14,6,11|13,2,14,9|13,2,14,10|13,2,14,11|13,4,2,10|13,4,2,14,5,6,9|13,4,2,14,5,6,11|13,4,2,14,5,9|13,4,2,14,5,11|13,4,2,14,6,5,9|13,4,2,14,6,5,11|13,4,2,14,6,9|13,4,2,14,6,11|13,4,2,14,9|13,4,2,14,10|13,4,2,14,11|13,4,10|13,4,14,2,10|13,4,14,5,6,9|13,4,14,5,6,11|13,4,14,5,9|13,4,14,5,11|13,4,14,6,5,9|13,4,14,6,5,11|13,4,14,6,9|13,4,14,6,11|13,4,14,9|13,4,14,10|13,4,14,11|13,5,6,9|13,5,6,11|13,5,6,14,2,4,10|13,5,6,14,2,10|13,5,6,14,4,2,10|13,5,6,14,4,10|13,5,6,14,9|13,5,6,14,10|13,5,6,14,11|13,5,9|13,5,11|13,5,14,2,4,10|13,5,14,2,10|13,5,14,4,2,10|13,5,14,4,10|13,5,14,6,9|13,5,14,6,11|13,5,14,9|13,5,14,10|13,5,14,11|13,6,5,9|13,6,5,11|13,6,5,14,2,4,10|13,6,5,14,2,10|13,6,5,14,4,2,10|13,6,5,14,4,10|13,6,5,14,9|13,6,5,14,10|13,6,5,14,11|13,6,9|13,6,11|13,6,14,2,4,10|13,6,14,2,10|13,6,14,4,2,10|13,6,14,4,10|13,6,14,5,9|13,6,14,5,11|13,6,14,9|13,6,14,10|13,6,14,11|13,9|13,10|13,11|14,2,4,10|14,2,4,13,5,6,9|14,2,4,13,5,6,11|14,2,4,13,5,9|14,2,4,13,5,11|14,2,4,13,6,5,9|14,2,4,13,6,5,11|14,2,4,13,6,9|14,2,4,13,6,11|14,2,4,13,9|14,2,4,13,10|14,2,4,13,11|14,2,10|14,2,13,4,10|14,2,13,5,6,9|14,2,13,5,6,11|14,2,13,5,9|14,2,13,5,11|14,2,13,6,5,9|14,2,13,6,5,11|14,2,13,6,9|14,2,13,6,11|14,2,13,9|14,2,13,10|14,2,13,11|14,4,2,10|14,4,2,13,5,6,9|14,4,2,13,5,6,11|14,4,2,13,5,9|14,4,2,13,5,11|14,4,2,13,6,5,9|14,4,2,13,6,5,11|14,4,2,13,6,9|14,4,2,13,6,11|14,4,2,13,9|14,4,2,13,10|14,4,2,13,11|14,4,10|14,4,13,2,10|14,4,13,5,6,9|14,4,13,5,6,11|14,4,13,5,9|14,4,13,5,11|14,4,13,6,5,9|14,4,13,6,5,11|14,4,13,6,9|14,4,13,6,11|14,4,13,9|14,4,13,10|14,4,13,11|14,5,6,9|14,5,6,11|14,5,6,13,2,4,10|14,5,6,13,2,10|14,5,6,13,4,2,10|14,5,6,13,4,10|14,5,6,13,9|14,5,6,13,10|14,5,6,13,11|14,5,9|14,5,11|14,5,13,2,4,10|14,5,13,2,10|14,5,13,4,2,10|14,5,13,4,10|14,5,13,6,9|14,5,13,6,11|14,5,13,9|14,5,13,10|14,5,13,11|14,6,5,9|14,6,5,11|14,6,5,13,2,4,10|14,6,5,13,2,10|14,6,5,13,4,2,10|14,6,5,13,4,10|14,6,5,13,9|14,6,5,13,10|14,6,5,13,11|14,6,9|14,6,11|14,6,13,2,4,10|14,6,13,2,10|14,6,13,4,2,10|14,6,13,4,10|14,6,13,5,9|14,6,13,5,11|14,6,13,9|14,6,13,10|14,6,13,11|14,9|14,10|14,11
13,2,4,10|13,2,4,14,6,9|13,2,4,14,6,11|13,2,4,14,9|13,2,4,14,10|13,2,4,14,11|13,2,10|13,2,14,4,10|13,2,14,6,9|13,2,14,6,11|13,2,14,9|13,2,14,10|13,2,14,11|13,4,2,10|13,4,2,14,6,9|13,4,2,14,6,11|13,4,2,14,9|13,4,2,14,10|13,4,2,14,11|13,4,10|13,4,14,2,10|13,4,14,6,9|13,4,14,6,11|13,4,14,9|13,4,14,10|13,4,14,11|13,6,9|13,6,11|13,6,14,2,4,10|13,6,14,2,10|13,6,14,4,2,10|13,6,14,4,10|13,6,14,9|13,6,14,10|13,6,14,11|13,9|13,10|13,11|14,2,4,10|14,2,4,13,6,9|14,2,4,13,6,11|14,2,4,13,9|14,2,4,13,10|14,2,4,13,11|14,2,10|14,2,13,4,10|14,2,13,6,9|14,2,13,6,11|14,2,13,9|14,2,13,10|14,2,13,11|14,4,2,10|14,4,2,13,6,9|14,4,2,13,6,11|14,4,2,13,9|14,4,2,13,10|14,4,2,13,11|14,4,10|14,4,13,2,10|14,4,13,6,9|14,4,13,6,11|14,4,13,9|14,4,13,10|14,4,13,11|14,6,9|14,6,11|14,6,13,2,4,10|14,6,13,2,10|14,6,13,4,2,10|14,6,13,4,10|14,6,13,9|14,6,13,10|14,6,13,11|14,9|14,10|14,11
13,2,4,10|13,2,4,14,5,6,8|13,2,4,14,5,6,9|13,2,4,14,5,8|13,2,4,14,5,9|13,2,4,14,6,5,8|13,2,4,14,6,5,9|13,2,4,14,6,8|13,2,4,14,6,9|13,2,4,14,8|13,2,4,14,9|13,2,4,14,10|13,2,10|13,2,14,4,10|13,2,14,5,6,8|13,2,14,5,6,9|13,2,14,5,8|13,2,14,5,9|13,2,14,6,5,8|13,2,14,6,5,9|13,2,14,6,8|13,2,14,6,9|13,2,14,8|13,2,14,9|13,2,14,10|13,4,2,10|13,4,2,14,5,6,8|13,4,2,14,5,6,9|13,4,2,14,5,8|13,4,2,14,5,9|13,4,2,14,6,5,8|13,4,2,14,6,5,9|13,4,2,14,6,8|13,4,2,14,6,9|13,4,2,14,8|13,4,2,14,9|13,4,2,14,10|13,4,10|13,4,14,2,10|13,4,14,5,6,8|13,4,14,5,6,9|13,4,14,5,8|13,4,14,5,9|13,4,14,6,5,8|13,4,14,6,5,9|13,4,14,6,8|13,4,14,6,9|13,4,14,8|13,4,14,9|13,4,14,10|13,5,6,8|13,5,6,9|13,5,6,14,2,4,10|13,5,6,14,2,10|13,5,6,14,4,2,10|13,5,6,14,4,10|13,5,6,14,8|13,5,6,14,9|13,5,6,14,10|13,5,8|13,5,9|13,5,14,2,4,10|13,5,14,2,10|13,5,14,4,2,10|13,5,14,4,10|13,5,14,6,8|13,5,14,6,9|13,5,14,8|13,5,14,9|13,5,14,10|13,8|13,9|13,10|14,2,4,10|14,2,4,13,5,6,8|14,2,4,13,5,6,9|14,2,4,13,5,8|14,2,4,13,5,9|14,2,4,13,8|14,2,4,13,9|14,2,4,13,10|14,2,10|14,2,13,4,10|14,2,13,5,6,8|14,2,13,5,6,9|14,2,13,5,8|14,2,13,5,9|14,2,13,8|14,2,13,9|14,2,13,10|14,4,2,10|14,4,2,13,5,6,8|14,4,2,13,5,6,9|14,4,2,13,5,8|14,4,2,13,5,9|14,4,2,13,8|14,4,2,13,9|14,4,2,13,10|14,4,10|14,4,13,2,10|14,4,13,5,6,8|14,4,13,5,6,9|14,4,13,5,8|14,4,13,5,9|14,4,13,8|14,4,13,9|14,4,13,10|14,5,6,8|14,5,6,9|14,5,8|14,5,9|14,5,13,2,4,10|14,5,13,2,10|14,5,13,4,2,10|14,5,13,4,10|14,5,13,8|14,5,13,9|14,5,13,10|14,6,5,8|14,6,5,9|14,6,5,13,2,4,10|14,6,5,13,2,10|14,6,5,13,4,2,10|14,6,5,13,4,10|14,6,5,13,8|14,6,5,13,9|14,6,5,13,10|14,6,8|14,6,9|14,8|14,9|14,10
13,3,2,4,10|13,3,2,4,14,6,8|13,3,2,4,14,6,9|13,3,2,4,14,8|13,3,2,4,14,9|13,3,2,4,14,10|13,3,2,7|13,3,7|13,3,14,4,2,7|13,3,14,4,10|13,3,14,6,8|13,3,14,6,9|13,3,14,8|13,3,14,9|13,3,14,10|13,4,2,3,7|13,4,2,3,14,6,8|13,4,2,3,14,6,9|13,4,2,3,14,8|13,4,2,3,14,9|13,4,2,3,14,10|13,4,2,7|13,4,10|13,4,14,3,2,7|13,4,14,3,7|13,4,14,6,8|13,4,14,6,9|13,4,14,8|13,4,14,9|13,4,14,10|13,8|13,9|13,10|14,3,2,4,10|14,3,2,4,13,8|14,3,2,4,13,9|14,3,2,4,13,10|14,3,2,7|14,3,7|14,3,13,4,2,7|14,3,13,4,10|14,3,13,8|14,3,13,9|14,3,13,10|14,4,2,3,7|14,4,2,3,13,8|14,4,2,3,13,9|14,4,2,3,13,10|14,4,2,7|14,4,10|14,4,13,3,2,7|14,4,13,3,7|14,4,13,8|14,4,13,9|14,4,13,10|14,6,8|14,6,9|14,8|14,9|14,10
13,2,3,7|13,2,3,14,5,8|13,2,3,14,5,9|13,2,3,14,7|13,2,3,14,8|13,2,3,14,9|13,2,7|13,2,14,3,7|13,2,14,5,8|13,2,14,5,9|13,2,14,7|13,2,14,8|13,2,14,9|13,3,2,7|13,3,2,14,5,8|13,3,2,14,5,9|13,3,2,14,7|13,3,2,14,8|13,3,2,14,9|13,3,7|13,3,14,2,7|13,3,14,5,8|13,3,14,5,9|13,3,14,7|13,3,14,8|13,3,14,9|13,5,8|13,5,9|13,5,14,2,3,7|13,5,14,2,7|13,5,14,3,2,7|13,5,14,3,7|13,5,14,7|13,5,14,8|13,5,14,9|13,7|13,8|13,9|13,10|14,2,3,7|14,2,3,13,5,8|14,2,3,13,5,9|14,2,3,13,7|14,2,3,13,8|14,2,3,13,9|14,2,3,13,10|14,2,7|14,2,13,3,7|14,2,13,5,8|14,2,13,5,9|14,2,13,7|14,2,13,8|14,2,13,9|14,2,13,10|14,3,2,7|14,3,2,13,5,8|14,3,2,13,5,9|14,3,2,13,7|14,3,2,13,8|14,3,2,13,9|14,3,2,13,10|14,3,7|14,3,13,2,7|14,3,13,5,8|14,3,13,5,9|14,3,13,7|14,3,13,8|14,3,13,9|14,3,13,10|14,5,8|14,5,9|14,5,13,2,3,7|14,5,13,2,7|14,5,13,3,2,7|14,5,13,3,7|14,5,13,7|14,5,13,8|14,5,13,9|14,5,13,10|14,7|14,8|14,9
13,2,14,3,7|13,2,14,7|13,2,14,8|13,2,14,9|13,3,7|13,3,14,7|13,3,14,8|13,3,14,9|13,7|13,8|13,9|14,2,13,3,7|14,2,13,7|14,2,13,8|14,2,13,9|14,3,7|14,3,13,7|14,3,13,8|14,3,13,9|14,7|14,8|14,9
13,2,10|13,2,14,3,7|13,2,14,5,6,8|13,2,14,5,6,9|13,2,14,5,8|13,2,14,5,9|13,2,14,7|13,2,14,8|13,2,14,9|13,3,7|13,3,14,2,10|13,3,14,5,6,8|13,3,14,5,6,9|13,3,14,5,8|13,3,14,5,9|13,3,14,7|13,3,14,8|13,3,14,9|13,5,6,8|13,5,6,9|13,5,8|13,5,9|13,5,14,2,10|13,5,14,3,7|13,5,14,7|13,5,14,8|13,5,14,9|13,6,5,8|13,6,5,9|13,6,5,14,2,10|13,6,5,14,3,7|13,6,5,14,7|13,6,5,14,8|13,6,5,14,9|13,6,8|13,6,9|13,7|13,8|13,9|14,2,10|14,2,13,3,7|14,2,13,5,6,8|14,2,13,5,6,9|14,2,13,5,8|14,2,13,5,9|14,2,13,6,5,8|14,2,13,6,5,9|14,2,13,6,8|14,2,13,6,9|14,2,13,7|14,2,13,8|14,2,13,9|14,3,7|14,3,13,2,10|14,3,13,5,6,8|14,3,13,5,6,9|14,3,13,5,8|14,3,13,5,9|14,3,13,6,5,8|14,3,13,6,5,9|14,3,13,6,8|14,3,13,6,9|14,3,13,7|14,3,13,8|14,3,13,9|14,5,6,8|14,5,6,9|14,5,6,13,2,10|14,5,6,13,3,7|14,5,6,13,7|14,5,6,13,8|14,5,6,13,9|14,5,8|14,5,9|14,5,13,2,10|14,5,13,3,7|14,5,13,6,8|14,5,13,6,9|14,5,13,7|14,5,13,8|14,5,13,9|14,7|14,8|14,9
13,3,7|13,3,14,4,2,10|13,3,14,7|13,3,14,8|13,3,14,12|13,6,8|13,6,12|13,7|13,8|13,12|14,3,7|14,3,13,6,8|14,3,13,6,12|14,3,13,7|14,3,13,8|14,3,13,12|14,4,2,10|14,7|14,8|14,12
13,2,3,4,14,5,6,8|13,2,3,4,14,5,6,12|13,2,3,4,14,5,8|13,2,3,4,14,5,12|13,2,3,4,14,6,5,8|13,2,3,4,14,6,5,12|13,2,3,4,14,6,8|13,2,3,4,14,6,12|13,2,3,4,14,7|13,2,3,4,14,8|13,2,3,4,14,12|13,2,3,7|13,2,3,14,5,6,8|13,2,3,14,5,6,12|13,2,3,14,5,8|13,2,3,14,5,12|13,2,3,14,6,5,8|13,2,3,14,6,5,12|13,2,3,14,6,8|13,2,3,14,6,12|13,2,3,14,7|13,2,3,14,8|13,2,3,14,12|13,2,4,3,7|13,2,4,3,14,5,6,8|13,2,4,3,14,5,6,12|13,2,4,3,14,5,8|13,2,4,3,14,5,12|13,2,4,3,14,6,5,8|13,2,4,3,14,6,5,12|13,2,4,3,14,6,8|13,2,4,3,14,6,12|13,2,4,3,14,7|13,2,4,3,14,8|13,2,4,3,14,12|13,2,4,14,3,7|13,2,4,14,5,6,8|13,2,4,14,5,6,12|13,2,4,14,5,8|13,2,4,14,5,12|13,2,4,14,6,5,8|13,2,4,14,6,5,12|13,2,4,14,6,8|13,2,4,14,6,12|13,2,4,14,7|13,2,4,14,8|13,2,4,14,12|13,2,7|13,2,14,3,7|13,2,14,4,3,7|13,2,14,5,6,8|13,2,14,5,6,12|13,2,14,5,8|13,2,14,5,12|13,2,14,6,5,8|13,2,14,6,5,12|13,2,14,6,8|13,2,14,6,12|13,2,14,7|13,2,14,8|13,2,14,12|13,3,2,4,14,5,6,8|13,3,2,4,14,5,6,12|13,3,2,4,14,5,8|13,3,2,4,14,5,12|13,3,2,4,14,6,5,8|13,3,2,4,14,6,5,12|13,3,2,4,14,6,8|13,3,2,4,14,6,12|13,3,2,4,14,7|13,3,2,4,14,8|13,3,2,4,14,12|13,3,2,7|13,3,2,14,5,6,8|13,3,2,14,5,6,12|13,3,2,14,5,8|13,3,2,14,5,12|13,3,2,14,6,5,8|13,3,2,14,6,5,12|13,3,2,14,6,8|13,3,2,14,6,12|13,3,2,14,7|13,3,2,14,8|13,3,2,14,12|13,3,4,2,7|13,3,4,2,14,5,6,8|13,3,4,2,14,5,6,12|13,3,4,2,14,5,8|13,3,4,2,14,5,12|13,3,4,2,14,6,5,8|13,3,4,2,14,6,5,12|13,3,4,2,14,6,8|13,3,4,2,14,6,12|13,3,4,2,14,7|13,3,4,2,14,8|13,3,4,2,14,12|13,3,4,14,2,7|13,3,4,14,5,6,8|13,3,4,14,5,6,12|13,3,4,14,5,8|13,3,4,14,5,12|13,3,4,14,6,5,8|13,3,4,14,6,5,12|13,3,4,14,6,8|13,3,4,14,6,12|13,3,4,14,7|13,3,4,14,8|13,3,4,14,12|13,3,7|13,3,14,2,7|13,3,14,4,2,7|13,3,14,5,6,8|13,3,14,5,6,12|13,3,14,5,8|13,3,14,5,12|13,3,14,6,5,8|13,3,14,6,5,12|13,3,14,6,8|13,3,14,6,12|13,3,14,7|13,3,14,8|13,3,14,12|13,4,2,3,7|13,4,2,3,14,5,6,8|13,4,2,3,14,5,6,12|13,4,2,3,14,5,8|13,4,2,3,14,5,12|13,4,2,3,14,6,5,8|13,4,2,3,14,6,5,12|13,4,2,3,14,6,8|13,4,2,3,14,6,12|13,4,2,3,14,7|13,4,2,3,14,8|13,4,2,3,14,12|13,4,2,7|13,4,2,14,3,7|13,4,2,14,5,6,8|13,4,2,14,5,6,12|13,4,2,14,5,8|13,4,2,14,5,12|13,4,2,14,6,5,8|13,4,2,14,6,5,12|13,4,2,14,6,8|13,4,2,14,6,12|13,4,2,14,7|13,4,2,14,8|13,4,2,14,12|13,4,3,2,7|13,4,3,2,14,5,6,8|13,4,3,2,14,5,6,12|13,4,3,2,14,5,8|13,4,3,2,14,5,12|13,4,3,2,14,6,5,8|13,4,3,2,14,6,5,12|13,4,3,2,14,6,8|13,4,3,2,14,6,12|13,4,3,2,14,7|13,4,3,2,14,8|13,4,3,2,14,12|13,4,3,7|13,4,3,14,2,7|13,4,3,14,5,6,8|13,4,3,14,5,6,12|13,4,3,14,5,8|13,4,3,14,5,12|13,4,3,14,6,5,8|13,4,3,14,6,5,12|13,4,3,14,6,8|13,4,3,14,6,12|13,4,3,14,7|13,4,3,14,8|13,4,3,14,12|13,4,14,2,3,7|13,4,14,2,7|13,4,14,3,2,7|13,4,14,3,7|13,4,14,5,6,8|13,4,14,5,6,12|13,4,14,5,8|13,4,14,5,12|13,4,14,6,5,8|13,4,14,6,5,12|13,4,14,6,8|13,4,14,6,12|13,4,14,7|13,4,14,8|13,4,14,12|13,5,6,8|13,5,6,12|13,5,6,14,2,3,7|13,5,6,14,2,4,3,7|13,5,6,14,2,7|13,5,6,14,3,2,7|13,5,6,14,3,4,2,7|13,5,6,14,3,7|13,5,6,14,4,2,3,7|13,5,6,14,4,2,7|13,5,6,14,4,3,2,7|13,5,6,14,4,3,7|13,5,6,14,7|13,5,6,14,8|13,5,6,14,12|13,5,8|13,5,12|13,5,14,2,3,7|13,5,14,2,4,3,7|13,5,14,2,7|13,5,14,3,2,7|13,5,14,3,4,2,7|13,5,14,3,7|13,5,14,4,2,3,7|13,5,14,4,2,7|13,5,14,4,3,2,7|13,5,14,4,3,7|13,5,14,6,8|13,5,14,6,12|13,5,14,7|13,5,14,8|13,5,14,12|13,6,5,8|13,6,5,12|13,6,5,14,2,3,7|13,6,5,14,2,4,3,7|13,6,5,14,2,7|13,6,5,14,3,2,7|13,6,5,14,3,4,2,7|13,6,5,14,3,7|13,6,5,14,4,2,3,7|13,6,5,14,4,2,7|13,6,5,14,4,3,2,7|13,6,5,14,4,3,7|13,6,5,14,7|13,6,5,14,8|13,6,5,14,12|13,6,8|13,6,12|13,6,14,2,3,7|13,6,14,2,4,3,7|13,6,14,2,7|13,6,14,3,2,7|13,6,14,3,4,2,7|13,6,14,3,7|13,6,14,4,2,3,7|13,6,14,4,2,7|13,6,14,4,3,2,7|13,6,14,4,3,7|13,6,14,5,8|13,6,14,5,12|13,6,14,7|13,6,14,8|13,6,14,12|13,7|13,8|13,12|14,2,3,4,13,5,6,8|14,2,3,4,13,5,6,12|14,2,3,4,13,5,8|14,2,3,4,13,5,12|14,2,3,4,13,6,5,8|14,2,3,4,13,6,5,12|14,2,3,4,13,6,8|14,2,3,4,13,6,12|14,2,3,4,13,7|14,2,3,4,13,8|14,2,3,4,13,12|14,2,3,7|14,2,3,13,5,6,8|14,2,3,13,5,6,12|14,2,3,13,5,8|14,2,3,13,5,12|14,2,3,13,6,5,8|14,2,3,13,6,5,12|14,2,3,13,6,8|14,2,3,13,6,12|14,2,3,13,7|14,2,3,13,8|14,2,3,13,12|14,2,4,3,7|14,2,4,3,13,5,6,8|14,2,4,3,13,5,6,12|14,2,4,3,13,5,8|14,2,4,3,13,5,12|14,2,4,3,13,6,5,8|14,2,4,3,13,6,5,12|14,2,4,3,13,6,8|14,2,4,3,13,6,12|14,2,4,3,13,7|14,2,4,3,13,8|14,2,4,3,13,12|14,2,4,13,3,7|14,2,4,13,5,6,8|14,2,4,13,5,6,12|14,2,4,13,5,8|14,2,4,13,5,12|14,2,4,13,6,5,8|14,2,4,13,6,5,12|14,2,4,13,6,8|14,2,4,13,6,12|14,2,4,13,7|14,2,4,13,8|14,2,4,13,12|14,2,7|14,2,13,3,7|14,2,13,4,3,7|14,2,13,5,6,8|14,2,13,5,6,12|14,2,13,5,8|14,2,13,5,12|14,2,13,6,5,8|14,2,13,6,5,12|14,2,13,6,8|14,2,13,6,12|14,2,13,7|14,2,13,8|14,2,13,12|14,3,2,4,13,5,6,8|14,3,2,4,13,5,6,12|14,3,2,4,13,5,8|14,3,2,4,13,5,12|14,3,2,4,13,6,5,8|14,3,2,4,13,6,5,12|14,3,2,4,13,6,8|14,3,2,4,13,6,12|14,3,2,4,13,7|14,3,2,4,13,8|14,3,2,4,13,12|14,3,2,7|14,3,2,13,5,6,8|14,3,2,13,5,6,12|14,3,2,13,5,8|14,3,2,13,5,12|14,3,2,13,6,5,8|14,3,2,13,6,5,12|14,3,2,13,6,8|14,3,2,13,6,12|14,3,2,13,7|14,3,2,13,8|14,3,2,13,12|14,3,4,2,7|14,3,4,2,13,5,6,8|14,3,4,2,13,5,6,12|14,3,4,2,13,5,8|14,3,4,2,13,5,12|14,3,4,2,13,6,5,8|14,3,4,2,13,6,5,12|14,3,4,2,13,6,8|14,3,4,2,13,6,12|14,3,4,2,13,7|14,3,4,2,13,8|14,3,4,2,13,12|14,3,4,13,2,7|14,3,4,13,5,6,8|14,3,4,13,5,6,12|14,3,4,13,5,8|14,3,4,13,5,12|14,3,4,13,6,5,8|14,3,4,13,6,5,12|14,3,4,13,6,8|14,3,4,13,6,12|14,3,4,13,7|14,3,4,13,8|14,3,4,13,12|14,3,7|14,3,13,2,7|14,3,13,4,2,7|14,3,13,5,6,8|14,3,13,5,6,12|14,3,13,5,8|14,3,13,5,12|14,3,13,6,5,8|14,3,13,6,5,12|14,3,13,6,8|14,3,13,6,12|14,3,13,7|14,3,13,8|14,3,13,12|14,4,2,3,7|14,4,2,3,13,5,6,8|14,4,2,3,13,5,6,12|14,4,2,3,13,5,8|14,4,2,3,13,5,12|14,4,2,3,13,6,5,8|14,4,2,3,13,6,5,12|14,4,2,3,13,6,8|14,4,2,3,13,6,12|14,4,2,3,13,7|14,4,2,3,13,8|14,4,2,3,13,12|14,4,2,7|14,4,2,13,3,7|14,4,2,13,5,6,8|14,4,2,13,5,6,12|14,4,2,13,5,8|14,4,2,13,5,12|14,4,2,13,6,5,8|14,4,2,13,6,5,12|14,4,2,13,6,8|14,4,2,13,6,12|14,4,2,13,7|14,4,2,13,8|14,4,2,13,12|14,4,3,2,7|14,4,3,2,13,5,6,8|14,4,3,2,13,5,6,12|14,4,3,2,13,5,8|14,4,3,2,13,5,12|14,4,3,2,13,6,5,8|14,4,3,2,13,6,5,12|14,4,3,2,13,6,8|14,4,3,2,13,6,12|14,4,3,2,13,7|14,4,3,2,13,8|14,4,3,2,13,12|14,4,3,7|14,4,3,13,2,7|14,4,3,13,5,6,8|14,4,3,13,5,6,12|14,4,3,13,5,8|14,4,3,13,5,12|14,4,3,13,6,5,8|14,4,3,13,6,5,12|14,4,3,13,6,8|14,4,3,13,6,12|14,4,3,13,7|14,4,3,13,8|14,4,3,13,12|14,4,13,2,3,7|14,4,13,2,7|14,4,13,3,2,7|14,4,13,3,7|14,4,13,5,6,8|14,4,13,5,6,12|14,4,13,5,8|14,4,13,5,12|14,4,13,6,5,8|14,4,13,6,5,12|14,4,13,6,8|14,4,13,6,12|14,4,13,7|14,4,13,8|14,4,13,12|14,5,6,8|14,5,6,12|14,5,6,13,2,3,7|14,5,6,13,2,4,3,7|14,5,6,13,2,7|14,5,6,13,3,2,7|14,5,6,13,3,4,2,7|14,5,6,13,3,7|14,5,6,13,4,2,3,7|14,5,6,13,4,2,7|14,5,6,13,4,3,2,7|14,5,6,13,4,3,7|14,5,6,13,7|14,5,6,13,8|14,5,6,13,12|14,5,8|14,5,12|14,5,13,2,3,7|14,5,13,2,4,3,7|14,5,13,2,7|14,5,13,3,2,7|14,5,13,3,4,2,7|14,5,13,3,7|14,5,13,4,2,3,7|14,5,13,4,2,7|14,5,13,4,3,2,7|14,5,13,4,3,7|14,5,13,6,8|14,5,13,6,12|14,5,13,7|14,5,13,8|14,5,13,12|14,6,5,8|14,6,5,12|14,6,5,13,2,3,7|14,6,5,13,2,4,3,7|14,6,5,13,2,7|14,6,5,13,3,2,7|14,6,5,13,3,4,2,7|14,6,5,13,3,7|14,6,5,13,4,2,3,7|14,6,5,13,4,2,7|14,6,5,13,4,3,2,7|14,6,5,13,4,3,7|14,6,5,13,7|14,6,5,13,8|14,6,5,13,12|14,6,8|14,6,12|14,6,13,2,3,7|14,6,13,2,4,3,7|14,6,13,2,7|14,6,13,3,2,7|14,6,13,3,4,2,7|14,6,13,3,7|14,6,13,4,2,3,7|14,6,13,4,2,7|14,6,13,4,3,2,7|14,6,13,4,3,7|14,6,13,5,8|14,6,13,5,12|14,6,13,7|14,6,13,8|14,6,13,12|14,7|14,8|14,12
13,2,3,4,14,6,8|13,2,3,4,14,6,12|13,2,3,4,14,7|13,2,3,4,14,8|13,2,3,4,14,12|13,2,3,7|13,2,3,14,6,8|13,2,3,14,6,12|13,2,3,14,7|13,2,3,14,8|13,2,3,14,12|13,2,4,3,7|13,2,4,3,14,6,8|13,2,4,3,14,6,12|13,2,4,3,14,7|13,2,4,3,14,8|13,2,4,3,14,12|13,2,4,14,3,7|13,2,4,14,6,8|13,2,4,14,6,12|13,2,4,14,7|13,2,4,14,8|13,2,4,14,12|13,2,7|13,2,14,3,7|13,2,14,4,3,7|13,2,14,6,8|13,2,14,6,12|13,2,14,7|13,2,14,8|13,2,14,12|13,3,2,4,14,6,8|13,3,2,4,14,6,12|13,3,2,4,14,7|13,3,2,4,14,8|13,3,2,4,14,12|13,3,2,7|13,3,2,14,6,8|13,3,2,14,6,12|13,3,2,14,7|13,3,2,14,8|13,3,2,14,12|13,3,4,2,7|13,3,4,2,14,6,8|13,3,4,2,14,6,12|13,3,4,2,14,7|13,3,4,2,14,8|13,3,4,2,14,12|13,3,4,14,2,7|13,3,4,14,6,8|13,3,4,14,6,12|13,3,4,14,7|13,3,4,14,8|13,3,4,14,12|13,3,7|13,3,14,2,7|13,3,14,4,2,7|13,3,14,6,8|13,3,14,6,12|13,3,14,7|13,3,14,8|13,3,14,12|13,4,2,3,7|13,4,2,3,14,6,8|13,4,2,3,14,6,12|13,4,2,3,14,7|13,4,2,3,14,8|13,4,2,3,14,12|13,4,2,7|13,4,2,14,3,7|13,4,2,14,6,8|13,4,2,14,6,12|13,4,2,14,7|13,4,2,14,8|13,4,2,14,12|13,4,3,2,7|13,4,3,2,14,6,8|13,4,3,2,14,6,12|13,4,3,2,14,7|13,4,3,2,14,8|13,4,3,2,14,12|13,4,3,7|13,4,3,14,2,7|13,4,3,14,6,8|13,4,3,14,6,12|13,4,3,14,7|13,4,3,14,8|13,4,3,14,12|13,4,14,2,3,7|13,4,14,2,7|13,4,14,3,2,7|13,4,14,3,7|13,4,14,6,8|13,4,14,6,12|13,4,14,7|13,4,14,8|13,4,14,12|13,6,8|13,6,12|13,6,14,2,3,7|13,6,14,2,4,3,7|13,6,14,2,7|13,6,14,3,2,7|13,6,14,3,4,2,7|13,6,14,3,7|13,6,14,4,2,3,7|13,6,14,4,2,7|13,6,14,4,3,2,7|13,6,14,4,3,7|13,6,14,7|13,6,14,8|13,6,14,12|13,7|13,8|13,12|14,2,3,4,13,6,8|14,2,3,4,13,6,12|14,2,3,4,13,7|14,2,3,4,13,8|14,2,3,4,13,12|14,2,3,7|14,2,3,13,6,8|14,2,3,13,6,12|14,2,3,13,7|14,2,3,13,8|14,2,3,13,12|14,2,4,3,7|14,2,4,3,13,6,8|14,2,4,3,13,6,12|14,2,4,3,13,7|14,2,4,3,13,8|14,2,4,3,13,12|14,2,4,13,3,7|14,2,4,13,6,8|14,2,4,13,6,12|14,2,4,13,7|14,2,4,13,8|14,2,4,13,12|14,2,7|14,2,13,3,7|14,2,13,4,3,7|14,2,13,6,8|14,2,13,6,12|14,2,13,7|14,2,13,8|14,2,13,12|14,3,2,4,13,6,8|14,3,2,4,13,6,12|14,3,2,4,13,7|14,3,2,4,13,8|14,3,2,4,13,12|14,3,2,7|14,3,2,13,6,8|14,3,2,13,6,12|14,3,2,13,7|14,3,2,13,8|14,3,2,13,12|14,3,4,2,7|14,3,4,2,13,6,8|14,3,4,2,13,6,12|14,3,4,2,13,7|14,3,4,2,13,8|14,3,4,2,13,12|14,3,4,13,2,7|14,3,4,13,6,8|14,3,4,13,6,12|14,3,4,13,7|14,3,4,13,8|14,3,4,13,12|14,3,7|14,3,13,2,7|14,3,13,4,2,7|14,3,13,6,8|14,3,13,6,12|14,3,13,7|14,3,13,8|14,3,13,12|14,4,2,3,7|14,4,2,3,13,6,8|14,4,2,3,13,6,12|14,4,2,3,13,7|14,4,2,3,13,8|14,4,2,3,13,12|14,4,2,7|14,4,2,13,3,7|14,4,2,13,6,8|14,4,2,13,6,12|14,4,2,13,7|14,4,2,13,8|14,4,2,13,12|14,4,3,2,7|14,4,3,2,13,6,8|14,4,3,2,13,6,12|14,4,3,2,13,7|14,4,3,2,13,8|14,4,3,2,13,12|14,4,3,7|14,4,3,13,2,7|14,4,3,13,6,8|14,4,3,13,6,12|14,4,3,13,7|14,4,3,13,8|14,4,3,13,12|14,4,13,2,3,7|14,4,13,2,7|14,4,13,3,2,7|14,4,13,3,7|14,4,13,6,8|14,4,13,6,12|14,4,13,7|14,4,13,8|14,4,13,12|14,6,8|14,6,12|14,6,13,2,3,7|14,6,13,2,4,3,7|14,6,13,2,7|14,6,13,3,2,7|14,6,13,3,4,2,7|14,6,13,3,7|14,6,13,4,2,3,7|14,6,13,4,2,7|14,6,13,4,3,2,7|14,6,13,4,3,7|14,6,13,7|14,6,13,8|14,6,13,12|14,7|14,8|14,12
13,2,7|13,2,14,3,7|13,2,14,4,3,7|13,2,14,5,6,11|13,2,14,5,6,12|13,2,14,5,11|13,2,14,5,12|13,2,14,6,5,11|13,2,14,6,5,12|13,2,14,6,11|13,2,14,6,12|13,2,14,7|13,2,14,11|13,2,14,12|13,3,4,14,2,7|13,3,4,14,5,6,11|13,3,4,14,5,6,12|13,3,4,14,5,11|13,3,4,14,5,12|13,3,4,14,6,5,11|13,3,4,14,6,5,12|13,3,4,14,6,11|13,3,4,14,6,12|13,3,4,14,7|13,3,4,14,11|13,3,4,14,12|13,3,7|13,3,14,2,7|13,3,14,5,6,11|13,3,14,5,6,12|13,3,14,5,11|13,3,14,5,12|13,3,14,6,5,11|13,3,14,6,5,12|13,3,14,6,11|13,3,14,6,12|13,3,14,7|13,3,14,11|13,3,14,12|13,4,3,7|13,4,3,14,2,7|13,4,3,14,5,6,11|13,4,3,14,5,6,12|13,4,3,14,5,11|13,4,3,14,5,12|13,4,3,14,6,5,11|13,4,3,14,6,5,12|13,4,3,14,6,11|13,4,3,14,6,12|13,4,3,14,7|13,4,3,14,11|13,4,3,14,12|13,4,14,2,7|13,4,14,3,7|13,4,14,5,6,11|13,4,14,5,6,12|13,4,14,5,11|13,4,14,5,12|13,4,14,6,5,11|13,4,14,6,5,12|13,4,14,6,11|13,4,14,6,12|13,4,14,7|13,4,14,11|13,4,14,12|13,5,6,11|13,5,6,12|13,5,6,14,2,7|13,5,6,14,3,7|13,5,6,14,4,3,7|13,5,6,14,7|13,5,6,14,11|13,5,6,14,12|13,5,11|13,5,12|13,5,14,2,7|13,5,14,3,7|13,5,14,4,3,7|13,5,14,6,11|13,5,14,6,12|13,5,14,7|13,5,14,11|13,5,14,12|13,7|13,11|13,12|14,2,7|14,2,13,3,7|14,2,13,4,3,7|14,2,13,5,6,11|14,2,13,5,6,12|14,2,13,5,11|14,2,13,5,12|14,2,13,7|14,2,13,11|14,2,13,12|14,3,4,13,2,7|14,3,4,13,5,6,11|14,3,4,13,5,6,12|14,3,4,13,5,11|14,3,4,13,5,12|14,3,4,13,7|14,3,4,13,11|14,3,4,13,12|14,3,7|14,3,13,2,7|14,3,13,5,6,11|14,3,13,5,6,12|14,3,13,5,11|14,3,13,5,12|14,3,13,7|14,3,13,11|14,3,13,12|14,4,3,7|14,4,3,13,2,7|14,4,3,13,5,6,11|14,4,3,13,5,6,12|14,4,3,13,5,11|14,4,3,13,5,12|14,4,3,13,7|14,4,3,13,11|14,4,3,13,12|14,4,13,2,7|14,4,13,3,7|14,4,13,5,6,11|14,4,13,5,6,12|14,4,13,5,11|14,4,13,5,12|14,4,13,7|14,4,13,11|14,4,13,12|14,5,6,11|14,5,6,12|14,5,11|14,5,12|14,5,13,2,7|14,5,13,3,7|14,5,13,4,3,7|14,5,13,7|14,5,13,11|14,5,13,12|14,6,5,11|14,6,5,12|14,6,5,13,2,7|14,6,5,13,3,7|14,6,5,13,4,3,7|14,6,5,13,7|14,6,5,13,11|14,6,5,13,12|14,6,11|14,6,12|14,7|14,11|14,12
13,3,4,14,6,11|13,3,4,14,6,12|13,3,4,14,7|13,3,4,14,11|13,3,4,14,12|13,3,7|13,3,14,6,11|13,3,14,6,12|13,3,14,7|13,3,14,11|13,3,14,12|13,4,3,7|13,4,3,14,6,11|13,4,3,14,6,12|13,4,3,14,7|13,4,3,14,11|13,4,3,14,12|13,4,14,3,7|13,4,14,6,11|13,4,14,6,12|13,4,14,7|13,4,14,11|13,4,14,12|13,7|13,11|13,12|14,3,4,13,7|14,3,4,13,11|14,3,4,13,12|14,3,7|14,3,13,7|14,3,13,11|14,3,13,12|14,4,3,7|14,4,3,13,7|14,4,3,13,11|14,4,3,13,12|14,4,13,3,7|14,4,13,7|14,4,13,11|14,4,13,12|14,6,11|14,6,12|14,7|14,11|14,12
13,2,4,3,7|13,2,4,3,14,5,11|13,2,4,3,14,5,12|13,2,4,3,14,10|13,2,4,3,14,11|13,2,4,3,14,12|13,2,4,14,3,7|13,2,4,14,5,11|13,2,4,14,5,12|13,2,4,14,10|13,2,4,14,11|13,2,4,14,12|13,2,10|13,2,14,3,7|13,2,14,4,3,7|13,2,14,5,11|13,2,14,5,12|13,2,14,10|13,2,14,11|13,2,14,12|13,3,4,2,10|13,3,4,2,14,5,11|13,3,4,2,14,5,12|13,3,4,2,14,10|13,3,4,2,14,11|13,3,4,2,14,12|13,3,4,14,2,10|13,3,4,14,5,11|13,3,4,14,5,12|13,3,4,14,10|13,3,4,14,11|13,3,4,14,12|13,3,7|13,3,14,2,10|13,3,14,4,2,10|13,3,14,5,11|13,3,14,5,12|13,3,14,10|13,3,14,11|13,3,14,12|13,4,2,10|13,4,2,14,3,7|13,4,2,14,5,11|13,4,2,14,5,12|13,4,2,14,10|13,4,2,14,11|13,4,2,14,12|13,4,3,7|13,4,3,14,2,10|13,4,3,14,5,11|13,4,3,14,5,12|13,4,3,14,10|13,4,3,14,11|13,4,3,14,12|13,4,14,2,10|13,4,14,3,7|13,4,14,5,11|13,4,14,5,12|13,4,14,10|13,4,14,11|13,4,14,12|13,5,11|13,5,12|13,5,14,2,4,3,7|13,5,14,2,10|13,5,14,3,4,2,10|13,5,14,3,7|13,5,14,4,2,10|13,5,14,4,3,7|13,5,14,10|13,5,14,11|13,5,14,12|13,7|13,10|13,11|13,12|14,2,4,3,7|14,2,4,3,13,5,11|14,2,4,3,13,5,12|14,2,4,3,13,7|14,2,4,3,13,10|14,2,4,3,13,11|14,2,4,3,13,12|14,2,4,13,3,7|14,2,4,13,5,11|14,2,4,13,5,12|14,2,4,13,7|14,2,4,13,10|14,2,4,13,11|14,2,4,13,12|14,2,10|14,2,13,3,7|14,2,13,4,3,7|14,2,13,5,11|14,2,13,5,12|14,2,13,7|14,2,13,10|14,2,13,11|14,2,13,12|14,3,4,2,10|14,3,4,2,13,5,11|14,3,4,2,13,5,12|14,3,4,2,13,7|14,3,4,2,13,10|14,3,4,2,13,11|14,3,4,2,13,12|14,3,4,13,2,10|14,3,4,13,5,11|14,3,4,13,5,12|14,3,4,13,7|14,3,4,13,10|14,3,4,13,11|14,3,4,13,12|14,3,7|14,3,13,2,10|14,3,13,4,2,10|14,3,13,5,11|14,3,13,5,12|14,3,13,7|14,3,13,10|14,3,13,11|14,3,13,12|14,4,2,10|14,4,2,13,3,7|14,4,2,13,5,11|14,4,2,13,5,12|14,4,2,13,7|14,4,2,13,10|14,4,2,13,11|14,4,2,13,12|14,4,3,7|14,4,3,13,2,10|14,4,3,13,5,11|14,4,3,13,5,12|14,4,3,13,7|14,4,3,13,10|14,4,3,13,11|14,4,3,13,12|14,4,13,2,10|14,4,13,3,7|14,4,13,5,11|14,4,13,5,12|14,4,13,7|14,4,13,10|14,4,13,11|14,4,13,12|14,5,11|14,5,12|14,5,13,2,4,3,7|14,5,13,2,10|14,5,13,3,4,2,10|14,5,13,3,7|14,5,13,4,2,10|14,5,13,4,3,7|14,5,13,7|14,5,13,10|14,5,13,11|14,5,13,12|14,10|14,11|14,12
13,2,3,4,14,10|13,2,3,4,14,11|13,2,3,4,14,12|13,2,3,7|13,2,3,14,10|13,2,3,14,11|13,2,3,14,12|13,2,4,3,7|13,2,4,3,14,10|13,2,4,3,14,11|13,2,4,3,14,12|13,2,4,14,3,7|13,2,4,14,10|13,2,4,14,11|13,2,4,14,12|13,2,14,3,7|13,2,14,4,3,7|13,2,14,10|13,2,14,11|13,2,14,12|13,3,2,4,14,10|13,3,2,4,14,11|13,3,2,4,14,12|13,3,2,14,10|13,3,2,14,11|13,3,2,14,12|13,3,4,2,14,10|13,3,4,2,14,11|13,3,4,2,14,12|13,3,4,14,10|13,3,4,14,11|13,3,4,14,12|13,3,7|13,3,14,10|13,3,14,11|13,3,14,12|13,4,2,3,7|13,4,2,3,14,10|13,4,2,3,14,11|13,4,2,3,14,12|13,4,2,14,3,7|13,4,2,14,10|13,4,2,14,11|13,4,2,14,12|13,4,3,2,14,10|13,4,3,2,14,11|13,4,3,2,14,12|13,4,3,7|13,4,3,14,10|13,4,3,14,11|13,4,3,14,12|13,4,14,2,3,7|13,4,14,3,7|13,4,14,10|13,4,14,11|13,4,14,12|13,10|13,11|13,12|14,2,3,4,13,10|14,2,3,4,13,11|14,2,3,4,13,12|14,2,3,7|14,2,3,13,10|14,2,3,13,11|14,2,3,13,12|14,2,4,3,7|14,2,4,3,13,10|14,2,4,3,13,11|14,2,4,3,13,12|14,2,4,13,3,7|14,2,4,13,10|14,2,4,13,11|14,2,4,13,12|14,2,13,3,7|14,2,13,4,3,7|14,2,13,10|14,2,13,11|14,2,13,12|14,3,2,4,13,10|14,3,2,4,13,11|14,3,2,4,13,12|14,3,2,13,10|14,3,2,13,11|14,3,2,13,12|14,3,4,2,13,10|14,3,4,2,13,11|14,3,4,2,13,12|14,3,4,13,10|14,3,4,13,11|14,3,4,13,12|14,3,7|14,3,13,10|14,3,13,11|14,3,13,12|14,4,2,3,7|14,4,2,3,13,10|14,4,2,3,13,11|14,4,2,3,13,12|14,4,2,13,3,7|14,4,2,13,10|14,4,2,13,11|14,4,2,13,12|14,4,3,2,13,10|14,4,3,2,13,11|14,4,3,2,13,12|14,4,3,7|14,4,3,13,10|14,4,3,13,11|14,4,3,13,12|14,4,13,2,3,7|14,4,13,3,7|14,4,13,10|14,4,13,11|14,4,13,12|14,10|14,11|14,12
13,2,3,4,7|13,2,3,4,14,5,6,11|13,2,3,4,14,5,6,12|13,2,3,4,14,5,11|13,2,3,4,14,5,12|13,2,3,4,14,10|13,2,3,4,14,11|13,2,3,4,14,12|13,2,3,14,4,7|13,2,3,14,5,6,11|13,2,3,14,5,6,12|13,2,3,14,5,11|13,2,3,14,5,12|13,2,3,14,10|13,2,3,14,11|13,2,3,14,12|13,2,4,3,14,5,6,11|13,2,4,3,14,5,6,12|13,2,4,3,14,5,11|13,2,4,3,14,5,12|13,2,4,3,14,10|13,2,4,3,14,11|13,2,4,3,14,12|13,2,4,7|13,2,4,14,5,6,11|13,2,4,14,5,6,12|13,2,4,14,5,11|13,2,4,14,5,12|13,2,4,14,10|13,2,4,14,11|13,2,4,14,12|13,2,7|13,2,14,3,4,7|13,2,14,4,7|13,2,14,5,6,11|13,2,14,5,6,12|13,2,14,5,11|13,2,14,5,12|13,2,14,10|13,2,14,11|13,2,14,12|13,3,2,4,7|13,3,2,4,14,5,6,11|13,3,2,4,14,5,6,12|13,3,2,4,14,5,11|13,3,2,4,14,5,12|13,3,2,4,14,10|13,3,2,4,14,11|13,3,2,4,14,12|13,3,2,7|13,3,2,14,4,7|13,3,2,14,5,6,11|13,3,2,14,5,6,12|13,3,2,14,5,11|13,3,2,14,5,12|13,3,2,14,10|13,3,2,14,11|13,3,2,14,12|13,3,4,2,7|13,3,4,2,14,5,6,11|13,3,4,2,14,5,6,12|13,3,4,2,14,5,11|13,3,4,2,14,5,12|13,3,4,2,14,10|13,3,4,2,14,11|13,3,4,2,14,12|13,3,4,7|13,3,4,14,2,7|13,3,4,14,5,6,11|13,3,4,14,5,6,12|13,3,4,14,5,11|13,3,4,14,5,12|13,3,4,14,10|13,3,4,14,11|13,3,4,14,12|13,3,14,2,4,7|13,3,14,2,7|13,3,14,4,2,7|13,3,14,4,7|13,3,14,5,6,11|13,3,14,5,6,12|13,3,14,5,11|13,3,14,5,12|13,3,14,10|13,3,14,11|13,3,14,12|13,4,2,3,14,5,6,11|13,4,2,3,14,5,6,12|13,4,2,3,14,5,11|13,4,2,3,14,5,12|13,4,2,3,14,10|13,4,2,3,14,11|13,4,2,3,14,12|13,4,2,7|13,4,2,14,5,6,11|13,4,2,14,5,6,12|13,4,2,14,5,11|13,4,2,14,5,12|13,4,2,14,10|13,4,2,14,11|13,4,2,14,12|13,4,3,2,7|13,4,3,2,14,5,6,11|13,4,3,2,14,5,6,12|13,4,3,2,14,5,11|13,4,3,2,14,5,12|13,4,3,2,14,10|13,4,3,2,14,11|13,4,3,2,14,12|13,4,3,14,2,7|13,4,3,14,5,6,11|13,4,3,14,5,6,12|13,4,3,14,5,11|13,4,3,14,5,12|13,4,3,14,10|13,4,3,14,11|13,4,3,14,12|13,4,7|13,4,14,2,7|13,4,14,3,2,7|13,4,14,5,6,11|13,4,14,5,6,12|13,4,14,5,11|13,4,14,5,12|13,4,14,10|13,4,14,11|13,4,14,12|13,5,6,11|13,5,6,12|13,5,11|13,5,12|13,5,14,2,3,4,7|13,5,14,2,4,7|13,5,14,2,7|13,5,14,3,2,4,7|13,5,14,3,2,7|13,5,14,3,4,2,7|13,5,14,3,4,7|13,5,14,4,2,7|13,5,14,4,3,2,7|13,5,14,4,7|13,5,14,10|13,5,14,11|13,5,14,12|13,6,5,11|13,6,5,12|13,6,5,14,2,3,4,7|13,6,5,14,2,4,7|13,6,5,14,2,7|13,6,5,14,3,2,4,7|13,6,5,14,3,2,7|13,6,5,14,3,4,2,7|13,6,5,14,3,4,7|13,6,5,14,4,2,7|13,6,5,14,4,3,2,7|13,6,5,14,4,7|13,6,5,14,10|13,6,5,14,11|13,6,5,14,12|13,6,11|13,6,12|13,10|13,11|13,12|14,2,3,4,7|14,2,3,4,13,5,6,11|14,2,3,4,13,5,6,12|14,2,3,4,13,5,11|14,2,3,4,13,5,12|14,2,3,4,13,6,5,11|14,2,3,4,13,6,5,12|14,2,3,4,13,6,11|14,2,3,4,13,6,12|14,2,3,4,13,10|14,2,3,4,13,11|14,2,3,4,13,12|14,2,3,13,4,7|14,2,3,13,5,6,11|14,2,3,13,5,6,12|14,2,3,13,5,11|14,2,3,13,5,12|14,2,3,13,6,5,11|14,2,3,13,6,5,12|14,2,3,13,6,11|14,2,3,13,6,12|14,2,3,13,10|14,2,3,13,11|14,2,3,13,12|14,2,4,3,13,5,6,11|14,2,4,3,13,5,6,12|14,2,4,3,13,5,11|14,2,4,3,13,5,12|14,2,4,3,13,6,5,11|14,2,4,3,13,6,5,12|14,2,4,3,13,6,11|14,2,4,3,13,6,12|14,2,4,3,13,10|14,2,4,3,13,11|14,2,4,3,13,12|14,2,4,7|14,2,4,13,5,6,11|14,2,4,13,5,6,12|14,2,4,13,5,11|14,2,4,13,5,12|14,2,4,13,6,5,11|14,2,4,13,6,5,12|14,2,4,13,6,11|14,2,4,13,6,12|14,2,4,13,10|14,2,4,13,11|14,2,4,13,12|14,2,7|14,2,13,3,4,7|14,2,13,4,7|14,2,13,5,6,11|14,2,13,5,6,12|14,2,13,5,11|14,2,13,5,12|14,2,13,6,5,11|14,2,13,6,5,12|14,2,13,6,11|14,2,13,6,12|14,2,13,10|14,2,13,11|14,2,13,12|14,3,2,4,7|14,3,2,4,13,5,6,11|14,3,2,4,13,5,6,12|14,3,2,4,13,5,11|14,3,2,4,13,5,12|14,3,2,4,13,6,5,11|14,3,2,4,13,6,5,12|14,3,2,4,13,6,11|14,3,2,4,13,6,12|14,3,2,4,13,10|14,3,2,4,13,11|14,3,2,4,13,12|14,3,2,7|14,3,2,13,4,7|14,3,2,13,5,6,11|14,3,2,13,5,6,12|14,3,2,13,5,11|14,3,2,13,5,12|14,3,2,13,6,5,11|14,3,2,13,6,5,12|14,3,2,13,6,11|14,3,2,13,6,12|14,3,2,13,10|14,3,2,13,11|14,3,2,13,12|14,3,4,2,7|14,3,4,2,13,5,6,11|14,3,4,2,13,5,6,12|14,3,4,2,13,5,11|14,3,4,2,13,5,12|14,3,4,2,13,6,5,11|14,3,4,2,13,6,5,12|14,3,4,2,13,6,11|14,3,4,2,13,6,12|14,3,4,2,13,10|14,3,4,2,13,11|14,3,4,2,13,12|14,3,4,7|14,3,4,13,2,7|14,3,4,13,5,6,11|14,3,4,13,5,6,12|14,3,4,13,5,11|14,3,4,13,5,12|14,3,4,13,6,5,11|14,3,4,13,6,5,12|14,3,4,13,6,11|14,3,4,13,6,12|14,3,4,13,10|14,3,4,13,11|14,3,4,13,12|14,3,13,2,4,7|14,3,13,2,7|14,3,13,4,2,7|14,3,13,4,7|14,3,13,5,6,11|14,3,13,5,6,12|14,3,13,5,11|14,3,13,5,12|14,3,13,6,5,11|14,3,13,6,5,12|14,3,13,6,11|14,3,13,6,12|14,3,13,10|14,3,13,11|14,3,13,12|14,4,2,3,13,5,6,11|14,4,2,3,13,5,6,12|14,4,2,3,13,5,11|14,4,2,3,13,5,12|14,4,2,3,13,6,5,11|14,4,2,3,13,6,5,12|14,4,2,3,13,6,11|14,4,2,3,13,6,12|14,4,2,3,13,10|14,4,2,3,13,11|14,4,2,3,13,12|14,4,2,7|14,4,2,13,5,6,11|14,4,2,13,5,6,12|14,4,2,13,5,11|14,4,2,13,5,12|14,4,2,13,6,5,11|14,4,2,13,6,5,12|14,4,2,13,6,11|14,4,2,13,6,12|14,4,2,13,10|14,4,2,13,11|14,4,2,13,12|14,4,3,2,7|14,4,3,2,13,5,6,11|14,4,3,2,13,5,6,12|14,4,3,2,13,5,11|14,4,3,2,13,5,12|14,4,3,2,13,6,5,11|14,4,3,2,13,6,5,12|14,4,3,2,13,6,11|14,4,3,2,13,6,12|14,4,3,2,13,10|14,4,3,2,13,11|14,4,3,2,13,12|14,4,3,13,2,7|14,4,3,13,5,6,11|14,4,3,13,5,6,12|14,4,3,13,5,11|14,4,3,13,5,12|14,4,3,13,6,5,11|14,4,3,13,6,5,12|14,4,3,13,6,11|14,4,3,13,6,12|14,4,3,13,10|14,4,3,13,11|14,4,3,13,12|14,4,7|14,4,13,2,7|14,4,13,3,2,7|14,4,13,5,6,11|14,4,13,5,6,12|14,4,13,5,11|14,4,13,5,12|14,4,13,6,5,11|14,4,13,6,5,12|14,4,13,6,11|14,4,13,6,12|14,4,13,10|14,4,13,11|14,4,13,12|14,5,6,11|14,5,6,12|14,5,6,13,2,3,4,7|14,5,6,13,2,4,7|14,5,6,13,2,7|14,5,6,13,3,2,4,7|14,5,6,13,3,2,7|14,5,6,13,3,4,2,7|14,5,6,13,3,4,7|14,5,6,13,4,2,7|14,5,6,13,4,3,2,7|14,5,6,13,4,7|14,5,6,13,10|14,5,6,13,11|14,5,6,13,12|14,5,11|14,5,12|14,5,13,2,3,4,7|14,5,13,2,4,7|14,5,13,2,7|14,5,13,3,2,4,7|14,5,13,3,2,7|14,5,13,3,4,2,7|14,5,13,3,4,7|14,5,13,4,2,7|14,5,13,4,3,2,7|14,5,13,4,7|14,5,13,6,11|14,5,13,6,12|14,5,13,10|14,5,13,11|14,5,13,12|14,10|14,11|14,12
13,3,4,2,7|13,3,4,7|13,3,4,14,9|13,3,4,14,10|13,3,4,14,11|13,3,14,4,2,7|13,3,14,4,7|13,3,14,9|13,3,14,10|13,3,14,11|13,4,2,7|13,4,3,14,9|13,4,3,14,10|13,4,3,14,11|13,4,7|13,4,14,9|13,4,14,10|13,4,14,11|13,6,9|13,6,11|13,9|13,10|13,11|14,3,4,2,7|14,3,4,7|14,3,4,13,6,9|14,3,4,13,6,11|14,3,4,13,9|14,3,4,13,10|14,3,4,13,11|14,3,13,4,2,7|14,3,13,4,7|14,3,13,6,9|14,3,13,6,11|14,3,13,9|14,3,13,10|14,3,13,11|14,4,2,7|14,4,3,13,6,9|14,4,3,13,6,11|14,4,3,13,9|14,4,3,13,10|14,4,3,13,11|14,4,7|14,4,13,6,9|14,4,13,6,11|14,4,13,9|14,4,13,10|14,4,13,11|14,9|14,10|14,11
13,2,10|13,2,14,5,6,9|13,2,14,5,6,11|13,2,14,5,9|13,2,14,5,11|13,2,14,6,5,9|13,2,14,6,5,11|13,2,14,6,9|13,2,14,6,11|13,2,14,9|13,2,14,10|13,2,14,11|13,5,6,9|13,5,6,11|13,5,6,14,2,10|13,5,6,14,9|13,5,6,14,10|13,5,6,14,11|13,5,9|13,5,11|13,5,14,2,10|13,5,14,6,9|13,5,14,6,11|13,5,14,9|13,5,14,10|13,5,14,11|13,6,5,9|13,6,5,11|13,6,5,14,2,10|13,6,5,14,9|13,6,5,14,10|13,6,5,14,11|13,6,9|13,6,11|13,6,14,2,10|13,6,14,5,9|13,6,14,5,11|13,6,14,9|13,6,14,10|13,6,14,11|13,9|13,10|13,11|14,2,10|14,2,13,5,6,9|14,2,13,5,6,11|14,2,13,5,9|14,2,13,5,11|14,2,13,6,5,9|14,2,13,6,5,11|14,2,13,6,9|14,2,13,6,11|14,2,13,9|14,2,13,10|14,2,13,11|14,5,6,9|14,5,6,11|14,5,6,13,2,10|14,5,6,13,9|14,5,6,13,10|14,5,6,13,11|14,5,9|14,5,11|14,5,13,2,10|14,5,13,6,9|14,5,13,6,11|14,5,13,9|14,5,13,10|14,5,13,11|14,6,5,9|14,6,5,11|14,6,5,13,2,10|14,6,5,13,9|14,6,5,13,10|14,6,5,13,11|14,6,9|14,6,11|14,6,13,2,10|14,6,13,5,9|14,6,13,5,11|14,6,13,9|14,6,13,10|14,6,13,11|14,9|14,10|14,11
13,2,10|13,2,14,6,9|13,2,14,6,11|13,2,14,9|13,2,14,10|13,2,14,11|13,6,9|13,6,11|13,6,14,2,10|13,6,14,9|13,6,14,10|13,6,14,11|13,9|13,10|13,11|14,2,10|14,2,13,6,9|14,2,13,6,11|14,2,13,9|14,2,13,10|14,2,13,11|14,6,9|14,6,11|14,6,13,2,10|14,6,13,9|14,6,13,10|14,6,13,11|14,9|14,10|14,11
13,2,3,4,7|13,2,4,7|13,2,10|13,2,14,5,6,8|13,2,14,5,6,9|13,2,14,5,8|13,2,14,5,9|13,2,14,6,5,8|13,2,14,6,5,9|13,2,14,6,8|13,2,14,6,9|13,2,14,8|13,2,14,9|13,2,14,10|13,5,6,8|13,5,6,9|13,5,6,14,2,3,4,7|13,5,6,14,2,4,7|13,5,6,14,2,10|13,5,6,14,8|13,5,6,14,9|13,5,6,14,10|13,5,8|13,5,9|13,5,14,2,3,4,7|13,5,14,2,4,7|13,5,14,2,10|13,5,14,6,8|13,5,14,6,9|13,5,14,8|13,5,14,9|13,5,14,10|13,8|13,9|13,10|14,2,3,4,7|14,2,4,7|14,2,10|14,2,13,5,6,8|14,2,13,5,6,9|14,2,13,5,8|14,2,13,5,9|14,2,13,8|14,2,13,9|14,2,13,10|14,5,6,8|14,5,6,9|14,5,8|14,5,9|14,5,13,2,3,4,7|14,5,13,2,4,7|14,5,13,2,10|14,5,13,8|14,5,13,9|14,5,13,10|14,6,5,8|14,6,5,9|14,6,5,13,2,3,4,7|14,6,5,13,2,4,7|14,6,5,13,2,10|14,6,5,13,8|14,6,5,13,9|14,6,5,13,10|14,6,8|14,6,9|14,8|14,9|14,10
13,8|13,9|13,10|14,4,2,7|14,4,3,2,7|14,4,7|14,6,8|14,6,9|14,8|14,9|14,10
13,2,4,7|13,2,4,14,5,8|13,2,4,14,5,9|13,2,4,14,7|13,2,4,14,8|13,2,4,14,9|13,2,7|13,2,14,4,7|13,2,14,5,8|13,2,14,5,9|13,2,14,7|13,2,14,8|13,2,14,9|13,4,2,7|13,4,2,14,5,8|13,4,2,14,5,9|13,4,2,14,7|13,4,2,14,8|13,4,2,14,9|13,4,7|13,4,14,2,7|13,4,14,5,8|13,4,14,5,9|13,4,14,7|13,4,14,8|13,4,14,9|13,5,8|13,5,9|13,5,14,2,4,7|13,5,14,2,7|13,5,14,4,2,7|13,5,14,4,7|13,5,14,7|13,5,14,8|13,5,14,9|13,7|13,8|13,9|13,10|14,2,4,7|14,2,4,13,5,8|14,2,4,13,5,9|14,2,4,13,7|14,2,4,13,8|14,2,4,13,9|14,2,4,13,10|14,2,7|14,2,13,4,7|14,2,13,5,8|14,2,13,5,9|14,2,13,7|14,2,13,8|14,2,13,9|14,2,13,10|14,4,2,7|14,4,2,13,5,8|14,4,2,13,5,9|14,4,2,13,7|14,4,2,13,8|14,4,2,13,9|14,4,2,13,10|14,4,7|14,4,13,2,7|14,4,13,5,8|14,4,13,5,9|14,4,13,7|14,4,13,8|14,4,13,9|14,4,13,10|14,5,8|14,5,9|14,5,13,2,4,7|14,5,13,2,7|14,5,13,4,2,7|14,5,13,4,7|14,5,13,7|14,5,13,8|14,5,13,9|14,5,13,10|14,7|14,8|14,9
13,2,4,7|13,2,4,14,7|13,2,4,14,8|13,2,4,14,9|13,2,14,4,7|13,2,14,7|13,2,14,8|13,2,14,9|13,4,2,14,7|13,4,2,14,8|13,4,2,14,9|13,4,7|13,4,14,7|13,4,14,8|13,4,14,9|13,7|13,8|13,9|14,2,4,7|14,2,4,13,7|14,2,4,13,8|14,2,4,13,9|14,2,13,4,7|14,2,13,7|14,2,13,8|14,2,13,9|14,4,2,13,7|14,4,2,13,8|14,4,2,13,9|14,4,7|14,4,13,7|14,4,13,8|14,4,13,9|14,7|14,8|14,9
13,2,10|13,2,14,4,7|13,2,14,5,6,8|13,2,14,5,6,9|13,2,14,5,8|13,2,14,5,9|13,2,14,7|13,2,14,8|13,2,14,9|13,4,7|13,4,14,2,10|13,4,14,5,6,8|13,4,14,5,6,9|13,4,14,5,8|13,4,14,5,9|13,4,14,7|13,4,14,8|13,4,14,9|13,5,6,8|13,5,6,9|13,5,8|13,5,9|13,5,14,2,10|13,5,14,4,7|13,5,14,7|13,5,14,8|13,5,14,9|13,6,5,8|13,6,5,9|13,6,5,14,2,10|13,6,5,14,4,7|13,6,5,14,7|13,6,5,14,8|13,6,5,14,9|13,6,8|13,6,9|13,7|13,8|13,9|14,2,10|14,2,13,4,7|14,2,13,5,6,8|14,2,13,5,6,9|14,2,13,5,8|14,2,13,5,9|14,2,13,6,5,8|14,2,13,6,5,9|14,2,13,6,8|14,2,13,6,9|14,2,13,7|14,2,13,8|14,2,13,9|14,4,7|14,4,13,2,10|14,4,13,5,6,8|14,4,13,5,6,9|14,4,13,5,8|14,4,13,5,9|14,4,13,6,5,8|14,4,13,6,5,9|14,4,13,6,8|14,4,13,6,9|14,4,13,7|14,4,13,8|14,4,13,9|14,5,6,8|14,5,6,9|14,5,6,13,2,10|14,5,6,13,4,7|14,5,6,13,7|14,5,6,13,8|14,5,6,13,9|14,5,8|14,5,9|14,5,13,2,10|14,5,13,4,7|14,5,13,6,8|14,5,13,6,9|14,5,13,7|14,5,13,8|14,5,13,9|14,7|14,8|14,9
13,3,2,10|13,3,14,4,7|13,3,14,7|13,3,14,8|13,3,14,12|13,4,7|13,4,14,3,2,10|13,4,14,7|13,4,14,8|13,4,14,12|13,6,8|13,6,12|13,7|13,8|13,12|14,3,2,10|14,3,13,4,7|14,3,13,6,8|14,3,13,6,12|14,3,13,7|14,3,13,8|14,3,13,12|14,4,7|14,4,13,3,2,10|14,4,13,6,8|14,4,13,6,12|14,4,13,7|14,4,13,8|14,4,13,12|14,7|14,8|14,12
13,2,3,14,4,7|13,2,3,14,5,6,8|13,2,3,14,5,6,12|13,2,3,14,5,8|13,2,3,14,5,12|13,2,3,14,6,5,8|13,2,3,14,6,5,12|13,2,3,14,6,8|13,2,3,14,6,12|13,2,3,14,7|13,2,3,14,8|13,2,3,14,12|13,2,4,7|13,2,4,14,5,6,8|13,2,4,14,5,6,12|13,2,4,14,5,8|13,2,4,14,5,12|13,2,4,14,6,5,8|13,2,4,14,6,5,12|13,2,4,14,6,8|13,2,4,14,6,12|13,2,4,14,7|13,2,4,14,8|13,2,4,14,12|13,2,7|13,2,14,4,7|13,2,14,5,6,8|13,2,14,5,6,12|13,2,14,5,8|13,2,14,5,12|13,2,14,6,5,8|13,2,14,6,5,12|13,2,14,6,8|13,2,14,6,12|13,2,14,7|13,2,14,8|13,2,14,12|13,3,2,4,7|13,3,2,4,14,5,6,8|13,3,2,4,14,5,6,12|13,3,2,4,14,5,8|13,3,2,4,14,5,12|13,3,2,4,14,6,5,8|13,3,2,4,14,6,5,12|13,3,2,4,14,6,8|13,3,2,4,14,6,12|13,3,2,4,14,7|13,3,2,4,14,8|13,3,2,4,14,12|13,3,2,7|13,3,2,14,4,7|13,3,2,14,5,6,8|13,3,2,14,5,6,12|13,3,2,14,5,8|13,3,2,14,5,12|13,3,2,14,6,5,8|13,3,2,14,6,5,12|13,3,2,14,6,8|13,3,2,14,6,12|13,3,2,14,7|13,3,2,14,8|13,3,2,14,12|13,3,14,2,4,7|13,3,14,2,7|13,3,14,4,2,7|13,3,14,4,7|13,3,14,5,6,8|13,3,14,5,6,12|13,3,14,5,8|13,3,14,5,12|13,3,14,6,5,8|13,3,14,6,5,12|13,3,14,6,8|13,3,14,6,12|13,3,14,7|13,3,14,8|13,3,14,12|13,4,2,3,14,5,6,8|13,4,2,3,14,5,6,12|13,4,2,3,14,5,8|13,4,2,3,14,5,12|13,4,2,3,14,6,5,8|13,4,2,3,14,6,5,12|13,4,2,3,14,6,8|13,4,2,3,14,6,12|13,4,2,3,14,7|13,4,2,3,14,8|13,4,2,3,14,12|13,4,2,7|13,4,2,14,5,6,8|13,4,2,14,5,6,12|13,4,2,14,5,8|13,4,2,14,5,12|13,4,2,14,6,5,8|13,4,2,14,6,5,12|13,4,2,14,6,8|13,4,2,14,6,12|13,4,2,14,7|13,4,2,14,8|13,4,2,14,12|13,4,7|13,4,14,2,7|13,4,14,3,2,7|13,4,14,5,6,8|13,4,14,5,6,12|13,4,14,5,8|13,4,14,5,12|13,4,14,6,5,8|13,4,14,6,5,12|13,4,14,6,8|13,4,14,6,12|13,4,14,7|13,4,14,8|13,4,14,12|13,5,6,8|13,5,6,12|13,5,6,14,2,4,7|13,5,6,14,2,7|13,5,6,14,3,2,4,7|13,5,6,14,3,2,7|13,5,6,14,4,2,7|13,5,6,14,4,7|13,5,6,14,7|13,5,6,14,8|13,5,6,14,12|13,5,8|13,5,12|13,5,14,2,4,7|13,5,14,2,7|13,5,14,3,2,4,7|13,5,14,3,2,7|13,5,14,4,2,7|13,5,14,4,7|13,5,14,6,8|13,5,14,6,12|13,5,14,7|13,5,14,8|13,5,14,12|13,6,5,8|13,6,5,12|13,6,5,14,2,4,7|13,6,5,14,2,7|13,6,5,14,3,2,4,7|13,6,5,14,3,2,7|13,6,5,14,4,2,7|13,6,5,14,4,7|13,6,5,14,7|13,6,5,14,8|13,6,5,14,12|13,6,8|13,6,12|13,6,14,2,4,7|13,6,14,2,7|13,6,14,3,2,4,7|13,6,14,3,2,7|13,6,14,4,2,7|13,6,14,4,7|13,6,14,5,8|13,6,14,5,12|13,6,14,7|13,6,14,8|13,6,14,12|13,7|13,8|13,12|14,2,3,13,4,7|14,2,3,13,5,6,8|14,2,3,13,5,6,12|14,2,3,13,5,8|14,2,3,13,5,12|14,2,3,13,6,5,8|14,2,3,13,6,5,12|14,2,3,13,6,8|14,2,3,13,6,12|14,2,3,13,7|14,2,3,13,8|14,2,3,13,12|14,2,4,7|14,2,4,13,5,6,8|14,2,4,13,5,6,12|14,2,4,13,5,8|14,2,4,13,5,12|14,2,4,13,6,5,8|14,2,4,13,6,5,12|14,2,4,13,6,8|14,2,4,13,6,12|14,2,4,13,7|14,2,4,13,8|14,2,4,13,12|14,2,7|14,2,13,4,7|14,2,13,5,6,8|14,2,13,5,6,12|14,2,13,5,8|14,2,13,5,12|14,2,13,6,5,8|14,2,13,6,5,12|14,2,13,6,8|14,2,13,6,12|14,2,13,7|14,2,13,8|14,2,13,12|14,3,2,4,7|14,3,2,4,13,5,6,8|14,3,2,4,13,5,6,12|14,3,2,4,13,5,8|14,3,2,4,13,5,12|14,3,2,4,13,6,5,8|14,3,2,4,13,6,5,12|14,3,2,4,13,6,8|14,3,2,4,13,6,12|14,3,2,4,13,7|14,3,2,4,13,8|14,3,2,4,13,12|14,3,2,7|14,3,2,13,4,7|14,3,2,13,5,6,8|14,3,2,13,5,6,12|14,3,2,13,5,8|14,3,2,13,5,12|14,3,2,13,6,5,8|14,3,2,13,6,5,12|14,3,2,13,6,8|14,3,2,13,6,12|14,3,2,13,7|14,3,2,13,8|14,3,2,13,12|14,3,13,2,4,7|14,3,13,2,7|14,3,13,4,2,7|14,3,13,4,7|14,3,13,5,6,8|14,3,13,5,6,12|14,3,13,5,8|14,3,13,5,12|14,3,13,6,5,8|14,3,13,6,5,12|14,3,13,6,8|14,3,13,6,12|14,3,13,7|14,3,13,8|14,3,13,12|14,4,2,3,13,5,6,8|14,4,2,3,13,5,6,12|14,4,2,3,13,5,8|14,4,2,3,13,5,12|14,4,2,3,13,6,5,8|14,4,2,3,13,6,5,12|14,4,2,3,13,6,8|14,4,2,3,13,6,12|14,4,2,3,13,7|14,4,2,3,13,8|14,4,2,3,13,12|14,4,2,7|14,4,2,13,5,6,8|14,4,2,13,5,6,12|14,4,2,13,5,8|14,4,2,13,5,12|14,4,2,13,6,5,8|14,4,2,13,6,5,12|14,4,2,13,6,8|14,4,2,13,6,12|14,4,2,13,7|14,4,2,13,8|14,4,2,13,12|14,4,7|14,4,13,2,7|14,4,13,3,2,7|14,4,13,5,6,8|14,4,13,5,6,12|14,4,13,5,8|14,4,13,5,12|14,4,13,6,5,8|14,4,13,6,5,12|14,4,13,6,8|14,4,13,6,12|14,4,13,7|14,4,13,8|14,4,13,12|14,5,6,8|14,5,6,12|14,5,6,13,2,4,7|14,5,6,13,2,7|14,5,6,13,3,2,4,7|14,5,6,13,3,2,7|14,5,6,13,4,2,7|14,5,6,13,4,7|14,5,6,13,7|14,5,6,13,8|14,5,6,13,12|14,5,8|14,5,12|14,5,13,2,4,7|14,5,13,2,7|14,5,13,3,2,4,7|14,5,13,3,2,7|14,5,13,4,2,7|14,5,13,4,7|14,5,13,6,8|14,5,13,6,12|14,5,13,7|14,5,13,8|14,5,13,12|14,6,5,8|14,6,5,12|14,6,5,13,2,4,7|14,6,5,13,2,7|14,6,5,13,3,2,4,7|14,6,5,13,3,2,7|14,6,5,13,4,2,7|14,6,5,13,4,7|14,6,5,13,7|14,6,5,13,8|14,6,5,13,12|14,6,8|14,6,12|14,6,13,2,4,7|14,6,13,2,7|14,6,13,3,2,4,7|14,6,13,3,2,7|14,6,13,4,2,7|14,6,13,4,7|14,6,13,5,8|14,6,13,5,12|14,6,13,7|14,6,13,8|14,6,13,12|14,7|14,8|14,12
13,2,4,7|13,2,4,14,6,8|13,2,4,14,6,12|13,2,4,14,7|13,2,4,14,8|13,2,4,14,12|13,2,7|13,2,14,4,7|13,2,14,6,8|13,2,14,6,12|13,2,14,7|13,2,14,8|13,2,14,12|13,3,14,2,4,7|13,3,14,2,7|13,3,14,4,2,7|13,3,14,4,7|13,3,14,6,8|13,3,14,6,12|13,3,14,7|13,3,14,8|13,3,14,12|13,4,2,7|13,4,2,14,6,8|13,4,2,14,6,12|13,4,2,14,7|13,4,2,14,8|13,4,2,14,12|13,4,7|13,4,14,2,7|13,4,14,6,8|13,4,14,6,12|13,4,14,7|13,4,14,8|13,4,14,12|13,6,8|13,6,12|13,6,14,2,4,7|13,6,14,2,7|13,6,14,4,2,7|13,6,14,4,7|13,6,14,7|13,6,14,8|13,6,14,12|13,7|13,8|13,12|14,2,4,7|14,2,4,13,6,8|14,2,4,13,6,12|14,2,4,13,7|14,2,4,13,8|14,2,4,13,12|14,2,7|14,2,13,4,7|14,2,13,6,8|14,2,13,6,12|14,2,13,7|14,2,13,8|14,2,13,12|14,3,13,2,4,7|14,3,13,2,7|14,3,13,4,2,7|14,3,13,4,7|14,3,13,6,8|14,3,13,6,12|14,3,13,7|14,3,13,8|14,3,13,12|14,4,2,7|14,4,2,13,6,8|14,4,2,13,6,12|14,4,2,13,7|14,4,2,13,8|14,4,2,13,12|14,4,7|14,4,13,2,7|14,4,13,6,8|14,4,13,6,12|14,4,13,7|14,4,13,8|14,4,13,12|14,6,8|14,6,12|14,6,13,2,4,7|14,6,13,2,7|14,6,13,4,2,7|14,6,13,4,7|14,6,13,7|14,6,13,8|14,6,13,12|14,7|14,8|14,12
13,2,4,7|13,2,4,14,5,6,11|13,2,4,14,5,6,12|13,2,4,14,5,11|13,2,4,14,5,12|13,2,4,14,6,5,11|13,2,4,14,6,5,12|13,2,4,14,6,11|13,2,4,14,6,12|13,2,4,14,7|13,2,4,14,11|13,2,4,14,12|13,2,7|13,2,14,4,7|13,2,14,5,6,11|13,2,14,5,6,12|13,2,14,5,11|13,2,14,5,12|13,2,14,6,5,11|13,2,14,6,5,12|13,2,14,6,11|13,2,14,6,12|13,2,14,7|13,2,14,11|13,2,14,12|13,3,14,2,4,7|13,3,14,2,7|13,3,14,4,2,7|13,3,14,4,7|13,3,14,5,6,11|13,3,14,5,6,12|13,3,14,5,11|13,3,14,5,12|13,3,14,6,5,11|13,3,14,6,5,12|13,3,14,6,11|13,3,14,6,12|13,3,14,7|13,3,14,11|13,3,14,12|13,4,2,7|13,4,2,14,5,6,11|13,4,2,14,5,6,12|13,4,2,14,5,11|13,4,2,14,5,12|13,4,2,14,6,5,11|13,4,2,14,6,5,12|13,4,2,14,6,11|13,4,2,14,6,12|13,4,2,14,7|13,4,2,14,11|13,4,2,14,12|13,4,7|13,4,14,2,7|13,4,14,5,6,11|13,4,14,5,6,12|13,4,14,5,11|13,4,14,5,12|13,4,14,6,5,11|13,4,14,6,5,12|13,4,14,6,11|13,4,14,6,12|13,4,14,7|13,4,14,11|13,4,14,12|13,5,6,11|13,5,6,12|13,5,6,14,2,4,7|13,5,6,14,2,7|13,5,6,14,4,2,7|13,5,6,14,4,7|13,5,6,14,7|13,5,6,14,11|13,5,6,14,12|13,5,11|13,5,12|13,5,14,2,4,7|13,5,14,2,7|13,5,14,4,2,7|13,5,14,4,7|13,5,14,6,11|13,5,14,6,12|13,5,14,7|13,5,14,11|13,5,14,12|13,7|13,11|13,12|14,2,4,7|14,2,4,13,5,6,11|14,2,4,13,5,6,12|14,2,4,13,5,11|14,2,4,13,5,12|14,2,4,13,7|14,2,4,13,11|14,2,4,13,12|14,2,7|14,2,13,4,7|14,2,13,5,6,11|14,2,13,5,6,12|14,2,13,5,11|14,2,13,5,12|14,2,13,7|14,2,13,11|14,2,13,12|14,3,13,2,4,7|14,3,13,2,7|14,3,13,4,2,7|14,3,13,4,7|14,3,13,5,6,11|14,3,13,5,6,12|14,3,13,5,11|14,3,13,5,12|14,3,13,7|14,3,13,11|14,3,13,12|14,4,2,7|14,4,2,13,5,6,11|14,4,2,13,5,6,12|14,4,2,13,5,11|14,4,2,13,5,12|14,4,2,13,7|14,4,2,13,11|14,4,2,13,12|14,4,7|14,4,13,2,7|14,4,13,5,6,11|14,4,13,5,6,12|14,4,13,5,11|14,4,13,5,12|14,4,13,7|14,4,13,11|14,4,13,12|14,5,6,11|14,5,6,12|14,5,11|14,5,12|14,5,13,2,4,7|14,5,13,2,7|14,5,13,4,2,7|14,5,13,4,7|14,5,13,7|14,5,13,11|14,5,13,12|14,6,5,11|14,6,5,12|14,6,5,13,2,4,7|14,6,5,13,2,7|14,6,5,13,4,2,7|14,6,5,13,4,7|14,6,5,13,7|14,6,5,13,11|14,6,5,13,12|14,6,11|14,6,12|14,7|14,11|14,12
13,3,14,4,2,10|13,3,14,4,7|13,3,14,6,11|13,3,14,6,12|13,3,14,7|13,3,14,11|13,3,14,12|13,4,2,10|13,4,7|13,4,14,6,11|13,4,14,6,12|13,4,14,7|13,4,14,11|13,4,14,12|13,7|13,11|13,12|14,3,13,4,2,10|14,3,13,4,7|14,3,13,7|14,3,13,11|14,3,13,12|14,4,2,10|14,4,7|14,4,13,7|14,4,13,11|14,4,13,12|14,6,11|14,6,12|14,7|14,11|14,12
13,2,3,14,5,11|13,2,3,14,5,12|13,2,3,14,10|13,2,3,14,11|13,2,3,14,12|13,2,10|13,2,14,5,11|13,2,14,5,12|13,2,14,10|13,2,14,11|13,2,14,12|13,3,2,10|13,3,2,14,5,11|13,3,2,14,5,12|13,3,2,14,10|13,3,2,14,11|13,3,2,14,12|13,3,14,2,10|13,3,14,5,11|13,3,14,5,12|13,3,14,10|13,3,14,11|13,3,14,12|13,5,11|13,5,12|13,5,14,2,10|13,5,14,3,2,10|13,5,14,10|13,5,14,11|13,5,14,12|13,7|13,10|13,11|13,12|14,2,3,13,5,11|14,2,3,13,5,12|14,2,3,13,7|14,2,3,13,10|14,2,3,13,11|14,2,3,13,12|14,2,10|14,2,13,5,11|14,2,13,5,12|14,2,13,7|14,2,13,10|14,2,13,11|14,2,13,12|14,3,2,10|14,3,2,13,5,11|14,3,2,13,5,12|14,3,2,13,7|14,3,2,13,10|14,3,2,13,11|14,3,2,13,12|14,3,13,2,10|14,3,13,5,11|14,3,13,5,12|14,3,13,7|14,3,13,10|14,3,13,11|14,3,13,12|14,5,11|14,5,12|14,5,13,2,10|14,5,13,3,2,10|14,5,13,7|14,5,13,10|14,5,13,11|14,5,13,12|14,10|14,11|14,12
13,2,3,14,10|13,2,3,14,11|13,2,3,14,12|13,2,14,10|13,2,14,11|13,2,14,12|13,3,2,14,10|13,3,2,14,11|13,3,2,14,12|13,3,14,10|13,3,14,11|13,3,14,12|13,10|13,11|13,12|14,2,3,13,10|14,2,3,13,11|14,2,3,13,12|14,2,13,10|14,2,13,11|14,2,13,12|14,3,2,13,10|14,3,2,13,11|14,3,2,13,12|14,3,13,10|14,3,13,11|14,3,13,12|14,10|14,11|14,12
13,2,7|13,2,14,5,6,11|13,2,14,5,6,12|13,2,14,5,11|13,2,14,5,12|13,2,14,10|13,2,14,11|13,2,14,12|13,3,14,2,7|13,3,14,5,6,11|13,3,14,5,6,12|13,3,14,5,11|13,3,14,5,12|13,3,14,10|13,3,14,11|13,3,14,12|13,5,6,11|13,5,6,12|13,5,11|13,5,12|13,5,14,2,7|13,5,14,10|13,5,14,11|13,5,14,12|13,6,5,11|13,6,5,12|13,6,5,14,2,7|13,6,5,14,10|13,6,5,14,11|13,6,5,14,12|13,6,11|13,6,12|13,10|13,11|13,12|14,2,7|14,2,13,5,6,11|14,2,13,5,6,12|14,2,13,5,11|14,2,13,5,12|14,2,13,6,5,11|14,2,13,6,5,12|14,2,13,6,11|14,2,13,6,12|14,2,13,10|14,2,13,11|14,2,13,12|14,3,13,2,7|14,3,13,5,6,11|14,3,13,5,6,12|14,3,13,5,11|14,3,13,5,12|14,3,13,6,5,11|14,3,13,6,5,12|14,3,13,6,11|14,3,13,6,12|14,3,13,10|14,3,13,11|14,3,13,12|14,5,6,11|14,5,6,12|14,5,6,13,2,7|14,5,6,13,10|14,5,6,13,11|14,5,6,13,12|14,5,11|14,5,12|14,5,13,2,7|14,5,13,6,11|14,5,13,6,12|14,5,13,10|14,5,13,11|14,5,13,12|14,10|14,11|14,12
13,3,14,4,2,7|13,3,14,9|13,3,14,10|13,3,14,11|13,6,9|13,6,11|13,9|13,10|13,11|14,3,13,6,9|14,3,13,6,11|14,3,13,9|14,3,13,10|14,3,13,11|14,4,2,7|14,9|14,10|14,11
13,2,4,14,5,6,9|13,2,4,14,5,6,11|13,2,4,14,5,9|13,2,4,14,5,11|13,2,4,14,6,5,9|13,2,4,14,6,5,11|13,2,4,14,6,9|13,2,4,14,6,11|13,2,4,14,9|13,2,4,14,10|13,2,4,14,11|13,2,10|13,2,14,5,6,9|13,2,14,5,6,11|13,2,14,5,9|13,2,14,5,11|13,2,14,6,5,9|13,2,14,6,5,11|13,2,14,6,9|13,2,14,6,11|13,2,14,9|13,2,14,10|13,2,14,11|13,3,14,2,10|13,3,14,4,2,10|13,3,14,5,6,9|13,3,14,5,6,11|13,3,14,5,9|13,3,14,5,11|13,3,14,6,5,9|13,3,14,6,5,11|13,3,14,6,9|13,3,14,6,11|13,3,14,9|13,3,14,10|13,3,14,11|13,4,2,10|13,4,2,14,5,6,9|13,4,2,14,5,6,11|13,4,2,14,5,9|13,4,2,14,5,11|13,4,2,14,6,5,9|13,4,2,14,6,5,11|13,4,2,14,6,9|13,4,2,14,6,11|13,4,2,14,9|13,4,2,14,10|13,4,2,14,11|13,4,14,2,10|13,4,14,5,6,9|13,4,14,5,6,11|13,4,14,5,9|13,4,14,5,11|13,4,14,6,5,9|13,4,14,6,5,11|13,4,14,6,9|13,4,14,6,11|13,4,14,9|13,4,14,10|13,4,14,11|13,5,6,9|13,5,6,11|13,5,6,14,2,10|13,5,6,14,4,2,10|13,5,6,14,9|13,5,6,14,10|13,5,6,14,11|13,5,9|13,5,11|13,5,14,2,10|13,5,14,4,2,10|13,5,14,6,9|13,5,14,6,11|13,5,14,9|13,5,14,10|13,5,14,11|13,6,5,9|13,6,5,11|13,6,5,14,2,10|13,6,5,14,4,2,10|13,6,5,14,9|13,6,5,14,10|13,6,5,14,11|13,6,9|13,6,11|13,6,14,2,10|13,6,14,4,2,10|13,6,14,5,9|13,6,14,5,11|13,6,14,9|13,6,14,10|13,6,14,11|13,9|13,10|13,11|14,2,4,13,5,6,9|14,2,4,13,5,6,11|14,2,4,13,5,9|14,2,4,13,5,11|14,2,4,13,6,5,9|14,2,4,13,6,5,11|14,2,4,13,6,9|14,2,4,13,6,11|14,2,4,13,9|14,2,4,13,10|14,2,4,13,11|14,2,10|14,2,13,5,6,9|14,2,13,5,6,11|14,2,13,5,9|14,2,13,5,11|14,2,13,6,5,9|14,2,13,6,5,11|14,2,13,6,9|14,2,13,6,11|14,2,13,9|14,2,13,10|14,2,13,11|14,3,13,2,10|14,3,13,4,2,10|14,3,13,5,6,9|14,3,13,5,6,11|14,3,13,5,9|14,3,13,5,11|14,3,13,6,5,9|14,3,13,6,5,11|14,3,13,6,9|14,3,13,6,11|14,3,13,9|14,3,13,10|14,3,13,11|14,4,2,10|14,4,2,13,5,6,9|14,4,2,13,5,6,11|14,4,2,13,5,9|14,4,2,13,5,11|14,4,2,13,6,5,9|14,4,2,13,6,5,11|14,4,2,13,6,9|14,4,2,13,6,11|14,4,2,13,9|14,4,2,13,10|14,4,2,13,11|14,4,13,2,10|14,4,13,5,6,9|14,4,13,5,6,11|14,4,13,5,9|14,4,13,5,11|14,4,13,6,5,9|14,4,13,6,5,11|14,4,13,6,9|14,4,13,6,11|14,4,13,9|14,4,13,10|14,4,13,11|14,5,6,9|14,5,6,11|14,5,6,13,2,10|14,5,6,13,4,2,10|14,5,6,13,9|14,5,6,13,10|14,5,6,13,11|14,5,9|14,5,11|14,5,13,2,10|14,5,13,4,2,10|14,5,13,6,9|14,5,13,6,11|14,5,13,9|14,5,13,10|14,5,13,11|14,6,5,9|14,6,5,11|14,6,5,13,2,10|14,6,5,13,4,2,10|14,6,5,13,9|14,6,5,13,10|14,6,5,13,11|14,6,9|14,6,11|14,6,13,2,10|14,6,13,4,2,10|14,6,13,5,9|14,6,13,5,11|14,6,13,9|14,6,13,10|14,6,13,11|14,9|14,10|14,11
13,2,3,14,6,9|13,2,3,14,6,11|13,2,3,14,9|13,2,3,14,10|13,2,3,14,11|13,2,4,14,6,9|13,2,4,14,6,11|13,2,4,14,9|13,2,4,14,10|13,2,4,14,11|13,2,10|13,2,14,6,9|13,2,14,6,11|13,2,14,9|13,2,14,10|13,2,14,11|13,3,2,4,14,6,9|13,3,2,4,14,6,11|13,3,2,4,14,9|13,3,2,4,14,10|13,3,2,4,14,11|13,3,2,10|13,3,2,14,6,9|13,3,2,14,6,11|13,3,2,14,9|13,3,2,14,10|13,3,2,14,11|13,3,14,2,10|13,3,14,4,2,10|13,3,14,6,9|13,3,14,6,11|13,3,14,9|13,3,14,10|13,3,14,11|13,4,2,3,14,6,9|13,4,2,3,14,6,11|13,4,2,3,14,9|13,4,2,3,14,10|13,4,2,3,14,11|13,4,2,10|13,4,2,14,6,9|13,4,2,14,6,11|13,4,2,14,9|13,4,2,14,10|13,4,2,14,11|13,4,14,2,10|13,4,14,3,2,10|13,4,14,6,9|13,4,14,6,11|13,4,14,9|13,4,14,10|13,4,14,11|13,6,9|13,6,11|13,6,14,2,10|13,6,14,3,2,10|13,6,14,4,2,10|13,6,14,9|13,6,14,10|13,6,14,11|13,9|13,10|13,11|14,2,3,13,6,9|14,2,3,13,6,11|14,2,3,13,9|14,2,3,13,10|14,2,3,13,11|14,2,4,13,6,9|14,2,4,13,6,11|14,2,4,13,9|14,2,4,13,10|14,2,4,13,11|14,2,10|14,2,13,6,9|14,2,13,6,11|14,2,13,9|14,2,13,10|14,2,13,11|14,3,2,4,13,6,9|14,3,2,4,13,6,11|14,3,2,4,13,9|14,3,2,4,13,10|14,3,2,4,13,11|14,3,2,10|14,3,2,13,6,9|14,3,2,13,6,11|14,3,2,13,9|14,3,2,13,10|14,3,2,13,11|14,3,13,2,10|14,3,13,4,2,10|14,3,13,6,9|14,3,13,6,11|14,3,13,9|14,3,13,10|14,3,13,11|14,4,2,3,13,6,9|14,4,2,3,13,6,11|14,4,2,3,13,9|14,4,2,3,13,10|14,4,2,3,13,11|14,4,2,10|14,4,2,13,6,9|14,4,2,13,6,11|14,4,2,13,9|14,4,2,13,10|14,4,2,13,11|14,4,13,2,10|14,4,13,3,2,10|14,4,13,6,9|14,4,13,6,11|14,4,13,9|14,4,13,10|14,4,13,11|14,6,9|14,6,11|14,6,13,2,10|14,6,13,3,2,10|14,6,13,4,2,10|14,6,13,9|14,6,13,10|14,6,13,11|14,9|14,10|14,11
13,2,3,10|13,2,3,14,5,6,8|13,2,3,14,5,6,9|13,2,3,14,5,8|13,2,3,14,5,9|13,2,3,14,6,5,8|13,2,3,14,6,5,9|13,2,3,14,6,8|13,2,3,14,6,9|13,2,3,14,8|13,2,3,14,9|13,2,3,14,10|13,2,10|13,2,14,3,10|13,2,14,5,6,8|13,2,14,5,6,9|13,2,14,5,8|13,2,14,5,9|13,2,14,6,5,8|13,2,14,6,5,9|13,2,14,6,8|13,2,14,6,9|13,2,14,8|13,2,14,9|13,2,14,10|13,3,2,10|13,3,2,14,5,6,8|13,3,2,14,5,6,9|13,3,2,14,5,8|13,3,2,14,5,9|13,3,2,14,6,5,8|13,3,2,14,6,5,9|13,3,2,14,6,8|13,3,2,14,6,9|13,3,2,14,8|13,3,2,14,9|13,3,2,14,10|13,3,10|13,3,14,2,10|13,3,14,5,6,8|13,3,14,5,6,9|13,3,14,5,8|13,3,14,5,9|13,3,14,6,5,8|13,3,14,6,5,9|13,3,14,6,8|13,3,14,6,9|13,3,14,8|13,3,14,9|13,3,14,10|13,4,14,2,3,10|13,4,14,2,10|13,4,14,3,2,10|13,4,14,3,10|13,4,14,5,6,8|13,4,14,5,6,9|13,4,14,5,8|13,4,14,5,9|13,4,14,6,5,8|13,4,14,6,5,9|13,4,14,6,8|13,4,14,6,9|13,4,14,8|13,4,14,9|13,4,14,10|13,5,6,8|13,5,6,9|13,5,6,14,2,3,10|13,5,6,14,2,10|13,5,6,14,3,2,10|13,5,6,14,3,10|13,5,6,14,8|13,5,6,14,9|13,5,6,14,10|13,5,8|13,5,9|13,5,14,2,3,10|13,5,14,2,10|13,5,14,3,2,10|13,5,14,3,10|13,5,14,6,8|13,5,14,6,9|13,5,14,8|13,5,14,9|13,5,14,10|13,8|13,9|13,10|14,2,3,10|14,2,3,13,5,6,8|14,2,3,13,5,6,9|14,2,3,13,5,8|14,2,3,13,5,9|14,2,3,13,8|14,2,3,13,9|14,2,3,13,10|14,2,10|14,2,13,3,10|14,2,13,5,6,8|14,2,13,5,6,9|14,2,13,5,8|14,2,13,5,9|14,2,13,8|14,2,13,9|14,2,13,10|14,3,2,10|14,3,2,13,5,6,8|14,3,2,13,5,6,9|14,3,2,13,5,8|14,3,2,13,5,9|14,3,2,13,8|14,3,2,13,9|14,3,2,13,10|14,3,10|14,3,13,2,10|14,3,13,5,6,8|14,3,13,5,6,9|14,3,13,5,8|14,3,13,5,9|14,3,13,8|14,3,13,9|14,3,13,10|14,4,13,2,3,10|14,4,13,2,10|14,4,13,3,2,10|14,4,13,3,10|14,4,13,5,6,8|14,4,13,5,6,9|14,4,13,5,8|14,4,13,5,9|14,4,13,8|14,4,13,9|14,4,13,10|14,5,6,8|14,5,6,9|14,5,8|14,5,9|14,5,13,2,3,10|14,5,13,2,10|14,5,13,3,2,10|14,5,13,3,10|14,5,13,8|14,5,13,9|14,5,13,10|14,6,5,8|14,6,5,9|14,6,5,13,2,3,10|14,6,5,13,2,10|14,6,5,13,3,2,10|14,6,5,13,3,10|14,6,5,13,8|14,6,5,13,9|14,6,5,13,10|14,6,8|14,6,9|14,8|14,9|14,10
13,3,10|13,3,14,6,8|13,3,14,6,9|13,3,14,8|13,3,14,9|13,3,14,10|13,4,14,3,10|13,4,14,6,8|13,4,14,6,9|13,4,14,8|13,4,14,9|13,4,14,10|13,8|13,9|13,10|14,3,10|14,3,13,8|14,3,13,9|14,3,13,10|14,4,13,3,10|14,4,13,8|14,4,13,9|14,4,13,10|14,6,8|14,6,9|14,8|14,9|14,10
13,2,4,14,5,8|13,2,4,14,5,9|13,2,4,14,7|13,2,4,14,8|13,2,4,14,9|13,2,7|13,2,14,5,8|13,2,14,5,9|13,2,14,7|13,2,14,8|13,2,14,9|13,4,2,7|13,4,2,14,5,8|13,4,2,14,5,9|13,4,2,14,7|13,4,2,14,8|13,4,2,14,9|13,4,14,2,7|13,4,14,5,8|13,4,14,5,9|13,4,14,7|13,4,14,8|13,4,14,9|13,5,8|13,5,9|13,5,14,2,7|13,5,14,4,2,7|13,5,14,7|13,5,14,8|13,5,14,9|13,7|13,8|13,9|13,10|14,2,4,13,5,8|14,2,4,13,5,9|14,2,4,13,7|14,2,4,13,8|14,2,4,13,9|14,2,4,13,10|14,2,7|14,2,13,5,8|14,2,13,5,9|14,2,13,7|14,2,13,8|14,2,13,9|14,2,13,10|14,4,2,7|14,4,2,13,5,8|14,4,2,13,5,9|14,4,2,13,7|14,4,2,13,8|14,4,2,13,9|14,4,2,13,10|14,4,13,2,7|14,4,13,5,8|14,4,13,5,9|14,4,13,7|14,4,13,8|14,4,13,9|14,4,13,10|14,5,8|14,5,9|14,5,13,2,7|14,5,13,4,2,7|14,5,13,7|14,5,13,8|14,5,13,9|14,5,13,10|14,7|14,8|14,9
13,2,4,14,7|13,2,4,14,8|13,2,4,14,9|13,2,14,7|13,2,14,8|13,2,14,9|13,4,2,14,7|13,4,2,14,8|13,4,2,14,9|13,4,14,7|13,4,14,8|13,4,14,9|13,7|13,8|13,9|14,2,4,13,7|14,2,4,13,8|14,2,4,13,9|14,2,13,7|14,2,13,8|14,2,13,9|14,4,2,13,7|14,4,2,13,8|14,4,2,13,9|14,4,13,7|14,4,13,8|14,4,13,9|14,7|14,8|14,9
13,2,3,4,10|13,2,3,4,14,5,6,8|13,2,3,4,14,5,6,9|13,2,3,4,14,5,8|13,2,3,4,14,5,9|13,2,3,4,14,7|13,2,3,4,14,8|13,2,3,4,14,9|13,2,3,10|13,2,4,3,10|13,2,4,10|13,2,4,14,5,6,8|13,2,4,14,5,6,9|13,2,4,14,5,8|13,2,4,14,5,9|13,2,4,14,7|13,2,4,14,8|13,2,4,14,9|13,2,10|13,2,14,4,3,10|13,2,14,4,10|13,2,14,5,6,8|13,2,14,5,6,9|13,2,14,5,8|13,2,14,5,9|13,2,14,7|13,2,14,8|13,2,14,9|13,4,2,3,10|13,4,2,10|13,4,2,14,5,6,8|13,4,2,14,5,6,9|13,4,2,14,5,8|13,4,2,14,5,9|13,4,2,14,7|13,4,2,14,8|13,4,2,14,9|13,4,3,2,10|13,4,3,2,14,5,6,8|13,4,3,2,14,5,6,9|13,4,3,2,14,5,8|13,4,3,2,14,5,9|13,4,3,2,14,7|13,4,3,2,14,8|13,4,3,2,14,9|13,4,3,10|13,4,10|13,4,14,2,3,10|13,4,14,2,10|13,4,14,5,6,8|13,4,14,5,6,9|13,4,14,5,8|13,4,14,5,9|13,4,14,7|13,4,14,8|13,4,14,9|13,5,6,8|13,5,6,9|13,5,8|13,5,9|13,5,14,2,3,4,10|13,5,14,2,3,10|13,5,14,2,4,3,10|13,5,14,2,4,10|13,5,14,2,10|13,5,14,4,2,3,10|13,5,14,4,2,10|13,5,14,4,3,2,10|13,5,14,4,3,10|13,5,14,4,10|13,5,14,7|13,5,14,8|13,5,14,9|13,6,5,8|13,6,5,9|13,6,5,14,2,3,4,10|13,6,5,14,2,3,10|13,6,5,14,2,4,3,10|13,6,5,14,2,4,10|13,6,5,14,2,10|13,6,5,14,4,2,3,10|13,6,5,14,4,2,10|13,6,5,14,4,3,2,10|13,6,5,14,4,3,10|13,6,5,14,4,10|13,6,5,14,7|13,6,5,14,8|13,6,5,14,9|13,6,8|13,6,9|13,7|13,8|13,9|14,2,3,4,10|14,2,3,4,13,5,6,8|14,2,3,4,13,5,6,9|14,2,3,4,13,5,8|14,2,3,4,13,5,9|14,2,3,4,13,6,5,8|14,2,3,4,13,6,5,9|14,2,3,4,13,6,8|14,2,3,4,13,6,9|14,2,3,4,13,7|14,2,3,4,13,8|14,2,3,4,13,9|14,2,3,10|14,2,4,3,10|14,2,4,10|14,2,4,13,5,6,8|14,2,4,13,5,6,9|14,2,4,13,5,8|14,2,4,13,5,9|14,2,4,13,6,5,8|14,2,4,13,6,5,9|14,2,4,13,6,8|14,2,4,13,6,9|14,2,4,13,7|14,2,4,13,8|14,2,4,13,9|14,2,10|14,2,13,4,3,10|14,2,13,4,10|14,2,13,5,6,8|14,2,13,5,6,9|14,2,13,5,8|14,2,13,5,9|14,2,13,6,5,8|14,2,13,6,5,9|14,2,13,6,8|14,2,13,6,9|14,2,13,7|14,2,13,8|14,2,13,9|14,4,2,3,10|14,4,2,10|14,4,2,13,5,6,8|14,4,2,13,5,6,9|14,4,2,13,5,8|14,4,2,13,5,9|14,4,2,13,6,5,8|14,4,2,13,6,5,9|14,4,2,13,6,8|14,4,2,13,6,9|14,4,2,13,7|14,4,2,13,8|14,4,2,13,9|14,4,3,2,10|14,4,3,2,13,5,6,8|14,4,3,2,13,5,6,9|14,4,3,2,13,5,8|14,4,3,2,13,5,9|14,4,3,2,13,6,5,8|14,4,3,2,13,6,5,9|14,4,3,2,13,6,8|14,4,3,2,13,6,9|14,4,3,2,13,7|14,4,3,2,13,8|14,4,3,2,13,9|14,4,3,10|14,4,10|14,4,13,2,3,10|14,4,13,2,10|14,4,13,5,6,8|14,4,13,5,6,9|14,4,13,5,8|14,4,13,5,9|14,4,13,6,5,8|14,4,13,6,5,9|14,4,13,6,8|14,4,13,6,9|14,4,13,7|14,4,13,8|14,4,13,9|14,5,6,8|14,5,6,9|14,5,6,13,2,3,4,10|14,5,6,13,2,3,10|14,5,6,13,2,4,3,10|14,5,6,13,2,4,10|14,5,6,13,2,10|14,5,6,13,4,2,3,10|14,5,6,13,4,2,10|14,5,6,13,4,3,2,10|14,5,6,13,4,3,10|14,5,6,13,4,10|14,5,6,13,7|14,5,6,13,8|14,5,6,13,9|14,5,8|14,5,9|14,5,13,2,3,4,10|14,5,13,2,3,10|14,5,13,2,4,3,10|14,5,13,2,4,10|14,5,13,2,10|14,5,13,4,2,3,10|14,5,13,4,2,10|14,5,13,4,3,2,10|14,5,13,4,3,10|14,5,13,4,10|14,5,13,6,8|14,5,13,6,9|14,5,13,7|14,5,13,8|14,5,13,9|14,7|14,8|14,9
13,4,2,3,10|13,4,2,10|13,4,3,2,10|13,4,3,10|13,4,10|13,4,14,7|13,4,14,8|13,4,14,12|13,6,8|13,6,12|13,7|13,8|13,12|14,4,2,3,10|14,4,2,10|14,4,3,2,10|14,4,3,10|14,4,10|14,4,13,6,8|14,4,13,6,12|14,4,13,7|14,4,13,8|14,4,13,12|14,7|14,8|14,12
13,2,7|13,2,14,5,6,8|13,2,14,5,6,12|13,2,14,5,8|13,2,14,5,12|13,2,14,6,5,8|13,2,14,6,5,12|13,2,14,6,8|13,2,14,6,12|13,2,14,7|13,2,14,8|13,2,14,12|13,5,6,8|13,5,6,12|13,5,6,14,2,7|13,5,6,14,7|13,5,6,14,8|13,5,6,14,12|13,5,8|13,5,12|13,5,14,2,7|13,5,14,6,8|13,5,14,6,12|13,5,14,7|13,5,14,8|13,5,14,12|13,6,5,8|13,6,5,12|13,6,5,14,2,7|13,6,5,14,7|13,6,5,14,8|13,6,5,14,12|13,6,8|13,6,12|13,6,14,2,7|13,6,14,5,8|13,6,14,5,12|13,6,14,7|13,6,14,8|13,6,14,12|13,7|13,8|13,12|14,2,7|14,2,13,5,6,8|14,2,13,5,6,12|14,2,13,5,8|14,2,13,5,12|14,2,13,6,5,8|14,2,13,6,5,12|14,2,13,6,8|14,2,13,6,12|14,2,13,7|14,2,13,8|14,2,13,12|14,5,6,8|14,5,6,12|14,5,6,13,2,7|14,5,6,13,7|14,5,6,13,8|14,5,6,13,12|14,5,8|14,5,12|14,5,13,2,7|14,5,13,6,8|14,5,13,6,12|14,5,13,7|14,5,13,8|14,5,13,12|14,6,5,8|14,6,5,12|14,6,5,13,2,7|14,6,5,13,7|14,6,5,13,8|14,6,5,13,12|14,6,8|14,6,12|14,6,13,2,7|14,6,13,5,8|14,6,13,5,12|14,6,13,7|14,6,13,8|14,6,13,12|14,7|14,8|14,12
13,2,7|13,2,14,6,8|13,2,14,6,12|13,2,14,7|13,2,14,8|13,2,14,12|13,6,8|13,6,12|13,6,14,2,7|13,6,14,7|13,6,14,8|13,6,14,12|13,7|13,8|13,12|14,2,7|14,2,13,6,8|14,2,13,6,12|14,2,13,7|14,2,13,8|14,2,13,12|14,6,8|14,6,12|14,6,13,2,7|14,6,13,7|14,6,13,8|14,6,13,12|14,7|14,8|14,12
13,2,4,3,10|13,2,4,10|13,2,7|13,2,14,5,6,11|13,2,14,5,6,12|13,2,14,5,11|13,2,14,5,12|13,2,14,6,5,11|13,2,14,6,5,12|13,2,14,6,11|13,2,14,6,12|13,2,14,7|13,2,14,11|13,2,14,12|13,5,6,11|13,5,6,12|13,5,6,14,2,4,3,10|13,5,6,14,2,4,10|13,5,6,14,2,7|13,5,6,14,7|13,5,6,14,11|13,5,6,14,12|13,5,11|13,5,12|13,5,14,2,4,3,10|13,5,14,2,4,10|13,5,14,2,7|13,5,14,6,11|13,5,14,6,12|13,5,14,7|13,5,14,11|13,5,14,12|13,7|13,11|13,12|14,2,4,3,10|14,2,4,10|14,2,7|14,2,13,5,6,11|14,2,13,5,6,12|14,2,13,5,11|14,2,13,5,12|14,2,13,7|14,2,13,11|14,2,13,12|14,5,6,11|14,5,6,12|14,5,11|14,5,12|14,5,13,2,4,3,10|14,5,13,2,4,10|14,5,13,2,7|14,5,13,7|14,5,13,11|14,5,13,12|14,6,5,11|14,6,5,12|14,6,5,13,2,4,3,10|14,6,5,13,2,4,10|14,6,5,13,2,7|14,6,5,13,7|14,6,5,13,11|14,6,5,13,12|14,6,11|14,6,12|14,7|14,11|14,12
13,3,2,4,10|13,3,2,4,14,6,11|13,3,2,4,14,6,12|13,3,2,4,14,7|13,3,2,4,14,11|13,3,2,4,14,12|13,3,2,10|13,3,4,2,10|13,3,4,10|13,3,4,14,6,11|13,3,4,14,6,12|13,3,4,14,7|13,3,4,14,11|13,3,4,14,12|13,3,10|13,3,14,4,2,10|13,3,14,4,10|13,3,14,6,11|13,3,14,6,12|13,3,14,7|13,3,14,11|13,3,14,12|13,7|13,11|13,12|14,3,2,4,10|14,3,2,10|14,3,4,2,10|14,3,4,10|14,3,10|14,3,13,7|14,3,13,11|14,3,13,12|14,4,2,3,10|14,4,2,3,13,7|14,4,2,3,13,11|14,4,2,3,13,12|14,4,2,10|14,4,3,2,10|14,4,3,10|14,4,3,13,7|14,4,3,13,11|14,4,3,13,12|14,4,10|14,6,11|14,6,12|14,7|14,11|14,12
13,2,3,4,10|13,2,3,4,14,5,11|13,2,3,4,14,5,12|13,2,3,4,14,10|13,2,3,4,14,11|13,2,3,4,14,12|13,2,3,10|13,2,3,14,4,10|13,2,3,14,5,11|13,2,3,14,5,12|13,2,3,14,10|13,2,3,14,11|13,2,3,14,12|13,2,4,3,10|13,2,4,3,14,5,11|13,2,4,3,14,5,12|13,2,4,3,14,10|13,2,4,3,14,11|13,2,4,3,14,12|13,2,4,10|13,2,4,14,3,10|13,2,4,14,5,11|13,2,4,14,5,12|13,2,4,14,10|13,2,4,14,11|13,2,4,14,12|13,2,10|13,2,14,3,4,10|13,2,14,3,10|13,2,14,4,3,10|13,2,14,4,10|13,2,14,5,11|13,2,14,5,12|13,2,14,10|13,2,14,11|13,2,14,12|13,3,2,4,10|13,3,2,4,14,5,11|13,3,2,4,14,5,12|13,3,2,4,14,10|13,3,2,4,14,11|13,3,2,4,14,12|13,3,2,10|13,3,2,14,4,10|13,3,2,14,5,11|13,3,2,14,5,12|13,3,2,14,10|13,3,2,14,11|13,3,2,14,12|13,3,4,2,10|13,3,4,2,14,5,11|13,3,4,2,14,5,12|13,3,4,2,14,10|13,3,4,2,14,11|13,3,4,2,14,12|13,3,4,10|13,3,4,14,2,10|13,3,4,14,5,11|13,3,4,14,5,12|13,3,4,14,10|13,3,4,14,11|13,3,4,14,12|13,3,10|13,3,14,2,4,10|13,3,14,2,10|13,3,14,4,2,10|13,3,14,4,10|13,3,14,5,11|13,3,14,5,12|13,3,14,10|13,3,14,11|13,3,14,12|13,4,2,3,10|13,4,2,3,14,5,11|13,4,2,3,14,5,12|13,4,2,3,14,10|13,4,2,3,14,11|13,4,2,3,14,12|13,4,2,10|13,4,2,14,3,10|13,4,2,14,5,11|13,4,2,14,5,12|13,4,2,14,10|13,4,2,14,11|13,4,2,14,12|13,4,3,2,10|13,4,3,2,14,5,11|13,4,3,2,14,5,12|13,4,3,2,14,10|13,4,3,2,14,11|13,4,3,2,14,12|13,4,3,10|13,4,3,14,2,10|13,4,3,14,5,11|13,4,3,14,5,12|13,4,3,14,10|13,4,3,14,11|13,4,3,14,12|13,4,10|13,4,14,2,3,10|13,4,14,2,10|13,4,14,3,2,10|13,4,14,3,10|13,4,14,5,11|13,4,14,5,12|13,4,14,10|13,4,14,11|13,4,14,12|13,5,11|13,5,12|13,5,14,2,3,4,10|13,5,14,2,3,10|13,5,14,2,4,3,10|13,5,14,2,4,10|13,5,14,2,10|13,5,14,3,2,4,10|13,5,14,3,2,10|13,5,14,3,4,2,10|13,5,14,3,4,10|13,5,14,3,10|13,5,14,4,2,3,10|13,5,14,4,2,10|13,5,14,4,3,2,10|13,5,14,4,3,10|13,5,14,4,10|13,5,14,10|13,5,14,11|13,5,14,12|13,7|13,10|13,11|13,12|14,2,3,4,10|14,2,3,4,13,5,11|14,2,3,4,13,5,12|14,2,3,4,13,7|14,2,3,4,13,10|14,2,3,4,13,11|14,2,3,4,13,12|14,2,3,10|14,2,3,13,4,10|14,2,3,13,5,11|14,2,3,13,5,12|14,2,3,13,7|14,2,3,13,10|14,2,3,13,11|14,2,3,13,12|14,2,4,3,10|14,2,4,3,13,5,11|14,2,4,3,13,5,12|14,2,4,3,13,7|14,2,4,3,13,10|14,2,4,3,13,11|14,2,4,3,13,12|14,2,4,10|14,2,4,13,3,10|14,2,4,13,5,11|14,2,4,13,5,12|14,2,4,13,7|14,2,4,13,10|14,2,4,13,11|14,2,4,13,12|14,2,10|14,2,13,3,4,10|14,2,13,3,10|14,2,13,4,3,10|14,2,13,4,10|14,2,13,5,11|14,2,13,5,12|14,2,13,7|14,2,13,10|14,2,13,11|14,2,13,12|14,3,2,4,10|14,3,2,4,13,5,11|14,3,2,4,13,5,12|14,3,2,4,13,7|14,3,2,4,13,10|14,3,2,4,13,11|14,3,2,4,13,12|14,3,2,10|14,3,2,13,4,10|14,3,2,13,5,11|14,3,2,13,5,12|14,3,2,13,7|14,3,2,13,10|14,3,2,13,11|14,3,2,13,12|14,3,4,2,10|14,3,4,2,13,5,11|14,3,4,2,13,5,12|14,3,4,2,13,7|14,3,4,2,13,10|14,3,4,2,13,11|14,3,4,2,13,12|14,3,4,10|14,3,4,13,2,10|14,3,4,13,5,11|14,3,4,13,5,12|14,3,4,13,7|14,3,4,13,10|14,3,4,13,11|14,3,4,13,12|14,3,10|14,3,13,2,4,10|14,3,13,2,10|14,3,13,4,2,10|14,3,13,4,10|14,3,13,5,11|14,3,13,5,12|14,3,13,7|14,3,13,10|14,3,13,11|14,3,13,12|14,4,2,3,10|14,4,2,3,13,5,11|14,4,2,3,13,5,12|14,4,2,3,13,7|14,4,2,3,13,10|14,4,2,3,13,11|14,4,2,3,13,12|14,4,2,10|14,4,2,13,3,10|14,4,2,13,5,11|14,4,2,13,5,12|14,4,2,13,7|14,4,2,13,10|14,4,2,13,11|14,4,2,13,12|14,4,3,2,10|14,4,3,2,13,5,11|14,4,3,2,13,5,12|14,4,3,2,13,7|14,4,3,2,13,10|14,4,3,2,13,11|14,4,3,2,13,12|14,4,3,10|14,4,3,13,2,10|14,4,3,13,5,11|14,4,3,13,5,12|14,4,3,13,7|14,4,3,13,10|14,4,3,13,11|14,4,3,13,12|14,4,10|14,4,13,2,3,10|14,4,13,2,10|14,4,13,3,2,10|14,4,13,3,10|14,4,13,5,11|14,4,13,5,12|14,4,13,7|14,4,13,10|14,4,13,11|14,4,13,12|14,5,11|14,5,12|14,5,13,2,3,4,10|14,5,13,2,3,10|14,5,13,2,4,3,10|14,5,13,2,4,10|14,5,13,2,10|14,5,13,3,2,4,10|14,5,13,3,2,10|14,5,13,3,4,2,10|14,5,13,3,4,10|14,5,13,3,10|14,5,13,4,2,3,10|14,5,13,4,2,10|14,5,13,4,3,2,10|14,5,13,4,3,10|14,5,13,4,10|14,5,13,7|14,5,13,10|14,5,13,11|14,5,13,12|14,10|14,11|14,12
13,2,4,3,10|13,2,4,3,14,10|13,2,4,3,14,11|13,2,4,3,14,12|13,2,4,10|13,2,4,14,3,10|13,2,4,14,10|13,2,4,14,11|13,2,4,14,12|13,2,14,3,4,10|13,2,14,3,10|13,2,14,4,3,10|13,2,14,4,10|13,2,14,10|13,2,14,11|13,2,14,12|13,3,4,2,14,10|13,3,4,2,14,11|13,3,4,2,14,12|13,3,4,10|13,3,4,14,10|13,3,4,14,11|13,3,4,14,12|13,3,10|13,3,14,2,4,10|13,3,14,4,10|13,3,14,10|13,3,14,11|13,3,14,12|13,4,2,14,3,10|13,4,2,14,10|13,4,2,14,11|13,4,2,14,12|13,4,3,10|13,4,3,14,10|13,4,3,14,11|13,4,3,14,12|13,4,10|13,4,14,3,10|13,4,14,10|13,4,14,11|13,4,14,12|13,10|13,11|13,12|14,2,4,3,10|14,2,4,3,13,10|14,2,4,3,13,11|14,2,4,3,13,12|14,2,4,10|14,2,4,13,3,10|14,2,4,13,10|14,2,4,13,11|14,2,4,13,12|14,2,13,3,4,10|14,2,13,3,10|14,2,13,4,3,10|14,2,13,4,10|14,2,13,10|14,2,13,11|14,2,13,12|14,3,4,2,13,10|14,3,4,2,13,11|14,3,4,2,13,12|14,3,4,10|14,3,4,13,10|14,3,4,13,11|14,3,4,13,12|14,3,10|14,3,13,2,4,10|14,3,13,4,10|14,3,13,10|14,3,13,11|14,3,13,12|14,4,2,13,3,10|14,4,2,13,10|14,4,2,13,11|14,4,2,13,12|14,4,3,10|14,4,3,13,10|14,4,3,13,11|14,4,3,13,12|14,4,10|14,4,13,3,10|14,4,13,10|14,4,13,11|14,4,13,12|14,10|14,11|14,12
13,2,7|13,2,14,3,4,10|13,2,14,3,10|13,2,14,4,3,10|13,2,14,4,10|13,2,14,5,6,11|13,2,14,5,6,12|13,2,14,5,11|13,2,14,5,12|13,2,14,10|13,2,14,11|13,2,14,12|13,3,4,10|13,3,4,14,2,7|13,3,4,14,5,6,11|13,3,4,14,5,6,12|13,3,4,14,5,11|13,3,4,14,5,12|13,3,4,14,10|13,3,4,14,11|13,3,4,14,12|13,3,10|13,3,14,2,7|13,3,14,4,10|13,3,14,5,6,11|13,3,14,5,6,12|13,3,14,5,11|13,3,14,5,12|13,3,14,10|13,3,14,11|13,3,14,12|13,4,3,10|13,4,3,14,2,7|13,4,3,14,5,6,11|13,4,3,14,5,6,12|13,4,3,14,5,11|13,4,3,14,5,12|13,4,3,14,10|13,4,3,14,11|13,4,3,14,12|13,4,10|13,4,14,2,7|13,4,14,3,10|13,4,14,5,6,11|13,4,14,5,6,12|13,4,14,5,11|13,4,14,5,12|13,4,14,10|13,4,14,11|13,4,14,12|13,5,6,11|13,5,6,12|13,5,11|13,5,12|13,5,14,2,7|13,5,14,3,4,10|13,5,14,3,10|13,5,14,4,3,10|13,5,14,4,10|13,5,14,10|13,5,14,11|13,5,14,12|13,6,5,11|13,6,5,12|13,6,5,14,2,7|13,6,5,14,3,4,10|13,6,5,14,3,10|13,6,5,14,4,3,10|13,6,5,14,4,10|13,6,5,14,10|13,6,5,14,11|13,6,5,14,12|13,6,11|13,6,12|13,10|13,11|13,12|14,2,7|14,2,13,3,4,10|14,2,13,3,10|14,2,13,4,3,10|14,2,13,4,10|14,2,13,5,6,11|14,2,13,5,6,12|14,2,13,5,11|14,2,13,5,12|14,2,13,6,5,11|14,2,13,6,5,12|14,2,13,6,11|14,2,13,6,12|14,2,13,10|14,2,13,11|14,2,13,12|14,3,4,10|14,3,4,13,2,7|14,3,4,13,5,6,11|14,3,4,13,5,6,12|14,3,4,13,5,11|14,3,4,13,5,12|14,3,4,13,6,5,11|14,3,4,13,6,5,12|14,3,4,13,6,11|14,3,4,13,6,12|14,3,4,13,10|14,3,4,13,11|14,3,4,13,12|14,3,10|14,3,13,2,7|14,3,13,4,10|14,3,13,5,6,11|14,3,13,5,6,12|14,3,13,5,11|14,3,13,5,12|14,3,13,6,5,11|14,3,13,6,5,12|14,3,13,6,11|14,3,13,6,12|14,3,13,10|14,3,13,11|14,3,13,12|14,4,3,10|14,4,3,13,2,7|14,4,3,13,5,6,11|14,4,3,13,5,6,12|14,4,3,13,5,11|14,4,3,13,5,12|14,4,3,13,6,5,11|14,4,3,13,6,5,12|14,4,3,13,6,11|14,4,3,13,6,12|14,4,3,13,10|14,4,3,13,11|14,4,3,13,12|14,4,10|14,4,13,2,7|14,4,13,3,10|14,4,13,5,6,11|14,4,13,5,6,12|14,4,13,5,11|14,4,13,5,12|14,4,13,6,5,11|14,4,13,6,5,12|14,4,13,6,11|14,4,13,6,12|14,4,13,10|14,4,13,11|14,4,13,12|14,5,6,11|14,5,6,12|14,5,6,13,2,7|14,5,6,13,3,4,10|14,5,6,13,3,10|14,5,6,13,4,3,10|14,5,6,13,4,10|14,5,6,13,10|14,5,6,13,11|14,5,6,13,12|14,5,11|14,5,12|14,5,13,2,7|14,5,13,3,4,10|14,5,13,3,10|14,5,13,4,3,10|14,5,13,4,10|14,5,13,6,11|14,5,13,6,12|14,5,13,10|14,5,13,11|14,5,13,12|14,10|14,11|14,12
13,3,4,10|13,3,4,14,9|13,3,4,14,10|13,3,4,14,11|13,3,10|13,3,14,4,10|13,3,14,9|13,3,14,10|13,3,14,11|13,4,3,10|13,4,3,14,9|13,4,3,14,10|13,4,3,14,11|13,4,10|13,4,14,3,10|13,4,14,9|13,4,14,10|13,4,14,11|13,6,9|13,6,11|13,9|13,10|13,11|14,3,4,10|14,3,4,13,6,9|14,3,4,13,6,11|14,3,4,13,9|14,3,4,13,10|14,3,4,13,11|14,3,10|14,3,13,4,10|14,3,13,6,9|14,3,13,6,11|14,3,13,9|14,3,13,10|14,3,13,11|14,4,3,10|14,4,3,13,6,9|14,4,3,13,6,11|14,4,3,13,9|14,4,3,13,10|14,4,3,13,11|14,4,10|14,4,13,3,10|14,4,13,6,9|14,4,13,6,11|14,4,13,9|14,4,13,10|14,4,13,11|14,9|14,10|14,11
13,2,3,4,10|13,2,3,4,14,5,6,9|13,2,3,4,14,5,6,11|13,2,3,4,14,5,9|13,2,3,4,14,5,11|13,2,3,4,14,6,5,9|13,2,3,4,14,6,5,11|13,2,3,4,14,6,9|13,2,3,4,14,6,11|13,2,3,4,14,9|13,2,3,4,14,10|13,2,3,4,14,11|13,2,3,10|13,2,3,14,4,10|13,2,3,14,5,6,9|13,2,3,14,5,6,11|13,2,3,14,5,9|13,2,3,14,5,11|13,2,3,14,6,5,9|13,2,3,14,6,5,11|13,2,3,14,6,9|13,2,3,14,6,11|13,2,3,14,9|13,2,3,14,10|13,2,3,14,11|13,2,4,3,10|13,2,4,3,14,5,6,9|13,2,4,3,14,5,6,11|13,2,4,3,14,5,9|13,2,4,3,14,5,11|13,2,4,3,14,6,5,9|13,2,4,3,14,6,5,11|13,2,4,3,14,6,9|13,2,4,3,14,6,11|13,2,4,3,14,9|13,2,4,3,14,10|13,2,4,3,14,11|13,2,4,10|13,2,4,14,3,10|13,2,4,14,5,6,9|13,2,4,14,5,6,11|13,2,4,14,5,9|13,2,4,14,5,11|13,2,4,14,6,5,9|13,2,4,14,6,5,11|13,2,4,14,6,9|13,2,4,14,6,11|13,2,4,14,9|13,2,4,14,10|13,2,4,14,11|13,2,10|13,2,14,3,4,10|13,2,14,3,10|13,2,14,4,3,10|13,2,14,4,10|13,2,14,5,6,9|13,2,14,5,6,11|13,2,14,5,9|13,2,14,5,11|13,2,14,6,5,9|13,2,14,6,5,11|13,2,14,6,9|13,2,14,6,11|13,2,14,9|13,2,14,10|13,2,14,11|13,3,2,4,10|13,3,2,4,14,5,6,9|13,3,2,4,14,5,6,11|13,3,2,4,14,5,9|13,3,2,4,14,5,11|13,3,2,4,14,6,5,9|13,3,2,4,14,6,5,11|13,3,2,4,14,6,9|13,3,2,4,14,6,11|13,3,2,4,14,9|13,3,2,4,14,10|13,3,2,4,14,11|13,3,2,10|13,3,2,14,4,10|13,3,2,14,5,6,9|13,3,2,14,5,6,11|13,3,2,14,5,9|13,3,2,14,5,11|13,3,2,14,6,5,9|13,3,2,14,6,5,11|13,3,2,14,6,9|13,3,2,14,6,11|13,3,2,14,9|13,3,2,14,10|13,3,2,14,11|13,3,4,2,10|13,3,4,2,14,5,6,9|13,3,4,2,14,5,6,11|13,3,4,2,14,5,9|13,3,4,2,14,5,11|13,3,4,2,14,6,5,9|13,3,4,2,14,6,5,11|13,3,4,2,14,6,9|13,3,4,2,14,6,11|13,3,4,2,14,9|13,3,4,2,14,10|13,3,4,2,14,11|13,3,4,10|13,3,4,14,2,10|13,3,4,14,5,6,9|13,3,4,14,5,6,11|13,3,4,14,5,9|13,3,4,14,5,11|13,3,4,14,6,5,9|13,3,4,14,6,5,11|13,3,4,14,6,9|13,3,4,14,6,11|13,3,4,14,9|13,3,4,14,10|13,3,4,14,11|13,3,10|13,3,14,2,4,10|13,3,14,2,10|13,3,14,4,2,10|13,3,14,4,10|13,3,14,5,6,9|13,3,14,5,6,11|13,3,14,5,9|13,3,14,5,11|13,3,14,6,5,9|13,3,14,6,5,11|13,3,14,6,9|13,3,14,6,11|13,3,14,9|13,3,14,10|13,3,14,11|13,4,2,3,10|13,4,2,3,14,5,6,9|13,4,2,3,14,5,6,11|13,4,2,3,14,5,9|13,4,2,3,14,5,11|13,4,2,3,14,6,5,9|13,4,2,3,14,6,5,11|13,4,2,3,14,6,9|13,4,2,3,14,6,11|13,4,2,3,14,9|13,4,2,3,14,10|13,4,2,3,14,11|13,4,2,10|13,4,2,14,3,10|13,4,2,14,5,6,9|13,4,2,14,5,6,11|13,4,2,14,5,9|13,4,2,14,5,11|13,4,2,14,6,5,9|13,4,2,14,6,5,11|13,4,2,14,6,9|13,4,2,14,6,11|13,4,2,14,9|13,4,2,14,10|13,4,2,14,11|13,4,3,2,10|13,4,3,2,14,5,6,9|13,4,3,2,14,5,6,11|13,4,3,2,14,5,9|13,4,3,2,14,5,11|13,4,3,2,14,6,5,9|13,4,3,2,14,6,5,11|13,4,3,2,14,6,9|13,4,3,2,14,6,11|13,4,3,2,14,9|13,4,3,2,14,10|13,4,3,2,14,11|13,4,3,10|13,4,3,14,2,10|13,4,3,14,5,6,9|13,4,3,14,5,6,11|13,4,3,14,5,9|13,4,3,14,5,11|13,4,3,14,6,5,9|13,4,3,14,6,5,11|13,4,3,14,6,9|13,4,3,14,6,11|13,4,3,14,9|13,4,3,14,10|13,4,3,14,11|13,4,10|13,4,14,2,3,10|13,4,14,2,10|13,4,14,3,2,10|13,4,14,3,10|13,4,14,5,6,9|13,4,14,5,6,11|13,4,14,5,9|13,4,14,5,11|13,4,14,6,5,9|13,4,14,6,5,11|13,4,14,6,9|13,4,14,6,11|13,4,14,9|13,4,14,10|13,4,14,11|13,5,6,9|13,5,6,11|13,5,6,14,2,3,4,10|13,5,6,14,2,3,10|13,5,6,14,2,4,3,10|13,5,6,14,2,4,10|13,5,6,14,2,10|13,5,6,14,3,2,4,10|13,5,6,14,3,2,10|13,5,6,14,3,4,2,10|13,5,6,14,3,4,10|13,5,6,14,3,10|13,5,6,14,4,2,3,10|13,5,6,14,4,2,10|13,5,6,14,4,3,2,10|13,5,6,14,4,3,10|13,5,6,14,4,10|13,5,6,14,9|13,5,6,14,10|13,5,6,14,11|13,5,9|13,5,11|13,5,14,2,3,4,10|13,5,14,2,3,10|13,5,14,2,4,3,10|13,5,14,2,4,10|13,5,14,2,10|13,5,14,3,2,4,10|13,5,14,3,2,10|13,5,14,3,4,2,10|13,5,14,3,4,10|13,5,14,3,10|13,5,14,4,2,3,10|13,5,14,4,2,10|13,5,14,4,3,2,10|13,5,14,4,3,10|13,5,14,4,10|13,5,14,6,9|13,5,14,6,11|13,5,14,9|13,5,14,10|13,5,14,11|13,6,5,9|13,6,5,11|13,6,5,14,2,3,4,10|13,6,5,14,2,3,10|13,6,5,14,2,4,3,10|13,6,5,14,2,4,10|13,6,5,14,2,10|13,6,5,14,3,2,4,10|13,6,5,14,3,2,10|13,6,5,14,3,4,2,10|13,6,5,14,3,4,10|13,6,5,14,3,10|13,6,5,14,4,2,3,10|13,6,5,14,4,2,10|13,6,5,14,4,3,2,10|13,6,5,14,4,3,10|13,6,5,14,4,10|13,6,5,14,9|13,6,5,14,10|13,6,5,14,11|13,6,9|13,6,11|13,6,14,2,3,4,10|13,6,14,2,3,10|13,6,14,2,4,3,10|13,6,14,2,4,10|13,6,14,2,10|13,6,14,3,2,4,10|13,6,14,3,2,10|13,6,14,3,4,2,10|13,6,14,3,4,10|13,6,14,3,10|13,6,14,4,2,3,10|13,6,14,4,2,10|13,6,14,4,3,2,10|13,6,14,4,3,10|13,6,14,4,10|13,6,14,5,9|13,6,14,5,11|13,6,14,9|13,6,14,10|13,6,14,11|13,9|13,10|13,11|14,2,3,4,10|14,2,3,4,13,5,6,9|14,2,3,4,13,5,6,11|14,2,3,4,13,5,9|14,2,3,4,13,5,11|14,2,3,4,13,6,5,9|14,2,3,4,13,6,5,11|14,2,3,4,13,6,9|14,2,3,4,13,6,11|14,2,3,4,13,9|14,2,3,4,13,10|14,2,3,4,13,11|14,2,3,10|14,2,3,13,4,10|14,2,3,13,5,6,9|14,2,3,13,5,6,11|14,2,3,13,5,9|14,2,3,13,5,11|14,2,3,13,6,5,9|14,2,3,13,6,5,11|14,2,3,13,6,9|14,2,3,13,6,11|14,2,3,13,9|14,2,3,13,10|14,2,3,13,11|14,2,4,3,10|14,2,4,3,13,5,6,9|14,2,4,3,13,5,6,11|14,2,4,3,13,5,9|14,2,4,3,13,5,11|14,2,4,3,13,6,5,9|14,2,4,3,13,6,5,11|14,2,4,3,13,6,9|14,2,4,3,13,6,11|14,2,4,3,13,9|14,2,4,3,13,10|14,2,4,3,13,11|14,2,4,10|14,2,4,13,3,10|14,2,4,13,5,6,9|14,2,4,13,5,6,11|14,2,4,13,5,9|14,2,4,13,5,11|14,2,4,13,6,5,9|14,2,4,13,6,5,11|14,2,4,13,6,9|14,2,4,13,6,11|14,2,4,13,9|14,2,4,13,10|14,2,4,13,11|14,2,10|14,2,13,3,4,10|14,2,13,3,10|14,2,13,4,3,10|14,2,13,4,10|14,2,13,5,6,9|14,2,13,5,6,11|14,2,13,5,9|14,2,13,5,11|14,2,13,6,5,9|14,2,13,6,5,11|14,2,13,6,9|14,2,13,6,11|14,2,13,9|14,2,13,10|14,2,13,11|14,3,2,4,10|14,3,2,4,13,5,6,9|14,3,2,4,13,5,6,11|14,3,2,4,13,5,9|14,3,2,4,13,5,11|14,3,2,4,13,6,5,9|14,3,2,4,13,6,5,11|14,3,2,4,13,6,9|14,3,2,4,13,6,11|14,3,2,4,13,9|14,3,2,4,13,10|14,3,2,4,13,11|14,3,2,10|14,3,2,13,4,10|14,3,2,13,5,6,9|14,3,2,13,5,6,11|14,3,2,13,5,9|14,3,2,13,5,11|14,3,2,13,6,5,9|14,3,2,13,6,5,11|14,3,2,13,6,9|14,3,2,13,6,11|14,3,2,13,9|14,3,2,13,10|14,3,2,13,11|14,3,4,2,10|14,3,4,2,13,5,6,9|14,3,4,2,13,5,6,11|14,3,4,2,13,5,9|14,3,4,2,13,5,11|14,3,4,2,13,6,5,9|14,3,4,2,13,6,5,11|14,3,4,2,13,6,9|14,3,4,2,13,6,11|14,3,4,2,13,9|14,3,4,2,13,10|14,3,4,2,13,11|14,3,4,10|14,3,4,13,2,10|14,3,4,13,5,6,9|14,3,4,13,5,6,11|14,3,4,13,5,9|14,3,4,13,5,11|14,3,4,13,6,5,9|14,3,4,13,6,5,11|14,3,4,13,6,9|14,3,4,13,6,11|14,3,4,13,9|14,3,4,13,10|14,3,4,13,11|14,3,10|14,3,13,2,4,10|14,3,13,2,10|14,3,13,4,2,10|14,3,13,4,10|14,3,13,5,6,9|14,3,13,5,6,11|14,3,13,5,9|14,3,13,5,11|14,3,13,6,5,9|14,3,13,6,5,11|14,3,13,6,9|14,3,13,6,11|14,3,13,9|14,3,13,10|14,3,13,11|14,4,2,3,10|14,4,2,3,13,5,6,9|14,4,2,3,13,5,6,11|14,4,2,3,13,5,9|14,4,2,3,13,5,11|14,4,2,3,13,6,5,9|14,4,2,3,13,6,5,11|14,4,2,3,13,6,9|14,4,2,3,13,6,11|14,4,2,3,13,9|14,4,2,3,13,10|14,4,2,3,13,11|14,4,2,10|14,4,2,13,3,10|14,4,2,13,5,6,9|14,4,2,13,5,6,11|14,4,2,13,5,9|14,4,2,13,5,11|14,4,2,13,6,5,9|14,4,2,13,6,5,11|14,4,2,13,6,9|14,4,2,13,6,11|14,4,2,13,9|14,4,2,13,10|14,4,2,13,11|14,4,3,2,10|14,4,3,2,13,5,6,9|14,4,3,2,13,5,6,11|14,4,3,2,13,5,9|14,4,3,2,13,5,11|14,4,3,2,13,6,5,9|14,4,3,2,13,6,5,11|14,4,3,2,13,6,9|14,4,3,2,13,6,11|14,4,3,2,13,9|14,4,3,2,13,10|14,4,3,2,13,11|14,4,3,10|14,4,3,13,2,10|14,4,3,13,5,6,9|14,4,3,13,5,6,11|14,4,3,13,5,9|14,4,3,13,5,11|14,4,3,13,6,5,9|14,4,3,13,6,5,11|14,4,3,13,6,9|14,4,3,13,6,11|14,4,3,13,9|14,4,3,13,10|14,4,3,13,11|14,4,10|14,4,13,2,3,10|14,4,13,2,10|14,4,13,3,2,10|14,4,13,3,10|14,4,13,5,6,9|14,4,13,5,6,11|14,4,13,5,9|14,4,13,5,11|14,4,13,6,5,9|14,4,13,6,5,11|14,4,13,6,9|14,4,13,6,11|14,4,13,9|14,4,13,10|14,4,13,11|14,5,6,9|14,5,6,11|14,5,6,13,2,3,4,10|14,5,6,13,2,3,10|14,5,6,13,2,4,3,10|14,5,6,13,2,4,10|14,5,6,13,2,10|14,5,6,13,3,2,4,10|14,5,6,13,3,2,10|14,5,6,13,3,4,2,10|14,5,6,13,3,4,10|14,5,6,13,3,10|14,5,6,13,4,2,3,10|14,5,6,13,4,2,10|14,5,6,13,4,3,2,10|14,5,6,13,4,3,10|14,5,6,13,4,10|14,5,6,13,9|14,5,6,13,10|14,5,6,13,11|14,5,9|14,5,11|14,5,13,2,3,4,10|14,5,13,2,3,10|14,5,13,2,4,3,10|14,5,13,2,4,10|14,5,13,2,10|14,5,13,3,2,4,10|14,5,13,3,2,10|14,5,13,3,4,2,10|14,5,13,3,4,10|14,5,13,3,10|14,5,13,4,2,3,10|14,5,13,4,2,10|14,5,13,4,3,2,10|14,5,13,4,3,10|14,5,13,4,10|14,5,13,6,9|14,5,13,6,11|14,5,13,9|14,5,13,10|14,5,13,11|14,6,5,9|14,6,5,11|14,6,5,13,2,3,4,10|14,6,5,13,2,3,10|14,6,5,13,2,4,3,10|14,6,5,13,2,4,10|14,6,5,13,2,10|14,6,5,13,3,2,4,10|14,6,5,13,3,2,10|14,6,5,13,3,4,2,10|14,6,5,13,3,4,10|14,6,5,13,3,10|14,6,5,13,4,2,3,10|14,6,5,13,4,2,10|14,6,5,13,4,3,2,10|14,6,5,13,4,3,10|14,6,5,13,4,10|14,6,5,13,9|14,6,5,13,10|14,6,5,13,11|14,6,9|14,6,11|14,6,13,2,3,4,10|14,6,13,2,3,10|14,6,13,2,4,3,10|14,6,13,2,4,10|14,6,13,2,10|14,6,13,3,2,4,10|14,6,13,3,2,10|14,6,13,3,4,2,10|14,6,13,3,4,10|14,6,13,3,10|14,6,13,4,2,3,10|14,6,13,4,2,10|14,6,13,4,3,2,10|14,6,13,4,3,10|14,6,13,4,10|14,6,13,5,9|14,6,13,5,11|14,6,13,9|14,6,13,10|14,6,13,11|14,9|14,10|14,11
13,2,3,4,10|13,2,3,4,14,6,9|13,2,3,4,14,6,11|13,2,3,4,14,9|13,2,3,4,14,10|13,2,3,4,14,11|13,2,3,10|13,2,3,14,4,10|13,2,3,14,6,9|13,2,3,14,6,11|13,2,3,14,9|13,2,3,14,10|13,2,3,14,11|13,2,4,3,10|13,2,4,3,14,6,9|13,2,4,3,14,6,11|13,2,4,3,14,9|13,2,4,3,14,10|13,2,4,3,14,11|13,2,4,10|13,2,4,14,3,10|13,2,4,14,6,9|13,2,4,14,6,11|13,2,4,14,9|13,2,4,14,10|13,2,4,14,11|13,2,10|13,2,14,3,4,10|13,2,14,3,10|13,2,14,4,3,10|13,2,14,4,10|13,2,14,6,9|13,2,14,6,11|13,2,14,9|13,2,14,10|13,2,14,11|13,3,2,4,10|13,3,2,4,14,6,9|13,3,2,4,14,6,11|13,3,2,4,14,9|13,3,2,4,14,10|13,3,2,4,14,11|13,3,2,10|13,3,2,14,4,10|13,3,2,14,6,9|13,3,2,14,6,11|13,3,2,14,9|13,3,2,14,10|13,3,2,14,11|13,3,4,2,10|13,3,4,2,14,6,9|13,3,4,2,14,6,11|13,3,4,2,14,9|13,3,4,2,14,10|13,3,4,2,14,11|13,3,4,10|13,3,4,14,2,10|13,3,4,14,6,9|13,3,4,14,6,11|13,3,4,14,9|13,3,4,14,10|13,3,4,14,11|13,3,10|13,3,14,2,4,10|13,3,14,2,10|13,3,14,4,2,10|13,3,14,4,10|13,3,14,6,9|13,3,14,6,11|13,3,14,9|13,3,14,10|13,3,14,11|13,4,2,3,10|13,4,2,3,14,6,9|13,4,2,3,14,6,11|13,4,2,3,14,9|13,4,2,3,14,10|13,4,2,3,14,11|13,4,2,10|13,4,2,14,3,10|13,4,2,14,6,9|13,4,2,14,6,11|13,4,2,14,9|13,4,2,14,10|13,4,2,14,11|13,4,3,2,10|13,4,3,2,14,6,9|13,4,3,2,14,6,11|13,4,3,2,14,9|13,4,3,2,14,10|13,4,3,2,14,11|13,4,3,10|13,4,3,14,2,10|13,4,3,14,6,9|13,4,3,14,6,11|13,4,3,14,9|13,4,3,14,10|13,4,3,14,11|13,4,10|13,4,14,2,3,10|13,4,14,2,10|13,4,14,3,2,10|13,4,14,3,10|13,4,14,6,9|13,4,14,6,11|13,4,14,9|13,4,14,10|13,4,14,11|13,6,9|13,6,11|13,6,14,2,3,4,10|13,6,14,2,3,10|13,6,14,2,4,3,10|13,6,14,2,4,10|13,6,14,2,10|13,6,14,3,2,4,10|13,6,14,3,2,10|13,6,14,3,4,2,10|13,6,14,3,4,10|13,6,14,3,10|13,6,14,4,2,3,10|13,6,14,4,2,10|13,6,14,4,3,2,10|13,6,14,4,3,10|13,6,14,4,10|13,6,14,9|13,6,14,10|13,6,14,11|13,9|13,10|13,11|14,2,3,4,10|14,2,3,4,13,6,9|14,2,3,4,13,6,11|14,2,3,4,13,9|14,2,3,4,13,10|14,2,3,4,13,11|14,2,3,10|14,2,3,13,4,10|14,2,3,13,6,9|14,2,3,13,6,11|14,2,3,13,9|14,2,3,13,10|14,2,3,13,11|14,2,4,3,10|14,2,4,3,13,6,9|14,2,4,3,13,6,11|14,2,4,3,13,9|14,2,4,3,13,10|14,2,4,3,13,11|14,2,4,10|14,2,4,13,3,10|14,2,4,13,6,9|14,2,4,13,6,11|14,2,4,13,9|14,2,4,13,10|14,2,4,13,11|14,2,10|14,2,13,3,4,10|14,2,13,3,10|14,2,13,4,3,10|14,2,13,4,10|14,2,13,6,9|14,2,13,6,11|14,2,13,9|14,2,13,10|14,2,13,11|14,3,2,4,10|14,3,2,4,13,6,9|14,3,2,4,13,6,11|14,3,2,4,13,9|14,3,2,4,13,10|14,3,2,4,13,11|14,3,2,10|14,3,2,13,4,10|14,3,2,13,6,9|14,3,2,13,6,11|14,3,2,13,9|14,3,2,13,10|14,3,2,13,11|14,3,4,2,10|14,3,4,2,13,6,9|14,3,4,2,13,6,11|14,3,4,2,13,9|14,3,4,2,13,10|14,3,4,2,13,11|14,3,4,10|14,3,4,13,2,10|14,3,4,13,6,9|14,3,4,13,6,11|14,3,4,13,9|14,3,4,13,10|14,3,4,13,11|14,3,10|14,3,13,2,4,10|14,3,13,2,10|14,3,13,4,2,10|14,3,13,4,10|14,3,13,6,9|14,3,13,6,11|14,3,13,9|14,3,13,10|14,3,13,11|14,4,2,3,10|14,4,2,3,13,6,9|14,4,2,3,13,6,11|14,4,2,3,13,9|14,4,2,3,13,10|14,4,2,3,13,11|14,4,2,10|14,4,2,13,3,10|14,4,2,13,6,9|14,4,2,13,6,11|14,4,2,13,9|14,4,2,13,10|14,4,2,13,11|14,4,3,2,10|14,4,3,2,13,6,9|14,4,3,2,13,6,11|14,4,3,2,13,9|14,4,3,2,13,10|14,4,3,2,13,11|14,4,3,10|14,4,3,13,2,10|14,4,3,13,6,9|14,4,3,13,6,11|14,4,3,13,9|14,4,3,13,10|14,4,3,13,11|14,4,10|14,4,13,2,3,10|14,4,13,2,10|14,4,13,3,2,10|14,4,13,3,10|14,4,13,6,9|14,4,13,6,11|14,4,13,9|14,4,13,10|14,4,13,11|14,6,9|14,6,11|14,6,13,2,3,4,10|14,6,13,2,3,10|14,6,13,2,4,3,10|14,6,13,2,4,10|14,6,13,2,10|14,6,13,3,2,4,10|14,6,13,3,2,10|14,6,13,3,4,2,10|14,6,13,3,4,10|14,6,13,3,10|14,6,13,4,2,3,10|14,6,13,4,2,10|14,6,13,4,3,2,10|14,6,13,4,3,10|14,6,13,4,10|14,6,13,9|14,6,13,10|14,6,13,11|14,9|14,10|14,11
13,2,4,3,10|13,2,4,3,14,5,6,8|13,2,4,3,14,5,6,9|13,2,4,3,14,5,8|13,2,4,3,14,5,9|13,2,4,3,14,6,5,8|13,2,4,3,14,6,5,9|13,2,4,3,14,6,8|13,2,4,3,14,6,9|13,2,4,3,14,8|13,2,4,3,14,9|13,2,4,3,14,10|13,2,4,10|13,2,4,14,3,10|13,2,4,14,5,6,8|13,2,4,14,5,6,9|13,2,4,14,5,8|13,2,4,14,5,9|13,2,4,14,6,5,8|13,2,4,14,6,5,9|13,2,4,14,6,8|13,2,4,14,6,9|13,2,4,14,8|13,2,4,14,9|13,2,4,14,10|13,2,10|13,2,14,3,4,10|13,2,14,3,10|13,2,14,4,3,10|13,2,14,4,10|13,2,14,5,6,8|13,2,14,5,6,9|13,2,14,5,8|13,2,14,5,9|13,2,14,6,5,8|13,2,14,6,5,9|13,2,14,6,8|13,2,14,6,9|13,2,14,8|13,2,14,9|13,2,14,10|13,3,4,2,10|13,3,4,2,14,5,6,8|13,3,4,2,14,5,6,9|13,3,4,2,14,5,8|13,3,4,2,14,5,9|13,3,4,2,14,6,5,8|13,3,4,2,14,6,5,9|13,3,4,2,14,6,8|13,3,4,2,14,6,9|13,3,4,2,14,8|13,3,4,2,14,9|13,3,4,2,14,10|13,3,4,10|13,3,4,14,2,10|13,3,4,14,5,6,8|13,3,4,14,5,6,9|13,3,4,14,5,8|13,3,4,14,5,9|13,3,4,14,6,5,8|13,3,4,14,6,5,9|13,3,4,14,6,8|13,3,4,14,6,9|13,3,4,14,8|13,3,4,14,9|13,3,4,14,10|13,3,10|13,3,14,2,4,10|13,3,14,2,10|13,3,14,4,2,10|13,3,14,4,10|13,3,14,5,6,8|13,3,14,5,6,9|13,3,14,5,8|13,3,14,5,9|13,3,14,6,5,8|13,3,14,6,5,9|13,3,14,6,8|13,3,14,6,9|13,3,14,8|13,3,14,9|13,3,14,10|13,4,2,10|13,4,2,14,3,10|13,4,2,14,5,6,8|13,4,2,14,5,6,9|13,4,2,14,5,8|13,4,2,14,5,9|13,4,2,14,6,5,8|13,4,2,14,6,5,9|13,4,2,14,6,8|13,4,2,14,6,9|13,4,2,14,8|13,4,2,14,9|13,4,2,14,10|13,4,3,10|13,4,3,14,2,10|13,4,3,14,5,6,8|13,4,3,14,5,6,9|13,4,3,14,5,8|13,4,3,14,5,9|13,4,3,14,6,5,8|13,4,3,14,6,5,9|13,4,3,14,6,8|13,4,3,14,6,9|13,4,3,14,8|13,4,3,14,9|13,4,3,14,10|13,4,10|13,4,14,2,10|13,4,14,3,10|13,4,14,5,6,8|13,4,14,5,6,9|13,4,14,5,8|13,4,14,5,9|13,4,14,6,5,8|13,4,14,6,5,9|13,4,14,6,8|13,4,14,6,9|13,4,14,8|13,4,14,9|13,4,14,10|13,5,6,8|13,5,6,9|13,5,6,14,2,4,3,10|13,5,6,14,2,4,10|13,5,6,14,2,10|13,5,6,14,3,4,2,10|13,5,6,14,3,4,10|13,5,6,14,3,10|13,5,6,14,4,2,10|13,5,6,14,4,3,10|13,5,6,14,4,10|13,5,6,14,8|13,5,6,14,9|13,5,6,14,10|13,5,8|13,5,9|13,5,14,2,4,3,10|13,5,14,2,4,10|13,5,14,2,10|13,5,14,3,4,2,10|13,5,14,3,4,10|13,5,14,3,10|13,5,14,4,2,10|13,5,14,4,3,10|13,5,14,4,10|13,5,14,6,8|13,5,14,6,9|13,5,14,8|13,5,14,9|13,5,14,10|13,8|13,9|13,10|14,2,4,3,10|14,2,4,3,13,5,6,8|14,2,4,3,13,5,6,9|14,2,4,3,13,5,8|14,2,4,3,13,5,9|14,2,4,3,13,8|14,2,4,3,13,9|14,2,4,3,13,10|14,2,4,10|14,2,4,13,3,10|14,2,4,13,5,6,8|14,2,4,13,5,6,9|14,2,4,13,5,8|14,2,4,13,5,9|14,2,4,13,8|14,2,4,13,9|14,2,4,13,10|14,2,10|14,2,13,3,4,10|14,2,13,3,10|14,2,13,4,3,10|14,2,13,4,10|14,2,13,5,6,8|14,2,13,5,6,9|14,2,13,5,8|14,2,13,5,9|14,2,13,8|14,2,13,9|14,2,13,10|14,3,4,2,10|14,3,4,2,13,5,6,8|14,3,4,2,13,5,6,9|14,3,4,2,13,5,8|14,3,4,2,13,5,9|14,3,4,2,13,8|14,3,4,2,13,9|14,3,4,2,13,10|14,3,4,10|14,3,4,13,2,10|14,3,4,13,5,6,8|14,3,4,13,5,6,9|14,3,4,13,5,8|14,3,4,13,5,9|14,3,4,13,8|14,3,4,13,9|14,3,4,13,10|14,3,10|14,3,13,2,4,10|14,3,13,2,10|14,3,13,4,2,10|14,3,13,4,10|14,3,13,5,6,8|14,3,13,5,6,9|14,3,13,5,8|14,3,13,5,9|14,3,13,8|14,3,13,9|14,3,13,10|14,4,2,10|14,4,2,13,3,10|14,4,2,13,5,6,8|14,4,2,13,5,6,9|14,4,2,13,5,8|14,4,2,13,5,9|14,4,2,13,8|14,4,2,13,9|14,4,2,13,10|14,4,3,10|14,4,3,13,2,10|14,4,3,13,5,6,8|14,4,3,13,5,6,9|14,4,3,13,5,8|14,4,3,13,5,9|14,4,3,13,8|14,4,3,13,9|14,4,3,13,10|14,4,10|14,4,13,2,10|14,4,13,3,10|14,4,13,5,6,8|14,4,13,5,6,9|14,4,13,5,8|14,4,13,5,9|14,4,13,8|14,4,13,9|14,4,13,10|14,5,6,8|14,5,6,9|14,5,8|14,5,9|14,5,13,2,4,3,10|14,5,13,2,4,10|14,5,13,2,10|14,5,13,3,4,2,10|14,5,13,3,4,10|14,5,13,3,10|14,5,13,4,2,10|14,5,13,4,3,10|14,5,13,4,10|14,5,13,8|14,5,13,9|14,5,13,10|14,6,5,8|14,6,5,9|14,6,5,13,2,4,3,10|14,6,5,13,2,4,10|14,6,5,13,2,10|14,6,5,13,3,4,2,10|14,6,5,13,3,4,10|14,6,5,13,3,10|14,6,5,13,4,2,10|14,6,5,13,4,3,10|14,6,5,13,4,10|14,6,5,13,8|14,6,5,13,9|14,6,5,13,10|14,6,8|14,6,9|14,8|14,9|14,10
13,3,10|13,3,14,4,2,7|13,3,14,4,10|13,3,14,6,8|13,3,14,6,9|13,3,14,8|13,3,14,9|13,3,14,10|13,4,2,7|13,4,10|13,4,14,3,10|13,4,14,6,8|13,4,14,6,9|13,4,14,8|13,4,14,9|13,4,14,10|13,8|13,9|13,10|14,3,10|14,3,13,4,2,7|14,3,13,4,10|14,3,13,8|14,3,13,9|14,3,13,10|14,4,2,7|14,4,10|14,4,13,3,10|14,4,13,8|14,4,13,9|14,4,13,10|14,6,8|14,6,9|14,8|14,9|14,10
13,2,7|13,2,14,3,10|13,2,14,5,8|13,2,14,5,9|13,2,14,7|13,2,14,8|13,2,14,9|13,3,10|13,3,14,2,7|13,3,14,5,8|13,3,14,5,9|13,3,14,7|13,3,14,8|13,3,14,9|13,5,8|13,5,9|13,5,14,2,7|13,5,14,3,10|13,5,14,7|13,5,14,8|13,5,14,9|13,7|13,8|13,9|13,10|14,2,7|14,2,13,3,10|14,2,13,5,8|14,2,13,5,9|14,2,13,7|14,2,13,8|14,2,13,9|14,2,13,10|14,3,10|14,3,13,2,7|14,3,13,5,8|14,3,13,5,9|14,3,13,7|14,3,13,8|14,3,13,9|14,3,13,10|14,5,8|14,5,9|14,5,13,2,7|14,5,13,3,10|14,5,13,7|14,5,13,8|14,5,13,9|14,5,13,10|14,7|14,8|14,9
13,2,3,10|13,2,3,14,7|13,2,3,14,8|13,2,3,14,9|13,2,14,3,10|13,2,14,7|13,2,14,8|13,2,14,9|13,3,2,14,7|13,3,2,14,8|13,3,2,14,9|13,3,10|13,3,14,7|13,3,14,8|13,3,14,9|13,7|13,8|13,9|14,2,3,10|14,2,3,13,7|14,2,3,13,8|14,2,3,13,9|14,2,13,3,10|14,2,13,7|14,2,13,8|14,2,13,9|14,3,2,13,7|14,3,2,13,8|14,3,2,13,9|14,3,10|14,3,13,7|14,3,13,8|14,3,13,9|14,7|14,8|14,9
13,2,3,14,5,6,8|13,2,3,14,5,6,9|13,2,3,14,5,8|13,2,3,14,5,9|13,2,3,14,7|13,2,3,14,8|13,2,3,14,9|13,2,10|13,2,14,5,6,8|13,2,14,5,6,9|13,2,14,5,8|13,2,14,5,9|13,2,14,7|13,2,14,8|13,2,14,9|13,3,2,10|13,3,2,14,5,6,8|13,3,2,14,5,6,9|13,3,2,14,5,8|13,3,2,14,5,9|13,3,2,14,7|13,3,2,14,8|13,3,2,14,9|13,3,14,2,10|13,3,14,5,6,8|13,3,14,5,6,9|13,3,14,5,8|13,3,14,5,9|13,3,14,7|13,3,14,8|13,3,14,9|13,5,6,8|13,5,6,9|13,5,8|13,5,9|13,5,14,2,10|13,5,14,3,2,10|13,5,14,7|13,5,14,8|13,5,14,9|13,6,5,8|13,6,5,9|13,6,5,14,2,10|13,6,5,14,3,2,10|13,6,5,14,7|13,6,5,14,8|13,6,5,14,9|13,6,8|13,6,9|13,7|13,8|13,9|14,2,3,13,5,6,8|14,2,3,13,5,6,9|14,2,3,13,5,8|14,2,3,13,5,9|14,2,3,13,6,5,8|14,2,3,13,6,5,9|14,2,3,13,6,8|14,2,3,13,6,9|14,2,3,13,7|14,2,3,13,8|14,2,3,13,9|14,2,10|14,2,13,5,6,8|14,2,13,5,6,9|14,2,13,5,8|14,2,13,5,9|14,2,13,6,5,8|14,2,13,6,5,9|14,2,13,6,8|14,2,13,6,9|14,2,13,7|14,2,13,8|14,2,13,9|14,3,2,10|14,3,2,13,5,6,8|14,3,2,13,5,6,9|14,3,2,13,5,8|14,3,2,13,5,9|14,3,2,13,6,5,8|14,3,2,13,6,5,9|14,3,2,13,6,8|14,3,2,13,6,9|14,3,2,13,7|14,3,2,13,8|14,3,2,13,9|14,3,13,2,10|14,3,13,5,6,8|14,3,13,5,6,9|14,3,13,5,8|14,3,13,5,9|14,3,13,6,5,8|14,3,13,6,5,9|14,3,13,6,8|14,3,13,6,9|14,3,13,7|14,3,13,8|14,3,13,9|14,5,6,8|14,5,6,9|14,5,6,13,2,10|14,5,6,13,3,2,10|14,5,6,13,7|14,5,6,13,8|14,5,6,13,9|14,5,8|14,5,9|14,5,13,2,10|14,5,13,3,2,10|14,5,13,6,8|14,5,13,6,9|14,5,13,7|14,5,13,8|14,5,13,9|14,7|14,8|14,9
13,3,14,4,2,10|13,3,14,7|13,3,14,8|13,3,14,12|13,6,8|13,6,12|13,7|13,8|13,12|14,3,13,6,8|14,3,13,6,12|14,3,13,7|14,3,13,8|14,3,13,12|14,4,2,10|14,7|14,8|14,12
13,2,4,14,5,6,8|13,2,4,14,5,6,12|13,2,4,14,5,8|13,2,4,14,5,12|13,2,4,14,6,5,8|13,2,4,14,6,5,12|13,2,4,14,6,8|13,2,4,14,6,12|13,2,4,14,7|13,2,4,14,8|13,2,4,14,12|13,2,7|13,2,14,5,6,8|13,2,14,5,6,12|13,2,14,5,8|13,2,14,5,12|13,2,14,6,5,8|13,2,14,6,5,12|13,2,14,6,8|13,2,14,6,12|13,2,14,7|13,2,14,8|13,2,14,12|13,4,2,7|13,4,2,14,5,6,8|13,4,2,14,5,6,12|13,4,2,14,5,8|13,4,2,14,5,12|13,4,2,14,6,5,8|13,4,2,14,6,5,12|13,4,2,14,6,8|13,4,2,14,6,12|13,4,2,14,7|13,4,2,14,8|13,4,2,14,12|13,4,14,2,7|13,4,14,5,6,8|13,4,14,5,6,12|13,4,14,5,8|13,4,14,5,12|13,4,14,6,5,8|13,4,14,6,5,12|13,4,14,6,8|13,4,14,6,12|13,4,14,7|13,4,14,8|13,4,14,12|13,5,6,8|13,5,6,12|13,5,6,14,2,7|13,5,6,14,4,2,7|13,5,6,14,7|13,5,6,14,8|13,5,6,14,12|13,5,8|13,5,12|13,5,14,2,7|13,5,14,4,2,7|13,5,14,6,8|13,5,14,6,12|13,5,14,7|13,5,14,8|13,5,14,12|13,6,5,8|13,6,5,12|13,6,5,14,2,7|13,6,5,14,4,2,7|13,6,5,14,7|13,6,5,14,8|13,6,5,14,12|13,6,8|13,6,12|13,6,14,2,7|13,6,14,4,2,7|13,6,14,5,8|13,6,14,5,12|13,6,14,7|13,6,14,8|13,6,14,12|13,7|13,8|13,12|14,2,4,13,5,6,8|14,2,4,13,5,6,12|14,2,4,13,5,8|14,2,4,13,5,12|14,2,4,13,6,5,8|14,2,4,13,6,5,12|14,2,4,13,6,8|14,2,4,13,6,12|14,2,4,13,7|14,2,4,13,8|14,2,4,13,12|14,2,7|14,2,13,5,6,8|14,2,13,5,6,12|14,2,13,5,8|14,2,13,5,12|14,2,13,6,5,8|14,2,13,6,5,12|14,2,13,6,8|14,2,13,6,12|14,2,13,7|14,2,13,8|14,2,13,12|14,4,2,7|14,4,2,13,5,6,8|14,4,2,13,5,6,12|14,4,2,13,5,8|14,4,2,13,5,12|14,4,2,13,6,5,8|14,4,2,13,6,5,12|14,4,2,13,6,8|14,4,2,13,6,12|14,4,2,13,7|14,4,2,13,8|14,4,2,13,12|14,4,13,2,7|14,4,13,5,6,8|14,4,13,5,6,12|14,4,13,5,8|14,4,13,5,12|14,4,13,6,5,8|14,4,13,6,5,12|14,4,13,6,8|14,4,13,6,12|14,4,13,7|14,4,13,8|14,4,13,12|14,5,6,8|14,5,6,12|14,5,6,13,2,7|14,5,6,13,4,2,7|14,5,6,13,7|14,5,6,13,8|14,5,6,13,12|14,5,8|14,5,12|14,5,13,2,7|14,5,13,4,2,7|14,5,13,6,8|14,5,13,6,12|14,5,13,7|14,5,13,8|14,5,13,12|14,6,5,8|14,6,5,12|14,6,5,13,2,7|14,6,5,13,4,2,7|14,6,5,13,7|14,6,5,13,8|14,6,5,13,12|14,6,8|14,6,12|14,6,13,2,7|14,6,13,4,2,7|14,6,13,5,8|14,6,13,5,12|14,6,13,7|14,6,13,8|14,6,13,12|14,7|14,8|14,12
13,2,4,14,6,8|13,2,4,14,6,12|13,2,4,14,7|13,2,4,14,8|13,2,4,14,12|13,2,7|13,2,14,6,8|13,2,14,6,12|13,2,14,7|13,2,14,8|13,2,14,12|13,4,2,7|13,4,2,14,6,8|13,4,2,14,6,12|13,4,2,14,7|13,4,2,14,8|13,4,2,14,12|13,4,14,2,7|13,4,14,6,8|13,4,14,6,12|13,4,14,7|13,4,14,8|13,4,14,12|13,6,8|13,6,12|13,6,14,2,7|13,6,14,4,2,7|13,6,14,7|13,6,14,8|13,6,14,12|13,7|13,8|13,12|14,2,4,13,6,8|14,2,4,13,6,12|14,2,4,13,7|14,2,4,13,8|14,2,4,13,12|14,2,7|14,2,13,6,8|14,2,13,6,12|14,2,13,7|14,2,13,8|14,2,13,12|14,4,2,7|14,4,2,13,6,8|14,4,2,13,6,12|14,4,2,13,7|14,4,2,13,8|14,4,2,13,12|14,4,13,2,7|14,4,13,6,8|14,4,13,6,12|14,4,13,7|14,4,13,8|14,4,13,12|14,6,8|14,6,12|14,6,13,2,7|14,6,13,4,2,7|14,6,13,7|14,6,13,8|14,6,13,12|14,7|14,8|14,12
13,2,7|13,2,14,5,6,11|13,2,14,5,6,12|13,2,14,5,11|13,2,14,5,12|13,2,14,6,5,11|13,2,14,6,5,12|13,2,14,6,11|13,2,14,6,12|13,2,14,7|13,2,14,11|13,2,14,12|13,4,14,2,7|13,4,14,5,6,11|13,4,14,5,6,12|13,4,14,5,11|13,4,14,5,12|13,4,14,6,5,11|13,4,14,6,5,12|13,4,14,6,11|13,4,14,6,12|13,4,14,7|13,4,14,11|13,4,14,12|13,5,6,11|13,5,6,12|13,5,6,14,2,7|13,5,6,14,7|13,5,6,14,11|13,5,6,14,12|13,5,11|13,5,12|13,5,14,2,7|13,5,14,6,11|13,5,14,6,12|13,5,14,7|13,5,14,11|13,5,14,12|13,7|13,11|13,12|14,2,7|14,2,13,5,6,11|14,2,13,5,6,12|14,2,13,5,11|14,2,13,5,12|14,2,13,7|14,2,13,11|14,2,13,12|14,4,13,2,7|14,4,13,5,6,11|14,4,13,5,6,12|14,4,13,5,11|14,4,13,5,12|14,4,13,7|14,4,13,11|14,4,13,12|14,5,6,11|14,5,6,12|14,5,11|14,5,12|14,5,13,2,7|14,5,13,7|14,5,13,11|14,5,13,12|14,6,5,11|14,6,5,12|14,6,5,13,2,7|14,6,5,13,7|14,6,5,13,11|14,6,5,13,12|14,6,11|14,6,12|14,7|14,11|14,12
13,4,14,6,11|13,4,14,6,12|13,4,14,7|13,4,14,11|13,4,14,12|13,7|13,11|13,12|14,4,13,7|14,4,13,11|14,4,13,12|14,6,11|14,6,12|14,7|14,11|14,12
13,2,4,14,5,11|13,2,4,14,5,12|13,2,4,14,10|13,2,4,14,11|13,2,4,14,12|13,2,10|13,2,14,5,11|13,2,14,5,12|13,2,14,10|13,2,14,11|13,2,14,12|13,4,2,10|13,4,2,14,5,11|13,4,2,14,5,12|13,4,2,14,10|13,4,2,14,11|13,4,2,14,12|13,4,14,2,10|13,4,14,5,11|13,4,14,5,12|13,4,14,10|13,4,14,11|13,4,14,12|13,5,11|13,5,12|13,5,14,2,10|13,5,14,4,2,10|13,5,14,10|13,5,14,11|13,5,14,12|13,7|13,10|13,11|13,12|14,2,4,13,5,11|14,2,4,13,5,12|14,2,4,13,7|14,2,4,13,10|14,2,4,13,11|14,2,4,13,12|14,2,10|14,2,13,5,11|14,2,13,5,12|14,2,13,7|14,2,13,10|14,2,13,11|14,2,13,12|14,4,2,10|14,4,2,13,5,11|14,4,2,13,5,12|14,4,2,13,7|14,4,2,13,10|14,4,2,13,11|14,4,2,13,12|14,4,13,2,10|14,4,13,5,11|14,4,13,5,12|14,4,13,7|14,4,13,10|14,4,13,11|14,4,13,12|14,5,11|14,5,12|14,5,13,2,10|14,5,13,4,2,10|14,5,13,7|14,5,13,10|14,5,13,11|14,5,13,12|14,10|14,11|14,12
13,2,4,14,10|13,2,4,14,11|13,2,4,14,12|13,2,14,10|13,2,14,11|13,2,14,12|13,4,2,14,10|13,4,2,14,11|13,4,2,14,12|13,4,14,10|13,4,14,11|13,4,14,12|13,10|13,11|13,12|14,2,4,13,10|14,2,4,13,11|14,2,4,13,12|14,2,13,10|14,2,13,11|14,2,13,12|14,4,2,13,10|14,4,2,13,11|14,4,2,13,12|14,4,13,10|14,4,13,11|14,4,13,12|14,10|14,11|14,12
13,2,4,7|13,2,4,14,5,6,11|13,2,4,14,5,6,12|13,2,4,14,5,11|13,2,4,14,5,12|13,2,4,14,10|13,2,4,14,11|13,2,4,14,12|13,2,7|13,2,14,4,7|13,2,14,5,6,11|13,2,14,5,6,12|13,2,14,5,11|13,2,14,5,12|13,2,14,10|13,2,14,11|13,2,14,12|13,4,2,7|13,4,2,14,5,6,11|13,4,2,14,5,6,12|13,4,2,14,5,11|13,4,2,14,5,12|13,4,2,14,10|13,4,2,14,11|13,4,2,14,12|13,4,7|13,4,14,2,7|13,4,14,5,6,11|13,4,14,5,6,12|13,4,14,5,11|13,4,14,5,12|13,4,14,10|13,4,14,11|13,4,14,12|13,5,6,11|13,5,6,12|13,5,11|13,5,12|13,5,14,2,4,7|13,5,14,2,7|13,5,14,4,2,7|13,5,14,4,7|13,5,14,10|13,5,14,11|13,5,14,12|13,6,5,11|13,6,5,12|13,6,5,14,2,4,7|13,6,5,14,2,7|13,6,5,14,4,2,7|13,6,5,14,4,7|13,6,5,14,10|13,6,5,14,11|13,6,5,14,12|13,6,11|13,6,12|13,10|13,11|13,12|14,2,4,7|14,2,4,13,5,6,11|14,2,4,13,5,6,12|14,2,4,13,5,11|14,2,4,13,5,12|14,2,4,13,6,5,11|14,2,4,13,6,5,12|14,2,4,13,6,11|14,2,4,13,6,12|14,2,4,13,10|14,2,4,13,11|14,2,4,13,12|14,2,7|14,2,13,4,7|14,2,13,5,6,11|14,2,13,5,6,12|14,2,13,5,11|14,2,13,5,12|14,2,13,6,5,11|14,2,13,6,5,12|14,2,13,6,11|14,2,13,6,12|14,2,13,10|14,2,13,11|14,2,13,12|14,4,2,7|14,4,2,13,5,6,11|14,4,2,13,5,6,12|14,4,2,13,5,11|14,4,2,13,5,12|14,4,2,13,6,5,11|14,4,2,13,6,5,12|14,4,2,13,6,11|14,4,2,13,6,12|14,4,2,13,10|14,4,2,13,11|14,4,2,13,12|14,4,7|14,4,13,2,7|14,4,13,5,6,11|14,4,13,5,6,12|14,4,13,5,11|14,4,13,5,12|14,4,13,6,5,11|14,4,13,6,5,12|14,4,13,6,11|14,4,13,6,12|14,4,13,10|14,4,13,11|14,4,13,12|14,5,6,11|14,5,6,12|14,5,6,13,2,4,7|14,5,6,13,2,7|14,5,6,13,4,2,7|14,5,6,13,4,7|14,5,6,13,10|14,5,6,13,11|14,5,6,13,12|14,5,11|14,5,12|14,5,13,2,4,7|14,5,13,2,7|14,5,13,4,2,7|14,5,13,4,7|14,5,13,6,11|14,5,13,6,12|14,5,13,10|14,5,13,11|14,5,13,12|14,10|14,11|14,12
13,3,2,4,7|13,3,2,4,14,9|13,3,2,4,14,10|13,3,2,4,14,11|13,3,2,7|13,3,14,4,2,7|13,3,14,4,7|13,3,14,9|13,3,14,10|13,3,14,11|13,4,2,3,14,9|13,4,2,3,14,10|13,4,2,3,14,11|13,4,2,7|13,4,7|13,4,14,3,2,7|13,4,14,9|13,4,14,10|13,4,14,11|13,6,9|13,6,11|13,9|13,10|13,11|14,3,2,4,7|14,3,2,4,13,6,9|14,3,2,4,13,6,11|14,3,2,4,13,9|14,3,2,4,13,10|14,3,2,4,13,11|14,3,2,7|14,3,13,4,2,7|14,3,13,4,7|14,3,13,6,9|14,3,13,6,11|14,3,13,9|14,3,13,10|14,3,13,11|14,4,2,3,13,6,9|14,4,2,3,13,6,11|14,4,2,3,13,9|14,4,2,3,13,10|14,4,2,3,13,11|14,4,2,7|14,4,7|14,4,13,3,2,7|14,4,13,6,9|14,4,13,6,11|14,4,13,9|14,4,13,10|14,4,13,11|14,9|14,10|14,11
13,2,3,14,5,6,9|13,2,3,14,5,6,11|13,2,3,14,5,9|13,2,3,14,5,11|13,2,3,14,6,5,9|13,2,3,14,6,5,11|13,2,3,14,6,9|13,2,3,14,6,11|13,2,3,14,9|13,2,3,14,10|13,2,3,14,11|13,2,10|13,2,14,5,6,9|13,2,14,5,6,11|13,2,14,5,9|13,2,14,5,11|13,2,14,6,5,9|13,2,14,6,5,11|13,2,14,6,9|13,2,14,6,11|13,2,14,9|13,2,14,10|13,2,14,11|13,3,2,10|13,3,2,14,5,6,9|13,3,2,14,5,6,11|13,3,2,14,5,9|13,3,2,14,5,11|13,3,2,14,6,5,9|13,3,2,14,6,5,11|13,3,2,14,6,9|13,3,2,14,6,11|13,3,2,14,9|13,3,2,14,10|13,3,2,14,11|13,3,14,2,10|13,3,14,5,6,9|13,3,14,5,6,11|13,3,14,5,9|13,3,14,5,11|13,3,14,6,5,9|13,3,14,6,5,11|13,3,14,6,9|13,3,14,6,11|13,3,14,9|13,3,14,10|13,3,14,11|13,5,6,9|13,5,6,11|13,5,6,14,2,10|13,5,6,14,3,2,10|13,5,6,14,9|13,5,6,14,10|13,5,6,14,11|13,5,9|13,5,11|13,5,14,2,10|13,5,14,3,2,10|13,5,14,6,9|13,5,14,6,11|13,5,14,9|13,5,14,10|13,5,14,11|13,6,5,9|13,6,5,11|13,6,5,14,2,10|13,6,5,14,3,2,10|13,6,5,14,9|13,6,5,14,10|13,6,5,14,11|13,6,9|13,6,11|13,6,14,2,10|13,6,14,3,2,10|13,6,14,5,9|13,6,14,5,11|13,6,14,9|13,6,14,10|13,6,14,11|13,9|13,10|13,11|14,2,3,13,5,6,9|14,2,3,13,5,6,11|14,2,3,13,5,9|14,2,3,13,5,11|14,2,3,13,6,5,9|14,2,3,13,6,5,11|14,2,3,13,6,9|14,2,3,13,6,11|14,2,3,13,9|14,2,3,13,10|14,2,3,13,11|14,2,10|14,2,13,5,6,9|14,2,13,5,6,11|14,2,13,5,9|14,2,13,5,11|14,2,13,6,5,9|14,2,13,6,5,11|14,2,13,6,9|14,2,13,6,11|14,2,13,9|14,2,13,10|14,2,13,11|14,3,2,10|14,3,2,13,5,6,9|14,3,2,13,5,6,11|14,3,2,13,5,9|14,3,2,13,5,11|14,3,2,13,6,5,9|14,3,2,13,6,5,11|14,3,2,13,6,9|14,3,2,13,6,11|14,3,2,13,9|14,3,2,13,10|14,3,2,13,11|14,3,13,2,10|14,3,13,5,6,9|14,3,13,5,6,11|14,3,13,5,9|14,3,13,5,11|14,3,13,6,5,9|14,3,13,6,5,11|14,3,13,6,9|14,3,13,6,11|14,3,13,9|14,3,13,10|14,3,13,11|14,5,6,9|14,5,6,11|14,5,6,13,2,10|14,5,6,13,3,2,10|14,5,6,13,9|14,5,6,13,10|14,5,6,13,11|14,5,9|14,5,11|14,5,13,2,10|14,5,13,3,2,10|14,5,13,6,9|14,5,13,6,11|14,5,13,9|14,5,13,10|14,5,13,11|14,6,5,9|14,6,5,11|14,6,5,13,2,10|14,6,5,13,3,2,10|14,6,5,13,9|14,6,5,13,10|14,6,5,13,11|14,6,9|14,6,11|14,6,13,2,10|14,6,13,3,2,10|14,6,13,5,9|14,6,13,5,11|14,6,13,9|14,6,13,10|14,6,13,11|14,9|14,10|14,11
13,2,10|13,2,14,6,9|13,2,14,6,11|13,2,14,9|13,2,14,10|13,2,14,11|13,3,14,2,10|13,3,14,6,9|13,3,14,6,11|13,3,14,9|13,3,14,10|13,3,14,11|13,6,9|13,6,11|13,6,14,2,10|13,6,14,9|13,6,14,10|13,6,14,11|13,9|13,10|13,11|14,2,10|14,2,13,6,9|14,2,13,6,11|14,2,13,9|14,2,13,10|14,2,13,11|14,3,13,2,10|14,3,13,6,9|14,3,13,6,11|14,3,13,9|14,3,13,10|14,3,13,11|14,6,9|14,6,11|14,6,13,2,10|14,6,13,9|14,6,13,10|14,6,13,11|14,9|14,10|14,11
13,2,4,7|13,2,10|13,2,14,5,6,8|13,2,14,5,6,9|13,2,14,5,8|13,2,14,5,9|13,2,14,6,5,8|13,2,14,6,5,9|13,2,14,6,8|13,2,14,6,9|13,2,14,8|13,2,14,9|13,2,14,10|13,3,14,2,4,7|13,3,14,2,10|13,3,14,5,6,8|13,3,14,5,6,9|13,3,14,5,8|13,3,14,5,9|13,3,14,6,5,8|13,3,14,6,5,9|13,3,14,6,8|13,3,14,6,9|13,3,14,8|13,3,14,9|13,3,14,10|13,5,6,8|13,5,6,9|13,5,6,14,2,4,7|13,5,6,14,2,10|13,5,6,14,8|13,5,6,14,9|13,5,6,14,10|13,5,8|13,5,9|13,5,14,2,4,7|13,5,14,2,10|13,5,14,6,8|13,5,14,6,9|13,5,14,8|13,5,14,9|13,5,14,10|13,8|13,9|13,10|14,2,4,7|14,2,10|14,2,13,5,6,8|14,2,13,5,6,9|14,2,13,5,8|14,2,13,5,9|14,2,13,8|14,2,13,9|14,2,13,10|14,3,13,2,4,7|14,3,13,2,10|14,3,13,5,6,8|14,3,13,5,6,9|14,3,13,5,8|14,3,13,5,9|14,3,13,8|14,3,13,9|14,3,13,10|14,5,6,8|14,5,6,9|14,5,8|14,5,9|14,5,13,2,4,7|14,5,13,2,10|14,5,13,8|14,5,13,9|14,5,13,10|14,6,5,8|14,6,5,9|14,6,5,13,2,4,7|14,6,5,13,2,10|14,6,5,13,8|14,6,5,13,9|14,6,5,13,10|14,6,8|14,6,9|14,8|14,9|14,10
13,3,14,4,2,7|13,3,14,4,7|13,3,14,6,8|13,3,14,6,9|13,3,14,8|13,3,14,9|13,3,14,10|13,8|13,9|13,10|14,3,13,8|14,3,13,9|14,3,13,10|14,4,2,7|14,4,7|14,6,8|14,6,9|14,8|14,9|14,10
13,2,3,4,7|13,2,3,4,14,5,8|13,2,3,4,14,5,9|13,2,3,4,14,7|13,2,3,4,14,8|13,2,3,4,14,9|13,2,3,14,4,7|13,2,3,14,5,8|13,2,3,14,5,9|13,2,3,14,7|13,2,3,14,8|13,2,3,14,9|13,2,4,3,14,5,8|13,2,4,3,14,5,9|13,2,4,3,14,7|13,2,4,3,14,8|13,2,4,3,14,9|13,2,4,7|13,2,4,14,5,8|13,2,4,14,5,9|13,2,4,14,7|13,2,4,14,8|13,2,4,14,9|13,2,7|13,2,14,3,4,7|13,2,14,4,7|13,2,14,5,8|13,2,14,5,9|13,2,14,7|13,2,14,8|13,2,14,9|13,3,2,4,7|13,3,2,4,14,5,8|13,3,2,4,14,5,9|13,3,2,4,14,7|13,3,2,4,14,8|13,3,2,4,14,9|13,3,2,7|13,3,2,14,4,7|13,3,2,14,5,8|13,3,2,14,5,9|13,3,2,14,7|13,3,2,14,8|13,3,2,14,9|13,3,4,2,7|13,3,4,2,14,5,8|13,3,4,2,14,5,9|13,3,4,2,14,7|13,3,4,2,14,8|13,3,4,2,14,9|13,3,4,7|13,3,4,14,2,7|13,3,4,14,5,8|13,3,4,14,5,9|13,3,4,14,7|13,3,4,14,8|13,3,4,14,9|13,3,14,2,4,7|13,3,14,2,7|13,3,14,4,2,7|13,3,14,4,7|13,3,14,5,8|13,3,14,5,9|13,3,14,7|13,3,14,8|13,3,14,9|13,4,2,3,14,5,8|13,4,2,3,14,5,9|13,4,2,3,14,7|13,4,2,3,14,8|13,4,2,3,14,9|13,4,2,7|13,4,2,14,5,8|13,4,2,14,5,9|13,4,2,14,7|13,4,2,14,8|13,4,2,14,9|13,4,3,2,7|13,4,3,2,14,5,8|13,4,3,2,14,5,9|13,4,3,2,14,7|13,4,3,2,14,8|13,4,3,2,14,9|13,4,3,14,2,7|13,4,3,14,5,8|13,4,3,14,5,9|13,4,3,14,7|13,4,3,14,8|13,4,3,14,9|13,4,7|13,4,14,2,7|13,4,14,3,2,7|13,4,14,5,8|13,4,14,5,9|13,4,14,7|13,4,14,8|13,4,14,9|13,5,8|13,5,9|13,5,14,2,3,4,7|13,5,14,2,4,7|13,5,14,2,7|13,5,14,3,2,4,7|13,5,14,3,2,7|13,5,14,3,4,2,7|13,5,14,3,4,7|13,5,14,4,2,7|13,5,14,4,3,2,7|13,5,14,4,7|13,5,14,7|13,5,14,8|13,5,14,9|13,7|13,8|13,9|13,10|14,2,3,4,7|14,2,3,4,13,5,8|14,2,3,4,13,5,9|14,2,3,4,13,7|14,2,3,4,13,8|14,2,3,4,13,9|14,2,3,4,13,10|14,2,3,13,4,7|14,2,3,13,5,8|14,2,3,13,5,9|14,2,3,13,7|14,2,3,13,8|14,2,3,13,9|14,2,3,13,10|14,2,4,3,13,5,8|14,2,4,3,13,5,9|14,2,4,3,13,7|14,2,4,3,13,8|14,2,4,3,13,9|14,2,4,3,13,10|14,2,4,7|14,2,4,13,5,8|14,2,4,13,5,9|14,2,4,13,7|14,2,4,13,8|14,2,4,13,9|14,2,4,13,10|14,2,7|14,2,13,3,4,7|14,2,13,4,7|14,2,13,5,8|14,2,13,5,9|14,2,13,7|14,2,13,8|14,2,13,9|14,2,13,10|14,3,2,4,7|14,3,2,4,13,5,8|14,3,2,4,13,5,9|14,3,2,4,13,7|14,3,2,4,13,8|14,3,2,4,13,9|14,3,2,4,13,10|14,3,2,7|14,3,2,13,4,7|14,3,2,13,5,8|14,3,2,13,5,9|14,3,2,13,7|14,3,2,13,8|14,3,2,13,9|14,3,2,13,10|14,3,4,2,7|14,3,4,2,13,5,8|14,3,4,2,13,5,9|14,3,4,2,13,7|14,3,4,2,13,8|14,3,4,2,13,9|14,3,4,2,13,10|14,3,4,7|14,3,4,13,2,7|14,3,4,13,5,8|14,3,4,13,5,9|14,3,4,13,7|14,3,4,13,8|14,3,4,13,9|14,3,4,13,10|14,3,13,2,4,7|14,3,13,2,7|14,3,13,4,2,7|14,3,13,4,7|14,3,13,5,8|14,3,13,5,9|14,3,13,7|14,3,13,8|14,3,13,9|14,3,13,10|14,4,2,3,13,5,8|14,4,2,3,13,5,9|14,4,2,3,13,7|14,4,2,3,13,8|14,4,2,3,13,9|14,4,2,3,13,10|14,4,2,7|14,4,2,13,5,8|14,4,2,13,5,9|14,4,2,13,7|14,4,2,13,8|14,4,2,13,9|14,4,2,13,10|14,4,3,2,7|14,4,3,2,13,5,8|14,4,3,2,13,5,9|14,4,3,2,13,7|14,4,3,2,13,8|14,4,3,2,13,9|14,4,3,2,13,10|14,4,3,13,2,7|14,4,3,13,5,8|14,4,3,13,5,9|14,4,3,13,7|14,4,3,13,8|14,4,3,13,9|14,4,3,13,10|14,4,7|14,4,13,2,7|14,4,13,3,2,7|14,4,13,5,8|14,4,13,5,9|14,4,13,7|14,4,13,8|14,4,13,9|14,4,13,10|14,5,8|14,5,9|14,5,13,2,3,4,7|14,5,13,2,4,7|14,5,13,2,7|14,5,13,3,2,4,7|14,5,13,3,2,7|14,5,13,3,4,2,7|14,5,13,3,4,7|14,5,13,4,2,7|14,5,13,4,3,2,7|14,5,13,4,7|14,5,13,7|14,5,13,8|14,5,13,9|14,5,13,10|14,7|14,8|14,9
13,2,3,4,7|13,2,3,4,14,7|13,2,3,4,14,8|13,2,3,4,14,9|13,2,3,14,4,7|13,2,3,14,7|13,2,3,14,8|13,2,3,14,9|13,2,4,3,14,7|13,2,4,3,14,8|13,2,4,3,14,9|13,2,4,7|13,2,4,14,7|13,2,4,14,8|13,2,4,14,9|13,2,14,3,4,7|13,2,14,4,7|13,2,14,7|13,2,14,8|13,2,14,9|13,3,2,4,7|13,3,2,4,14,7|13,3,2,4,14,8|13,3,2,4,14,9|13,3,2,14,4,7|13,3,2,14,7|13,3,2,14,8|13,3,2,14,9|13,3,4,2,14,7|13,3,4,2,14,8|13,3,4,2,14,9|13,3,4,7|13,3,4,14,7|13,3,4,14,8|13,3,4,14,9|13,3,14,2,4,7|13,3,14,4,7|13,3,14,7|13,3,14,8|13,3,14,9|13,4,2,3,14,7|13,4,2,3,14,8|13,4,2,3,14,9|13,4,2,14,7|13,4,2,14,8|13,4,2,14,9|13,4,3,2,14,7|13,4,3,2,14,8|13,4,3,2,14,9|13,4,3,14,7|13,4,3,14,8|13,4,3,14,9|13,4,7|13,4,14,7|13,4,14,8|13,4,14,9|13,7|13,8|13,9|14,2,3,4,7|14,2,3,4,13,7|14,2,3,4,13,8|14,2,3,4,13,9|14,2,3,13,4,7|14,2,3,13,7|14,2,3,13,8|14,2,3,13,9|14,2,4,3,13,7|14,2,4,3,13,8|14,2,4,3,13,9|14,2,4,7|14,2,4,13,7|14,2,4,13,8|14,2,4,13,9|14,2,13,3,4,7|14,2,13,4,7|14,2,13,7|14,2,13,8|14,2,13,9|14,3,2,4,7|14,3,2,4,13,7|14,3,2,4,13,8|14,3,2,4,13,9|14,3,2,13,4,7|14,3,2,13,7|14,3,2,13,8|14,3,2,13,9|14,3,4,2,13,7|14,3,4,2,13,8|14,3,4,2,13,9|14,3,4,7|14,3,4,13,7|14,3,4,13,8|14,3,4,13,9|14,3,13,2,4,7|14,3,13,4,7|14,3,13,7|14,3,13,8|14,3,13,9|14,4,2,3,13,7|14,4,2,3,13,8|14,4,2,3,13,9|14,4,2,13,7|14,4,2,13,8|14,4,2,13,9|14,4,3,2,13,7|14,4,3,2,13,8|14,4,3,2,13,9|14,4,3,13,7|14,4,3,13,8|14,4,3,13,9|14,4,7|14,4,13,7|14,4,13,8|14,4,13,9|14,7|14,8|14,9
13,2,10|13,2,14,3,4,7|13,2,14,4,7|13,2,14,5,6,8|13,2,14,5,6,9|13,2,14,5,8|13,2,14,5,9|13,2,14,7|13,2,14,8|13,2,14,9|13,3,4,7|13,3,4,14,2,10|13,3,4,14,5,6,8|13,3,4,14,5,6,9|13,3,4,14,5,8|13,3,4,14,5,9|13,3,4,14,7|13,3,4,14,8|13,3,4,14,9|13,3,14,2,10|13,3,14,4,7|13,3,14,5,6,8|13,3,14,5,6,9|13,3,14,5,8|13,3,14,5,9|13,3,14,7|13,3,14,8|13,3,14,9|13,4,3,14,2,10|13,4,3,14,5,6,8|13,4,3,14,5,6,9|13,4,3,14,5,8|13,4,3,14,5,9|13,4,3,14,7|13,4,3,14,8|13,4,3,14,9|13,4,7|13,4,14,2,10|13,4,14,5,6,8|13,4,14,5,6,9|13,4,14,5,8|13,4,14,5,9|13,4,14,7|13,4,14,8|13,4,14,9|13,5,6,8|13,5,6,9|13,5,8|13,5,9|13,5,14,2,10|13,5,14,3,4,7|13,5,14,4,7|13,5,14,7|13,5,14,8|13,5,14,9|13,6,5,8|13,6,5,9|13,6,5,14,2,10|13,6,5,14,3,4,7|13,6,5,14,4,7|13,6,5,14,7|13,6,5,14,8|13,6,5,14,9|13,6,8|13,6,9|13,7|13,8|13,9|14,2,10|14,2,13,3,4,7|14,2,13,4,7|14,2,13,5,6,8|14,2,13,5,6,9|14,2,13,5,8|14,2,13,5,9|14,2,13,6,5,8|14,2,13,6,5,9|14,2,13,6,8|14,2,13,6,9|14,2,13,7|14,2,13,8|14,2,13,9|14,3,4,7|14,3,4,13,2,10|14,3,4,13,5,6,8|14,3,4,13,5,6,9|14,3,4,13,5,8|14,3,4,13,5,9|14,3,4,13,6,5,8|14,3,4,13,6,5,9|14,3,4,13,6,8|14,3,4,13,6,9|14,3,4,13,7|14,3,4,13,8|14,3,4,13,9|14,3,13,2,10|14,3,13,4,7|14,3,13,5,6,8|14,3,13,5,6,9|14,3,13,5,8|14,3,13,5,9|14,3,13,6,5,8|14,3,13,6,5,9|14,3,13,6,8|14,3,13,6,9|14,3,13,7|14,3,13,8|14,3,13,9|14,4,3,13,2,10|14,4,3,13,5,6,8|14,4,3,13,5,6,9|14,4,3,13,5,8|14,4,3,13,5,9|14,4,3,13,6,5,8|14,4,3,13,6,5,9|14,4,3,13,6,8|14,4,3,13,6,9|14,4,3,13,7|14,4,3,13,8|14,4,3,13,9|14,4,7|14,4,13,2,10|14,4,13,5,6,8|14,4,13,5,6,9|14,4,13,5,8|14,4,13,5,9|14,4,13,6,5,8|14,4,13,6,5,9|14,4,13,6,8|14,4,13,6,9|14,4,13,7|14,4,13,8|14,4,13,9|14,5,6,8|14,5,6,9|14,5,6,13,2,10|14,5,6,13,3,4,7|14,5,6,13,4,7|14,5,6,13,7|14,5,6,13,8|14,5,6,13,9|14,5,8|14,5,9|14,5,13,2,10|14,5,13,3,4,7|14,5,13,4,7|14,5,13,6,8|14,5,13,6,9|14,5,13,7|14,5,13,8|14,5,13,9|14,7|14,8|14,9
13,3,4,7|13,3,4,14,7|13,3,4,14,8|13,3,4,14,12|13,3,14,4,7|13,3,14,7|13,3,14,8|13,3,14,12|13,4,3,14,7|13,4,3,14,8|13,4,3,14,12|13,4,7|13,4,14,7|13,4,14,8|13,4,14,12|13,6,8|13,6,12|13,7|13,8|13,12|14,3,4,7|14,3,4,13,6,8|14,3,4,13,6,12|14,3,4,13,7|14,3,4,13,8|14,3,4,13,12|14,3,13,4,7|14,3,13,6,8|14,3,13,6,12|14,3,13,7|14,3,13,8|14,3,13,12|14,4,3,13,6,8|14,4,3,13,6,12|14,4,3,13,7|14,4,3,13,8|14,4,3,13,12|14,4,7|14,4,13,6,8|14,4,13,6,12|14,4,13,7|14,4,13,8|14,4,13,12|14,7|14,8|14,12
13,2,4,3,14,5,6,8|13,2,4,3,14,5,6,12|13,2,4,3,14,5,8|13,2,4,3,14,5,12|13,2,4,3,14,6,5,8|13,2,4,3,14,6,5,12|13,2,4,3,14,6,8|13,2,4,3,14,6,12|13,2,4,3,14,7|13,2,4,3,14,8|13,2,4,3,14,12|13,2,4,7|13,2,4,14,5,6,8|13,2,4,14,5,6,12|13,2,4,14,5,8|13,2,4,14,5,12|13,2,4,14,6,5,8|13,2,4,14,6,5,12|13,2,4,14,6,8|13,2,4,14,6,12|13,2,4,14,7|13,2,4,14,8|13,2,4,14,12|13,2,7|13,2,14,3,4,7|13,2,14,4,7|13,2,14,5,6,8|13,2,14,5,6,12|13,2,14,5,8|13,2,14,5,12|13,2,14,6,5,8|13,2,14,6,5,12|13,2,14,6,8|13,2,14,6,12|13,2,14,7|13,2,14,8|13,2,14,12|13,3,4,2,7|13,3,4,2,14,5,6,8|13,3,4,2,14,5,6,12|13,3,4,2,14,5,8|13,3,4,2,14,5,12|13,3,4,2,14,6,5,8|13,3,4,2,14,6,5,12|13,3,4,2,14,6,8|13,3,4,2,14,6,12|13,3,4,2,14,7|13,3,4,2,14,8|13,3,4,2,14,12|13,3,4,7|13,3,4,14,2,7|13,3,4,14,5,6,8|13,3,4,14,5,6,12|13,3,4,14,5,8|13,3,4,14,5,12|13,3,4,14,6,5,8|13,3,4,14,6,5,12|13,3,4,14,6,8|13,3,4,14,6,12|13,3,4,14,7|13,3,4,14,8|13,3,4,14,12|13,3,14,2,4,7|13,3,14,2,7|13,3,14,4,2,7|13,3,14,4,7|13,3,14,5,6,8|13,3,14,5,6,12|13,3,14,5,8|13,3,14,5,12|13,3,14,6,5,8|13,3,14,6,5,12|13,3,14,6,8|13,3,14,6,12|13,3,14,7|13,3,14,8|13,3,14,12|13,4,2,7|13,4,2,14,5,6,8|13,4,2,14,5,6,12|13,4,2,14,5,8|13,4,2,14,5,12|13,4,2,14,6,5,8|13,4,2,14,6,5,12|13,4,2,14,6,8|13,4,2,14,6,12|13,4,2,14,7|13,4,2,14,8|13,4,2,14,12|13,4,3,14,2,7|13,4,3,14,5,6,8|13,4,3,14,5,6,12|13,4,3,14,5,8|13,4,3,14,5,12|13,4,3,14,6,5,8|13,4,3,14,6,5,12|13,4,3,14,6,8|13,4,3,14,6,12|13,4,3,14,7|13,4,3,14,8|13,4,3,14,12|13,4,7|13,4,14,2,7|13,4,14,5,6,8|13,4,14,5,6,12|13,4,14,5,8|13,4,14,5,12|13,4,14,6,5,8|13,4,14,6,5,12|13,4,14,6,8|13,4,14,6,12|13,4,14,7|13,4,14,8|13,4,14,12|13,5,6,8|13,5,6,12|13,5,6,14,2,4,7|13,5,6,14,2,7|13,5,6,14,3,4,2,7|13,5,6,14,3,4,7|13,5,6,14,4,2,7|13,5,6,14,4,7|13,5,6,14,7|13,5,6,14,8|13,5,6,14,12|13,5,8|13,5,12|13,5,14,2,4,7|13,5,14,2,7|13,5,14,3,4,2,7|13,5,14,3,4,7|13,5,14,4,2,7|13,5,14,4,7|13,5,14,6,8|13,5,14,6,12|13,5,14,7|13,5,14,8|13,5,14,12|13,6,5,8|13,6,5,12|13,6,5,14,2,4,7|13,6,5,14,2,7|13,6,5,14,3,4,2,7|13,6,5,14,3,4,7|13,6,5,14,4,2,7|13,6,5,14,4,7|13,6,5,14,7|13,6,5,14,8|13,6,5,14,12|13,6,8|13,6,12|13,6,14,2,4,7|13,6,14,2,7|13,6,14,3,4,2,7|13,6,14,3,4,7|13,6,14,4,2,7|13,6,14,4,7|13,6,14,5,8|13,6,14,5,12|13,6,14,7|13,6,14,8|13,6,14,12|13,7|13,8|13,12|14,2,4,3,13,5,6,8|14,2,4,3,13,5,6,12|14,2,4,3,13,5,8|14,2,4,3,13,5,12|14,2,4,3,13,6,5,8|14,2,4,3,13,6,5,12|14,2,4,3,13,6,8|14,2,4,3,13,6,12|14,2,4,3,13,7|14,2,4,3,13,8|14,2,4,3,13,12|14,2,4,7|14,2,4,13,5,6,8|14,2,4,13,5,6,12|14,2,4,13,5,8|14,2,4,13,5,12|14,2,4,13,6,5,8|14,2,4,13,6,5,12|14,2,4,13,6,8|14,2,4,13,6,12|14,2,4,13,7|14,2,4,13,8|14,2,4,13,12|14,2,7|14,2,13,3,4,7|14,2,13,4,7|14,2,13,5,6,8|14,2,13,5,6,12|14,2,13,5,8|14,2,13,5,12|14,2,13,6,5,8|14,2,13,6,5,12|14,2,13,6,8|14,2,13,6,12|14,2,13,7|14,2,13,8|14,2,13,12|14,3,4,2,7|14,3,4,2,13,5,6,8|14,3,4,2,13,5,6,12|14,3,4,2,13,5,8|14,3,4,2,13,5,12|14,3,4,2,13,6,5,8|14,3,4,2,13,6,5,12|14,3,4,2,13,6,8|14,3,4,2,13,6,12|14,3,4,2,13,7|14,3,4,2,13,8|14,3,4,2,13,12|14,3,4,7|14,3,4,13,2,7|14,3,4,13,5,6,8|14,3,4,13,5,6,12|14,3,4,13,5,8|14,3,4,13,5,12|14,3,4,13,6,5,8|14,3,4,13,6,5,12|14,3,4,13,6,8|14,3,4,13,6,12|14,3,4,13,7|14,3,4,13,8|14,3,4,13,12|14,3,13,2,4,7|14,3,13,2,7|14,3,13,4,2,7|14,3,13,4,7|14,3,13,5,6,8|14,3,13,5,6,12|14,3,13,5,8|14,3,13,5,12|14,3,13,6,5,8|14,3,13,6,5,12|14,3,13,6,8|14,3,13,6,12|14,3,13,7|14,3,13,8|14,3,13,12|14,4,2,7|14,4,2,13,5,6,8|14,4,2,13,5,6,12|14,4,2,13,5,8|14,4,2,13,5,12|14,4,2,13,6,5,8|14,4,2,13,6,5,12|14,4,2,13,6,8|14,4,2,13,6,12|14,4,2,13,7|14,4,2,13,8|14,4,2,13,12|14,4,3,13,2,7|14,4,3,13,5,6,8|14,4,3,13,5,6,12|14,4,3,13,5,8|14,4,3,13,5,12|14,4,3,13,6,5,8|14,4,3,13,6,5,12|14,4,3,13,6,8|14,4,3,13,6,12|14,4,3,13,7|14,4,3,13,8|14,4,3,13,12|14,4,7|14,4,13,2,7|14,4,13,5,6,8|14,4,13,5,6,12|14,4,13,5,8|14,4,13,5,12|14,4,13,6,5,8|14,4,13,6,5,12|14,4,13,6,8|14,4,13,6,12|14,4,13,7|14,4,13,8|14,4,13,12|14,5,6,8|14,5,6,12|14,5,6,13,2,4,7|14,5,6,13,2,7|14,5,6,13,3,4,2,7|14,5,6,13,3,4,7|14,5,6,13,4,2,7|14,5,6,13,4,7|14,5,6,13,7|14,5,6,13,8|14,5,6,13,12|14,5,8|14,5,12|14,5,13,2,4,7|14,5,13,2,7|14,5,13,3,4,2,7|14,5,13,3,4,7|14,5,13,4,2,7|14,5,13,4,7|14,5,13,6,8|14,5,13,6,12|14,5,13,7|14,5,13,8|14,5,13,12|14,6,5,8|14,6,5,12|14,6,5,13,2,4,7|14,6,5,13,2,7|14,6,5,13,3,4,2,7|14,6,5,13,3,4,7|14,6,5,13,4,2,7|14,6,5,13,4,7|14,6,5,13,7|14,6,5,13,8|14,6,5,13,12|14,6,8|14,6,12|14,6,13,2,4,7|14,6,13,2,7|14,6,13,3,4,2,7|14,6,13,3,4,7|14,6,13,4,2,7|14,6,13,4,7|14,6,13,5,8|14,6,13,5,12|14,6,13,7|14,6,13,8|14,6,13,12|14,7|14,8|14,12
13,2,3,4,7|13,2,3,4,14,6,8|13,2,3,4,14,6,12|13,2,3,4,14,7|13,2,3,4,14,8|13,2,3,4,14,12|13,2,3,14,4,7|13,2,3,14,6,8|13,2,3,14,6,12|13,2,3,14,7|13,2,3,14,8|13,2,3,14,12|13,2,4,3,14,6,8|13,2,4,3,14,6,12|13,2,4,3,14,7|13,2,4,3,14,8|13,2,4,3,14,12|13,2,4,7|13,2,4,14,6,8|13,2,4,14,6,12|13,2,4,14,7|13,2,4,14,8|13,2,4,14,12|13,2,7|13,2,14,3,4,7|13,2,14,4,7|13,2,14,6,8|13,2,14,6,12|13,2,14,7|13,2,14,8|13,2,14,12|13,3,2,4,7|13,3,2,4,14,6,8|13,3,2,4,14,6,12|13,3,2,4,14,7|13,3,2,4,14,8|13,3,2,4,14,12|13,3,2,7|13,3,2,14,4,7|13,3,2,14,6,8|13,3,2,14,6,12|13,3,2,14,7|13,3,2,14,8|13,3,2,14,12|13,3,4,2,7|13,3,4,2,14,6,8|13,3,4,2,14,6,12|13,3,4,2,14,7|13,3,4,2,14,8|13,3,4,2,14,12|13,3,4,7|13,3,4,14,2,7|13,3,4,14,6,8|13,3,4,14,6,12|13,3,4,14,7|13,3,4,14,8|13,3,4,14,12|13,3,14,2,4,7|13,3,14,2,7|13,3,14,4,2,7|13,3,14,4,7|13,3,14,6,8|13,3,14,6,12|13,3,14,7|13,3,14,8|13,3,14,12|13,4,2,3,14,6,8|13,4,2,3,14,6,12|13,4,2,3,14,7|13,4,2,3,14,8|13,4,2,3,14,12|13,4,2,7|13,4,2,14,6,8|13,4,2,14,6,12|13,4,2,14,7|13,4,2,14,8|13,4,2,14,12|13,4,3,2,7|13,4,3,2,14,6,8|13,4,3,2,14,6,12|13,4,3,2,14,7|13,4,3,2,14,8|13,4,3,2,14,12|13,4,3,14,2,7|13,4,3,14,6,8|13,4,3,14,6,12|13,4,3,14,7|13,4,3,14,8|13,4,3,14,12|13,4,7|13,4,14,2,7|13,4,14,3,2,7|13,4,14,6,8|13,4,14,6,12|13,4,14,7|13,4,14,8|13,4,14,12|13,6,8|13,6,12|13,6,14,2,3,4,7|13,6,14,2,4,7|13,6,14,2,7|13,6,14,3,2,4,7|13,6,14,3,2,7|13,6,14,3,4,2,7|13,6,14,3,4,7|13,6,14,4,2,7|13,6,14,4,3,2,7|13,6,14,4,7|13,6,14,7|13,6,14,8|13,6,14,12|13,7|13,8|13,12|14,2,3,4,7|14,2,3,4,13,6,8|14,2,3,4,13,6,12|14,2,3,4,13,7|14,2,3,4,13,8|14,2,3,4,13,12|14,2,3,13,4,7|14,2,3,13,6,8|14,2,3,13,6,12|14,2,3,13,7|14,2,3,13,8|14,2,3,13,12|14,2,4,3,13,6,8|14,2,4,3,13,6,12|14,2,4,3,13,7|14,2,4,3,13,8|14,2,4,3,13,12|14,2,4,7|14,2,4,13,6,8|14,2,4,13,6,12|14,2,4,13,7|14,2,4,13,8|14,2,4,13,12|14,2,7|14,2,13,3,4,7|14,2,13,4,7|14,2,13,6,8|14,2,13,6,12|14,2,13,7|14,2,13,8|14,2,13,12|14,3,2,4,7|14,3,2,4,13,6,8|14,3,2,4,13,6,12|14,3,2,4,13,7|14,3,2,4,13,8|14,3,2,4,13,12|14,3,2,7|14,3,2,13,4,7|14,3,2,13,6,8|14,3,2,13,6,12|14,3,2,13,7|14,3,2,13,8|14,3,2,13,12|14,3,4,2,7|14,3,4,2,13,6,8|14,3,4,2,13,6,12|14,3,4,2,13,7|14,3,4,2,13,8|14,3,4,2,13,12|14,3,4,7|14,3,4,13,2,7|14,3,4,13,6,8|14,3,4,13,6,12|14,3,4,13,7|14,3,4,13,8|14,3,4,13,12|14,3,13,2,4,7|14,3,13,2,7|14,3,13,4,2,7|14,3,13,4,7|14,3,13,6,8|14,3,13,6,12|14,3,13,7|14,3,13,8|14,3,13,12|14,4,2,3,13,6,8|14,4,2,3,13,6,12|14,4,2,3,13,7|14,4,2,3,13,8|14,4,2,3,13,12|14,4,2,7|14,4,2,13,6,8|14,4,2,13,6,12|14,4,2,13,7|14,4,2,13,8|14,4,2,13,12|14,4,3,2,7|14,4,3,2,13,6,8|14,4,3,2,13,6,12|14,4,3,2,13,7|14,4,3,2,13,8|14,4,3,2,13,12|14,4,3,13,2,7|14,4,3,13,6,8|14,4,3,13,6,12|14,4,3,13,7|14,4,3,13,8|14,4,3,13,12|14,4,7|14,4,13,2,7|14,4,13,3,2,7|14,4,13,6,8|14,4,13,6,12|14,4,13,7|14,4,13,8|14,4,13,12|14,6,8|14,6,12|14,6,13,2,3,4,7|14,6,13,2,4,7|14,6,13,2,7|14,6,13,3,2,4,7|14,6,13,3,2,7|14,6,13,3,4,2,7|14,6,13,3,4,7|14,6,13,4,2,7|14,6,13,4,3,2,7|14,6,13,4,7|14,6,13,7|14,6,13,8|14,6,13,12|14,7|14,8|14,12
13,2,3,4,7|13,2,3,4,14,5,6,11|13,2,3,4,14,5,6,12|13,2,3,4,14,5,11|13,2,3,4,14,5,12|13,2,3,4,14,6,5,11|13,2,3,4,14,6,5,12|13,2,3,4,14,6,11|13,2,3,4,14,6,12|13,2,3,4,14,7|13,2,3,4,14,11|13,2,3,4,14,12|13,2,3,7|13,2,3,14,4,7|13,2,3,14,5,6,11|13,2,3,14,5,6,12|13,2,3,14,5,11|13,2,3,14,5,12|13,2,3,14,6,5,11|13,2,3,14,6,5,12|13,2,3,14,6,11|13,2,3,14,6,12|13,2,3,14,7|13,2,3,14,11|13,2,3,14,12|13,2,4,3,7|13,2,4,3,14,5,6,11|13,2,4,3,14,5,6,12|13,2,4,3,14,5,11|13,2,4,3,14,5,12|13,2,4,3,14,6,5,11|13,2,4,3,14,6,5,12|13,2,4,3,14,6,11|13,2,4,3,14,6,12|13,2,4,3,14,7|13,2,4,3,14,11|13,2,4,3,14,12|13,2,4,7|13,2,4,14,3,7|13,2,4,14,5,6,11|13,2,4,14,5,6,12|13,2,4,14,5,11|13,2,4,14,5,12|13,2,4,14,6,5,11|13,2,4,14,6,5,12|13,2,4,14,6,11|13,2,4,14,6,12|13,2,4,14,7|13,2,4,14,11|13,2,4,14,12|13,2,7|13,2,14,3,4,7|13,2,14,3,7|13,2,14,4,3,7|13,2,14,4,7|13,2,14,5,6,11|13,2,14,5,6,12|13,2,14,5,11|13,2,14,5,12|13,2,14,6,5,11|13,2,14,6,5,12|13,2,14,6,11|13,2,14,6,12|13,2,14,7|13,2,14,11|13,2,14,12|13,3,2,4,7|13,3,2,4,14,5,6,11|13,3,2,4,14,5,6,12|13,3,2,4,14,5,11|13,3,2,4,14,5,12|13,3,2,4,14,6,5,11|13,3,2,4,14,6,5,12|13,3,2,4,14,6,11|13,3,2,4,14,6,12|13,3,2,4,14,7|13,3,2,4,14,11|13,3,2,4,14,12|13,3,2,7|13,3,2,14,4,7|13,3,2,14,5,6,11|13,3,2,14,5,6,12|13,3,2,14,5,11|13,3,2,14,5,12|13,3,2,14,6,5,11|13,3,2,14,6,5,12|13,3,2,14,6,11|13,3,2,14,6,12|13,3,2,14,7|13,3,2,14,11|13,3,2,14,12|13,3,4,2,7|13,3,4,2,14,5,6,11|13,3,4,2,14,5,6,12|13,3,4,2,14,5,11|13,3,4,2,14,5,12|13,3,4,2,14,6,5,11|13,3,4,2,14,6,5,12|13,3,4,2,14,6,11|13,3,4,2,14,6,12|13,3,4,2,14,7|13,3,4,2,14,11|13,3,4,2,14,12|13,3,4,7|13,3,4,14,2,7|13,3,4,14,5,6,11|13,3,4,14,5,6,12|13,3,4,14,5,11|13,3,4,14,5,12|13,3,4,14,6,5,11|13,3,4,14,6,5,12|13,3,4,14,6,11|13,3,4,14,6,12|13,3,4,14,7|13,3,4,14,11|13,3,4,14,12|13,3,7|13,3,14,2,4,7|13,3,14,2,7|13,3,14,4,2,7|13,3,14,4,7|13,3,14,5,6,11|13,3,14,5,6,12|13,3,14,5,11|13,3,14,5,12|13,3,14,6,5,11|13,3,14,6,5,12|13,3,14,6,11|13,3,14,6,12|13,3,14,7|13,3,14,11|13,3,14,12|13,4,2,3,7|13,4,2,3,14,5,6,11|13,4,2,3,14,5,6,12|13,4,2,3,14,5,11|13,4,2,3,14,5,12|13,4,2,3,14,6,5,11|13,4,2,3,14,6,5,12|13,4,2,3,14,6,11|13,4,2,3,14,6,12|13,4,2,3,14,7|13,4,2,3,14,11|13,4,2,3,14,12|13,4,2,7|13,4,2,14,3,7|13,4,2,14,5,6,11|13,4,2,14,5,6,12|13,4,2,14,5,11|13,4,2,14,5,12|13,4,2,14,6,5,11|13,4,2,14,6,5,12|13,4,2,14,6,11|13,4,2,14,6,12|13,4,2,14,7|13,4,2,14,11|13,4,2,14,12|13,4,3,2,7|13,4,3,2,14,5,6,11|13,4,3,2,14,5,6,12|13,4,3,2,14,5,11|13,4,3,2,14,5,12|13,4,3,2,14,6,5,11|13,4,3,2,14,6,5,12|13,4,3,2,14,6,11|13,4,3,2,14,6,12|13,4,3,2,14,7|13,4,3,2,14,11|13,4,3,2,14,12|13,4,3,7|13,4,3,14,2,7|13,4,3,14,5,6,11|13,4,3,14,5,6,12|13,4,3,14,5,11|13,4,3,14,5,12|13,4,3,14,6,5,11|13,4,3,14,6,5,12|13,4,3,14,6,11|13,4,3,14,6,12|13,4,3,14,7|13,4,3,14,11|13,4,3,14,12|13,4,7|13,4,14,2,3,7|13,4,14,2,7|13,4,14,3,2,7|13,4,14,3,7|13,4,14,5,6,11|13,4,14,5,6,12|13,4,14,5,11|13,4,14,5,12|13,4,14,6,5,11|13,4,14,6,5,12|13,4,14,6,11|13,4,14,6,12|13,4,14,7|13,4,14,11|13,4,14,12|13,5,6,11|13,5,6,12|13,5,6,14,2,3,4,7|13,5,6,14,2,3,7|13,5,6,14,2,4,3,7|13,5,6,14,2,4,7|13,5,6,14,2,7|13,5,6,14,3,2,4,7|13,5,6,14,3,2,7|13,5,6,14,3,4,2,7|13,5,6,14,3,4,7|13,5,6,14,3,7|13,5,6,14,4,2,3,7|13,5,6,14,4,2,7|13,5,6,14,4,3,2,7|13,5,6,14,4,3,7|13,5,6,14,4,7|13,5,6,14,7|13,5,6,14,11|13,5,6,14,12|13,5,11|13,5,12|13,5,14,2,3,4,7|13,5,14,2,3,7|13,5,14,2,4,3,7|13,5,14,2,4,7|13,5,14,2,7|13,5,14,3,2,4,7|13,5,14,3,2,7|13,5,14,3,4,2,7|13,5,14,3,4,7|13,5,14,3,7|13,5,14,4,2,3,7|13,5,14,4,2,7|13,5,14,4,3,2,7|13,5,14,4,3,7|13,5,14,4,7|13,5,14,6,11|13,5,14,6,12|13,5,14,7|13,5,14,11|13,5,14,12|13,7|13,11|13,12|14,2,3,4,7|14,2,3,4,13,5,6,11|14,2,3,4,13,5,6,12|14,2,3,4,13,5,11|14,2,3,4,13,5,12|14,2,3,4,13,7|14,2,3,4,13,11|14,2,3,4,13,12|14,2,3,7|14,2,3,13,4,7|14,2,3,13,5,6,11|14,2,3,13,5,6,12|14,2,3,13,5,11|14,2,3,13,5,12|14,2,3,13,7|14,2,3,13,11|14,2,3,13,12|14,2,4,3,7|14,2,4,3,13,5,6,11|14,2,4,3,13,5,6,12|14,2,4,3,13,5,11|14,2,4,3,13,5,12|14,2,4,3,13,7|14,2,4,3,13,11|14,2,4,3,13,12|14,2,4,7|14,2,4,13,3,7|14,2,4,13,5,6,11|14,2,4,13,5,6,12|14,2,4,13,5,11|14,2,4,13,5,12|14,2,4,13,7|14,2,4,13,11|14,2,4,13,12|14,2,7|14,2,13,3,4,7|14,2,13,3,7|14,2,13,4,3,7|14,2,13,4,7|14,2,13,5,6,11|14,2,13,5,6,12|14,2,13,5,11|14,2,13,5,12|14,2,13,7|14,2,13,11|14,2,13,12|14,3,2,4,7|14,3,2,4,13,5,6,11|14,3,2,4,13,5,6,12|14,3,2,4,13,5,11|14,3,2,4,13,5,12|14,3,2,4,13,7|14,3,2,4,13,11|14,3,2,4,13,12|14,3,2,7|14,3,2,13,4,7|14,3,2,13,5,6,11|14,3,2,13,5,6,12|14,3,2,13,5,11|14,3,2,13,5,12|14,3,2,13,7|14,3,2,13,11|14,3,2,13,12|14,3,4,2,7|14,3,4,2,13,5,6,11|14,3,4,2,13,5,6,12|14,3,4,2,13,5,11|14,3,4,2,13,5,12|14,3,4,2,13,7|14,3,4,2,13,11|14,3,4,2,13,12|14,3,4,7|14,3,4,13,2,7|14,3,4,13,5,6,11|14,3,4,13,5,6,12|14,3,4,13,5,11|14,3,4,13,5,12|14,3,4,13,7|14,3,4,13,11|14,3,4,13,12|14,3,7|14,3,13,2,4,7|14,3,13,2,7|14,3,13,4,2,7|14,3,13,4,7|14,3,13,5,6,11|14,3,13,5,6,12|14,3,13,5,11|14,3,13,5,12|14,3,13,7|14,3,13,11|14,3,13,12|14,4,2,3,7|14,4,2,3,13,5,6,11|14,4,2,3,13,5,6,12|14,4,2,3,13,5,11|14,4,2,3,13,5,12|14,4,2,3,13,7|14,4,2,3,13,11|14,4,2,3,13,12|14,4,2,7|14,4,2,13,3,7|14,4,2,13,5,6,11|14,4,2,13,5,6,12|14,4,2,13,5,11|14,4,2,13,5,12|14,4,2,13,7|14,4,2,13,11|14,4,2,13,12|14,4,3,2,7|14,4,3,2,13,5,6,11|14,4,3,2,13,5,6,12|14,4,3,2,13,5,11|14,4,3,2,13,5,12|14,4,3,2,13,7|14,4,3,2,13,11|14,4,3,2,13,12|14,4,3,7|14,4,3,13,2,7|14,4,3,13,5,6,11|14,4,3,13,5,6,12|14,4,3,13,5,11|14,4,3,13,5,12|14,4,3,13,7|14,4,3,13,11|14,4,3,13,12|14,4,7|14,4,13,2,3,7|14,4,13,2,7|14,4,13,3,2,7|14,4,13,3,7|14,4,13,5,6,11|14,4,13,5,6,12|14,4,13,5,11|14,4,13,5,12|14,4,13,7|14,4,13,11|14,4,13,12|14,5,6,11|14,5,6,12|14,5,11|14,5,12|14,5,13,2,3,4,7|14,5,13,2,3,7|14,5,13,2,4,3,7|14,5,13,2,4,7|14,5,13,2,7|14,5,13,3,2,4,7|14,5,13,3,2,7|14,5,13,3,4,2,7|14,5,13,3,4,7|14,5,13,3,7|14,5,13,4,2,3,7|14,5,13,4,2,7|14,5,13,4,3,2,7|14,5,13,4,3,7|14,5,13,4,7|14,5,13,7|14,5,13,11|14,5,13,12|14,6,5,11|14,6,5,12|14,6,5,13,2,3,4,7|14,6,5,13,2,3,7|14,6,5,13,2,4,3,7|14,6,5,13,2,4,7|14,6,5,13,2,7|14,6,5,13,3,2,4,7|14,6,5,13,3,2,7|14,6,5,13,3,4,2,7|14,6,5,13,3,4,7|14,6,5,13,3,7|14,6,5,13,4,2,3,7|14,6,5,13,4,2,7|14,6,5,13,4,3,2,7|14,6,5,13,4,3,7|14,6,5,13,4,7|14,6,5,13,7|14,6,5,13,11|14,6,5,13,12|14,6,11|14,6,12|14,7|14,11|14,12
13,3,4,2,10|13,3,4,7|13,3,4,14,6,11|13,3,4,14,6,12|13,3,4,14,7|13,3,4,14,11|13,3,4,14,12|13,3,7|13,3,14,4,2,10|13,3,14,4,7|13,3,14,6,11|13,3,14,6,12|13,3,14,7|13,3,14,11|13,3,14,12|13,4,2,10|13,4,3,7|13,4,3,14,6,11|13,4,3,14,6,12|13,4,3,14,7|13,4,3,14,11|13,4,3,14,12|13,4,7|13,4,14,3,7|13,4,14,6,11|13,4,14,6,12|13,4,14,7|13,4,14,11|13,4,14,12|13,7|13,11|13,12|14,3,4,2,10|14,3,4,7|14,3,4,13,7|14,3,4,13,11|14,3,4,13,12|14,3,7|14,3,13,4,2,10|14,3,13,4,7|14,3,13,7|14,3,13,11|14,3,13,12|14,4,2,10|14,4,3,7|14,4,3,13,7|14,4,3,13,11|14,4,3,13,12|14,4,7|14,4,13,3,7|14,4,13,7|14,4,13,11|14,4,13,12|14,6,11|14,6,12|14,7|14,11|14,12
13,2,10|13,2,14,5,11|13,2,14,5,12|13,2,14,10|13,2,14,11|13,2,14,12|13,5,11|13,5,12|13,5,14,2,10|13,5,14,10|13,5,14,11|13,5,14,12|13,7|13,10|13,11|13,12|14,2,10|14,2,13,5,11|14,2,13,5,12|14,2,13,7|14,2,13,10|14,2,13,11|14,2,13,12|14,5,11|14,5,12|14,5,13,2,10|14,5,13,7|14,5,13,10|14,5,13,11|14,5,13,12|14,10|14,11|14,12
13,2,14,10|13,2,14,11|13,2,14,12|13,10|13,11|13,12|14,2,13,10|14,2,13,11|14,2,13,12|14,10|14,11|14,12
13,2,3,7|13,2,4,3,7|13,2,7|13,2,14,5,6,11|13,2,14,5,6,12|13,2,14,5,11|13,2,14,5,12|13,2,14,10|13,2,14,11|13,2,14,12|13,5,6,11|13,5,6,12|13,5,11|13,5,12|13,5,14,2,3,7|13,5,14,2,4,3,7|13,5,14,2,7|13,5,14,10|13,5,14,11|13,5,14,12|13,6,5,11|13,6,5,12|13,6,5,14,2,3,7|13,6,5,14,2,4,3,7|13,6,5,14,2,7|13,6,5,14,10|13,6,5,14,11|13,6,5,14,12|13,6,11|13,6,12|13,10|13,11|13,12|14,2,3,7|14,2,4,3,7|14,2,7|14,2,13,5,6,11|14,2,13,5,6,12|14,2,13,5,11|14,2,13,5,12|14,2,13,6,5,11|14,2,13,6,5,12|14,2,13,6,11|14,2,13,6,12|14,2,13,10|14,2,13,11|14,2,13,12|14,5,6,11|14,5,6,12|14,5,6,13,2,3,7|14,5,6,13,2,4,3,7|14,5,6,13,2,7|14,5,6,13,10|14,5,6,13,11|14,5,6,13,12|14,5,11|14,5,12|14,5,13,2,3,7|14,5,13,2,4,3,7|14,5,13,2,7|14,5,13,6,11|14,5,13,6,12|14,5,13,10|14,5,13,11|14,5,13,12|14,10|14,11|14,12
13,6,9|13,6,11|13,9|13,10|13,11|14,4,2,3,7|14,4,2,7|14,4,3,2,7|14,4,3,7|14,9|14,10|14,11
13,2,4,3,7|13,2,4,14,5,6,9|13,2,4,14,5,6,11|13,2,4,14,5,9|13,2,4,14,5,11|13,2,4,14,6,5,9|13,2,4,14,6,5,11|13,2,4,14,6,9|13,2,4,14,6,11|13,2,4,14,9|13,2,4,14,10|13,2,4,14,11|13,2,10|13,2,14,4,3,7|13,2,14,5,6,9|13,2,14,5,6,11|13,2,14,5,9|13,2,14,5,11|13,2,14,6,5,9|13,2,14,6,5,11|13,2,14,6,9|13,2,14,6,11|13,2,14,9|13,2,14,10|13,2,14,11|13,4,2,10|13,4,2,14,5,6,9|13,4,2,14,5,6,11|13,4,2,14,5,9|13,4,2,14,5,11|13,4,2,14,6,5,9|13,4,2,14,6,5,11|13,4,2,14,6,9|13,4,2,14,6,11|13,4,2,14,9|13,4,2,14,10|13,4,2,14,11|13,4,3,7|13,4,14,2,10|13,4,14,5,6,9|13,4,14,5,6,11|13,4,14,5,9|13,4,14,5,11|13,4,14,6,5,9|13,4,14,6,5,11|13,4,14,6,9|13,4,14,6,11|13,4,14,9|13,4,14,10|13,4,14,11|13,5,6,9|13,5,6,11|13,5,6,14,2,4,3,7|13,5,6,14,2,10|13,5,6,14,4,2,10|13,5,6,14,4,3,7|13,5,6,14,9|13,5,6,14,10|13,5,6,14,11|13,5,9|13,5,11|13,5,14,2,4,3,7|13,5,14,2,10|13,5,14,4,2,10|13,5,14,4,3,7|13,5,14,6,9|13,5,14,6,11|13,5,14,9|13,5,14,10|13,5,14,11|13,6,5,9|13,6,5,11|13,6,5,14,2,4,3,7|13,6,5,14,2,10|13,6,5,14,4,2,10|13,6,5,14,4,3,7|13,6,5,14,9|13,6,5,14,10|13,6,5,14,11|13,6,9|13,6,11|13,6,14,2,4,3,7|13,6,14,2,10|13,6,14,4,2,10|13,6,14,4,3,7|13,6,14,5,9|13,6,14,5,11|13,6,14,9|13,6,14,10|13,6,14,11|13,9|13,10|13,11|14,2,4,3,7|14,2,4,13,5,6,9|14,2,4,13,5,6,11|14,2,4,13,5,9|14,2,4,13,5,11|14,2,4,13,6,5,9|14,2,4,13,6,5,11|14,2,4,13,6,9|14,2,4,13,6,11|14,2,4,13,9|14,2,4,13,10|14,2,4,13,11|14,2,10|14,2,13,4,3,7|14,2,13,5,6,9|14,2,13,5,6,11|14,2,13,5,9|14,2,13,5,11|14,2,13,6,5,9|14,2,13,6,5,11|14,2,13,6,9|14,2,13,6,11|14,2,13,9|14,2,13,10|14,2,13,11|14,4,2,10|14,4,2,13,5,6,9|14,4,2,13,5,6,11|14,4,2,13,5,9|14,4,2,13,5,11|14,4,2,13,6,5,9|14,4,2,13,6,5,11|14,4,2,13,6,9|14,4,2,13,6,11|14,4,2,13,9|14,4,2,13,10|14,4,2,13,11|14,4,3,7|14,4,13,2,10|14,4,13,5,6,9|14,4,13,5,6,11|14,4,13,5,9|14,4,13,5,11|14,4,13,6,5,9|14,4,13,6,5,11|14,4,13,6,9|14,4,13,6,11|14,4,13,9|14,4,13,10|14,4,13,11|14,5,6,9|14,5,6,11|14,5,6,13,2,4,3,7|14,5,6,13,2,10|14,5,6,13,4,2,10|14,5,6,13,4,3,7|14,5,6,13,9|14,5,6,13,10|14,5,6,13,11|14,5,9|14,5,11|14,5,13,2,4,3,7|14,5,13,2,10|14,5,13,4,2,10|14,5,13,4,3,7|14,5,13,6,9|14,5,13,6,11|14,5,13,9|14,5,13,10|14,5,13,11|14,6,5,9|14,6,5,11|14,6,5,13,2,4,3,7|14,6,5,13,2,10|14,6,5,13,4,2,10|14,6,5,13,4,3,7|14,6,5,13,9|14,6,5,13,10|14,6,5,13,11|14,6,9|14,6,11|14,6,13,2,4,3,7|14,6,13,2,10|14,6,13,4,2,10|14,6,13,4,3,7|14,6,13,5,9|14,6,13,5,11|14,6,13,9|14,6,13,10|14,6,13,11|14,9|14,10|14,11
13,2,4,14,6,9|13,2,4,14,6,11|13,2,4,14,9|13,2,4,14,10|13,2,4,14,11|13,2,10|13,2,14,6,9|13,2,14,6,11|13,2,14,9|13,2,14,10|13,2,14,11|13,4,2,10|13,4,2,14,6,9|13,4,2,14,6,11|13,4,2,14,9|13,4,2,14,10|13,4,2,14,11|13,4,14,2,10|13,4,14,6,9|13,4,14,6,11|13,4,14,9|13,4,14,10|13,4,14,11|13,6,9|13,6,11|13,6,14,2,10|13,6,14,4,2,10|13,6,14,9|13,6,14,10|13,6,14,11|13,9|13,10|13,11|14,2,4,13,6,9|14,2,4,13,6,11|14,2,4,13,9|14,2,4,13,10|14,2,4,13,11|14,2,10|14,2,13,6,9|14,2,13,6,11|14,2,13,9|14,2,13,10|14,2,13,11|14,4,2,10|14,4,2,13,6,9|14,4,2,13,6,11|14,4,2,13,9|14,4,2,13,10|14,4,2,13,11|14,4,13,2,10|14,4,13,6,9|14,4,13,6,11|14,4,13,9|14,4,13,10|14,4,13,11|14,6,9|14,6,11|14,6,13,2,10|14,6,13,4,2,10|14,6,13,9|14,6,13,10|14,6,13,11|14,9|14,10|14,11
13,2,10|13,2,14,5,6,8|13,2,14,5,6,9|13,2,14,5,8|13,2,14,5,9|13,2,14,6,5,8|13,2,14,6,5,9|13,2,14,6,8|13,2,14,6,9|13,2,14,8|13,2,14,9|13,2,14,10|13,4,14,2,10|13,4,14,5,6,8|13,4,14,5,6,9|13,4,14,5,8|13,4,14,5,9|13,4,14,6,5,8|13,4,14,6,5,9|13,4,14,6,8|13,4,14,6,9|13,4,14,8|13,4,14,9|13,4,14,10|13,5,6,8|13,5,6,9|13,5,6,14,2,10|13,5,6,14,8|13,5,6,14,9|13,5,6,14,10|13,5,8|13,5,9|13,5,14,2,10|13,5,14,6,8|13,5,14,6,9|13,5,14,8|13,5,14,9|13,5,14,10|13,8|13,9|13,10|14,2,10|14,2,13,5,6,8|14,2,13,5,6,9|14,2,13,5,8|14,2,13,5,9|14,2,13,8|14,2,13,9|14,2,13,10|14,4,13,2,10|14,4,13,5,6,8|14,4,13,5,6,9|14,4,13,5,8|14,4,13,5,9|14,4,13,8|14,4,13,9|14,4,13,10|14,5,6,8|14,5,6,9|14,5,8|14,5,9|14,5,13,2,10|14,5,13,8|14,5,13,9|14,5,13,10|14,6,5,8|14,6,5,9|14,6,5,13,2,10|14,6,5,13,8|14,6,5,13,9|14,6,5,13,10|14,6,8|14,6,9|14,8|14,9|14,10
13,3,2,7|13,3,7|13,3,14,6,8|13,3,14,6,9|13,3,14,8|13,3,14,9|13,3,14,10|13,4,14,3,2,7|13,4,14,3,7|13,4,14,6,8|13,4,14,6,9|13,4,14,8|13,4,14,9|13,4,14,10|13,8|13,9|13,10|14,3,2,7|14,3,7|14,3,13,8|14,3,13,9|14,3,13,10|14,4,13,3,2,7|14,4,13,3,7|14,4,13,8|14,4,13,9|14,4,13,10|14,6,8|14,6,9|14,8|14,9|14,10
13,2,3,7|13,2,3,14,5,8|13,2,3,14,5,9|13,2,3,14,7|13,2,3,14,8|13,2,3,14,9|13,2,4,14,3,7|13,2,4,14,5,8|13,2,4,14,5,9|13,2,4,14,7|13,2,4,14,8|13,2,4,14,9|13,2,7|13,2,14,3,7|13,2,14,5,8|13,2,14,5,9|13,2,14,7|13,2,14,8|13,2,14,9|13,3,2,4,14,5,8|13,3,2,4,14,5,9|13,3,2,4,14,7|13,3,2,4,14,8|13,3,2,4,14,9|13,3,2,7|13,3,2,14,5,8|13,3,2,14,5,9|13,3,2,14,7|13,3,2,14,8|13,3,2,14,9|13,3,7|13,3,14,2,7|13,3,14,4,2,7|13,3,14,5,8|13,3,14,5,9|13,3,14,7|13,3,14,8|13,3,14,9|13,4,2,3,7|13,4,2,3,14,5,8|13,4,2,3,14,5,9|13,4,2,3,14,7|13,4,2,3,14,8|13,4,2,3,14,9|13,4,2,7|13,4,2,14,3,7|13,4,2,14,5,8|13,4,2,14,5,9|13,4,2,14,7|13,4,2,14,8|13,4,2,14,9|13,4,14,2,3,7|13,4,14,2,7|13,4,14,3,2,7|13,4,14,3,7|13,4,14,5,8|13,4,14,5,9|13,4,14,7|13,4,14,8|13,4,14,9|13,5,8|13,5,9|13,5,14,2,3,7|13,5,14,2,7|13,5,14,3,2,7|13,5,14,3,7|13,5,14,4,2,3,7|13,5,14,4,2,7|13,5,14,7|13,5,14,8|13,5,14,9|13,7|13,8|13,9|13,10|14,2,3,7|14,2,3,13,5,8|14,2,3,13,5,9|14,2,3,13,7|14,2,3,13,8|14,2,3,13,9|14,2,3,13,10|14,2,4,13,3,7|14,2,4,13,5,8|14,2,4,13,5,9|14,2,4,13,7|14,2,4,13,8|14,2,4,13,9|14,2,4,13,10|14,2,7|14,2,13,3,7|14,2,13,5,8|14,2,13,5,9|14,2,13,7|14,2,13,8|14,2,13,9|14,2,13,10|14,3,2,4,13,5,8|14,3,2,4,13,5,9|14,3,2,4,13,7|14,3,2,4,13,8|14,3,2,4,13,9|14,3,2,4,13,10|14,3,2,7|14,3,2,13,5,8|14,3,2,13,5,9|14,3,2,13,7|14,3,2,13,8|14,3,2,13,9|14,3,2,13,10|14,3,7|14,3,13,2,7|14,3,13,4,2,7|14,3,13,5,8|14,3,13,5,9|14,3,13,7|14,3,13,8|14,3,13,9|14,3,13,10|14,4,2,3,7|14,4,2,3,13,5,8|14,4,2,3,13,5,9|14,4,2,3,13,7|14,4,2,3,13,8|14,4,2,3,13,9|14,4,2,3,13,10|14,4,2,7|14,4,2,13,3,7|14,4,2,13,5,8|14,4,2,13,5,9|14,4,2,13,7|14,4,2,13,8|14,4,2,13,9|14,4,2,13,10|14,4,13,2,3,7|14,4,13,2,7|14,4,13,3,2,7|14,4,13,3,7|14,4,13,5,8|14,4,13,5,9|14,4,13,7|14,4,13,8|14,4,13,9|14,4,13,10|14,5,8|14,5,9|14,5,13,2,3,7|14,5,13,2,7|14,5,13,3,2,7|14,5,13,3,7|14,5,13,4,2,3,7|14,5,13,4,2,7|14,5,13,7|14,5,13,8|14,5,13,9|14,5,13,10|14,7|14,8|14,9
13,2,4,14,3,7|13,2,4,14,7|13,2,4,14,8|13,2,4,14,9|13,2,14,3,7|13,2,14,7|13,2,14,8|13,2,14,9|13,3,7|13,3,14,7|13,3,14,8|13,3,14,9|13,4,2,14,3,7|13,4,2,14,7|13,4,2,14,8|13,4,2,14,9|13,4,14,3,7|13,4,14,7|13,4,14,8|13,4,14,9|13,7|13,8|13,9|14,2,4,13,3,7|14,2,4,13,7|14,2,4,13,8|14,2,4,13,9|14,2,13,3,7|14,2,13,7|14,2,13,8|14,2,13,9|14,3,7|14,3,13,7|14,3,13,8|14,3,13,9|14,4,2,13,3,7|14,4,2,13,7|14,4,2,13,8|14,4,2,13,9|14,4,13,3,7|14,4,13,7|14,4,13,8|14,4,13,9|14,7|14,8|14,9
13,2,4,10|13,2,4,14,3,7|13,2,4,14,5,6,8|13,2,4,14,5,6,9|13,2,4,14,5,8|13,2,4,14,5,9|13,2,4,14,7|13,2,4,14,8|13,2,4,14,9|13,2,10|13,2,14,3,7|13,2,14,4,10|13,2,14,5,6,8|13,2,14,5,6,9|13,2,14,5,8|13,2,14,5,9|13,2,14,7|13,2,14,8|13,2,14,9|13,3,7|13,3,14,2,4,10|13,3,14,2,10|13,3,14,4,2,10|13,3,14,4,10|13,3,14,5,6,8|13,3,14,5,6,9|13,3,14,5,8|13,3,14,5,9|13,3,14,7|13,3,14,8|13,3,14,9|13,4,2,10|13,4,2,14,3,7|13,4,2,14,5,6,8|13,4,2,14,5,6,9|13,4,2,14,5,8|13,4,2,14,5,9|13,4,2,14,7|13,4,2,14,8|13,4,2,14,9|13,4,10|13,4,14,2,10|13,4,14,3,7|13,4,14,5,6,8|13,4,14,5,6,9|13,4,14,5,8|13,4,14,5,9|13,4,14,7|13,4,14,8|13,4,14,9|13,5,6,8|13,5,6,9|13,5,8|13,5,9|13,5,14,2,4,10|13,5,14,2,10|13,5,14,3,7|13,5,14,4,2,10|13,5,14,4,10|13,5,14,7|13,5,14,8|13,5,14,9|13,6,5,8|13,6,5,9|13,6,5,14,2,4,10|13,6,5,14,2,10|13,6,5,14,3,7|13,6,5,14,4,2,10|13,6,5,14,4,10|13,6,5,14,7|13,6,5,14,8|13,6,5,14,9|13,6,8|13,6,9|13,7|13,8|13,9|14,2,4,10|14,2,4,13,3,7|14,2,4,13,5,6,8|14,2,4,13,5,6,9|14,2,4,13,5,8|14,2,4,13,5,9|14,2,4,13,6,5,8|14,2,4,13,6,5,9|14,2,4,13,6,8|14,2,4,13,6,9|14,2,4,13,7|14,2,4,13,8|14,2,4,13,9|14,2,10|14,2,13,3,7|14,2,13,4,10|14,2,13,5,6,8|14,2,13,5,6,9|14,2,13,5,8|14,2,13,5,9|14,2,13,6,5,8|14,2,13,6,5,9|14,2,13,6,8|14,2,13,6,9|14,2,13,7|14,2,13,8|14,2,13,9|14,3,7|14,3,13,2,4,10|14,3,13,2,10|14,3,13,4,2,10|14,3,13,4,10|14,3,13,5,6,8|14,3,13,5,6,9|14,3,13,5,8|14,3,13,5,9|14,3,13,6,5,8|14,3,13,6,5,9|14,3,13,6,8|14,3,13,6,9|14,3,13,7|14,3,13,8|14,3,13,9|14,4,2,10|14,4,2,13,3,7|14,4,2,13,5,6,8|14,4,2,13,5,6,9|14,4,2,13,5,8|14,4,2,13,5,9|14,4,2,13,6,5,8|14,4,2,13,6,5,9|14,4,2,13,6,8|14,4,2,13,6,9|14,4,2,13,7|14,4,2,13,8|14,4,2,13,9|14,4,10|14,4,13,2,10|14,4,13,3,7|14,4,13,5,6,8|14,4,13,5,6,9|14,4,13,5,8|14,4,13,5,9|14,4,13,6,5,8|14,4,13,6,5,9|14,4,13,6,8|14,4,13,6,9|14,4,13,7|14,4,13,8|14,4,13,9|14,5,6,8|14,5,6,9|14,5,6,13,2,4,10|14,5,6,13,2,10|14,5,6,13,3,7|14,5,6,13,4,2,10|14,5,6,13,4,10|14,5,6,13,7|14,5,6,13,8|14,5,6,13,9|14,5,8|14,5,9|14,5,13,2,4,10|14,5,13,2,10|14,5,13,3,7|14,5,13,4,2,10|14,5,13,4,10|14,5,13,6,8|14,5,13,6,9|14,5,13,7|14,5,13,8|14,5,13,9|14,7|14,8|14,9
13,3,7|13,3,14,4,2,10|13,3,14,4,10|13,3,14,7|13,3,14,8|13,3,14,12|13,4,2,10|13,4,10|13,4,14,3,7|13,4,14,7|13,4,14,8|13,4,14,12|13,6,8|13,6,12|13,7|13,8|13,12|14,3,7|14,3,13,4,2,10|14,3,13,4,10|14,3,13,6,8|14,3,13,6,12|14,3,13,7|14,3,13,8|14,3,13,12|14,4,2,10|14,4,10|14,4,13,3,7|14,4,13,6,8|14,4,13,6,12|14,4,13,7|14,4,13,8|14,4,13,12|14,7|14,8|14,12
13,2,3,7|13,2,3,14,5,6,8|13,2,3,14,5,6,12|13,2,3,14,5,8|13,2,3,14,5,12|13,2,3,14,6,5,8|13,2,3,14,6,5,12|13,2,3,14,6,8|13,2,3,14,6,12|13,2,3,14,7|13,2,3,14,8|13,2,3,14,12|13,2,7|13,2,14,3,7|13,2,14,5,6,8|13,2,14,5,6,12|13,2,14,5,8|13,2,14,5,12|13,2,14,6,5,8|13,2,14,6,5,12|13,2,14,6,8|13,2,14,6,12|13,2,14,7|13,2,14,8|13,2,14,12|13,3,2,7|13,3,2,14,5,6,8|13,3,2,14,5,6,12|13,3,2,14,5,8|13,3,2,14,5,12|13,3,2,14,6,5,8|13,3,2,14,6,5,12|13,3,2,14,6,8|13,3,2,14,6,12|13,3,2,14,7|13,3,2,14,8|13,3,2,14,12|13,3,7|13,3,14,2,7|13,3,14,5,6,8|13,3,14,5,6,12|13,3,14,5,8|13,3,14,5,12|13,3,14,6,5,8|13,3,14,6,5,12|13,3,14,6,8|13,3,14,6,12|13,3,14,7|13,3,14,8|13,3,14,12|13,5,6,8|13,5,6,12|13,5,6,14,2,3,7|13,5,6,14,2,7|13,5,6,14,3,2,7|13,5,6,14,3,7|13,5,6,14,7|13,5,6,14,8|13,5,6,14,12|13,5,8|13,5,12|13,5,14,2,3,7|13,5,14,2,7|13,5,14,3,2,7|13,5,14,3,7|13,5,14,6,8|13,5,14,6,12|13,5,14,7|13,5,14,8|13,5,14,12|13,6,5,8|13,6,5,12|13,6,5,14,2,3,7|13,6,5,14,2,7|13,6,5,14,3,2,7|13,6,5,14,3,7|13,6,5,14,7|13,6,5,14,8|13,6,5,14,12|13,6,8|13,6,12|13,6,14,2,3,7|13,6,14,2,7|13,6,14,3,2,7|13,6,14,3,7|13,6,14,5,8|13,6,14,5,12|13,6,14,7|13,6,14,8|13,6,14,12|13,7|13,8|13,12|14,2,3,7|14,2,3,13,5,6,8|14,2,3,13,5,6,12|14,2,3,13,5,8|14,2,3,13,5,12|14,2,3,13,6,5,8|14,2,3,13,6,5,12|14,2,3,13,6,8|14,2,3,13,6,12|14,2,3,13,7|14,2,3,13,8|14,2,3,13,12|14,2,7|14,2,13,3,7|14,2,13,5,6,8|14,2,13,5,6,12|14,2,13,5,8|14,2,13,5,12|14,2,13,6,5,8|14,2,13,6,5,12|14,2,13,6,8|14,2,13,6,12|14,2,13,7|14,2,13,8|14,2,13,12|14,3,2,7|14,3,2,13,5,6,8|14,3,2,13,5,6,12|14,3,2,13,5,8|14,3,2,13,5,12|14,3,2,13,6,5,8|14,3,2,13,6,5,12|14,3,2,13,6,8|14,3,2,13,6,12|14,3,2,13,7|14,3,2,13,8|14,3,2,13,12|14,3,7|14,3,13,2,7|14,3,13,5,6,8|14,3,13,5,6,12|14,3,13,5,8|14,3,13,5,12|14,3,13,6,5,8|14,3,13,6,5,12|14,3,13,6,8|14,3,13,6,12|14,3,13,7|14,3,13,8|14,3,13,12|14,5,6,8|14,5,6,12|14,5,6,13,2,3,7|14,5,6,13,2,7|14,5,6,13,3,2,7|14,5,6,13,3,7|14,5,6,13,7|14,5,6,13,8|14,5,6,13,12|14,5,8|14,5,12|14,5,13,2,3,7|14,5,13,2,7|14,5,13,3,2,7|14,5,13,3,7|14,5,13,6,8|14,5,13,6,12|14,5,13,7|14,5,13,8|14,5,13,12|14,6,5,8|14,6,5,12|14,6,5,13,2,3,7|14,6,5,13,2,7|14,6,5,13,3,2,7|14,6,5,13,3,7|14,6,5,13,7|14,6,5,13,8|14,6,5,13,12|14,6,8|14,6,12|14,6,13,2,3,7|14,6,13,2,7|14,6,13,3,2,7|14,6,13,3,7|14,6,13,5,8|14,6,13,5,12|14,6,13,7|14,6,13,8|14,6,13,12|14,7|14,8|14,12
13,2,3,7|13,2,3,14,6,8|13,2,3,14,6,12|13,2,3,14,7|13,2,3,14,8|13,2,3,14,12|13,2,7|13,2,14,3,7|13,2,14,6,8|13,2,14,6,12|13,2,14,7|13,2,14,8|13,2,14,12|13,3,2,7|13,3,2,14,6,8|13,3,2,14,6,12|13,3,2,14,7|13,3,2,14,8|13,3,2,14,12|13,3,7|13,3,14,2,7|13,3,14,6,8|13,3,14,6,12|13,3,14,7|13,3,14,8|13,3,14,12|13,6,8|13,6,12|13,6,14,2,3,7|13,6,14,2,7|13,6,14,3,2,7|13,6,14,3,7|13,6,14,7|13,6,14,8|13,6,14,12|13,7|13,8|13,12|14,2,3,7|14,2,3,13,6,8|14,2,3,13,6,12|14,2,3,13,7|14,2,3,13,8|14,2,3,13,12|14,2,7|14,2,13,3,7|14,2,13,6,8|14,2,13,6,12|14,2,13,7|14,2,13,8|14,2,13,12|14,3,2,7|14,3,2,13,6,8|14,3,2,13,6,12|14,3,2,13,7|14,3,2,13,8|14,3,2,13,12|14,3,7|14,3,13,2,7|14,3,13,6,8|14,3,13,6,12|14,3,13,7|14,3,13,8|14,3,13,12|14,6,8|14,6,12|14,6,13,2,3,7|14,6,13,2,7|14,6,13,3,2,7|14,6,13,3,7|14,6,13,7|14,6,13,8|14,6,13,12|14,7|14,8|14,12
13,2,4,10|13,2,7|13,2,14,3,7|13,2,14,5,6,11|13,2,14,5,6,12|13,2,14,5,11|13,2,14,5,12|13,2,14,6,5,11|13,2,14,6,5,12|13,2,14,6,11|13,2,14,6,12|13,2,14,7|13,2,14,11|13,2,14,12|13,3,7|13,3,14,2,4,10|13,3,14,2,7|13,3,14,5,6,11|13,3,14,5,6,12|13,3,14,5,11|13,3,14,5,12|13,3,14,6,5,11|13,3,14,6,5,12|13,3,14,6,11|13,3,14,6,12|13,3,14,7|13,3,14,11|13,3,14,12|13,5,6,11|13,5,6,12|13,5,6,14,2,4,10|13,5,6,14,2,7|13,5,6,14,3,7|13,5,6,14,7|13,5,6,14,11|13,5,6,14,12|13,5,11|13,5,12|13,5,14,2,4,10|13,5,14,2,7|13,5,14,3,7|13,5,14,6,11|13,5,14,6,12|13,5,14,7|13,5,14,11|13,5,14,12|13,7|13,11|13,12|14,2,4,10|14,2,7|14,2,13,3,7|14,2,13,5,6,11|14,2,13,5,6,12|14,2,13,5,11|14,2,13,5,12|14,2,13,7|14,2,13,11|14,2,13,12|14,3,7|14,3,13,2,4,10|14,3,13,2,7|14,3,13,5,6,11|14,3,13,5,6,12|14,3,13,5,11|14,3,13,5,12|14,3,13,7|14,3,13,11|14,3,13,12|14,5,6,11|14,5,6,12|14,5,11|14,5,12|14,5,13,2,4,10|14,5,13,2,7|14,5,13,3,7|14,5,13,7|14,5,13,11|14,5,13,12|14,6,5,11|14,6,5,12|14,6,5,13,2,4,10|14,6,5,13,2,7|14,6,5,13,3,7|14,6,5,13,7|14,6,5,13,11|14,6,5,13,12|14,6,11|14,6,12|14,7|14,11|14,12
13,3,7|13,3,14,4,2,10|13,3,14,4,10|13,3,14,6,11|13,3,14,6,12|13,3,14,7|13,3,14,11|13,3,14,12|13,7|13,11|13,12|14,3,7|14,3,13,7|14,3,13,11|14,3,13,12|14,4,2,10|14,4,10|14,6,11|14,6,12|14,7|14,11|14,12
13,2,4,10|13,2,4,14,3,7|13,2,4,14,5,11|13,2,4,14,5,12|13,2,4,14,10|13,2,4,14,11|13,2,4,14,12|13,2,10|13,2,14,3,7|13,2,14,4,10|13,2,14,5,11|13,2,14,5,12|13,2,14,10|13,2,14,11|13,2,14,12|13,3,7|13,3,14,2,4,10|13,3,14,2,10|13,3,14,4,2,10|13,3,14,4,10|13,3,14,5,11|13,3,14,5,12|13,3,14,10|13,3,14,11|13,3,14,12|13,4,2,10|13,4,2,14,3,7|13,4,2,14,5,11|13,4,2,14,5,12|13,4,2,14,10|13,4,2,14,11|13,4,2,14,12|13,4,10|13,4,14,2,10|13,4,14,3,7|13,4,14,5,11|13,4,14,5,12|13,4,14,10|13,4,14,11|13,4,14,12|13,5,11|13,5,12|13,5,14,2,4,10|13,5,14,2,10|13,5,14,3,7|13,5,14,4,2,10|13,5,14,4,10|13,5,14,10|13,5,14,11|13,5,14,12|13,7|13,10|13,11|13,12|14,2,4,10|14,2,4,13,3,7|14,2,4,13,5,11|14,2,4,13,5,12|14,2,4,13,7|14,2,4,13,10|14,2,4,13,11|14,2,4,13,12|14,2,10|14,2,13,3,7|14,2,13,4,10|14,2,13,5,11|14,2,13,5,12|14,2,13,7|14,2,13,10|14,2,13,11|14,2,13,12|14,3,7|14,3,13,2,4,10|14,3,13,2,10|14,3,13,4,2,10|14,3,13,4,10|14,3,13,5,11|14,3,13,5,12|14,3,13,7|14,3,13,10|14,3,13,11|14,3,13,12|14,4,2,10|14,4,2,13,3,7|14,4,2,13,5,11|14,4,2,13,5,12|14,4,2,13,7|14,4,2,13,10|14,4,2,13,11|14,4,2,13,12|14,4,10|14,4,13,2,10|14,4,13,3,7|14,4,13,5,11|14,4,13,5,12|14,4,13,7|14,4,13,10|14,4,13,11|14,4,13,12|14,5,11|14,5,12|14,5,13,2,4,10|14,5,13,2,10|14,5,13,3,7|14,5,13,4,2,10|14,5,13,4,10|14,5,13,7|14,5,13,10|14,5,13,11|14,5,13,12|14,10|14,11|14,12
13,2,3,7|13,2,3,14,4,10|13,2,3,14,10|13,2,3,14,11|13,2,3,14,12|13,2,4,10|13,2,4,14,3,7|13,2,4,14,10|13,2,4,14,11|13,2,4,14,12|13,2,14,3,7|13,2,14,4,10|13,2,14,10|13,2,14,11|13,2,14,12|13,3,2,4,10|13,3,2,4,14,10|13,3,2,4,14,11|13,3,2,4,14,12|13,3,2,14,4,10|13,3,2,14,10|13,3,2,14,11|13,3,2,14,12|13,3,7|13,3,14,2,4,10|13,3,14,4,10|13,3,14,10|13,3,14,11|13,3,14,12|13,4,2,3,7|13,4,2,3,14,10|13,4,2,3,14,11|13,4,2,3,14,12|13,4,2,14,3,7|13,4,2,14,10|13,4,2,14,11|13,4,2,14,12|13,4,10|13,4,14,2,3,7|13,4,14,3,7|13,4,14,10|13,4,14,11|13,4,14,12|13,10|13,11|13,12|14,2,3,7|14,2,3,13,4,10|14,2,3,13,10|14,2,3,13,11|14,2,3,13,12|14,2,4,10|14,2,4,13,3,7|14,2,4,13,10|14,2,4,13,11|14,2,4,13,12|14,2,13,3,7|14,2,13,4,10|14,2,13,10|14,2,13,11|14,2,13,12|14,3,2,4,10|14,3,2,4,13,10|14,3,2,4,13,11|14,3,2,4,13,12|14,3,2,13,4,10|14,3,2,13,10|14,3,2,13,11|14,3,2,13,12|14,3,7|14,3,13,2,4,10|14,3,13,4,10|14,3,13,10|14,3,13,11|14,3,13,12|14,4,2,3,7|14,4,2,3,13,10|14,4,2,3,13,11|14,4,2,3,13,12|14,4,2,13,3,7|14,4,2,13,10|14,4,2,13,11|14,4,2,13,12|14,4,10|14,4,13,2,3,7|14,4,13,3,7|14,4,13,10|14,4,13,11|14,4,13,12|14,10|14,11|14,12
13,2,3,14,4,10|13,2,3,14,5,6,11|13,2,3,14,5,6,12|13,2,3,14,5,11|13,2,3,14,5,12|13,2,3,14,10|13,2,3,14,11|13,2,3,14,12|13,2,7|13,2,14,4,10|13,2,14,5,6,11|13,2,14,5,6,12|13,2,14,5,11|13,2,14,5,12|13,2,14,10|13,2,14,11|13,2,14,12|13,3,2,7|13,3,2,14,4,10|13,3,2,14,5,6,11|13,3,2,14,5,6,12|13,3,2,14,5,11|13,3,2,14,5,12|13,3,2,14,10|13,3,2,14,11|13,3,2,14,12|13,3,14,2,7|13,3,14,4,10|13,3,14,5,6,11|13,3,14,5,6,12|13,3,14,5,11|13,3,14,5,12|13,3,14,10|13,3,14,11|13,3,14,12|13,4,10|13,4,14,2,7|13,4,14,3,2,7|13,4,14,5,6,11|13,4,14,5,6,12|13,4,14,5,11|13,4,14,5,12|13,4,14,10|13,4,14,11|13,4,14,12|13,5,6,11|13,5,6,12|13,5,11|13,5,12|13,5,14,2,7|13,5,14,3,2,7|13,5,14,4,10|13,5,14,10|13,5,14,11|13,5,14,12|13,6,5,11|13,6,5,12|13,6,5,14,2,7|13,6,5,14,3,2,7|13,6,5,14,4,10|13,6,5,14,10|13,6,5,14,11|13,6,5,14,12|13,6,11|13,6,12|13,10|13,11|13,12|14,2,3,13,4,10|14,2,3,13,5,6,11|14,2,3,13,5,6,12|14,2,3,13,5,11|14,2,3,13,5,12|14,2,3,13,6,5,11|14,2,3,13,6,5,12|14,2,3,13,6,11|14,2,3,13,6,12|14,2,3,13,10|14,2,3,13,11|14,2,3,13,12|14,2,7|14,2,13,4,10|14,2,13,5,6,11|14,2,13,5,6,12|14,2,13,5,11|14,2,13,5,12|14,2,13,6,5,11|14,2,13,6,5,12|14,2,13,6,11|14,2,13,6,12|14,2,13,10|14,2,13,11|14,2,13,12|14,3,2,7|14,3,2,13,4,10|14,3,2,13,5,6,11|14,3,2,13,5,6,12|14,3,2,13,5,11|14,3,2,13,5,12|14,3,2,13,6,5,11|14,3,2,13,6,5,12|14,3,2,13,6,11|14,3,2,13,6,12|14,3,2,13,10|14,3,2,13,11|14,3,2,13,12|14,3,13,2,7|14,3,13,4,10|14,3,13,5,6,11|14,3,13,5,6,12|14,3,13,5,11|14,3,13,5,12|14,3,13,6,5,11|14,3,13,6,5,12|14,3,13,6,11|14,3,13,6,12|14,3,13,10|14,3,13,11|14,3,13,12|14,4,10|14,4,13,2,7|14,4,13,3,2,7|14,4,13,5,6,11|14,4,13,5,6,12|14,4,13,5,11|14,4,13,5,12|14,4,13,6,5,11|14,4,13,6,5,12|14,4,13,6,11|14,4,13,6,12|14,4,13,10|14,4,13,11|14,4,13,12|14,5,6,11|14,5,6,12|14,5,6,13,2,7|14,5,6,13,3,2,7|14,5,6,13,4,10|14,5,6,13,10|14,5,6,13,11|14,5,6,13,12|14,5,11|14,5,12|14,5,13,2,7|14,5,13,3,2,7|14,5,13,4,10|14,5,13,6,11|14,5,13,6,12|14,5,13,10|14,5,13,11|14,5,13,12|14,10|14,11|14,12
13,3,14,4,10|13,3,14,9|13,3,14,10|13,3,14,11|13,4,10|13,4,14,9|13,4,14,10|13,4,14,11|13,6,9|13,6,11|13,9|13,10|13,11|14,3,13,4,10|14,3,13,6,9|14,3,13,6,11|14,3,13,9|14,3,13,10|14,3,13,11|14,4,10|14,4,13,6,9|14,4,13,6,11|14,4,13,9|14,4,13,10|14,4,13,11|14,9|14,10|14,11
13,2,4,10|13,2,4,14,5,6,9|13,2,4,14,5,6,11|13,2,4,14,5,9|13,2,4,14,5,11|13,2,4,14,6,5,9|13,2,4,14,6,5,11|13,2,4,14,6,9|13,2,4,14,6,11|13,2,4,14,9|13,2,4,14,10|13,2,4,14,11|13,2,10|13,2,14,4,10|13,2,14,5,6,9|13,2,14,5,6,11|13,2,14,5,9|13,2,14,5,11|13,2,14,6,5,9|13,2,14,6,5,11|13,2,14,6,9|13,2,14,6,11|13,2,14,9|13,2,14,10|13,2,14,11|13,4,2,10|13,4,2,14,5,6,9|13,4,2,14,5,6,11|13,4,2,14,5,9|13,4,2,14,5,11|13,4,2,14,6,5,9|13,4,2,14,6,5,11|13,4,2,14,6,9|13,4,2,14,6,11|13,4,2,14,9|13,4,2,14,10|13,4,2,14,11|13,4,10|13,4,14,2,10|13,4,14,5,6,9|13,4,14,5,6,11|13,4,14,5,9|13,4,14,5,11|13,4,14,6,5,9|13,4,14,6,5,11|13,4,14,6,9|13,4,14,6,11|13,4,14,9|13,4,14,10|13,4,14,11|13,5,6,9|13,5,6,11|13,5,6,14,2,4,10|13,5,6,14,2,10|13,5,6,14,4,2,10|13,5,6,14,4,10|13,5,6,14,9|13,5,6,14,10|13,5,6,14,11|13,5,9|13,5,11|13,5,14,2,4,10|13,5,14,2,10|13,5,14,4,2,10|13,5,14,4,10|13,5,14,6,9|13,5,14,6,11|13,5,14,9|13,5,14,10|13,5,14,11|13,6,5,9|13,6,5,11|13,6,5,14,2,4,10|13,6,5,14,2,10|13,6,5,14,4,2,10|13,6,5,14,4,10|13,6,5,14,9|13,6,5,14,10|13,6,5,14,11|13,6,9|13,6,11|13,6,14,2,4,10|13,6,14,2,10|13,6,14,4,2,10|13,6,14,4,10|13,6,14,5,9|13,6,14,5,11|13,6,14,9|13,6,14,10|13,6,14,11|13,9|13,10|13,11|14,2,4,10|14,2,4,13,5,6,9|14,2,4,13,5,6,11|14,2,4,13,5,9|14,2,4,13,5,11|14,2,4,13,6,5,9|14,2,4,13,6,5,11|14,2,4,13,6,9|14,2,4,13,6,11|14,2,4,13,9|14,2,4,13,10|14,2,4,13,11|14,2,10|14,2,13,4,10|14,2,13,5,6,9|14,2,13,5,6,11|14,2,13,5,9|14,2,13,5,11|14,2,13,6,5,9|14,2,13,6,5,11|14,2,13,6,9|14,2,13,6,11|14,2,13,9|14,2,13,10|14,2,13,11|14,4,2,10|14,4,2,13,5,6,9|14,4,2,13,5,6,11|14,4,2,13,5,9|14,4,2,13,5,11|14,4,2,13,6,5,9|14,4,2,13,6,5,11|14,4,2,13,6,9|14,4,2,13,6,11|14,4,2,13,9|14,4,2,13,10|14,4,2,13,11|14,4,10|14,4,13,2,10|14,4,13,5,6,9|14,4,13,5,6,11|14,4,13,5,9|14,4,13,5,11|14,4,13,6,5,9|14,4,13,6,5,11|14,4,13,6,9|14,4,13,6,11|14,4,13,9|14,4,13,10|14,4,13,11|14,5,6,9|14,5,6,11|14,5,6,13,2,4,10|14,5,6,13,2,10|14,5,6,13,4,2,10|14,5,6,13,4,10|14,5,6,13,9|14,5,6,13,10|14,5,6,13,11|14,5,9|14,5,11|14,5,13,2,4,10|14,5,13,2,10|14,5,13,4,2,10|14,5,13,4,10|14,5,13,6,9|14,5,13,6,11|14,5,13,9|14,5,13,10|14,5,13,11|14,6,5,9|14,6,5,11|14,6,5,13,2,4,10|14,6,5,13,2,10|14,6,5,13,4,2,10|14,6,5,13,4,10|14,6,5,13,9|14,6,5,13,10|14,6,5,13,11|14,6,9|14,6,11|14,6,13,2,4,10|14,6,13,2,10|14,6,13,4,2,10|14,6,13,4,10|14,6,13,5,9|14,6,13,5,11|14,6,13,9|14,6,13,10|14,6,13,11|14,9|14,10|14,11
13,2,4,10|13,2,4,14,6,9|13,2,4,14,6,11|13,2,4,14,9|13,2,4,14,10|13,2,4,14,11|13,2,10|13,2,14,4,10|13,2,14,6,9|13,2,14,6,11|13,2,14,9|13,2,14,10|13,2,14,11|13,4,2,10|13,4,2,14,6,9|13,4,2,14,6,11|13,4,2,14,9|13,4,2,14,10|13,4,2,14,11|13,4,10|13,4,14,2,10|13,4,14,6,9|13,4,14,6,11|13,4,14,9|13,4,14,10|13,4,14,11|13,6,9|13,6,11|13,6,14,2,4,10|13,6,14,2,10|13,6,14,4,2,10|13,6,14,4,10|13,6,14,9|13,6,14,10|13,6,14,11|13,9|13,10|13,11|14,2,4,10|14,2,4,13,6,9|14,2,4,13,6,11|14,2,4,13,9|14,2,4,13,10|14,2,4,13,11|14,2,10|14,2,13,4,10|14,2,13,6,9|14,2,13,6,11|14,2,13,9|14,2,13,10|14,2,13,11|14,4,2,10|14,4,2,13,6,9|14,4,2,13,6,11|14,4,2,13,9|14,4,2,13,10|14,4,2,13,11|14,4,10|14,4,13,2,10|14,4,13,6,9|14,4,13,6,11|14,4,13,9|14,4,13,10|14,4,13,11|14,6,9|14,6,11|14,6,13,2,4,10|14,6,13,2,10|14,6,13,4,2,10|14,6,13,4,10|14,6,13,9|14,6,13,10|14,6,13,11|14,9|14,10|14,11
13,2,3,4,10|13,2,3,4,14,5,6,8|13,2,3,4,14,5,6,9|13,2,3,4,14,5,8|13,2,3,4,14,5,9|13,2,3,4,14,6,5,8|13,2,3,4,14,6,5,9|13,2,3,4,14,6,8|13,2,3,4,14,6,9|13,2,3,4,14,8|13,2,3,4,14,9|13,2,3,4,14,10|13,2,4,10|13,2,4,14,5,6,8|13,2,4,14,5,6,9|13,2,4,14,5,8|13,2,4,14,5,9|13,2,4,14,6,5,8|13,2,4,14,6,5,9|13,2,4,14,6,8|13,2,4,14,6,9|13,2,4,14,8|13,2,4,14,9|13,2,4,14,10|13,2,10|13,2,14,4,10|13,2,14,5,6,8|13,2,14,5,6,9|13,2,14,5,8|13,2,14,5,9|13,2,14,6,5,8|13,2,14,6,5,9|13,2,14,6,8|13,2,14,6,9|13,2,14,8|13,2,14,9|13,2,14,10|13,4,2,10|13,4,2,14,5,6,8|13,4,2,14,5,6,9|13,4,2,14,5,8|13,4,2,14,5,9|13,4,2,14,6,5,8|13,4,2,14,6,5,9|13,4,2,14,6,8|13,4,2,14,6,9|13,4,2,14,8|13,4,2,14,9|13,4,2,14,10|13,4,3,2,10|13,4,3,2,14,5,6,8|13,4,3,2,14,5,6,9|13,4,3,2,14,5,8|13,4,3,2,14,5,9|13,4,3,2,14,6,5,8|13,4,3,2,14,6,5,9|13,4,3,2,14,6,8|13,4,3,2,14,6,9|13,4,3,2,14,8|13,4,3,2,14,9|13,4,3,2,14,10|13,4,10|13,4,14,2,10|13,4,14,5,6,8|13,4,14,5,6,9|13,4,14,5,8|13,4,14,5,9|13,4,14,6,5,8|13,4,14,6,5,9|13,4,14,6,8|13,4,14,6,9|13,4,14,8|13,4,14,9|13,4,14,10|13,5,6,8|13,5,6,9|13,5,6,14,2,3,4,10|13,5,6,14,2,4,10|13,5,6,14,2,10|13,5,6,14,4,2,10|13,5,6,14,4,3,2,10|13,5,6,14,4,10|13,5,6,14,8|13,5,6,14,9|13,5,6,14,10|13,5,8|13,5,9|13,5,14,2,3,4,10|13,5,14,2,4,10|13,5,14,2,10|13,5,14,4,2,10|13,5,14,4,3,2,10|13,5,14,4,10|13,5,14,6,8|13,5,14,6,9|13,5,14,8|13,5,14,9|13,5,14,10|13,8|13,9|13,10|14,2,3,4,10|14,2,3,4,13,5,6,8|14,2,3,4,13,5,6,9|14,2,3,4,13,5,8|14,2,3,4,13,5,9|14,2,3,4,13,8|14,2,3,4,13,9|14,2,3,4,13,10|14,2,4,10|14,2,4,13,5,6,8|14,2,4,13,5,6,9|14,2,4,13,5,8|14,2,4,13,5,9|14,2,4,13,8|14,2,4,13,9|14,2,4,13,10|14,2,10|14,2,13,4,10|14,2,13,5,6,8|14,2,13,5,6,9|14,2,13,5,8|14,2,13,5,9|14,2,13,8|14,2,13,9|14,2,13,10|14,4,2,10|14,4,2,13,5,6,8|14,4,2,13,5,6,9|14,4,2,13,5,8|14,4,2,13,5,9|14,4,2,13,8|14,4,2,13,9|14,4,2,13,10|14,4,3,2,10|14,4,3,2,13,5,6,8|14,4,3,2,13,5,6,9|14,4,3,2,13,5,8|14,4,3,2,13,5,9|14,4,3,2,13,8|14,4,3,2,13,9|14,4,3,2,13,10|14,4,10|14,4,13,2,10|14,4,13,5,6,8|14,4,13,5,6,9|14,4,13,5,8|14,4,13,5,9|14,4,13,8|14,4,13,9|14,4,13,10|14,5,6,8|14,5,6,9|14,5,8|14,5,9|14,5,13,2,3,4,10|14,5,13,2,4,10|14,5,13,2,10|14,5,13,4,2,10|14,5,13,4,3,2,10|14,5,13,4,10|14,5,13,8|14,5,13,9|14,5,13,10|14,6,5,8|14,6,5,9|14,6,5,13,2,3,4,10|14,6,5,13,2,4,10|14,6,5,13,2,10|14,6,5,13,4,2,10|14,6,5,13,4,3,2,10|14,6,5,13,4,10|14,6,5,13,8|14,6,5,13,9|14,6,5,13,10|14,6,8|14,6,9|14,8|14,9|14,10
13,4,2,7|13,4,3,2,7|13,4,10|13,4,14,6,8|13,4,14,6,9|13,4,14,8|13,4,14,9|13,4,14,10|13,8|13,9|13,10|14,4,2,7|14,4,3,2,7|14,4,10|14,4,13,8|14,4,13,9|14,4,13,10|14,6,8|14,6,9|14,8|14,9|14,10
13,2,7|13,2,14,5,8|13,2,14,5,9|13,2,14,7|13,2,14,8|13,2,14,9|13,5,8|13,5,9|13,5,14,2,7|13,5,14,7|13,5,14,8|13,5,14,9|13,7|13,8|13,9|13,10|14,2,7|14,2,13,5,8|14,2,13,5,9|14,2,13,7|14,2,13,8|14,2,13,9|14,2,13,10|14,5,8|14,5,9|14,5,13,2,7|14,5,13,7|14,5,13,8|14,5,13,9|14,5,13,10|14,7|14,8|14,9
13,2,14,7|13,2,14,8|13,2,14,9|13,7|13,8|13,9|14,2,13,7|14,2,13,8|14,2,13,9|14,7|14,8|14,9
13,2,10|13,2,14,5,6,8|13,2,14,5,6,9|13,2,14,5,8|13,2,14,5,9|13,2,14,7|13,2,14,8|13,2,14,9|13,5,6,8|13,5,6,9|13,5,8|13,5,9|13,5,14,2,10|13,5,14,7|13,5,14,8|13,5,14,9|13,6,5,8|13,6,5,9|13,6,5,14,2,10|13,6,5,14,7|13,6,5,14,8|13,6,5,14,9|13,6,8|13,6,9|13,7|13,8|13,9|14,2,10|14,2,13,5,6,8|14,2,13,5,6,9|14,2,13,5,8|14,2,13,5,9|14,2,13,6,5,8|14,2,13,6,5,9|14,2,13,6,8|14,2,13,6,9|14,2,13,7|14,2,13,8|14,2,13,9|14,5,6,8|14,5,6,9|14,5,6,13,2,10|14,5,6,13,7|14,5,6,13,8|14,5,6,13,9|14,5,8|14,5,9|14,5,13,2,10|14,5,13,6,8|14,5,13,6,9|14,5,13,7|14,5,13,8|14,5,13,9|14,7|14,8|14,9
13,3,2,4,14,7|13,3,2,4,14,8|13,3,2,4,14,12|13,3,2,10|13,3,4,2,10|13,3,4,14,7|13,3,4,14,8|13,3,4,14,12|13,3,14,4,2,10|13,3,14,7|13,3,14,8|13,3,14,12|13,6,8|13,6,12|13,7|13,8|13,12|14,3,2,10|14,3,4,2,10|14,3,13,6,8|14,3,13,6,12|14,3,13,7|14,3,13,8|14,3,13,12|14,4,2,3,13,6,8|14,4,2,3,13,6,12|14,4,2,3,13,7|14,4,2,3,13,8|14,4,2,3,13,12|14,4,2,10|14,4,3,2,10|14,4,3,13,6,8|14,4,3,13,6,12|14,4,3,13,7|14,4,3,13,8|14,4,3,13,12|14,7|14,8|14,12
13,2,3,4,14,5,6,8|13,2,3,4,14,5,6,12|13,2,3,4,14,5,8|13,2,3,4,14,5,12|13,2,3,4,14,6,5,8|13,2,3,4,14,6,5,12|13,2,3,4,14,6,8|13,2,3,4,14,6,12|13,2,3,4,14,7|13,2,3,4,14,8|13,2,3,4,14,12|13,2,3,14,5,6,8|13,2,3,14,5,6,12|13,2,3,14,5,8|13,2,3,14,5,12|13,2,3,14,6,5,8|13,2,3,14,6,5,12|13,2,3,14,6,8|13,2,3,14,6,12|13,2,3,14,7|13,2,3,14,8|13,2,3,14,12|13,2,4,3,14,5,6,8|13,2,4,3,14,5,6,12|13,2,4,3,14,5,8|13,2,4,3,14,5,12|13,2,4,3,14,6,5,8|13,2,4,3,14,6,5,12|13,2,4,3,14,6,8|13,2,4,3,14,6,12|13,2,4,3,14,7|13,2,4,3,14,8|13,2,4,3,14,12|13,2,4,14,5,6,8|13,2,4,14,5,6,12|13,2,4,14,5,8|13,2,4,14,5,12|13,2,4,14,6,5,8|13,2,4,14,6,5,12|13,2,4,14,6,8|13,2,4,14,6,12|13,2,4,14,7|13,2,4,14,8|13,2,4,14,12|13,2,7|13,2,14,5,6,8|13,2,14,5,6,12|13,2,14,5,8|13,2,14,5,12|13,2,14,6,5,8|13,2,14,6,5,12|13,2,14,6,8|13,2,14,6,12|13,2,14,7|13,2,14,8|13,2,14,12|13,3,2,4,14,5,6,8|13,3,2,4,14,5,6,12|13,3,2,4,14,5,8|13,3,2,4,14,5,12|13,3,2,4,14,6,5,8|13,3,2,4,14,6,5,12|13,3,2,4,14,6,8|13,3,2,4,14,6,12|13,3,2,4,14,7|13,3,2,4,14,8|13,3,2,4,14,12|13,3,2,7|13,3,2,14,5,6,8|13,3,2,14,5,6,12|13,3,2,14,5,8|13,3,2,14,5,12|13,3,2,14,6,5,8|13,3,2,14,6,5,12|13,3,2,14,6,8|13,3,2,14,6,12|13,3,2,14,7|13,3,2,14,8|13,3,2,14,12|13,3,4,2,7|13,3,4,2,14,5,6,8|13,3,4,2,14,5,6,12|13,3,4,2,14,5,8|13,3,4,2,14,5,12|13,3,4,2,14,6,5,8|13,3,4,2,14,6,5,12|13,3,4,2,14,6,8|13,3,4,2,14,6,12|13,3,4,2,14,7|13,3,4,2,14,8|13,3,4,2,14,12|13,3,4,14,2,7|13,3,4,14,5,6,8|13,3,4,14,5,6,12|13,3,4,14,5,8|13,3,4,14,5,12|13,3,4,14,6,5,8|13,3,4,14,6,5,12|13,3,4,14,6,8|13,3,4,14,6,12|13,3,4,14,7|13,3,4,14,8|13,3,4,14,12|13,3,14,2,7|13,3,14,4,2,7|13,3,14,5,6,8|13,3,14,5,6,12|13,3,14,5,8|13,3,14,5,12|13,3,14,6,5,8|13,3,14,6,5,12|13,3,14,6,8|13,3,14,6,12|13,3,14,7|13,3,14,8|13,3,14,12|13,4,2,3,14,5,6,8|13,4,2,3,14,5,6,12|13,4,2,3,14,5,8|13,4,2,3,14,5,12|13,4,2,3,14,6,5,8|13,4,2,3,14,6,5,12|13,4,2,3,14,6,8|13,4,2,3,14,6,12|13,4,2,3,14,7|13,4,2,3,14,8|13,4,2,3,14,12|13,4,2,7|13,4,2,14,5,6,8|13,4,2,14,5,6,12|13,4,2,14,5,8|13,4,2,14,5,12|13,4,2,14,6,5,8|13,4,2,14,6,5,12|13,4,2,14,6,8|13,4,2,14,6,12|13,4,2,14,7|13,4,2,14,8|13,4,2,14,12|13,4,3,2,7|13,4,3,2,14,5,6,8|13,4,3,2,14,5,6,12|13,4,3,2,14,5,8|13,4,3,2,14,5,12|13,4,3,2,14,6,5,8|13,4,3,2,14,6,5,12|13,4,3,2,14,6,8|13,4,3,2,14,6,12|13,4,3,2,14,7|13,4,3,2,14,8|13,4,3,2,14,12|13,4,3,14,2,7|13,4,3,14,5,6,8|13,4,3,14,5,6,12|13,4,3,14,5,8|13,4,3,14,5,12|13,4,3,14,6,5,8|13,4,3,14,6,5,12|13,4,3,14,6,8|13,4,3,14,6,12|13,4,3,14,7|13,4,3,14,8|13,4,3,14,12|13,4,14,2,7|13,4,14,3,2,7|13,4,14,5,6,8|13,4,14,5,6,12|13,4,14,5,8|13,4,14,5,12|13,4,14,6,5,8|13,4,14,6,5,12|13,4,14,6,8|13,4,14,6,12|13,4,14,7|13,4,14,8|13,4,14,12|13,5,6,8|13,5,6,12|13,5,6,14,2,7|13,5,6,14,3,2,7|13,5,6,14,3,4,2,7|13,5,6,14,4,2,7|13,5,6,14,4,3,2,7|13,5,6,14,7|13,5,6,14,8|13,5,6,14,12|13,5,8|13,5,12|13,5,14,2,7|13,5,14,3,2,7|13,5,14,3,4,2,7|13,5,14,4,2,7|13,5,14,4,3,2,7|13,5,14,6,8|13,5,14,6,12|13,5,14,7|13,5,14,8|13,5,14,12|13,6,5,8|13,6,5,12|13,6,5,14,2,7|13,6,5,14,3,2,7|13,6,5,14,3,4,2,7|13,6,5,14,4,2,7|13,6,5,14,4,3,2,7|13,6,5,14,7|13,6,5,14,8|13,6,5,14,12|13,6,8|13,6,12|13,6,14,2,7|13,6,14,3,2,7|13,6,14,3,4,2,7|13,6,14,4,2,7|13,6,14,4,3,2,7|13,6,14,5,8|13,6,14,5,12|13,6,14,7|13,6,14,8|13,6,14,12|13,7|13,8|13,12|14,2,3,4,13,5,6,8|14,2,3,4,13,5,6,12|14,2,3,4,13,5,8|14,2,3,4,13,5,12|14,2,3,4,13,6,5,8|14,2,3,4,13,6,5,12|14,2,3,4,13,6,8|14,2,3,4,13,6,12|14,2,3,4,13,7|14,2,3,4,13,8|14,2,3,4,13,12|14,2,3,13,5,6,8|14,2,3,13,5,6,12|14,2,3,13,5,8|14,2,3,13,5,12|14,2,3,13,6,5,8|14,2,3,13,6,5,12|14,2,3,13,6,8|14,2,3,13,6,12|14,2,3,13,7|14,2,3,13,8|14,2,3,13,12|14,2,4,3,13,5,6,8|14,2,4,3,13,5,6,12|14,2,4,3,13,5,8|14,2,4,3,13,5,12|14,2,4,3,13,6,5,8|14,2,4,3,13,6,5,12|14,2,4,3,13,6,8|14,2,4,3,13,6,12|14,2,4,3,13,7|14,2,4,3,13,8|14,2,4,3,13,12|14,2,4,13,5,6,8|14,2,4,13,5,6,12|14,2,4,13,5,8|14,2,4,13,5,12|14,2,4,13,6,5,8|14,2,4,13,6,5,12|14,2,4,13,6,8|14,2,4,13,6,12|14,2,4,13,7|14,2,4,13,8|14,2,4,13,12|14,2,7|14,2,13,5,6,8|14,2,13,5,6,12|14,2,13,5,8|14,2,13,5,12|14,2,13,6,5,8|14,2,13,6,5,12|14,2,13,6,8|14,2,13,6,12|14,2,13,7|14,2,13,8|14,2,13,12|14,3,2,4,13,5,6,8|14,3,2,4,13,5,6,12|14,3,2,4,13,5,8|14,3,2,4,13,5,12|14,3,2,4,13,6,5,8|14,3,2,4,13,6,5,12|14,3,2,4,13,6,8|14,3,2,4,13,6,12|14,3,2,4,13,7|14,3,2,4,13,8|14,3,2,4,13,12|14,3,2,7|14,3,2,13,5,6,8|14,3,2,13,5,6,12|14,3,2,13,5,8|14,3,2,13,5,12|14,3,2,13,6,5,8|14,3,2,13,6,5,12|14,3,2,13,6,8|14,3,2,13,6,12|14,3,2,13,7|14,3,2,13,8|14,3,2,13,12|14,3,4,2,7|14,3,4,2,13,5,6,8|14,3,4,2,13,5,6,12|14,3,4,2,13,5,8|14,3,4,2,13,5,12|14,3,4,2,13,6,5,8|14,3,4,2,13,6,5,12|14,3,4,2,13,6,8|14,3,4,2,13,6,12|14,3,4,2,13,7|14,3,4,2,13,8|14,3,4,2,13,12|14,3,4,13,2,7|14,3,4,13,5,6,8|14,3,4,13,5,6,12|14,3,4,13,5,8|14,3,4,13,5,12|14,3,4,13,6,5,8|14,3,4,13,6,5,12|14,3,4,13,6,8|14,3,4,13,6,12|14,3,4,13,7|14,3,4,13,8|14,3,4,13,12|14,3,13,2,7|14,3,13,4,2,7|14,3,13,5,6,8|14,3,13,5,6,12|14,3,13,5,8|14,3,13,5,12|14,3,13,6,5,8|14,3,13,6,5,12|14,3,13,6,8|14,3,13,6,12|14,3,13,7|14,3,13,8|14,3,13,12|14,4,2,3,13,5,6,8|14,4,2,3,13,5,6,12|14,4,2,3,13,5,8|14,4,2,3,13,5,12|14,4,2,3,13,6,5,8|14,4,2,3,13,6,5,12|14,4,2,3,13,6,8|14,4,2,3,13,6,12|14,4,2,3,13,7|14,4,2,3,13,8|14,4,2,3,13,12|14,4,2,7|14,4,2,13,5,6,8|14,4,2,13,5,6,12|14,4,2,13,5,8|14,4,2,13,5,12|14,4,2,13,6,5,8|14,4,2,13,6,5,12|14,4,2,13,6,8|14,4,2,13,6,12|14,4,2,13,7|14,4,2,13,8|14,4,2,13,12|14,4,3,2,7|14,4,3,2,13,5,6,8|14,4,3,2,13,5,6,12|14,4,3,2,13,5,8|14,4,3,2,13,5,12|14,4,3,2,13,6,5,8|14,4,3,2,13,6,5,12|14,4,3,2,13,6,8|14,4,3,2,13,6,12|14,4,3,2,13,7|14,4,3,2,13,8|14,4,3,2,13,12|14,4,3,13,2,7|14,4,3,13,5,6,8|14,4,3,13,5,6,12|14,4,3,13,5,8|14,4,3,13,5,12|14,4,3,13,6,5,8|14,4,3,13,6,5,12|14,4,3,13,6,8|14,4,3,13,6,12|14,4,3,13,7|14,4,3,13,8|14,4,3,13,12|14,4,13,2,7|14,4,13,3,2,7|14,4,13,5,6,8|14,4,13,5,6,12|14,4,13,5,8|14,4,13,5,12|14,4,13,6,5,8|14,4,13,6,5,12|14,4,13,6,8|14,4,13,6,12|14,4,13,7|14,4,13,8|14,4,13,12|14,5,6,8|14,5,6,12|14,5,6,13,2,7|14,5,6,13,3,2,7|14,5,6,13,3,4,2,7|14,5,6,13,4,2,7|14,5,6,13,4,3,2,7|14,5,6,13,7|14,5,6,13,8|14,5,6,13,12|14,5,8|14,5,12|14,5,13,2,7|14,5,13,3,2,7|14,5,13,3,4,2,7|14,5,13,4,2,7|14,5,13,4,3,2,7|14,5,13,6,8|14,5,13,6,12|14,5,13,7|14,5,13,8|14,5,13,12|14,6,5,8|14,6,5,12|14,6,5,13,2,7|14,6,5,13,3,2,7|14,6,5,13,3,4,2,7|14,6,5,13,4,2,7|14,6,5,13,4,3,2,7|14,6,5,13,7|14,6,5,13,8|14,6,5,13,12|14,6,8|14,6,12|14,6,13,2,7|14,6,13,3,2,7|14,6,13,3,4,2,7|14,6,13,4,2,7|14,6,13,4,3,2,7|14,6,13,5,8|14,6,13,5,12|14,6,13,7|14,6,13,8|14,6,13,12|14,7|14,8|14,12
13,2,4,3,14,6,8|13,2,4,3,14,6,12|13,2,4,3,14,7|13,2,4,3,14,8|13,2,4,3,14,12|13,2,4,14,6,8|13,2,4,14,6,12|13,2,4,14,7|13,2,4,14,8|13,2,4,14,12|13,2,7|13,2,14,6,8|13,2,14,6,12|13,2,14,7|13,2,14,8|13,2,14,12|13,3,4,2,7|13,3,4,2,14,6,8|13,3,4,2,14,6,12|13,3,4,2,14,7|13,3,4,2,14,8|13,3,4,2,14,12|13,3,4,14,2,7|13,3,4,14,6,8|13,3,4,14,6,12|13,3,4,14,7|13,3,4,14,8|13,3,4,14,12|13,3,14,2,7|13,3,14,4,2,7|13,3,14,6,8|13,3,14,6,12|13,3,14,7|13,3,14,8|13,3,14,12|13,4,2,7|13,4,2,14,6,8|13,4,2,14,6,12|13,4,2,14,7|13,4,2,14,8|13,4,2,14,12|13,4,3,14,2,7|13,4,3,14,6,8|13,4,3,14,6,12|13,4,3,14,7|13,4,3,14,8|13,4,3,14,12|13,4,14,2,7|13,4,14,6,8|13,4,14,6,12|13,4,14,7|13,4,14,8|13,4,14,12|13,6,8|13,6,12|13,6,14,2,7|13,6,14,3,4,2,7|13,6,14,4,2,7|13,6,14,7|13,6,14,8|13,6,14,12|13,7|13,8|13,12|14,2,4,3,13,6,8|14,2,4,3,13,6,12|14,2,4,3,13,7|14,2,4,3,13,8|14,2,4,3,13,12|14,2,4,13,6,8|14,2,4,13,6,12|14,2,4,13,7|14,2,4,13,8|14,2,4,13,12|14,2,7|14,2,13,6,8|14,2,13,6,12|14,2,13,7|14,2,13,8|14,2,13,12|14,3,4,2,7|14,3,4,2,13,6,8|14,3,4,2,13,6,12|14,3,4,2,13,7|14,3,4,2,13,8|14,3,4,2,13,12|14,3,4,13,2,7|14,3,4,13,6,8|14,3,4,13,6,12|14,3,4,13,7|14,3,4,13,8|14,3,4,13,12|14,3,13,2,7|14,3,13,4,2,7|14,3,13,6,8|14,3,13,6,12|14,3,13,7|14,3,13,8|14,3,13,12|14,4,2,7|14,4,2,13,6,8|14,4,2,13,6,12|14,4,2,13,7|14,4,2,13,8|14,4,2,13,12|14,4,3,13,2,7|14,4,3,13,6,8|14,4,3,13,6,12|14,4,3,13,7|14,4,3,13,8|14,4,3,13,12|14,4,13,2,7|14,4,13,6,8|14,4,13,6,12|14,4,13,7|14,4,13,8|14,4,13,12|14,6,8|14,6,12|14,6,13,2,7|14,6,13,3,4,2,7|14,6,13,4,2,7|14,6,13,7|14,6,13,8|14,6,13,12|14,7|14,8|14,12
13,2,7|13,2,14,5,6,11|13,2,14,5,6,12|13,2,14,5,11|13,2,14,5,12|13,2,14,6,5,11|13,2,14,6,5,12|13,2,14,6,11|13,2,14,6,12|13,2,14,7|13,2,14,11|13,2,14,12|13,3,4,14,2,7|13,3,4,14,5,6,11|13,3,4,14,5,6,12|13,3,4,14,5,11|13,3,4,14,5,12|13,3,4,14,6,5,11|13,3,4,14,6,5,12|13,3,4,14,6,11|13,3,4,14,6,12|13,3,4,14,7|13,3,4,14,11|13,3,4,14,12|13,3,14,2,7|13,3,14,5,6,11|13,3,14,5,6,12|13,3,14,5,11|13,3,14,5,12|13,3,14,6,5,11|13,3,14,6,5,12|13,3,14,6,11|13,3,14,6,12|13,3,14,7|13,3,14,11|13,3,14,12|13,4,3,14,2,7|13,4,3,14,5,6,11|13,4,3,14,5,6,12|13,4,3,14,5,11|13,4,3,14,5,12|13,4,3,14,6,5,11|13,4,3,14,6,5,12|13,4,3,14,6,11|13,4,3,14,6,12|13,4,3,14,7|13,4,3,14,11|13,4,3,14,12|13,4,14,2,7|13,4,14,5,6,11|13,4,14,5,6,12|13,4,14,5,11|13,4,14,5,12|13,4,14,6,5,11|13,4,14,6,5,12|13,4,14,6,11|13,4,14,6,12|13,4,14,7|13,4,14,11|13,4,14,12|13,5,6,11|13,5,6,12|13,5,6,14,2,7|13,5,6,14,7|13,5,6,14,11|13,5,6,14,12|13,5,11|13,5,12|13,5,14,2,7|13,5,14,6,11|13,5,14,6,12|13,5,14,7|13,5,14,11|13,5,14,12|13,7|13,11|13,12|14,2,7|14,2,13,5,6,11|14,2,13,5,6,12|14,2,13,5,11|14,2,13,5,12|14,2,13,7|14,2,13,11|14,2,13,12|14,3,4,13,2,7|14,3,4,13,5,6,11|14,3,4,13,5,6,12|14,3,4,13,5,11|14,3,4,13,5,12|14,3,4,13,7|14,3,4,13,11|14,3,4,13,12|14,3,13,2,7|14,3,13,5,6,11|14,3,13,5,6,12|14,3,13,5,11|14,3,13,5,12|14,3,13,7|14,3,13,11|14,3,13,12|14,4,3,13,2,7|14,4,3,13,5,6,11|14,4,3,13,5,6,12|14,4,3,13,5,11|14,4,3,13,5,12|14,4,3,13,7|14,4,3,13,11|14,4,3,13,12|14,4,13,2,7|14,4,13,5,6,11|14,4,13,5,6,12|14,4,13,5,11|14,4,13,5,12|14,4,13,7|14,4,13,11|14,4,13,12|14,5,6,11|14,5,6,12|14,5,11|14,5,12|14,5,13,2,7|14,5,13,7|14,5,13,11|14,5,13,12|14,6,5,11|14,6,5,12|14,6,5,13,2,7|14,6,5,13,7|14,6,5,13,11|14,6,5,13,12|14,6,11|14,6,12|14,7|14,11|14,12
13,3,4,14,6,11|13,3,4,14,6,12|13,3,4,14,7|13,3,4,14,11|13,3,4,14,12|13,3,14,6,11|13,3,14,6,12|13,3,14,7|13,3,14,11|13,3,14,12|13,4,3,14,6,11|13,4,3,14,6,12|13,4,3,14,7|13,4,3,14,11|13,4,3,14,12|13,4,14,6,11|13,4,14,6,12|13,4,14,7|13,4,14,11|13,4,14,12|13,7|13,11|13,12|14,3,4,13,7|14,3,4,13,11|14,3,4,13,12|14,3,13,7|14,3,13,11|14,3,13,12|14,4,3,13,7|14,4,3,13,11|14,4,3,13,12|14,4,13,7|14,4,13,11|14,4,13,12|14,6,11|14,6,12|14,7|14,11|14,12
13,2,3,4,14,5,11|13,2,3,4,14,5,12|13,2,3,4,14,10|13,2,3,4,14,11|13,2,3,4,14,12|13,2,3,14,5,11|13,2,3,14,5,12|13,2,3,14,10|13,2,3,14,11|13,2,3,14,12|13,2,4,3,14,5,11|13,2,4,3,14,5,12|13,2,4,3,14,10|13,2,4,3,14,11|13,2,4,3,14,12|13,2,4,14,5,11|13,2,4,14,5,12|13,2,4,14,10|13,2,4,14,11|13,2,4,14,12|13,2,10|13,2,14,5,11|13,2,14,5,12|13,2,14,10|13,2,14,11|13,2,14,12|13,3,2,4,14,5,11|13,3,2,4,14,5,12|13,3,2,4,14,10|13,3,2,4,14,11|13,3,2,4,14,12|13,3,2,10|13,3,2,14,5,11|13,3,2,14,5,12|13,3,2,14,10|13,3,2,14,11|13,3,2,14,12|13,3,4,2,10|13,3,4,2,14,5,11|13,3,4,2,14,5,12|13,3,4,2,14,10|13,3,4,2,14,11|13,3,4,2,14,12|13,3,4,14,2,10|13,3,4,14,5,11|13,3,4,14,5,12|13,3,4,14,10|13,3,4,14,11|13,3,4,14,12|13,3,14,2,10|13,3,14,4,2,10|13,3,14,5,11|13,3,14,5,12|13,3,14,10|13,3,14,11|13,3,14,12|13,4,2,3,14,5,11|13,4,2,3,14,5,12|13,4,2,3,14,10|13,4,2,3,14,11|13,4,2,3,14,12|13,4,2,10|13,4,2,14,5,11|13,4,2,14,5,12|13,4,2,14,10|13,4,2,14,11|13,4,2,14,12|13,4,3,2,10|13,4,3,2,14,5,11|13,4,3,2,14,5,12|13,4,3,2,14,10|13,4,3,2,14,11|13,4,3,2,14,12|13,4,3,14,2,10|13,4,3,14,5,11|13,4,3,14,5,12|13,4,3,14,10|13,4,3,14,11|13,4,3,14,12|13,4,14,2,10|13,4,14,3,2,10|13,4,14,5,11|13,4,14,5,12|13,4,14,10|13,4,14,11|13,4,14,12|13,5,11|13,5,12|13,5,14,2,10|13,5,14,3,2,10|13,5,14,3,4,2,10|13,5,14,4,2,10|13,5,14,4,3,2,10|13,5,14,10|13,5,14,11|13,5,14,12|13,7|13,10|13,11|13,12|14,2,3,4,13,5,11|14,2,3,4,13,5,12|14,2,3,4,13,7|14,2,3,4,13,10|14,2,3,4,13,11|14,2,3,4,13,12|14,2,3,13,5,11|14,2,3,13,5,12|14,2,3,13,7|14,2,3,13,10|14,2,3,13,11|14,2,3,13,12|14,2,4,3,13,5,11|14,2,4,3,13,5,12|14,2,4,3,13,7|14,2,4,3,13,10|14,2,4,3,13,11|14,2,4,3,13,12|14,2,4,13,5,11|14,2,4,13,5,12|14,2,4,13,7|14,2,4,13,10|14,2,4,13,11|14,2,4,13,12|14,2,10|14,2,13,5,11|14,2,13,5,12|14,2,13,7|14,2,13,10|14,2,13,11|14,2,13,12|14,3,2,4,13,5,11|14,3,2,4,13,5,12|14,3,2,4,13,7|14,3,2,4,13,10|14,3,2,4,13,11|14,3,2,4,13,12|14,3,2,10|14,3,2,13,5,11|14,3,2,13,5,12|14,3,2,13,7|14,3,2,13,10|14,3,2,13,11|14,3,2,13,12|14,3,4,2,10|14,3,4,2,13,5,11|14,3,4,2,13,5,12|14,3,4,2,13,7|14,3,4,2,13,10|14,3,4,2,13,11|14,3,4,2,13,12|14,3,4,13,2,10|14,3,4,13,5,11|14,3,4,13,5,12|14,3,4,13,7|14,3,4,13,10|14,3,4,13,11|14,3,4,13,12|14,3,13,2,10|14,3,13,4,2,10|14,3,13,5,11|14,3,13,5,12|14,3,13,7|14,3,13,10|14,3,13,11|14,3,13,12|14,4,2,3,13,5,11|14,4,2,3,13,5,12|14,4,2,3,13,7|14,4,2,3,13,10|14,4,2,3,13,11|14,4,2,3,13,12|14,4,2,10|14,4,2,13,5,11|14,4,2,13,5,12|14,4,2,13,7|14,4,2,13,10|14,4,2,13,11|14,4,2,13,12|14,4,3,2,10|14,4,3,2,13,5,11|14,4,3,2,13,5,12|14,4,3,2,13,7|14,4,3,2,13,10|14,4,3,2,13,11|14,4,3,2,13,12|14,4,3,13,2,10|14,4,3,13,5,11|14,4,3,13,5,12|14,4,3,13,7|14,4,3,13,10|14,4,3,13,11|14,4,3,13,12|14,4,13,2,10|14,4,13,3,2,10|14,4,13,5,11|14,4,13,5,12|14,4,13,7|14,4,13,10|14,4,13,11|14,4,13,12|14,5,11|14,5,12|14,5,13,2,10|14,5,13,3,2,10|14,5,13,3,4,2,10|14,5,13,4,2,10|14,5,13,4,3,2,10|14,5,13,7|14,5,13,10|14,5,13,11|14,5,13,12|14,10|14,11|14,12
13,2,3,4,14,10|13,2,3,4,14,11|13,2,3,4,14,12|13,2,3,14,10|13,2,3,14,11|13,2,3,14,12|13,2,4,3,14,10|13,2,4,3,14,11|13,2,4,3,14,12|13,2,4,14,10|13,2,4,14,11|13,2,4,14,12|13,2,14,10|13,2,14,11|13,2,14,12|13,3,2,4,14,10|13,3,2,4,14,11|13,3,2,4,14,12|13,3,2,14,10|13,3,2,14,11|13,3,2,14,12|13,3,4,2,14,10|13,3,4,2,14,11|13,3,4,2,14,12|13,3,4,14,10|13,3,4,14,11|13,3,4,14,12|13,3,14,10|13,3,14,11|13,3,14,12|13,4,2,3,14,10|13,4,2,3,14,11|13,4,2,3,14,12|13,4,2,14,10|13,4,2,14,11|13,4,2,14,12|13,4,3,2,14,10|13,4,3,2,14,11|13,4,3,2,14,12|13,4,3,14,10|13,4,3,14,11|13,4,3,14,12|13,4,14,10|13,4,14,11|13,4,14,12|13,10|13,11|13,12|14,2,3,4,13,10|14,2,3,4,13,11|14,2,3,4,13,12|14,2,3,13,10|14,2,3,13,11|14,2,3,13,12|14,2,4,3,13,10|14,2,4,3,13,11|14,2,4,3,13,12|14,2,4,13,10|14,2,4,13,11|14,2,4,13,12|14,2,13,10|14,2,13,11|14,2,13,12|14,3,2,4,13,10|14,3,2,4,13,11|14,3,2,4,13,12|14,3,2,13,10|14,3,2,13,11|14,3,2,13,12|14,3,4,2,13,10|14,3,4,2,13,11|14,3,4,2,13,12|14,3,4,13,10|14,3,4,13,11|14,3,4,13,12|14,3,13,10|14,3,13,11|14,3,13,12|14,4,2,3,13,10|14,4,2,3,13,11|14,4,2,3,13,12|14,4,2,13,10|14,4,2,13,11|14,4,2,13,12|14,4,3,2,13,10|14,4,3,2,13,11|14,4,3,2,13,12|14,4,3,13,10|14,4,3,13,11|14,4,3,13,12|14,4,13,10|14,4,13,11|14,4,13,12|14,10|14,11|14,12
13,2,4,3,14,5,6,11|13,2,4,3,14,5,6,12|13,2,4,3,14,5,11|13,2,4,3,14,5,12|13,2,4,3,14,10|13,2,4,3,14,11|13,2,4,3,14,12|13,2,4,7|13,2,4,14,5,6,11|13,2,4,14,5,6,12|13,2,4,14,5,11|13,2,4,14,5,12|13,2,4,14,10|13,2,4,14,11|13,2,4,14,12|13,2,7|13,2,14,3,4,7|13,2,14,4,7|13,2,14,5,6,11|13,2,14,5,6,12|13,2,14,5,11|13,2,14,5,12|13,2,14,10|13,2,14,11|13,2,14,12|13,3,4,2,7|13,3,4,2,14,5,6,11|13,3,4,2,14,5,6,12|13,3,4,2,14,5,11|13,3,4,2,14,5,12|13,3,4,2,14,10|13,3,4,2,14,11|13,3,4,2,14,12|13,3,4,7|13,3,4,14,2,7|13,3,4,14,5,6,11|13,3,4,14,5,6,12|13,3,4,14,5,11|13,3,4,14,5,12|13,3,4,14,10|13,3,4,14,11|13,3,4,14,12|13,3,14,2,4,7|13,3,14,2,7|13,3,14,4,2,7|13,3,14,4,7|13,3,14,5,6,11|13,3,14,5,6,12|13,3,14,5,11|13,3,14,5,12|13,3,14,10|13,3,14,11|13,3,14,12|13,4,2,7|13,4,2,14,5,6,11|13,4,2,14,5,6,12|13,4,2,14,5,11|13,4,2,14,5,12|13,4,2,14,10|13,4,2,14,11|13,4,2,14,12|13,4,3,14,2,7|13,4,3,14,5,6,11|13,4,3,14,5,6,12|13,4,3,14,5,11|13,4,3,14,5,12|13,4,3,14,10|13,4,3,14,11|13,4,3,14,12|13,4,7|13,4,14,2,7|13,4,14,5,6,11|13,4,14,5,6,12|13,4,14,5,11|13,4,14,5,12|13,4,14,10|13,4,14,11|13,4,14,12|13,5,6,11|13,5,6,12|13,5,11|13,5,12|13,5,14,2,4,7|13,5,14,2,7|13,5,14,3,4,2,7|13,5,14,3,4,7|13,5,14,4,2,7|13,5,14,4,7|13,5,14,10|13,5,14,11|13,5,14,12|13,6,5,11|13,6,5,12|13,6,5,14,2,4,7|13,6,5,14,2,7|13,6,5,14,3,4,2,7|13,6,5,14,3,4,7|13,6,5,14,4,2,7|13,6,5,14,4,7|13,6,5,14,10|13,6,5,14,11|13,6,5,14,12|13,6,11|13,6,12|13,10|13,11|13,12|14,2,4,3,13,5,6,11|14,2,4,3,13,5,6,12|14,2,4,3,13,5,11|14,2,4,3,13,5,12|14,2,4,3,13,6,5,11|14,2,4,3,13,6,5,12|14,2,4,3,13,6,11|14,2,4,3,13,6,12|14,2,4,3,13,10|14,2,4,3,13,11|14,2,4,3,13,12|14,2,4,7|14,2,4,13,5,6,11|14,2,4,13,5,6,12|14,2,4,13,5,11|14,2,4,13,5,12|14,2,4,13,6,5,11|14,2,4,13,6,5,12|14,2,4,13,6,11|14,2,4,13,6,12|14,2,4,13,10|14,2,4,13,11|14,2,4,13,12|14,2,7|14,2,13,3,4,7|14,2,13,4,7|14,2,13,5,6,11|14,2,13,5,6,12|14,2,13,5,11|14,2,13,5,12|14,2,13,6,5,11|14,2,13,6,5,12|14,2,13,6,11|14,2,13,6,12|14,2,13,10|14,2,13,11|14,2,13,12|14,3,4,2,7|14,3,4,2,13,5,6,11|14,3,4,2,13,5,6,12|14,3,4,2,13,5,11|14,3,4,2,13,5,12|14,3,4,2,13,6,5,11|14,3,4,2,13,6,5,12|14,3,4,2,13,6,11|14,3,4,2,13,6,12|14,3,4,2,13,10|14,3,4,2,13,11|14,3,4,2,13,12|14,3,4,7|14,3,4,13,2,7|14,3,4,13,5,6,11|14,3,4,13,5,6,12|14,3,4,13,5,11|14,3,4,13,5,12|14,3,4,13,6,5,11|14,3,4,13,6,5,12|14,3,4,13,6,11|14,3,4,13,6,12|14,3,4,13,10|14,3,4,13,11|14,3,4,13,12|14,3,13,2,4,7|14,3,13,2,7|14,3,13,4,2,7|14,3,13,4,7|14,3,13,5,6,11|14,3,13,5,6,12|14,3,13,5,11|14,3,13,5,12|14,3,13,6,5,11|14,3,13,6,5,12|14,3,13,6,11|14,3,13,6,12|14,3,13,10|14,3,13,11|14,3,13,12|14,4,2,7|14,4,2,13,5,6,11|14,4,2,13,5,6,12|14,4,2,13,5,11|14,4,2,13,5,12|14,4,2,13,6,5,11|14,4,2,13,6,5,12|14,4,2,13,6,11|14,4,2,13,6,12|14,4,2,13,10|14,4,2,13,11|14,4,2,13,12|14,4,3,13,2,7|14,4,3,13,5,6,11|14,4,3,13,5,6,12|14,4,3,13,5,11|14,4,3,13,5,12|14,4,3,13,6,5,11|14,4,3,13,6,5,12|14,4,3,13,6,11|14,4,3,13,6,12|14,4,3,13,10|14,4,3,13,11|14,4,3,13,12|14,4,7|14,4,13,2,7|14,4,13,5,6,11|14,4,13,5,6,12|14,4,13,5,11|14,4,13,5,12|14,4,13,6,5,11|14,4,13,6,5,12|14,4,13,6,11|14,4,13,6,12|14,4,13,10|14,4,13,11|14,4,13,12|14,5,6,11|14,5,6,12|14,5,6,13,2,4,7|14,5,6,13,2,7|14,5,6,13,3,4,2,7|14,5,6,13,3,4,7|14,5,6,13,4,2,7|14,5,6,13,4,7|14,5,6,13,10|14,5,6,13,11|14,5,6,13,12|14,5,11|14,5,12|14,5,13,2,4,7|14,5,13,2,7|14,5,13,3,4,2,7|14,5,13,3,4,7|14,5,13,4,2,7|14,5,13,4,7|14,5,13,6,11|14,5,13,6,12|14,5,13,10|14,5,13,11|14,5,13,12|14,10|14,11|14,12
13,3,14,4,2,7|13,3,14,4,7|13,3,14,9|13,3,14,10|13,3,14,11|13,4,2,7|13,4,7|13,4,14,9|13,4,14,10|13,4,14,11|13,6,9|13,6,11|13,9|13,10|13,11|14,3,13,4,2,7|14,3,13,4,7|14,3,13,6,9|14,3,13,6,11|14,3,13,9|14,3,13,10|14,3,13,11|14,4,2,7|14,4,7|14,4,13,6,9|14,4,13,6,11|14,4,13,9|14,4,13,10|14,4,13,11|14,9|14,10|14,11
13,2,10|13,2,14,5,6,9|13,2,14,5,6,11|13,2,14,5,9|13,2,14,5,11|13,2,14,6,5,9|13,2,14,6,5,11|13,2,14,6,9|13,2,14,6,11|13,2,14,9|13,2,14,10|13,2,14,11|13,3,14,2,10|13,3,14,5,6,9|13,3,14,5,6,11|13,3,14,5,9|13,3,14,5,11|13,3,14,6,5,9|13,3,14,6,5,11|13,3,14,6,9|13,3,14,6,11|13,3,14,9|13,3,14,10|13,3,14,11|13,5,6,9|13,5,6,11|13,5,6,14,2,10|13,5,6,14,9|13,5,6,14,10|13,5,6,14,11|13,5,9|13,5,11|13,5,14,2,10|13,5,14,6,9|13,5,14,6,11|13,5,14,9|13,5,14,10|13,5,14,11|13,6,5,9|13,6,5,11|13,6,5,14,2,10|13,6,5,14,9|13,6,5,14,10|13,6,5,14,11|13,6,9|13,6,11|13,6,14,2,10|13,6,14,5,9|13,6,14,5,11|13,6,14,9|13,6,14,10|13,6,14,11|13,9|13,10|13,11|14,2,10|14,2,13,5,6,9|14,2,13,5,6,11|14,2,13,5,9|14,2,13,5,11|14,2,13,6,5,9|14,2,13,6,5,11|14,2,13,6,9|14,2,13,6,11|14,2,13,9|14,2,13,10|14,2,13,11|14,3,13,2,10|14,3,13,5,6,9|14,3,13,5,6,11|14,3,13,5,9|14,3,13,5,11|14,3,13,6,5,9|14,3,13,6,5,11|14,3,13,6,9|14,3,13,6,11|14,3,13,9|14,3,13,10|14,3,13,11|14,5,6,9|14,5,6,11|14,5,6,13,2,10|14,5,6,13,9|14,5,6,13,10|14,5,6,13,11|14,5,9|14,5,11|14,5,13,2,10|14,5,13,6,9|14,5,13,6,11|14,5,13,9|14,5,13,10|14,5,13,11|14,6,5,9|14,6,5,11|14,6,5,13,2,10|14,6,5,13,9|14,6,5,13,10|14,6,5,13,11|14,6,9|14,6,11|14,6,13,2,10|14,6,13,5,9|14,6,13,5,11|14,6,13,9|14,6,13,10|14,6,13,11|14,9|14,10|14,11
13,2,3,14,6,9|13,2,3,14,6,11|13,2,3,14,9|13,2,3,14,10|13,2,3,14,11|13,2,10|13,2,14,6,9|13,2,14,6,11|13,2,14,9|13,2,14,10|13,2,14,11|13,3,2,10|13,3,2,14,6,9|13,3,2,14,6,11|13,3,2,14,9|13,3,2,14,10|13,3,2,14,11|13,3,14,2,10|13,3,14,6,9|13,3,14,6,11|13,3,14,9|13,3,14,10|13,3,14,11|13,6,9|13,6,11|13,6,14,2,10|13,6,14,3,2,10|13,6,14,9|13,6,14,10|13,6,14,11|13,9|13,10|13,11|14,2,3,13,6,9|14,2,3,13,6,11|14,2,3,13,9|14,2,3,13,10|14,2,3,13,11|14,2,10|14,2,13,6,9|14,2,13,6,11|14,2,13,9|14,2,13,10|14,2,13,11|14,3,2,10|14,3,2,13,6,9|14,3,2,13,6,11|14,3,2,13,9|14,3,2,13,10|14,3,2,13,11|14,3,13,2,10|14,3,13,6,9|14,3,13,6,11|14,3,13,9|14,3,13,10|14,3,13,11|14,6,9|14,6,11|14,6,13,2,10|14,6,13,3,2,10|14,6,13,9|14,6,13,10|14,6,13,11|14,9|14,10|14,11
13,2,3,10|13,2,3,14,5,6,8|13,2,3,14,5,6,9|13,2,3,14,5,8|13,2,3,14,5,9|13,2,3,14,6,5,8|13,2,3,14,6,5,9|13,2,3,14,6,8|13,2,3,14,6,9|13,2,3,14,8|13,2,3,14,9|13,2,3,14,10|13,2,4,7|13,2,10|13,2,14,3,10|13,2,14,5,6,8|13,2,14,5,6,9|13,2,14,5,8|13,2,14,5,9|13,2,14,6,5,8|13,2,14,6,5,9|13,2,14,6,8|13,2,14,6,9|13,2,14,8|13,2,14,9|13,2,14,10|13,3,2,4,7|13,3,2,10|13,3,2,14,5,6,8|13,3,2,14,5,6,9|13,3,2,14,5,8|13,3,2,14,5,9|13,3,2,14,6,5,8|13,3,2,14,6,5,9|13,3,2,14,6,8|13,3,2,14,6,9|13,3,2,14,8|13,3,2,14,9|13,3,2,14,10|13,3,10|13,3,14,2,4,7|13,3,14,2,10|13,3,14,5,6,8|13,3,14,5,6,9|13,3,14,5,8|13,3,14,5,9|13,3,14,6,5,8|13,3,14,6,5,9|13,3,14,6,8|13,3,14,6,9|13,3,14,8|13,3,14,9|13,3,14,10|13,5,6,8|13,5,6,9|13,5,6,14,2,3,10|13,5,6,14,2,4,7|13,5,6,14,2,10|13,5,6,14,3,2,4,7|13,5,6,14,3,2,10|13,5,6,14,3,10|13,5,6,14,8|13,5,6,14,9|13,5,6,14,10|13,5,8|13,5,9|13,5,14,2,3,10|13,5,14,2,4,7|13,5,14,2,10|13,5,14,3,2,4,7|13,5,14,3,2,10|13,5,14,3,10|13,5,14,6,8|13,5,14,6,9|13,5,14,8|13,5,14,9|13,5,14,10|13,8|13,9|13,10|14,2,3,10|14,2,3,13,5,6,8|14,2,3,13,5,6,9|14,2,3,13,5,8|14,2,3,13,5,9|14,2,3,13,8|14,2,3,13,9|14,2,3,13,10|14,2,4,7|14,2,10|14,2,13,3,10|14,2,13,5,6,8|14,2,13,5,6,9|14,2,13,5,8|14,2,13,5,9|14,2,13,8|14,2,13,9|14,2,13,10|14,3,2,4,7|14,3,2,10|14,3,2,13,5,6,8|14,3,2,13,5,6,9|14,3,2,13,5,8|14,3,2,13,5,9|14,3,2,13,8|14,3,2,13,9|14,3,2,13,10|14,3,10|14,3,13,2,4,7|14,3,13,2,10|14,3,13,5,6,8|14,3,13,5,6,9|14,3,13,5,8|14,3,13,5,9|14,3,13,8|14,3,13,9|14,3,13,10|14,5,6,8|14,5,6,9|14,5,8|14,5,9|14,5,13,2,3,10|14,5,13,2,4,7|14,5,13,2,10|14,5,13,3,2,4,7|14,5,13,3,2,10|14,5,13,3,10|14,5,13,8|14,5,13,9|14,5,13,10|14,6,5,8|14,6,5,9|14,6,5,13,2,3,10|14,6,5,13,2,4,7|14,6,5,13,2,10|14,6,5,13,3,2,4,7|14,6,5,13,3,2,10|14,6,5,13,3,10|14,6,5,13,8|14,6,5,13,9|14,6,5,13,10|14,6,8|14,6,9|14,8|14,9|14,10
13,3,10|13,3,14,4,2,7|13,3,14,4,7|13,3,14,6,8|13,3,14,6,9|13,3,14,8|13,3,14,9|13,3,14,10|13,8|13,9|13,10|14,3,10|14,3,13,8|14,3,13,9|14,3,13,10|14,4,2,7|14,4,7|14,6,8|14,6,9|14,8|14,9|14,10
13,2,4,7|13,2,4,14,5,8|13,2,4,14,5,9|13,2,4,14,7|13,2,4,14,8|13,2,4,14,9|13,2,7|13,2,14,4,7|13,2,14,5,8|13,2,14,5,9|13,2,14,7|13,2,14,8|13,2,14,9|13,4,2,7|13,4,2,14,5,8|13,4,2,14,5,9|13,4,2,14,7|13,4,2,14,8|13,4,2,14,9|13,4,7|13,4,14,2,7|13,4,14,5,8|13,4,14,5,9|13,4,14,7|13,4,14,8|13,4,14,9|13,5,8|13,5,9|13,5,14,2,4,7|13,5,14,2,7|13,5,14,4,2,7|13,5,14,4,7|13,5,14,7|13,5,14,8|13,5,14,9|13,7|13,8|13,9|13,10|14,2,4,7|14,2,4,13,5,8|14,2,4,13,5,9|14,2,4,13,7|14,2,4,13,8|14,2,4,13,9|14,2,4,13,10|14,2,7|14,2,13,4,7|14,2,13,5,8|14,2,13,5,9|14,2,13,7|14,2,13,8|14,2,13,9|14,2,13,10|14,4,2,7|14,4,2,13,5,8|14,4,2,13,5,9|14,4,2,13,7|14,4,2,13,8|14,4,2,13,9|14,4,2,13,10|14,4,7|14,4,13,2,7|14,4,13,5,8|14,4,13,5,9|14,4,13,7|14,4,13,8|14,4,13,9|14,4,13,10|14,5,8|14,5,9|14,5,13,2,4,7|14,5,13,2,7|14,5,13,4,2,7|14,5,13,4,7|14,5,13,7|14,5,13,8|14,5,13,9|14,5,13,10|14,7|14,8|14,9
13,2,4,7|13,2,4,14,7|13,2,4,14,8|13,2,4,14,9|13,2,14,4,7|13,2,14,7|13,2,14,8|13,2,14,9|13,4,2,14,7|13,4,2,14,8|13,4,2,14,9|13,4,7|13,4,14,7|13,4,14,8|13,4,14,9|13,7|13,8|13,9|14,2,4,7|14,2,4,13,7|14,2,4,13,8|14,2,4,13,9|14,2,13,4,7|14,2,13,7|14,2,13,8|14,2,13,9|14,4,2,13,7|14,4,2,13,8|14,4,2,13,9|14,4,7|14,4,13,7|14,4,13,8|14,4,13,9|14,7|14,8|14,9
13,2,3,10|13,2,10|13,2,14,4,7|13,2,14,5,6,8|13,2,14,5,6,9|13,2,14,5,8|13,2,14,5,9|13,2,14,7|13,2,14,8|13,2,14,9|13,4,7|13,4,14,2,3,10|13,4,14,2,10|13,4,14,5,6,8|13,4,14,5,6,9|13,4,14,5,8|13,4,14,5,9|13,4,14,7|13,4,14,8|13,4,14,9|13,5,6,8|13,5,6,9|13,5,8|13,5,9|13,5,14,2,3,10|13,5,14,2,10|13,5,14,4,7|13,5,14,7|13,5,14,8|13,5,14,9|13,6,5,8|13,6,5,9|13,6,5,14,2,3,10|13,6,5,14,2,10|13,6,5,14,4,7|13,6,5,14,7|13,6,5,14,8|13,6,5,14,9|13,6,8|13,6,9|13,7|13,8|13,9|14,2,3,10|14,2,10|14,2,13,4,7|14,2,13,5,6,8|14,2,13,5,6,9|14,2,13,5,8|14,2,13,5,9|14,2,13,6,5,8|14,2,13,6,5,9|14,2,13,6,8|14,2,13,6,9|14,2,13,7|14,2,13,8|14,2,13,9|14,4,7|14,4,13,2,3,10|14,4,13,2,10|14,4,13,5,6,8|14,4,13,5,6,9|14,4,13,5,8|14,4,13,5,9|14,4,13,6,5,8|14,4,13,6,5,9|14,4,13,6,8|14,4,13,6,9|14,4,13,7|14,4,13,8|14,4,13,9|14,5,6,8|14,5,6,9|14,5,6,13,2,3,10|14,5,6,13,2,10|14,5,6,13,4,7|14,5,6,13,7|14,5,6,13,8|14,5,6,13,9|14,5,8|14,5,9|14,5,13,2,3,10|14,5,13,2,10|14,5,13,4,7|14,5,13,6,8|14,5,13,6,9|14,5,13,7|14,5,13,8|14,5,13,9|14,7|14,8|14,9
13,4,7|13,4,14,7|13,4,14,8|13,4,14,12|13,6,8|13,6,12|13,7|13,8|13,12|14,4,7|14,4,13,6,8|14,4,13,6,12|14,4,13,7|14,4,13,8|14,4,13,12|14,7|14,8|14,12
13,2,4,7|13,2,4,14,5,6,8|13,2,4,14,5,6,12|13,2,4,14,5,8|13,2,4,14,5,12|13,2,4,14,6,5,8|13,2,4,14,6,5,12|13,2,4,14,6,8|13,2,4,14,6,12|13,2,4,14,7|13,2,4,14,8|13,2,4,14,12|13,2,7|13,2,14,4,7|13,2,14,5,6,8|13,2,14,5,6,12|13,2,14,5,8|13,2,14,5,12|13,2,14,6,5,8|13,2,14,6,5,12|13,2,14,6,8|13,2,14,6,12|13,2,14,7|13,2,14,8|13,2,14,12|13,4,2,7|13,4,2,14,5,6,8|13,4,2,14,5,6,12|13,4,2,14,5,8|13,4,2,14,5,12|13,4,2,14,6,5,8|13,4,2,14,6,5,12|13,4,2,14,6,8|13,4,2,14,6,12|13,4,2,14,7|13,4,2,14,8|13,4,2,14,12|13,4,7|13,4,14,2,7|13,4,14,5,6,8|13,4,14,5,6,12|13,4,14,5,8|13,4,14,5,12|13,4,14,6,5,8|13,4,14,6,5,12|13,4,14,6,8|13,4,14,6,12|13,4,14,7|13,4,14,8|13,4,14,12|13,5,6,8|13,5,6,12|13,5,6,14,2,4,7|13,5,6,14,2,7|13,5,6,14,4,2,7|13,5,6,14,4,7|13,5,6,14,7|13,5,6,14,8|13,5,6,14,12|13,5,8|13,5,12|13,5,14,2,4,7|13,5,14,2,7|13,5,14,4,2,7|13,5,14,4,7|13,5,14,6,8|13,5,14,6,12|13,5,14,7|13,5,14,8|13,5,14,12|13,6,5,8|13,6,5,12|13,6,5,14,2,4,7|13,6,5,14,2,7|13,6,5,14,4,2,7|13,6,5,14,4,7|13,6,5,14,7|13,6,5,14,8|13,6,5,14,12|13,6,8|13,6,12|13,6,14,2,4,7|13,6,14,2,7|13,6,14,4,2,7|13,6,14,4,7|13,6,14,5,8|13,6,14,5,12|13,6,14,7|13,6,14,8|13,6,14,12|13,7|13,8|13,12|14,2,4,7|14,2,4,13,5,6,8|14,2,4,13,5,6,12|14,2,4,13,5,8|14,2,4,13,5,12|14,2,4,13,6,5,8|14,2,4,13,6,5,12|14,2,4,13,6,8|14,2,4,13,6,12|14,2,4,13,7|14,2,4,13,8|14,2,4,13,12|14,2,7|14,2,13,4,7|14,2,13,5,6,8|14,2,13,5,6,12|14,2,13,5,8|14,2,13,5,12|14,2,13,6,5,8|14,2,13,6,5,12|14,2,13,6,8|14,2,13,6,12|14,2,13,7|14,2,13,8|14,2,13,12|14,4,2,7|14,4,2,13,5,6,8|14,4,2,13,5,6,12|14,4,2,13,5,8|14,4,2,13,5,12|14,4,2,13,6,5,8|14,4,2,13,6,5,12|14,4,2,13,6,8|14,4,2,13,6,12|14,4,2,13,7|14,4,2,13,8|14,4,2,13,12|14,4,7|14,4,13,2,7|14,4,13,5,6,8|14,4,13,5,6,12|14,4,13,5,8|14,4,13,5,12|14,4,13,6,5,8|14,4,13,6,5,12|14,4,13,6,8|14,4,13,6,12|14,4,13,7|14,4,13,8|14,4,13,12|14,5,6,8|14,5,6,12|14,5,6,13,2,4,7|14,5,6,13,2,7|14,5,6,13,4,2,7|14,5,6,13,4,7|14,5,6,13,7|14,5,6,13,8|14,5,6,13,12|14,5,8|14,5,12|14,5,13,2,4,7|14,5,13,2,7|14,5,13,4,2,7|14,5,13,4,7|14,5,13,6,8|14,5,13,6,12|14,5,13,7|14,5,13,8|14,5,13,12|14,6,5,8|14,6,5,12|14,6,5,13,2,4,7|14,6,5,13,2,7|14,6,5,13,4,2,7|14,6,5,13,4,7|14,6,5,13,7|14,6,5,13,8|14,6,5,13,12|14,6,8|14,6,12|14,6,13,2,4,7|14,6,13,2,7|14,6,13,4,2,7|14,6,13,4,7|14,6,13,5,8|14,6,13,5,12|14,6,13,7|14,6,13,8|14,6,13,12|14,7|14,8|14,12
13,2,4,7|13,2,4,14,6,8|13,2,4,14,6,12|13,2,4,14,7|13,2,4,14,8|13,2,4,14,12|13,2,7|13,2,14,4,7|13,2,14,6,8|13,2,14,6,12|13,2,14,7|13,2,14,8|13,2,14,12|13,4,2,7|13,4,2,14,6,8|13,4,2,14,6,12|13,4,2,14,7|13,4,2,14,8|13,4,2,14,12|13,4,7|13,4,14,2,7|13,4,14,6,8|13,4,14,6,12|13,4,14,7|13,4,14,8|13,4,14,12|13,6,8|13,6,12|13,6,14,2,4,7|13,6,14,2,7|13,6,14,4,2,7|13,6,14,4,7|13,6,14,7|13,6,14,8|13,6,14,12|13,7|13,8|13,12|14,2,4,7|14,2,4,13,6,8|14,2,4,13,6,12|14,2,4,13,7|14,2,4,13,8|14,2,4,13,12|14,2,7|14,2,13,4,7|14,2,13,6,8|14,2,13,6,12|14,2,13,7|14,2,13,8|14,2,13,12|14,4,2,7|14,4,2,13,6,8|14,4,2,13,6,12|14,4,2,13,7|14,4,2,13,8|14,4,2,13,12|14,4,7|14,4,13,2,7|14,4,13,6,8|14,4,13,6,12|14,4,13,7|14,4,13,8|14,4,13,12|14,6,8|14,6,12|14,6,13,2,4,7|14,6,13,2,7|14,6,13,4,2,7|14,6,13,4,7|14,6,13,7|14,6,13,8|14,6,13,12|14,7|14,8|14,12
13,2,4,7|13,2,4,14,5,6,11|13,2,4,14,5,6,12|13,2,4,14,5,11|13,2,4,14,5,12|13,2,4,14,6,5,11|13,2,4,14,6,5,12|13,2,4,14,6,11|13,2,4,14,6,12|13,2,4,14,7|13,2,4,14,11|13,2,4,14,12|13,2,7|13,2,14,4,7|13,2,14,5,6,11|13,2,14,5,6,12|13,2,14,5,11|13,2,14,5,12|13,2,14,6,5,11|13,2,14,6,5,12|13,2,14,6,11|13,2,14,6,12|13,2,14,7|13,2,14,11|13,2,14,12|13,4,2,7|13,4,2,14,5,6,11|13,4,2,14,5,6,12|13,4,2,14,5,11|13,4,2,14,5,12|13,4,2,14,6,5,11|13,4,2,14,6,5,12|13,4,2,14,6,11|13,4,2,14,6,12|13,4,2,14,7|13,4,2,14,11|13,4,2,14,12|13,4,7|13,4,14,2,7|13,4,14,5,6,11|13,4,14,5,6,12|13,4,14,5,11|13,4,14,5,12|13,4,14,6,5,11|13,4,14,6,5,12|13,4,14,6,11|13,4,14,6,12|13,4,14,7|13,4,14,11|13,4,14,12|13,5,6,11|13,5,6,12|13,5,6,14,2,4,7|13,5,6,14,2,7|13,5,6,14,4,2,7|13,5,6,14,4,7|13,5,6,14,7|13,5,6,14,11|13,5,6,14,12|13,5,11|13,5,12|13,5,14,2,4,7|13,5,14,2,7|13,5,14,4,2,7|13,5,14,4,7|13,5,14,6,11|13,5,14,6,12|13,5,14,7|13,5,14,11|13,5,14,12|13,7|13,11|13,12|14,2,4,7|14,2,4,13,5,6,11|14,2,4,13,5,6,12|14,2,4,13,5,11|14,2,4,13,5,12|14,2,4,13,7|14,2,4,13,11|14,2,4,13,12|14,2,7|14,2,13,4,7|14,2,13,5,6,11|14,2,13,5,6,12|14,2,13,5,11|14,2,13,5,12|14,2,13,7|14,2,13,11|14,2,13,12|14,4,2,7|14,4,2,13,5,6,11|14,4,2,13,5,6,12|14,4,2,13,5,11|14,4,2,13,5,12|14,4,2,13,7|14,4,2,13,11|14,4,2,13,12|14,4,7|14,4,13,2,7|14,4,13,5,6,11|14,4,13,5,6,12|14,4,13,5,11|14,4,13,5,12|14,4,13,7|14,4,13,11|14,4,13,12|14,5,6,11|14,5,6,12|14,5,11|14,5,12|14,5,13,2,4,7|14,5,13,2,7|14,5,13,4,2,7|14,5,13,4,7|14,5,13,7|14,5,13,11|14,5,13,12|14,6,5,11|14,6,5,12|14,6,5,13,2,4,7|14,6,5,13,2,7|14,6,5,13,4,2,7|14,6,5,13,4,7|14,6,5,13,7|14,6,5,13,11|14,6,5,13,12|14,6,11|14,6,12|14,7|14,11|14,12
13,3,2,4,7|13,3,2,4,14,6,11|13,3,2,4,14,6,12|13,3,2,4,14,7|13,3,2,4,14,11|13,3,2,4,14,12|13,3,2,10|13,3,10|13,3,14,4,2,10|13,3,14,4,7|13,3,14,6,11|13,3,14,6,12|13,3,14,7|13,3,14,11|13,3,14,12|13,4,2,3,10|13,4,2,3,14,6,11|13,4,2,3,14,6,12|13,4,2,3,14,7|13,4,2,3,14,11|13,4,2,3,14,12|13,4,2,10|13,4,7|13,4,14,3,2,10|13,4,14,3,10|13,4,14,6,11|13,4,14,6,12|13,4,14,7|13,4,14,11|13,4,14,12|13,7|13,11|13,12|14,3,2,4,7|14,3,2,4,13,7|14,3,2,4,13,11|14,3,2,4,13,12|14,3,2,10|14,3,10|14,3,13,4,2,10|14,3,13,4,7|14,3,13,7|14,3,13,11|14,3,13,12|14,4,2,3,10|14,4,2,3,13,7|14,4,2,3,13,11|14,4,2,3,13,12|14,4,2,10|14,4,7|14,4,13,3,2,10|14,4,13,3,10|14,4,13,7|14,4,13,11|14,4,13,12|14,6,11|14,6,12|14,7|14,11|14,12
13,2,3,10|13,2,3,14,5,11|13,2,3,14,5,12|13,2,3,14,10|13,2,3,14,11|13,2,3,14,12|13,2,10|13,2,14,3,10|13,2,14,5,11|13,2,14,5,12|13,2,14,10|13,2,14,11|13,2,14,12|13,3,2,10|13,3,2,14,5,11|13,3,2,14,5,12|13,3,2,14,10|13,3,2,14,11|13,3,2,14,12|13,3,10|13,3,14,2,10|13,3,14,5,11|13,3,14,5,12|13,3,14,10|13,3,14,11|13,3,14,12|13,5,11|13,5,12|13,5,14,2,3,10|13,5,14,2,10|13,5,14,3,2,10|13,5,14,3,10|13,5,14,10|13,5,14,11|13,5,14,12|13,7|13,10|13,11|13,12|14,2,3,10|14,2,3,13,5,11|14,2,3,13,5,12|14,2,3,13,7|14,2,3,13,10|14,2,3,13,11|14,2,3,13,12|14,2,10|14,2,13,3,10|14,2,13,5,11|14,2,13,5,12|14,2,13,7|14,2,13,10|14,2,13,11|14,2,13,12|14,3,2,10|14,3,2,13,5,11|14,3,2,13,5,12|14,3,2,13,7|14,3,2,13,10|14,3,2,13,11|14,3,2,13,12|14,3,10|14,3,13,2,10|14,3,13,5,11|14,3,13,5,12|14,3,13,7|14,3,13,10|14,3,13,11|14,3,13,12|14,5,11|14,5,12|14,5,13,2,3,10|14,5,13,2,10|14,5,13,3,2,10|14,5,13,3,10|14,5,13,7|14,5,13,10|14,5,13,11|14,5,13,12|14,10|14,11|14,12
13,2,14,3,10|13,2,14,10|13,2,14,11|13,2,14,12|13,3,10|13,3,14,10|13,3,14,11|13,3,14,12|13,10|13,11|13,12|14,2,13,3,10|14,2,13,10|14,2,13,11|14,2,13,12|14,3,10|14,3,13,10|14,3,13,11|14,3,13,12|14,10|14,11|14,12
13,2,7|13,2,14,3,10|13,2,14,5,6,11|13,2,14,5,6,12|13,2,14,5,11|13,2,14,5,12|13,2,14,10|13,2,14,11|13,2,14,12|13,3,10|13,3,14,2,7|13,3,14,5,6,11|13,3,14,5,6,12|13,3,14,5,11|13,3,14,5,12|13,3,14,10|13,3,14,11|13,3,14,12|13,5,6,11|13,5,6,12|13,5,11|13,5,12|13,5,14,2,7|13,5,14,3,10|13,5,14,10|13,5,14,11|13,5,14,12|13,6,5,11|13,6,5,12|13,6,5,14,2,7|13,6,5,14,3,10|13,6,5,14,10|13,6,5,14,11|13,6,5,14,12|13,6,11|13,6,12|13,10|13,11|13,12|14,2,7|14,2,13,3,10|14,2,13,5,6,11|14,2,13,5,6,12|14,2,13,5,11|14,2,13,5,12|14,2,13,6,5,11|14,2,13,6,5,12|14,2,13,6,11|14,2,13,6,12|14,2,13,10|14,2,13,11|14,2,13,12|14,3,10|14,3,13,2,7|14,3,13,5,6,11|14,3,13,5,6,12|14,3,13,5,11|14,3,13,5,12|14,3,13,6,5,11|14,3,13,6,5,12|14,3,13,6,11|14,3,13,6,12|14,3,13,10|14,3,13,11|14,3,13,12|14,5,6,11|14,5,6,12|14,5,6,13,2,7|14,5,6,13,3,10|14,5,6,13,10|14,5,6,13,11|14,5,6,13,12|14,5,11|14,5,12|14,5,13,2,7|14,5,13,3,10|14,5,13,6,11|14,5,13,6,12|14,5,13,10|14,5,13,11|14,5,13,12|14,10|14,11|14,12
13,3,10|13,3,14,4,2,7|13,3,14,9|13,3,14,10|13,3,14,11|13,6,9|13,6,11|13,9|13,10|13,11|14,3,10|14,3,13,6,9|14,3,13,6,11|14,3,13,9|14,3,13,10|14,3,13,11|14,4,2,7|14,9|14,10|14,11
13,2,3,4,14,5,6,9|13,2,3,4,14,5,6,11|13,2,3,4,14,5,9|13,2,3,4,14,5,11|13,2,3,4,14,6,5,9|13,2,3,4,14,6,5,11|13,2,3,4,14,6,9|13,2,3,4,14,6,11|13,2,3,4,14,9|13,2,3,4,14,10|13,2,3,4,14,11|13,2,3,10|13,2,3,14,5,6,9|13,2,3,14,5,6,11|13,2,3,14,5,9|13,2,3,14,5,11|13,2,3,14,6,5,9|13,2,3,14,6,5,11|13,2,3,14,6,9|13,2,3,14,6,11|13,2,3,14,9|13,2,3,14,10|13,2,3,14,11|13,2,4,3,10|13,2,4,3,14,5,6,9|13,2,4,3,14,5,6,11|13,2,4,3,14,5,9|13,2,4,3,14,5,11|13,2,4,3,14,6,5,9|13,2,4,3,14,6,5,11|13,2,4,3,14,6,9|13,2,4,3,14,6,11|13,2,4,3,14,9|13,2,4,3,14,10|13,2,4,3,14,11|13,2,4,14,3,10|13,2,4,14,5,6,9|13,2,4,14,5,6,11|13,2,4,14,5,9|13,2,4,14,5,11|13,2,4,14,6,5,9|13,2,4,14,6,5,11|13,2,4,14,6,9|13,2,4,14,6,11|13,2,4,14,9|13,2,4,14,10|13,2,4,14,11|13,2,10|13,2,14,3,10|13,2,14,4,3,10|13,2,14,5,6,9|13,2,14,5,6,11|13,2,14,5,9|13,2,14,5,11|13,2,14,6,5,9|13,2,14,6,5,11|13,2,14,6,9|13,2,14,6,11|13,2,14,9|13,2,14,10|13,2,14,11|13,3,2,4,14,5,6,9|13,3,2,4,14,5,6,11|13,3,2,4,14,5,9|13,3,2,4,14,5,11|13,3,2,4,14,6,5,9|13,3,2,4,14,6,5,11|13,3,2,4,14,6,9|13,3,2,4,14,6,11|13,3,2,4,14,9|13,3,2,4,14,10|13,3,2,4,14,11|13,3,2,10|13,3,2,14,5,6,9|13,3,2,14,5,6,11|13,3,2,14,5,9|13,3,2,14,5,11|13,3,2,14,6,5,9|13,3,2,14,6,5,11|13,3,2,14,6,9|13,3,2,14,6,11|13,3,2,14,9|13,3,2,14,10|13,3,2,14,11|13,3,4,2,10|13,3,4,2,14,5,6,9|13,3,4,2,14,5,6,11|13,3,4,2,14,5,9|13,3,4,2,14,5,11|13,3,4,2,14,6,5,9|13,3,4,2,14,6,5,11|13,3,4,2,14,6,9|13,3,4,2,14,6,11|13,3,4,2,14,9|13,3,4,2,14,10|13,3,4,2,14,11|13,3,4,14,2,10|13,3,4,14,5,6,9|13,3,4,14,5,6,11|13,3,4,14,5,9|13,3,4,14,5,11|13,3,4,14,6,5,9|13,3,4,14,6,5,11|13,3,4,14,6,9|13,3,4,14,6,11|13,3,4,14,9|13,3,4,14,10|13,3,4,14,11|13,3,10|13,3,14,2,10|13,3,14,4,2,10|13,3,14,5,6,9|13,3,14,5,6,11|13,3,14,5,9|13,3,14,5,11|13,3,14,6,5,9|13,3,14,6,5,11|13,3,14,6,9|13,3,14,6,11|13,3,14,9|13,3,14,10|13,3,14,11|13,4,2,3,10|13,4,2,3,14,5,6,9|13,4,2,3,14,5,6,11|13,4,2,3,14,5,9|13,4,2,3,14,5,11|13,4,2,3,14,6,5,9|13,4,2,3,14,6,5,11|13,4,2,3,14,6,9|13,4,2,3,14,6,11|13,4,2,3,14,9|13,4,2,3,14,10|13,4,2,3,14,11|13,4,2,10|13,4,2,14,3,10|13,4,2,14,5,6,9|13,4,2,14,5,6,11|13,4,2,14,5,9|13,4,2,14,5,11|13,4,2,14,6,5,9|13,4,2,14,6,5,11|13,4,2,14,6,9|13,4,2,14,6,11|13,4,2,14,9|13,4,2,14,10|13,4,2,14,11|13,4,3,2,10|13,4,3,2,14,5,6,9|13,4,3,2,14,5,6,11|13,4,3,2,14,5,9|13,4,3,2,14,5,11|13,4,3,2,14,6,5,9|13,4,3,2,14,6,5,11|13,4,3,2,14,6,9|13,4,3,2,14,6,11|13,4,3,2,14,9|13,4,3,2,14,10|13,4,3,2,14,11|13,4,3,10|13,4,3,14,2,10|13,4,3,14,5,6,9|13,4,3,14,5,6,11|13,4,3,14,5,9|13,4,3,14,5,11|13,4,3,14,6,5,9|13,4,3,14,6,5,11|13,4,3,14,6,9|13,4,3,14,6,11|13,4,3,14,9|13,4,3,14,10|13,4,3,14,11|13,4,14,2,3,10|13,4,14,2,10|13,4,14,3,2,10|13,4,14,3,10|13,4,14,5,6,9|13,4,14,5,6,11|13,4,14,5,9|13,4,14,5,11|13,4,14,6,5,9|13,4,14,6,5,11|13,4,14,6,9|13,4,14,6,11|13,4,14,9|13,4,14,10|13,4,14,11|13,5,6,9|13,5,6,11|13,5,6,14,2,3,10|13,5,6,14,2,4,3,10|13,5,6,14,2,10|13,5,6,14,3,2,10|13,5,6,14,3,4,2,10|13,5,6,14,3,10|13,5,6,14,4,2,3,10|13,5,6,14,4,2,10|13,5,6,14,4,3,2,10|13,5,6,14,4,3,10|13,5,6,14,9|13,5,6,14,10|13,5,6,14,11|13,5,9|13,5,11|13,5,14,2,3,10|13,5,14,2,4,3,10|13,5,14,2,10|13,5,14,3,2,10|13,5,14,3,4,2,10|13,5,14,3,10|13,5,14,4,2,3,10|13,5,14,4,2,10|13,5,14,4,3,2,10|13,5,14,4,3,10|13,5,14,6,9|13,5,14,6,11|13,5,14,9|13,5,14,10|13,5,14,11|13,6,5,9|13,6,5,11|13,6,5,14,2,3,10|13,6,5,14,2,4,3,10|13,6,5,14,2,10|13,6,5,14,3,2,10|13,6,5,14,3,4,2,10|13,6,5,14,3,10|13,6,5,14,4,2,3,10|13,6,5,14,4,2,10|13,6,5,14,4,3,2,10|13,6,5,14,4,3,10|13,6,5,14,9|13,6,5,14,10|13,6,5,14,11|13,6,9|13,6,11|13,6,14,2,3,10|13,6,14,2,4,3,10|13,6,14,2,10|13,6,14,3,2,10|13,6,14,3,4,2,10|13,6,14,3,10|13,6,14,4,2,3,10|13,6,14,4,2,10|13,6,14,4,3,2,10|13,6,14,4,3,10|13,6,14,5,9|13,6,14,5,11|13,6,14,9|13,6,14,10|13,6,14,11|13,9|13,10|13,11|14,2,3,4,13,5,6,9|14,2,3,4,13,5,6,11|14,2,3,4,13,5,9|14,2,3,4,13,5,11|14,2,3,4,13,6,5,9|14,2,3,4,13,6,5,11|14,2,3,4,13,6,9|14,2,3,4,13,6,11|14,2,3,4,13,9|14,2,3,4,13,10|14,2,3,4,13,11|14,2,3,10|14,2,3,13,5,6,9|14,2,3,13,5,6,11|14,2,3,13,5,9|14,2,3,13,5,11|14,2,3,13,6,5,9|14,2,3,13,6,5,11|14,2,3,13,6,9|14,2,3,13,6,11|14,2,3,13,9|14,2,3,13,10|14,2,3,13,11|14,2,4,3,10|14,2,4,3,13,5,6,9|14,2,4,3,13,5,6,11|14,2,4,3,13,5,9|14,2,4,3,13,5,11|14,2,4,3,13,6,5,9|14,2,4,3,13,6,5,11|14,2,4,3,13,6,9|14,2,4,3,13,6,11|14,2,4,3,13,9|14,2,4,3,13,10|14,2,4,3,13,11|14,2,4,13,3,10|14,2,4,13,5,6,9|14,2,4,13,5,6,11|14,2,4,13,5,9|14,2,4,13,5,11|14,2,4,13,6,5,9|14,2,4,13,6,5,11|14,2,4,13,6,9|14,2,4,13,6,11|14,2,4,13,9|14,2,4,13,10|14,2,4,13,11|14,2,10|14,2,13,3,10|14,2,13,4,3,10|14,2,13,5,6,9|14,2,13,5,6,11|14,2,13,5,9|14,2,13,5,11|14,2,13,6,5,9|14,2,13,6,5,11|14,2,13,6,9|14,2,13,6,11|14,2,13,9|14,2,13,10|14,2,13,11|14,3,2,4,13,5,6,9|14,3,2,4,13,5,6,11|14,3,2,4,13,5,9|14,3,2,4,13,5,11|14,3,2,4,13,6,5,9|14,3,2,4,13,6,5,11|14,3,2,4,13,6,9|14,3,2,4,13,6,11|14,3,2,4,13,9|14,3,2,4,13,10|14,3,2,4,13,11|14,3,2,10|14,3,2,13,5,6,9|14,3,2,13,5,6,11|14,3,2,13,5,9|14,3,2,13,5,11|14,3,2,13,6,5,9|14,3,2,13,6,5,11|14,3,2,13,6,9|14,3,2,13,6,11|14,3,2,13,9|14,3,2,13,10|14,3,2,13,11|14,3,4,2,10|14,3,4,2,13,5,6,9|14,3,4,2,13,5,6,11|14,3,4,2,13,5,9|14,3,4,2,13,5,11|14,3,4,2,13,6,5,9|14,3,4,2,13,6,5,11|14,3,4,2,13,6,9|14,3,4,2,13,6,11|14,3,4,2,13,9|14,3,4,2,13,10|14,3,4,2,13,11|14,3,4,13,2,10|14,3,4,13,5,6,9|14,3,4,13,5,6,11|14,3,4,13,5,9|14,3,4,13,5,11|14,3,4,13,6,5,9|14,3,4,13,6,5,11|14,3,4,13,6,9|14,3,4,13,6,11|14,3,4,13,9|14,3,4,13,10|14,3,4,13,11|14,3,10|14,3,13,2,10|14,3,13,4,2,10|14,3,13,5,6,9|14,3,13,5,6,11|14,3,13,5,9|14,3,13,5,11|14,3,13,6,5,9|14,3,13,6,5,11|14,3,13,6,9|14,3,13,6,11|14,3,13,9|14,3,13,10|14,3,13,11|14,4,2,3,10|14,4,2,3,13,5,6,9|14,4,2,3,13,5,6,11|14,4,2,3,13,5,9|14,4,2,3,13,5,11|14,4,2,3,13,6,5,9|14,4,2,3,13,6,5,11|14,4,2,3,13,6,9|14,4,2,3,13,6,11|14,4,2,3,13,9|14,4,2,3,13,10|14,4,2,3,13,11|14,4,2,10|14,4,2,13,3,10|14,4,2,13,5,6,9|14,4,2,13,5,6,11|14,4,2,13,5,9|14,4,2,13,5,11|14,4,2,13,6,5,9|14,4,2,13,6,5,11|14,4,2,13,6,9|14,4,2,13,6,11|14,4,2,13,9|14,4,2,13,10|14,4,2,13,11|14,4,3,2,10|14,4,3,2,13,5,6,9|14,4,3,2,13,5,6,11|14,4,3,2,13,5,9|14,4,3,2,13,5,11|14,4,3,2,13,6,5,9|14,4,3,2,13,6,5,11|14,4,3,2,13,6,9|14,4,3,2,13,6,11|14,4,3,2,13,9|14,4,3,2,13,10|14,4,3,2,13,11|14,4,3,10|14,4,3,13,2,10|14,4,3,13,5,6,9|14,4,3,13,5,6,11|14,4,3,13,5,9|14,4,3,13,5,11|14,4,3,13,6,5,9|14,4,3,13,6,5,11|14,4,3,13,6,9|14,4,3,13,6,11|14,4,3,13,9|14,4,3,13,10|14,4,3,13,11|14,4,13,2,3,10|14,4,13,2,10|14,4,13,3,2,10|14,4,13,3,10|14,4,13,5,6,9|14,4,13,5,6,11|14,4,13,5,9|14,4,13,5,11|14,4,13,6,5,9|14,4,13,6,5,11|14,4,13,6,9|14,4,13,6,11|14,4,13,9|14,4,13,10|14,4,13,11|14,5,6,9|14,5,6,11|14,5,6,13,2,3,10|14,5,6,13,2,4,3,10|14,5,6,13,2,10|14,5,6,13,3,2,10|14,5,6,13,3,4,2,10|14,5,6,13,3,10|14,5,6,13,4,2,3,10|14,5,6,13,4,2,10|14,5,6,13,4,3,2,10|14,5,6,13,4,3,10|14,5,6,13,9|14,5,6,13,10|14,5,6,13,11|14,5,9|14,5,11|14,5,13,2,3,10|14,5,13,2,4,3,10|14,5,13,2,10|14,5,13,3,2,10|14,5,13,3,4,2,10|14,5,13,3,10|14,5,13,4,2,3,10|14,5,13,4,2,10|14,5,13,4,3,2,10|14,5,13,4,3,10|14,5,13,6,9|14,5,13,6,11|14,5,13,9|14,5,13,10|14,5,13,11|14,6,5,9|14,6,5,11|14,6,5,13,2,3,10|14,6,5,13,2,4,3,10|14,6,5,13,2,10|14,6,5,13,3,2,10|14,6,5,13,3,4,2,10|14,6,5,13,3,10|14,6,5,13,4,2,3,10|14,6,5,13,4,2,10|14,6,5,13,4,3,2,10|14,6,5,13,4,3,10|14,6,5,13,9|14,6,5,13,10|14,6,5,13,11|14,6,9|14,6,11|14,6,13,2,3,10|14,6,13,2,4,3,10|14,6,13,2,10|14,6,13,3,2,10|14,6,13,3,4,2,10|14,6,13,3,10|14,6,13,4,2,3,10|14,6,13,4,2,10|14,6,13,4,3,2,10|14,6,13,4,3,10|14,6,13,5,9|14,6,13,5,11|14,6,13,9|14,6,13,10|14,6,13,11|14,9|14,10|14,11
13,2,3,4,14,6,9|13,2,3,4,14,6,11|13,2,3,4,14,9|13,2,3,4,14,10|13,2,3,4,14,11|13,2,3,10|13,2,3,14,6,9|13,2,3,14,6,11|13,2,3,14,9|13,2,3,14,10|13,2,3,14,11|13,2,4,3,10|13,2,4,3,14,6,9|13,2,4,3,14,6,11|13,2,4,3,14,9|13,2,4,3,14,10|13,2,4,3,14,11|13,2,4,14,3,10|13,2,4,14,6,9|13,2,4,14,6,11|13,2,4,14,9|13,2,4,14,10|13,2,4,14,11|13,2,10|13,2,14,3,10|13,2,14,4,3,10|13,2,14,6,9|13,2,14,6,11|13,2,14,9|13,2,14,10|13,2,14,11|13,3,2,4,14,6,9|13,3,2,4,14,6,11|13,3,2,4,14,9|13,3,2,4,14,10|13,3,2,4,14,11|13,3,2,10|13,3,2,14,6,9|13,3,2,14,6,11|13,3,2,14,9|13,3,2,14,10|13,3,2,14,11|13,3,4,2,10|13,3,4,2,14,6,9|13,3,4,2,14,6,11|13,3,4,2,14,9|13,3,4,2,14,10|13,3,4,2,14,11|13,3,4,14,2,10|13,3,4,14,6,9|13,3,4,14,6,11|13,3,4,14,9|13,3,4,14,10|13,3,4,14,11|13,3,10|13,3,14,2,10|13,3,14,4,2,10|13,3,14,6,9|13,3,14,6,11|13,3,14,9|13,3,14,10|13,3,14,11|13,4,2,3,10|13,4,2,3,14,6,9|13,4,2,3,14,6,11|13,4,2,3,14,9|13,4,2,3,14,10|13,4,2,3,14,11|13,4,2,10|13,4,2,14,3,10|13,4,2,14,6,9|13,4,2,14,6,11|13,4,2,14,9|13,4,2,14,10|13,4,2,14,11|13,4,3,2,10|13,4,3,2,14,6,9|13,4,3,2,14,6,11|13,4,3,2,14,9|13,4,3,2,14,10|13,4,3,2,14,11|13,4,3,10|13,4,3,14,2,10|13,4,3,14,6,9|13,4,3,14,6,11|13,4,3,14,9|13,4,3,14,10|13,4,3,14,11|13,4,14,2,3,10|13,4,14,2,10|13,4,14,3,2,10|13,4,14,3,10|13,4,14,6,9|13,4,14,6,11|13,4,14,9|13,4,14,10|13,4,14,11|13,6,9|13,6,11|13,6,14,2,3,10|13,6,14,2,4,3,10|13,6,14,2,10|13,6,14,3,2,10|13,6,14,3,4,2,10|13,6,14,3,10|13,6,14,4,2,3,10|13,6,14,4,2,10|13,6,14,4,3,2,10|13,6,14,4,3,10|13,6,14,9|13,6,14,10|13,6,14,11|13,9|13,10|13,11|14,2,3,4,13,6,9|14,2,3,4,13,6,11|14,2,3,4,13,9|14,2,3,4,13,10|14,2,3,4,13,11|14,2,3,10|14,2,3,13,6,9|14,2,3,13,6,11|14,2,3,13,9|14,2,3,13,10|14,2,3,13,11|14,2,4,3,10|14,2,4,3,13,6,9|14,2,4,3,13,6,11|14,2,4,3,13,9|14,2,4,3,13,10|14,2,4,3,13,11|14,2,4,13,3,10|14,2,4,13,6,9|14,2,4,13,6,11|14,2,4,13,9|14,2,4,13,10|14,2,4,13,11|14,2,10|14,2,13,3,10|14,2,13,4,3,10|14,2,13,6,9|14,2,13,6,11|14,2,13,9|14,2,13,10|14,2,13,11|14,3,2,4,13,6,9|14,3,2,4,13,6,11|14,3,2,4,13,9|14,3,2,4,13,10|14,3,2,4,13,11|14,3,2,10|14,3,2,13,6,9|14,3,2,13,6,11|14,3,2,13,9|14,3,2,13,10|14,3,2,13,11|14,3,4,2,10|14,3,4,2,13,6,9|14,3,4,2,13,6,11|14,3,4,2,13,9|14,3,4,2,13,10|14,3,4,2,13,11|14,3,4,13,2,10|14,3,4,13,6,9|14,3,4,13,6,11|14,3,4,13,9|14,3,4,13,10|14,3,4,13,11|14,3,10|14,3,13,2,10|14,3,13,4,2,10|14,3,13,6,9|14,3,13,6,11|14,3,13,9|14,3,13,10|14,3,13,11|14,4,2,3,10|14,4,2,3,13,6,9|14,4,2,3,13,6,11|14,4,2,3,13,9|14,4,2,3,13,10|14,4,2,3,13,11|14,4,2,10|14,4,2,13,3,10|14,4,2,13,6,9|14,4,2,13,6,11|14,4,2,13,9|14,4,2,13,10|14,4,2,13,11|14,4,3,2,10|14,4,3,2,13,6,9|14,4,3,2,13,6,11|14,4,3,2,13,9|14,4,3,2,13,10|14,4,3,2,13,11|14,4,3,10|14,4,3,13,2,10|14,4,3,13,6,9|14,4,3,13,6,11|14,4,3,13,9|14,4,3,13,10|14,4,3,13,11|14,4,13,2,3,10|14,4,13,2,10|14,4,13,3,2,10|14,4,13,3,10|14,4,13,6,9|14,4,13,6,11|14,4,13,9|14,4,13,10|14,4,13,11|14,6,9|14,6,11|14,6,13,2,3,10|14,6,13,2,4,3,10|14,6,13,2,10|14,6,13,3,2,10|14,6,13,3,4,2,10|14,6,13,3,10|14,6,13,4,2,3,10|14,6,13,4,2,10|14,6,13,4,3,2,10|14,6,13,4,3,10|14,6,13,9|14,6,13,10|14,6,13,11|14,9|14,10|14,11
13,2,10|13,2,14,3,10|13,2,14,4,3,10|13,2,14,5,6,8|13,2,14,5,6,9|13,2,14,5,8|13,2,14,5,9|13,2,14,6,5,8|13,2,14,6,5,9|13,2,14,6,8|13,2,14,6,9|13,2,14,8|13,2,14,9|13,2,14,10|13,3,4,14,2,10|13,3,4,14,5,6,8|13,3,4,14,5,6,9|13,3,4,14,5,8|13,3,4,14,5,9|13,3,4,14,6,5,8|13,3,4,14,6,5,9|13,3,4,14,6,8|13,3,4,14,6,9|13,3,4,14,8|13,3,4,14,9|13,3,4,14,10|13,3,10|13,3,14,2,10|13,3,14,5,6,8|13,3,14,5,6,9|13,3,14,5,8|13,3,14,5,9|13,3,14,6,5,8|13,3,14,6,5,9|13,3,14,6,8|13,3,14,6,9|13,3,14,8|13,3,14,9|13,3,14,10|13,4,3,10|13,4,3,14,2,10|13,4,3,14,5,6,8|13,4,3,14,5,6,9|13,4,3,14,5,8|13,4,3,14,5,9|13,4,3,14,6,5,8|13,4,3,14,6,5,9|13,4,3,14,6,8|13,4,3,14,6,9|13,4,3,14,8|13,4,3,14,9|13,4,3,14,10|13,4,14,2,10|13,4,14,3,10|13,4,14,5,6,8|13,4,14,5,6,9|13,4,14,5,8|13,4,14,5,9|13,4,14,6,5,8|13,4,14,6,5,9|13,4,14,6,8|13,4,14,6,9|13,4,14,8|13,4,14,9|13,4,14,10|13,5,6,8|13,5,6,9|13,5,6,14,2,10|13,5,6,14,3,10|13,5,6,14,4,3,10|13,5,6,14,8|13,5,6,14,9|13,5,6,14,10|13,5,8|13,5,9|13,5,14,2,10|13,5,14,3,10|13,5,14,4,3,10|13,5,14,6,8|13,5,14,6,9|13,5,14,8|13,5,14,9|13,5,14,10|13,8|13,9|13,10|14,2,10|14,2,13,3,10|14,2,13,4,3,10|14,2,13,5,6,8|14,2,13,5,6,9|14,2,13,5,8|14,2,13,5,9|14,2,13,8|14,2,13,9|14,2,13,10|14,3,4,13,2,10|14,3,4,13,5,6,8|14,3,4,13,5,6,9|14,3,4,13,5,8|14,3,4,13,5,9|14,3,4,13,8|14,3,4,13,9|14,3,4,13,10|14,3,10|14,3,13,2,10|14,3,13,5,6,8|14,3,13,5,6,9|14,3,13,5,8|14,3,13,5,9|14,3,13,8|14,3,13,9|14,3,13,10|14,4,3,10|14,4,3,13,2,10|14,4,3,13,5,6,8|14,4,3,13,5,6,9|14,4,3,13,5,8|14,4,3,13,5,9|14,4,3,13,8|14,4,3,13,9|14,4,3,13,10|14,4,13,2,10|14,4,13,3,10|14,4,13,5,6,8|14,4,13,5,6,9|14,4,13,5,8|14,4,13,5,9|14,4,13,8|14,4,13,9|14,4,13,10|14,5,6,8|14,5,6,9|14,5,8|14,5,9|14,5,13,2,10|14,5,13,3,10|14,5,13,4,3,10|14,5,13,8|14,5,13,9|14,5,13,10|14,6,5,8|14,6,5,9|14,6,5,13,2,10|14,6,5,13,3,10|14,6,5,13,4,3,10|14,6,5,13,8|14,6,5,13,9|14,6,5,13,10|14,6,8|14,6,9|14,8|14,9|14,10
13,3,4,14,6,8|13,3,4,14,6,9|13,3,4,14,8|13,3,4,14,9|13,3,4,14,10|13,3,10|13,3,14,6,8|13,3,14,6,9|13,3,14,8|13,3,14,9|13,3,14,10|13,4,3,10|13,4,3,14,6,8|13,4,3,14,6,9|13,4,3,14,8|13,4,3,14,9|13,4,3,14,10|13,4,14,3,10|13,4,14,6,8|13,4,14,6,9|13,4,14,8|13,4,14,9|13,4,14,10|13,8|13,9|13,10|14,3,4,13,8|14,3,4,13,9|14,3,4,13,10|14,3,10|14,3,13,8|14,3,13,9|14,3,13,10|14,4,3,10|14,4,3,13,8|14,4,3,13,9|14,4,3,13,10|14,4,13,3,10|14,4,13,8|14,4,13,9|14,4,13,10|14,6,8|14,6,9|14,8|14,9|14,10
13,2,4,3,10|13,2,4,3,14,5,8|13,2,4,3,14,5,9|13,2,4,3,14,7|13,2,4,3,14,8|13,2,4,3,14,9|13,2,4,14,3,10|13,2,4,14,5,8|13,2,4,14,5,9|13,2,4,14,7|13,2,4,14,8|13,2,4,14,9|13,2,7|13,2,14,3,10|13,2,14,4,3,10|13,2,14,5,8|13,2,14,5,9|13,2,14,7|13,2,14,8|13,2,14,9|13,3,4,2,7|13,3,4,2,14,5,8|13,3,4,2,14,5,9|13,3,4,2,14,7|13,3,4,2,14,8|13,3,4,2,14,9|13,3,4,14,2,7|13,3,4,14,5,8|13,3,4,14,5,9|13,3,4,14,7|13,3,4,14,8|13,3,4,14,9|13,3,10|13,3,14,2,7|13,3,14,4,2,7|13,3,14,5,8|13,3,14,5,9|13,3,14,7|13,3,14,8|13,3,14,9|13,4,2,7|13,4,2,14,3,10|13,4,2,14,5,8|13,4,2,14,5,9|13,4,2,14,7|13,4,2,14,8|13,4,2,14,9|13,4,3,10|13,4,3,14,2,7|13,4,3,14,5,8|13,4,3,14,5,9|13,4,3,14,7|13,4,3,14,8|13,4,3,14,9|13,4,14,2,7|13,4,14,3,10|13,4,14,5,8|13,4,14,5,9|13,4,14,7|13,4,14,8|13,4,14,9|13,5,8|13,5,9|13,5,14,2,4,3,10|13,5,14,2,7|13,5,14,3,4,2,7|13,5,14,3,10|13,5,14,4,2,7|13,5,14,4,3,10|13,5,14,7|13,5,14,8|13,5,14,9|13,7|13,8|13,9|13,10|14,2,4,3,10|14,2,4,3,13,5,8|14,2,4,3,13,5,9|14,2,4,3,13,7|14,2,4,3,13,8|14,2,4,3,13,9|14,2,4,3,13,10|14,2,4,13,3,10|14,2,4,13,5,8|14,2,4,13,5,9|14,2,4,13,7|14,2,4,13,8|14,2,4,13,9|14,2,4,13,10|14,2,7|14,2,13,3,10|14,2,13,4,3,10|14,2,13,5,8|14,2,13,5,9|14,2,13,7|14,2,13,8|14,2,13,9|14,2,13,10|14,3,4,2,7|14,3,4,2,13,5,8|14,3,4,2,13,5,9|14,3,4,2,13,7|14,3,4,2,13,8|14,3,4,2,13,9|14,3,4,2,13,10|14,3,4,13,2,7|14,3,4,13,5,8|14,3,4,13,5,9|14,3,4,13,7|14,3,4,13,8|14,3,4,13,9|14,3,4,13,10|14,3,10|14,3,13,2,7|14,3,13,4,2,7|14,3,13,5,8|14,3,13,5,9|14,3,13,7|14,3,13,8|14,3,13,9|14,3,13,10|14,4,2,7|14,4,2,13,3,10|14,4,2,13,5,8|14,4,2,13,5,9|14,4,2,13,7|14,4,2,13,8|14,4,2,13,9|14,4,2,13,10|14,4,3,10|14,4,3,13,2,7|14,4,3,13,5,8|14,4,3,13,5,9|14,4,3,13,7|14,4,3,13,8|14,4,3,13,9|14,4,3,13,10|14,4,13,2,7|14,4,13,3,10|14,4,13,5,8|14,4,13,5,9|14,4,13,7|14,4,13,8|14,4,13,9|14,4,13,10|14,5,8|14,5,9|14,5,13,2,4,3,10|14,5,13,2,7|14,5,13,3,4,2,7|14,5,13,3,10|14,5,13,4,2,7|14,5,13,4,3,10|14,5,13,7|14,5,13,8|14,5,13,9|14,5,13,10|14,7|14,8|14,9
13,2,3,4,14,7|13,2,3,4,14,8|13,2,3,4,14,9|13,2,3,10|13,2,3,14,7|13,2,3,14,8|13,2,3,14,9|13,2,4,3,10|13,2,4,3,14,7|13,2,4,3,14,8|13,2,4,3,14,9|13,2,4,14,3,10|13,2,4,14,7|13,2,4,14,8|13,2,4,14,9|13,2,14,3,10|13,2,14,4,3,10|13,2,14,7|13,2,14,8|13,2,14,9|13,3,2,4,14,7|13,3,2,4,14,8|13,3,2,4,14,9|13,3,2,14,7|13,3,2,14,8|13,3,2,14,9|13,3,4,2,14,7|13,3,4,2,14,8|13,3,4,2,14,9|13,3,4,14,7|13,3,4,14,8|13,3,4,14,9|13,3,10|13,3,14,7|13,3,14,8|13,3,14,9|13,4,2,3,10|13,4,2,3,14,7|13,4,2,3,14,8|13,4,2,3,14,9|13,4,2,14,3,10|13,4,2,14,7|13,4,2,14,8|13,4,2,14,9|13,4,3,2,14,7|13,4,3,2,14,8|13,4,3,2,14,9|13,4,3,10|13,4,3,14,7|13,4,3,14,8|13,4,3,14,9|13,4,14,2,3,10|13,4,14,3,10|13,4,14,7|13,4,14,8|13,4,14,9|13,7|13,8|13,9|14,2,3,4,13,7|14,2,3,4,13,8|14,2,3,4,13,9|14,2,3,10|14,2,3,13,7|14,2,3,13,8|14,2,3,13,9|14,2,4,3,10|14,2,4,3,13,7|14,2,4,3,13,8|14,2,4,3,13,9|14,2,4,13,3,10|14,2,4,13,7|14,2,4,13,8|14,2,4,13,9|14,2,13,3,10|14,2,13,4,3,10|14,2,13,7|14,2,13,8|14,2,13,9|14,3,2,4,13,7|14,3,2,4,13,8|14,3,2,4,13,9|14,3,2,13,7|14,3,2,13,8|14,3,2,13,9|14,3,4,2,13,7|14,3,4,2,13,8|14,3,4,2,13,9|14,3,4,13,7|14,3,4,13,8|14,3,4,13,9|14,3,10|14,3,13,7|14,3,13,8|14,3,13,9|14,4,2,3,10|14,4,2,3,13,7|14,4,2,3,13,8|14,4,2,3,13,9|14,4,2,13,3,10|14,4,2,13,7|14,4,2,13,8|14,4,2,13,9|14,4,3,2,13,7|14,4,3,2,13,8|14,4,3,2,13,9|14,4,3,10|14,4,3,13,7|14,4,3,13,8|14,4,3,13,9|14,4,13,2,3,10|14,4,13,3,10|14,4,13,7|14,4,13,8|14,4,13,9|14,7|14,8|14,9
13,2,3,4,10|13,2,3,4,14,5,6,8|13,2,3,4,14,5,6,9|13,2,3,4,14,5,8|13,2,3,4,14,5,9|13,2,3,4,14,7|13,2,3,4,14,8|13,2,3,4,14,9|13,2,3,14,4,10|13,2,3,14,5,6,8|13,2,3,14,5,6,9|13,2,3,14,5,8|13,2,3,14,5,9|13,2,3,14,7|13,2,3,14,8|13,2,3,14,9|13,2,4,3,14,5,6,8|13,2,4,3,14,5,6,9|13,2,4,3,14,5,8|13,2,4,3,14,5,9|13,2,4,3,14,7|13,2,4,3,14,8|13,2,4,3,14,9|13,2,4,10|13,2,4,14,5,6,8|13,2,4,14,5,6,9|13,2,4,14,5,8|13,2,4,14,5,9|13,2,4,14,7|13,2,4,14,8|13,2,4,14,9|13,2,10|13,2,14,3,4,10|13,2,14,4,10|13,2,14,5,6,8|13,2,14,5,6,9|13,2,14,5,8|13,2,14,5,9|13,2,14,7|13,2,14,8|13,2,14,9|13,3,2,4,10|13,3,2,4,14,5,6,8|13,3,2,4,14,5,6,9|13,3,2,4,14,5,8|13,3,2,4,14,5,9|13,3,2,4,14,7|13,3,2,4,14,8|13,3,2,4,14,9|13,3,2,10|13,3,2,14,4,10|13,3,2,14,5,6,8|13,3,2,14,5,6,9|13,3,2,14,5,8|13,3,2,14,5,9|13,3,2,14,7|13,3,2,14,8|13,3,2,14,9|13,3,4,2,10|13,3,4,2,14,5,6,8|13,3,4,2,14,5,6,9|13,3,4,2,14,5,8|13,3,4,2,14,5,9|13,3,4,2,14,7|13,3,4,2,14,8|13,3,4,2,14,9|13,3,4,10|13,3,4,14,2,10|13,3,4,14,5,6,8|13,3,4,14,5,6,9|13,3,4,14,5,8|13,3,4,14,5,9|13,3,4,14,7|13,3,4,14,8|13,3,4,14,9|13,3,14,2,4,10|13,3,14,2,10|13,3,14,4,2,10|13,3,14,4,10|13,3,14,5,6,8|13,3,14,5,6,9|13,3,14,5,8|13,3,14,5,9|13,3,14,7|13,3,14,8|13,3,14,9|13,4,2,3,14,5,6,8|13,4,2,3,14,5,6,9|13,4,2,3,14,5,8|13,4,2,3,14,5,9|13,4,2,3,14,7|13,4,2,3,14,8|13,4,2,3,14,9|13,4,2,10|13,4,2,14,5,6,8|13,4,2,14,5,6,9|13,4,2,14,5,8|13,4,2,14,5,9|13,4,2,14,7|13,4,2,14,8|13,4,2,14,9|13,4,3,2,10|13,4,3,2,14,5,6,8|13,4,3,2,14,5,6,9|13,4,3,2,14,5,8|13,4,3,2,14,5,9|13,4,3,2,14,7|13,4,3,2,14,8|13,4,3,2,14,9|13,4,3,14,2,10|13,4,3,14,5,6,8|13,4,3,14,5,6,9|13,4,3,14,5,8|13,4,3,14,5,9|13,4,3,14,7|13,4,3,14,8|13,4,3,14,9|13,4,10|13,4,14,2,10|13,4,14,3,2,10|13,4,14,5,6,8|13,4,14,5,6,9|13,4,14,5,8|13,4,14,5,9|13,4,14,7|13,4,14,8|13,4,14,9|13,5,6,8|13,5,6,9|13,5,8|13,5,9|13,5,14,2,3,4,10|13,5,14,2,4,10|13,5,14,2,10|13,5,14,3,2,4,10|13,5,14,3,2,10|13,5,14,3,4,2,10|13,5,14,3,4,10|13,5,14,4,2,10|13,5,14,4,3,2,10|13,5,14,4,10|13,5,14,7|13,5,14,8|13,5,14,9|13,6,5,8|13,6,5,9|13,6,5,14,2,3,4,10|13,6,5,14,2,4,10|13,6,5,14,2,10|13,6,5,14,3,2,4,10|13,6,5,14,3,2,10|13,6,5,14,3,4,2,10|13,6,5,14,3,4,10|13,6,5,14,4,2,10|13,6,5,14,4,3,2,10|13,6,5,14,4,10|13,6,5,14,7|13,6,5,14,8|13,6,5,14,9|13,6,8|13,6,9|13,7|13,8|13,9|14,2,3,4,10|14,2,3,4,13,5,6,8|14,2,3,4,13,5,6,9|14,2,3,4,13,5,8|14,2,3,4,13,5,9|14,2,3,4,13,6,5,8|14,2,3,4,13,6,5,9|14,2,3,4,13,6,8|14,2,3,4,13,6,9|14,2,3,4,13,7|14,2,3,4,13,8|14,2,3,4,13,9|14,2,3,13,4,10|14,2,3,13,5,6,8|14,2,3,13,5,6,9|14,2,3,13,5,8|14,2,3,13,5,9|14,2,3,13,6,5,8|14,2,3,13,6,5,9|14,2,3,13,6,8|14,2,3,13,6,9|14,2,3,13,7|14,2,3,13,8|14,2,3,13,9|14,2,4,3,13,5,6,8|14,2,4,3,13,5,6,9|14,2,4,3,13,5,8|14,2,4,3,13,5,9|14,2,4,3,13,6,5,8|14,2,4,3,13,6,5,9|14,2,4,3,13,6,8|14,2,4,3,13,6,9|14,2,4,3,13,7|14,2,4,3,13,8|14,2,4,3,13,9|14,2,4,10|14,2,4,13,5,6,8|14,2,4,13,5,6,9|14,2,4,13,5,8|14,2,4,13,5,9|14,2,4,13,6,5,8|14,2,4,13,6,5,9|14,2,4,13,6,8|14,2,4,13,6,9|14,2,4,13,7|14,2,4,13,8|14,2,4,13,9|14,2,10|14,2,13,3,4,10|14,2,13,4,10|14,2,13,5,6,8|14,2,13,5,6,9|14,2,13,5,8|14,2,13,5,9|14,2,13,6,5,8|14,2,13,6,5,9|14,2,13,6,8|14,2,13,6,9|14,2,13,7|14,2,13,8|14,2,13,9|14,3,2,4,10|14,3,2,4,13,5,6,8|14,3,2,4,13,5,6,9|14,3,2,4,13,5,8|14,3,2,4,13,5,9|14,3,2,4,13,6,5,8|14,3,2,4,13,6,5,9|14,3,2,4,13,6,8|14,3,2,4,13,6,9|14,3,2,4,13,7|14,3,2,4,13,8|14,3,2,4,13,9|14,3,2,10|14,3,2,13,4,10|14,3,2,13,5,6,8|14,3,2,13,5,6,9|14,3,2,13,5,8|14,3,2,13,5,9|14,3,2,13,6,5,8|14,3,2,13,6,5,9|14,3,2,13,6,8|14,3,2,13,6,9|14,3,2,13,7|14,3,2,13,8|14,3,2,13,9|14,3,4,2,10|14,3,4,2,13,5,6,8|14,3,4,2,13,5,6,9|14,3,4,2,13,5,8|14,3,4,2,13,5,9|14,3,4,2,13,6,5,8|14,3,4,2,13,6,5,9|14,3,4,2,13,6,8|14,3,4,2,13,6,9|14,3,4,2,13,7|14,3,4,2,13,8|14,3,4,2,13,9|14,3,4,10|14,3,4,13,2,10|14,3,4,13,5,6,8|14,3,4,13,5,6,9|14,3,4,13,5,8|14,3,4,13,5,9|14,3,4,13,6,5,8|14,3,4,13,6,5,9|14,3,4,13,6,8|14,3,4,13,6,9|14,3,4,13,7|14,3,4,13,8|14,3,4,13,9|14,3,13,2,4,10|14,3,13,2,10|14,3,13,4,2,10|14,3,13,4,10|14,3,13,5,6,8|14,3,13,5,6,9|14,3,13,5,8|14,3,13,5,9|14,3,13,6,5,8|14,3,13,6,5,9|14,3,13,6,8|14,3,13,6,9|14,3,13,7|14,3,13,8|14,3,13,9|14,4,2,3,13,5,6,8|14,4,2,3,13,5,6,9|14,4,2,3,13,5,8|14,4,2,3,13,5,9|14,4,2,3,13,6,5,8|14,4,2,3,13,6,5,9|14,4,2,3,13,6,8|14,4,2,3,13,6,9|14,4,2,3,13,7|14,4,2,3,13,8|14,4,2,3,13,9|14,4,2,10|14,4,2,13,5,6,8|14,4,2,13,5,6,9|14,4,2,13,5,8|14,4,2,13,5,9|14,4,2,13,6,5,8|14,4,2,13,6,5,9|14,4,2,13,6,8|14,4,2,13,6,9|14,4,2,13,7|14,4,2,13,8|14,4,2,13,9|14,4,3,2,10|14,4,3,2,13,5,6,8|14,4,3,2,13,5,6,9|14,4,3,2,13,5,8|14,4,3,2,13,5,9|14,4,3,2,13,6,5,8|14,4,3,2,13,6,5,9|14,4,3,2,13,6,8|14,4,3,2,13,6,9|14,4,3,2,13,7|14,4,3,2,13,8|14,4,3,2,13,9|14,4,3,13,2,10|14,4,3,13,5,6,8|14,4,3,13,5,6,9|14,4,3,13,5,8|14,4,3,13,5,9|14,4,3,13,6,5,8|14,4,3,13,6,5,9|14,4,3,13,6,8|14,4,3,13,6,9|14,4,3,13,7|14,4,3,13,8|14,4,3,13,9|14,4,10|14,4,13,2,10|14,4,13,3,2,10|14,4,13,5,6,8|14,4,13,5,6,9|14,4,13,5,8|14,4,13,5,9|14,4,13,6,5,8|14,4,13,6,5,9|14,4,13,6,8|14,4,13,6,9|14,4,13,7|14,4,13,8|14,4,13,9|14,5,6,8|14,5,6,9|14,5,6,13,2,3,4,10|14,5,6,13,2,4,10|14,5,6,13,2,10|14,5,6,13,3,2,4,10|14,5,6,13,3,2,10|14,5,6,13,3,4,2,10|14,5,6,13,3,4,10|14,5,6,13,4,2,10|14,5,6,13,4,3,2,10|14,5,6,13,4,10|14,5,6,13,7|14,5,6,13,8|14,5,6,13,9|14,5,8|14,5,9|14,5,13,2,3,4,10|14,5,13,2,4,10|14,5,13,2,10|14,5,13,3,2,4,10|14,5,13,3,2,10|14,5,13,3,4,2,10|14,5,13,3,4,10|14,5,13,4,2,10|14,5,13,4,3,2,10|14,5,13,4,10|14,5,13,6,8|14,5,13,6,9|14,5,13,7|14,5,13,8|14,5,13,9|14,7|14,8|14,9
13,3,4,2,10|13,3,4,10|13,3,4,14,7|13,3,4,14,8|13,3,4,14,12|13,3,14,4,2,10|13,3,14,4,10|13,3,14,7|13,3,14,8|13,3,14,12|13,4,2,10|13,4,3,14,7|13,4,3,14,8|13,4,3,14,12|13,4,10|13,4,14,7|13,4,14,8|13,4,14,12|13,6,8|13,6,12|13,7|13,8|13,12|14,3,4,2,10|14,3,4,10|14,3,4,13,6,8|14,3,4,13,6,12|14,3,4,13,7|14,3,4,13,8|14,3,4,13,12|14,3,13,4,2,10|14,3,13,4,10|14,3,13,6,8|14,3,13,6,12|14,3,13,7|14,3,13,8|14,3,13,12|14,4,2,10|14,4,3,13,6,8|14,4,3,13,6,12|14,4,3,13,7|14,4,3,13,8|14,4,3,13,12|14,4,10|14,4,13,6,8|14,4,13,6,12|14,4,13,7|14,4,13,8|14,4,13,12|14,7|14,8|14,12
13,2,7|13,2,14,5,6,8|13,2,14,5,6,12|13,2,14,5,8|13,2,14,5,12|13,2,14,6,5,8|13,2,14,6,5,12|13,2,14,6,8|13,2,14,6,12|13,2,14,7|13,2,14,8|13,2,14,12|13,5,6,8|13,5,6,12|13,5,6,14,2,7|13,5,6,14,7|13,5,6,14,8|13,5,6,14,12|13,5,8|13,5,12|13,5,14,2,7|13,5,14,6,8|13,5,14,6,12|13,5,14,7|13,5,14,8|13,5,14,12|13,6,5,8|13,6,5,12|13,6,5,14,2,7|13,6,5,14,7|13,6,5,14,8|13,6,5,14,12|13,6,8|13,6,12|13,6,14,2,7|13,6,14,5,8|13,6,14,5,12|13,6,14,7|13,6,14,8|13,6,14,12|13,7|13,8|13,12|14,2,7|14,2,13,5,6,8|14,2,13,5,6,12|14,2,13,5,8|14,2,13,5,12|14,2,13,6,5,8|14,2,13,6,5,12|14,2,13,6,8|14,2,13,6,12|14,2,13,7|14,2,13,8|14,2,13,12|14,5,6,8|14,5,6,12|14,5,6,13,2,7|14,5,6,13,7|14,5,6,13,8|14,5,6,13,12|14,5,8|14,5,12|14,5,13,2,7|14,5,13,6,8|14,5,13,6,12|14,5,13,7|14,5,13,8|14,5,13,12|14,6,5,8|14,6,5,12|14,6,5,13,2,7|14,6,5,13,7|14,6,5,13,8|14,6,5,13,12|14,6,8|14,6,12|14,6,13,2,7|14,6,13,5,8|14,6,13,5,12|14,6,13,7|14,6,13,8|14,6,13,12|14,7|14,8|14,12
13,2,7|13,2,14,6,8|13,2,14,6,12|13,2,14,7|13,2,14,8|13,2,14,12|13,6,8|13,6,12|13,6,14,2,7|13,6,14,7|13,6,14,8|13,6,14,12|13,7|13,8|13,12|14,2,7|14,2,13,6,8|14,2,13,6,12|14,2,13,7|14,2,13,8|14,2,13,12|14,6,8|14,6,12|14,6,13,2,7|14,6,13,7|14,6,13,8|14,6,13,12|14,7|14,8|14,12
13,2,3,4,10|13,2,4,10|13,2,7|13,2,14,5,6,11|13,2,14,5,6,12|13,2,14,5,11|13,2,14,5,12|13,2,14,6,5,11|13,2,14,6,5,12|13,2,14,6,11|13,2,14,6,12|13,2,14,7|13,2,14,11|13,2,14,12|13,5,6,11|13,5,6,12|13,5,6,14,2,3,4,10|13,5,6,14,2,4,10|13,5,6,14,2,7|13,5,6,14,7|13,5,6,14,11|13,5,6,14,12|13,5,11|13,5,12|13,5,14,2,3,4,10|13,5,14,2,4,10|13,5,14,2,7|13,5,14,6,11|13,5,14,6,12|13,5,14,7|13,5,14,11|13,5,14,12|13,7|13,11|13,12|14,2,3,4,10|14,2,4,10|14,2,7|14,2,13,5,6,11|14,2,13,5,6,12|14,2,13,5,11|14,2,13,5,12|14,2,13,7|14,2,13,11|14,2,13,12|14,5,6,11|14,5,6,12|14,5,11|14,5,12|14,5,13,2,3,4,10|14,5,13,2,4,10|14,5,13,2,7|14,5,13,7|14,5,13,11|14,5,13,12|14,6,5,11|14,6,5,12|14,6,5,13,2,3,4,10|14,6,5,13,2,4,10|14,6,5,13,2,7|14,6,5,13,7|14,6,5,13,11|14,6,5,13,12|14,6,11|14,6,12|14,7|14,11|14,12
13,7|13,11|13,12|14,4,2,10|14,4,3,2,10|14,4,10|14,6,11|14,6,12|14,7|14,11|14,12
13,2,4,10|13,2,4,14,5,11|13,2,4,14,5,12|13,2,4,14,10|13,2,4,14,11|13,2,4,14,12|13,2,10|13,2,14,4,10|13,2,14,5,11|13,2,14,5,12|13,2,14,10|13,2,14,11|13,2,14,12|13,4,2,10|13,4,2,14,5,11|13,4,2,14,5,12|13,4,2,14,10|13,4,2,14,11|13,4,2,14,12|13,4,10|13,4,14,2,10|13,4,14,5,11|13,4,14,5,12|13,4,14,10|13,4,14,11|13,4,14,12|13,5,11|13,5,12|13,5,14,2,4,10|13,5,14,2,10|13,5,14,4,2,10|13,5,14,4,10|13,5,14,10|13,5,14,11|13,5,14,12|13,7|13,10|13,11|13,12|14,2,4,10|14,2,4,13,5,11|14,2,4,13,5,12|14,2,4,13,7|14,2,4,13,10|14,2,4,13,11|14,2,4,13,12|14,2,10|14,2,13,4,10|14,2,13,5,11|14,2,13,5,12|14,2,13,7|14,2,13,10|14,2,13,11|14,2,13,12|14,4,2,10|14,4,2,13,5,11|14,4,2,13,5,12|14,4,2,13,7|14,4,2,13,10|14,4,2,13,11|14,4,2,13,12|14,4,10|14,4,13,2,10|14,4,13,5,11|14,4,13,5,12|14,4,13,7|14,4,13,10|14,4,13,11|14,4,13,12|14,5,11|14,5,12|14,5,13,2,4,10|14,5,13,2,10|14,5,13,4,2,10|14,5,13,4,10|14,5,13,7|14,5,13,10|14,5,13,11|14,5,13,12|14,10|14,11|14,12
13,2,4,10|13,2,4,14,10|13,2,4,14,11|13,2,4,14,12|13,2,14,4,10|13,2,14,10|13,2,14,11|13,2,14,12|13,4,2,14,10|13,4,2,14,11|13,4,2,14,12|13,4,10|13,4,14,10|13,4,14,11|13,4,14,12|13,10|13,11|13,12|14,2,4,10|14,2,4,13,10|14,2,4,13,11|14,2,4,13,12|14,2,13,4,10|14,2,13,10|14,2,13,11|14,2,13,12|14,4,2,13,10|14,4,2,13,11|14,4,2,13,12|14,4,10|14,4,13,10|14,4,13,11|14,4,13,12|14,10|14,11|14,12
13,2,7|13,2,14,4,10|13,2,14,5,6,11|13,2,14,5,6,12|13,2,14,5,11|13,2,14,5,12|13,2,14,10|13,2,14,11|13,2,14,12|13,4,10|13,4,14,2,7|13,4,14,5,6,11|13,4,14,5,6,12|13,4,14,5,11|13,4,14,5,12|13,4,14,10|13,4,14,11|13,4,14,12|13,5,6,11|13,5,6,12|13,5,11|13,5,12|13,5,14,2,7|13,5,14,4,10|13,5,14,10|13,5,14,11|13,5,14,12|13,6,5,11|13,6,5,12|13,6,5,14,2,7|13,6,5,14,4,10|13,6,5,14,10|13,6,5,14,11|13,6,5,14,12|13,6,11|13,6,12|13,10|13,11|13,12|14,2,7|14,2,13,4,10|14,2,13,5,6,11|14,2,13,5,6,12|14,2,13,5,11|14,2,13,5,12|14,2,13,6,5,11|14,2,13,6,5,12|14,2,13,6,11|14,2,13,6,12|14,2,13,10|14,2,13,11|14,2,13,12|14,4,10|14,4,13,2,7|14,4,13,5,6,11|14,4,13,5,6,12|14,4,13,5,11|14,4,13,5,12|14,4,13,6,5,11|14,4,13,6,5,12|14,4,13,6,11|14,4,13,6,12|14,4,13,10|14,4,13,11|14,4,13,12|14,5,6,11|14,5,6,12|14,5,6,13,2,7|14,5,6,13,4,10|14,5,6,13,10|14,5,6,13,11|14,5,6,13,12|14,5,11|14,5,12|14,5,13,2,7|14,5,13,4,10|14,5,13,6,11|14,5,13,6,12|14,5,13,10|14,5,13,11|14,5,13,12|14,10|14,11|14,12
13,3,2,7|13,3,14,4,10|13,3,14,9|13,3,14,10|13,3,14,11|13,4,10|13,4,14,3,2,7|13,4,14,9|13,4,14,10|13,4,14,11|13,6,9|13,6,11|13,9|13,10|13,11|14,3,2,7|14,3,13,4,10|14,3,13,6,9|14,3,13,6,11|14,3,13,9|14,3,13,10|14,3,13,11|14,4,10|14,4,13,3,2,7|14,4,13,6,9|14,4,13,6,11|14,4,13,9|14,4,13,10|14,4,13,11|14,9|14,10|14,11
13,2,3,14,4,10|13,2,3,14,5,6,9|13,2,3,14,5,6,11|13,2,3,14,5,9|13,2,3,14,5,11|13,2,3,14,6,5,9|13,2,3,14,6,5,11|13,2,3,14,6,9|13,2,3,14,6,11|13,2,3,14,9|13,2,3,14,10|13,2,3,14,11|13,2,4,10|13,2,4,14,5,6,9|13,2,4,14,5,6,11|13,2,4,14,5,9|13,2,4,14,5,11|13,2,4,14,6,5,9|13,2,4,14,6,5,11|13,2,4,14,6,9|13,2,4,14,6,11|13,2,4,14,9|13,2,4,14,10|13,2,4,14,11|13,2,10|13,2,14,4,10|13,2,14,5,6,9|13,2,14,5,6,11|13,2,14,5,9|13,2,14,5,11|13,2,14,6,5,9|13,2,14,6,5,11|13,2,14,6,9|13,2,14,6,11|13,2,14,9|13,2,14,10|13,2,14,11|13,3,2,4,10|13,3,2,4,14,5,6,9|13,3,2,4,14,5,6,11|13,3,2,4,14,5,9|13,3,2,4,14,5,11|13,3,2,4,14,6,5,9|13,3,2,4,14,6,5,11|13,3,2,4,14,6,9|13,3,2,4,14,6,11|13,3,2,4,14,9|13,3,2,4,14,10|13,3,2,4,14,11|13,3,2,10|13,3,2,14,4,10|13,3,2,14,5,6,9|13,3,2,14,5,6,11|13,3,2,14,5,9|13,3,2,14,5,11|13,3,2,14,6,5,9|13,3,2,14,6,5,11|13,3,2,14,6,9|13,3,2,14,6,11|13,3,2,14,9|13,3,2,14,10|13,3,2,14,11|13,3,14,2,4,10|13,3,14,2,10|13,3,14,4,2,10|13,3,14,4,10|13,3,14,5,6,9|13,3,14,5,6,11|13,3,14,5,9|13,3,14,5,11|13,3,14,6,5,9|13,3,14,6,5,11|13,3,14,6,9|13,3,14,6,11|13,3,14,9|13,3,14,10|13,3,14,11|13,4,2,3,14,5,6,9|13,4,2,3,14,5,6,11|13,4,2,3,14,5,9|13,4,2,3,14,5,11|13,4,2,3,14,6,5,9|13,4,2,3,14,6,5,11|13,4,2,3,14,6,9|13,4,2,3,14,6,11|13,4,2,3,14,9|13,4,2,3,14,10|13,4,2,3,14,11|13,4,2,10|13,4,2,14,5,6,9|13,4,2,14,5,6,11|13,4,2,14,5,9|13,4,2,14,5,11|13,4,2,14,6,5,9|13,4,2,14,6,5,11|13,4,2,14,6,9|13,4,2,14,6,11|13,4,2,14,9|13,4,2,14,10|13,4,2,14,11|13,4,10|13,4,14,2,10|13,4,14,3,2,10|13,4,14,5,6,9|13,4,14,5,6,11|13,4,14,5,9|13,4,14,5,11|13,4,14,6,5,9|13,4,14,6,5,11|13,4,14,6,9|13,4,14,6,11|13,4,14,9|13,4,14,10|13,4,14,11|13,5,6,9|13,5,6,11|13,5,6,14,2,4,10|13,5,6,14,2,10|13,5,6,14,3,2,4,10|13,5,6,14,3,2,10|13,5,6,14,4,2,10|13,5,6,14,4,10|13,5,6,14,9|13,5,6,14,10|13,5,6,14,11|13,5,9|13,5,11|13,5,14,2,4,10|13,5,14,2,10|13,5,14,3,2,4,10|13,5,14,3,2,10|13,5,14,4,2,10|13,5,14,4,10|13,5,14,6,9|13,5,14,6,11|13,5,14,9|13,5,14,10|13,5,14,11|13,6,5,9|13,6,5,11|13,6,5,14,2,4,10|13,6,5,14,2,10|13,6,5,14,3,2,4,10|13,6,5,14,3,2,10|13,6,5,14,4,2,10|13,6,5,14,4,10|13,6,5,14,9|13,6,5,14,10|13,6,5,14,11|13,6,9|13,6,11|13,6,14,2,4,10|13,6,14,2,10|13,6,14,3,2,4,10|13,6,14,3,2,10|13,6,14,4,2,10|13,6,14,4,10|13,6,14,5,9|13,6,14,5,11|13,6,14,9|13,6,14,10|13,6,14,11|13,9|13,10|13,11|14,2,3,13,4,10|14,2,3,13,5,6,9|14,2,3,13,5,6,11|14,2,3,13,5,9|14,2,3,13,5,11|14,2,3,13,6,5,9|14,2,3,13,6,5,11|14,2,3,13,6,9|14,2,3,13,6,11|14,2,3,13,9|14,2,3,13,10|14,2,3,13,11|14,2,4,10|14,2,4,13,5,6,9|14,2,4,13,5,6,11|14,2,4,13,5,9|14,2,4,13,5,11|14,2,4,13,6,5,9|14,2,4,13,6,5,11|14,2,4,13,6,9|14,2,4,13,6,11|14,2,4,13,9|14,2,4,13,10|14,2,4,13,11|14,2,10|14,2,13,4,10|14,2,13,5,6,9|14,2,13,5,6,11|14,2,13,5,9|14,2,13,5,11|14,2,13,6,5,9|14,2,13,6,5,11|14,2,13,6,9|14,2,13,6,11|14,2,13,9|14,2,13,10|14,2,13,11|14,3,2,4,10|14,3,2,4,13,5,6,9|14,3,2,4,13,5,6,11|14,3,2,4,13,5,9|14,3,2,4,13,5,11|14,3,2,4,13,6,5,9|14,3,2,4,13,6,5,11|14,3,2,4,13,6,9|14,3,2,4,13,6,11|14,3,2,4,13,9|14,3,2,4,13,10|14,3,2,4,13,11|14,3,2,10|14,3,2,13,4,10|14,3,2,13,5,6,9|14,3,2,13,5,6,11|14,3,2,13,5,9|14,3,2,13,5,11|14,3,2,13,6,5,9|14,3,2,13,6,5,11|14,3,2,13,6,9|14,3,2,13,6,11|14,3,2,13,9|14,3,2,13,10|14,3,2,13,11|14,3,13,2,4,10|14,3,13,2,10|14,3,13,4,2,10|14,3,13,4,10|14,3,13,5,6,9|14,3,13,5,6,11|14,3,13,5,9|14,3,13,5,11|14,3,13,6,5,9|14,3,13,6,5,11|14,3,13,6,9|14,3,13,6,11|14,3,13,9|14,3,13,10|14,3,13,11|14,4,2,3,13,5,6,9|14,4,2,3,13,5,6,11|14,4,2,3,13,5,9|14,4,2,3,13,5,11|14,4,2,3,13,6,5,9|14,4,2,3,13,6,5,11|14,4,2,3,13,6,9|14,4,2,3,13,6,11|14,4,2,3,13,9|14,4,2,3,13,10|14,4,2,3,13,11|14,4,2,10|14,4,2,13,5,6,9|14,4,2,13,5,6,11|14,4,2,13,5,9|14,4,2,13,5,11|14,4,2,13,6,5,9|14,4,2,13,6,5,11|14,4,2,13,6,9|14,4,2,13,6,11|14,4,2,13,9|14,4,2,13,10|14,4,2,13,11|14,4,10|14,4,13,2,10|14,4,13,3,2,10|14,4,13,5,6,9|14,4,13,5,6,11|14,4,13,5,9|14,4,13,5,11|14,4,13,6,5,9|14,4,13,6,5,11|14,4,13,6,9|14,4,13,6,11|14,4,13,9|14,4,13,10|14,4,13,11|14,5,6,9|14,5,6,11|14,5,6,13,2,4,10|14,5,6,13,2,10|14,5,6,13,3,2,4,10|14,5,6,13,3,2,10|14,5,6,13,4,2,10|14,5,6,13,4,10|14,5,6,13,9|14,5,6,13,10|14,5,6,13,11|14,5,9|14,5,11|14,5,13,2,4,10|14,5,13,2,10|14,5,13,3,2,4,10|14,5,13,3,2,10|14,5,13,4,2,10|14,5,13,4,10|14,5,13,6,9|14,5,13,6,11|14,5,13,9|14,5,13,10|14,5,13,11|14,6,5,9|14,6,5,11|14,6,5,13,2,4,10|14,6,5,13,2,10|14,6,5,13,3,2,4,10|14,6,5,13,3,2,10|14,6,5,13,4,2,10|14,6,5,13,4,10|14,6,5,13,9|14,6,5,13,10|14,6,5,13,11|14,6,9|14,6,11|14,6,13,2,4,10|14,6,13,2,10|14,6,13,3,2,4,10|14,6,13,3,2,10|14,6,13,4,2,10|14,6,13,4,10|14,6,13,5,9|14,6,13,5,11|14,6,13,9|14,6,13,10|14,6,13,11|14,9|14,10|14,11
13,2,4,10|13,2,4,14,6,9|13,2,4,14,6,11|13,2,4,14,9|13,2,4,14,10|13,2,4,14,11|13,2,10|13,2,14,4,10|13,2,14,6,9|13,2,14,6,11|13,2,14,9|13,2,14,10|13,2,14,11|13,3,14,2,4,10|13,3,14,2,10|13,3,14,4,2,10|13,3,14,4,10|13,3,14,6,9|13,3,14,6,11|13,3,14,9|13,3,14,10|13,3,14,11|13,4,2,10|13,4,2,14,6,9|13,4,2,14,6,11|13,4,2,14,9|13,4,2,14,10|13,4,2,14,11|13,4,10|13,4,14,2,10|13,4,14,6,9|13,4,14,6,11|13,4,14,9|13,4,14,10|13,4,14,11|13,6,9|13,6,11|13,6,14,2,4,10|13,6,14,2,10|13,6,14,4,2,10|13,6,14,4,10|13,6,14,9|13,6,14,10|13,6,14,11|13,9|13,10|13,11|14,2,4,10|14,2,4,13,6,9|14,2,4,13,6,11|14,2,4,13,9|14,2,4,13,10|14,2,4,13,11|14,2,10|14,2,13,4,10|14,2,13,6,9|14,2,13,6,11|14,2,13,9|14,2,13,10|14,2,13,11|14,3,13,2,4,10|14,3,13,2,10|14,3,13,4,2,10|14,3,13,4,10|14,3,13,6,9|14,3,13,6,11|14,3,13,9|14,3,13,10|14,3,13,11|14,4,2,10|14,4,2,13,6,9|14,4,2,13,6,11|14,4,2,13,9|14,4,2,13,10|14,4,2,13,11|14,4,10|14,4,13,2,10|14,4,13,6,9|14,4,13,6,11|14,4,13,9|14,4,13,10|14,4,13,11|14,6,9|14,6,11|14,6,13,2,4,10|14,6,13,2,10|14,6,13,4,2,10|14,6,13,4,10|14,6,13,9|14,6,13,10|14,6,13,11|14,9|14,10|14,11
13,2,4,10|13,2,4,14,5,6,8|13,2,4,14,5,6,9|13,2,4,14,5,8|13,2,4,14,5,9|13,2,4,14,6,5,8|13,2,4,14,6,5,9|13,2,4,14,6,8|13,2,4,14,6,9|13,2,4,14,8|13,2,4,14,9|13,2,4,14,10|13,2,10|13,2,14,4,10|13,2,14,5,6,8|13,2,14,5,6,9|13,2,14,5,8|13,2,14,5,9|13,2,14,6,5,8|13,2,14,6,5,9|13,2,14,6,8|13,2,14,6,9|13,2,14,8|13,2,14,9|13,2,14,10|13,3,14,2,4,10|13,3,14,2,10|13,3,14,4,2,10|13,3,14,4,10|13,3,14,5,6,8|13,3,14,5,6,9|13,3,14,5,8|13,3,14,5,9|13,3,14,6,5,8|13,3,14,6,5,9|13,3,14,6,8|13,3,14,6,9|13,3,14,8|13,3,14,9|13,3,14,10|13,4,2,10|13,4,2,14,5,6,8|13,4,2,14,5,6,9|13,4,2,14,5,8|13,4,2,14,5,9|13,4,2,14,6,5,8|13,4,2,14,6,5,9|13,4,2,14,6,8|13,4,2,14,6,9|13,4,2,14,8|13,4,2,14,9|13,4,2,14,10|13,4,10|13,4,14,2,10|13,4,14,5,6,8|13,4,14,5,6,9|13,4,14,5,8|13,4,14,5,9|13,4,14,6,5,8|13,4,14,6,5,9|13,4,14,6,8|13,4,14,6,9|13,4,14,8|13,4,14,9|13,4,14,10|13,5,6,8|13,5,6,9|13,5,6,14,2,4,10|13,5,6,14,2,10|13,5,6,14,4,2,10|13,5,6,14,4,10|13,5,6,14,8|13,5,6,14,9|13,5,6,14,10|13,5,8|13,5,9|13,5,14,2,4,10|13,5,14,2,10|13,5,14,4,2,10|13,5,14,4,10|13,5,14,6,8|13,5,14,6,9|13,5,14,8|13,5,14,9|13,5,14,10|13,8|13,9|13,10|14,2,4,10|14,2,4,13,5,6,8|14,2,4,13,5,6,9|14,2,4,13,5,8|14,2,4,13,5,9|14,2,4,13,8|14,2,4,13,9|14,2,4,13,10|14,2,10|14,2,13,4,10|14,2,13,5,6,8|14,2,13,5,6,9|14,2,13,5,8|14,2,13,5,9|14,2,13,8|14,2,13,9|14,2,13,10|14,3,13,2,4,10|14,3,13,2,10|14,3,13,4,2,10|14,3,13,4,10|14,3,13,5,6,8|14,3,13,5,6,9|14,3,13,5,8|14,3,13,5,9|14,3,13,8|14,3,13,9|14,3,13,10|14,4,2,10|14,4,2,13,5,6,8|14,4,2,13,5,6,9|14,4,2,13,5,8|14,4,2,13,5,9|14,4,2,13,8|14,4,2,13,9|14,4,2,13,10|14,4,10|14,4,13,2,10|14,4,13,5,6,8|14,4,13,5,6,9|14,4,13,5,8|14,4,13,5,9|14,4,13,8|14,4,13,9|14,4,13,10|14,5,6,8|14,5,6,9|14,5,8|14,5,9|14,5,13,2,4,10|14,5,13,2,10|14,5,13,4,2,10|14,5,13,4,10|14,5,13,8|14,5,13,9|14,5,13,10|14,6,5,8|14,6,5,9|14,6,5,13,2,4,10|14,6,5,13,2,10|14,6,5,13,4,2,10|14,6,5,13,4,10|14,6,5,13,8|14,6,5,13,9|14,6,5,13,10|14,6,8|14,6,9|14,8|14,9|14,10
13,3,14,4,2,7|13,3,14,4,10|13,3,14,6,8|13,3,14,6,9|13,3,14,8|13,3,14,9|13,3,14,10|13,4,2,7|13,4,10|13,4,14,6,8|13,4,14,6,9|13,4,14,8|13,4,14,9|13,4,14,10|13,8|13,9|13,10|14,3,13,4,2,7|14,3,13,4,10|14,3,13,8|14,3,13,9|14,3,13,10|14,4,2,7|14,4,10|14,4,13,8|14,4,13,9|14,4,13,10|14,6,8|14,6,9|14,8|14,9|14,10
13,2,3,14,5,8|13,2,3,14,5,9|13,2,3,14,7|13,2,3,14,8|13,2,3,14,9|13,2,7|13,2,14,5,8|13,2,14,5,9|13,2,14,7|13,2,14,8|13,2,14,9|13,3,2,7|13,3,2,14,5,8|13,3,2,14,5,9|13,3,2,14,7|13,3,2,14,8|13,3,2,14,9|13,3,14,2,7|13,3,14,5,8|13,3,14,5,9|13,3,14,7|13,3,14,8|13,3,14,9|13,5,8|13,5,9|13,5,14,2,7|13,5,14,3,2,7|13,5,14,7|13,5,14,8|13,5,14,9|13,7|13,8|13,9|13,10|14,2,3,13,5,8|14,2,3,13,5,9|14,2,3,13,7|14,2,3,13,8|14,2,3,13,9|14,2,3,13,10|14,2,7|14,2,13,5,8|14,2,13,5,9|14,2,13,7|14,2,13,8|14,2,13,9|14,2,13,10|14,3,2,7|14,3,2,13,5,8|14,3,2,13,5,9|14,3,2,13,7|14,3,2,13,8|14,3,2,13,9|14,3,2,13,10|14,3,13,2,7|14,3,13,5,8|14,3,13,5,9|14,3,13,7|14,3,13,8|14,3,13,9|14,3,13,10|14,5,8|14,5,9|14,5,13,2,7|14,5,13,3,2,7|14,5,13,7|14,5,13,8|14,5,13,9|14,5,13,10|14,7|14,8|14,9
13,2,3,14,7|13,2,3,14,8|13,2,3,14,9|13,2,14,7|13,2,14,8|13,2,14,9|13,3,2,14,7|13,3,2,14,8|13,3,2,14,9|13,3,14,7|13,3,14,8|13,3,14,9|13,7|13,8|13,9|14,2,3,13,7|14,2,3,13,8|14,2,3,13,9|14,2,13,7|14,2,13,8|14,2,13,9|14,3,2,13,7|14,3,2,13,8|14,3,2,13,9|14,3,13,7|14,3,13,8|14,3,13,9|14,7|14,8|14,9
13,2,10|13,2,14,5,6,8|13,2,14,5,6,9|13,2,14,5,8|13,2,14,5,9|13,2,14,7|13,2,14,8|13,2,14,9|13,3,14,2,10|13,3,14,5,6,8|13,3,14,5,6,9|13,3,14,5,8|13,3,14,5,9|13,3,14,7|13,3,14,8|13,3,14,9|13,5,6,8|13,5,6,9|13,5,8|13,5,9|13,5,14,2,10|13,5,14,7|13,5,14,8|13,5,14,9|13,6,5,8|13,6,5,9|13,6,5,14,2,10|13,6,5,14,7|13,6,5,14,8|13,6,5,14,9|13,6,8|13,6,9|13,7|13,8|13,9|14,2,10|14,2,13,5,6,8|14,2,13,5,6,9|14,2,13,5,8|14,2,13,5,9|14,2,13,6,5,8|14,2,13,6,5,9|14,2,13,6,8|14,2,13,6,9|14,2,13,7|14,2,13,8|14,2,13,9|14,3,13,2,10|14,3,13,5,6,8|14,3,13,5,6,9|14,3,13,5,8|14,3,13,5,9|14,3,13,6,5,8|14,3,13,6,5,9|14,3,13,6,8|14,3,13,6,9|14,3,13,7|14,3,13,8|14,3,13,9|14,5,6,8|14,5,6,9|14,5,6,13,2,10|14,5,6,13,7|14,5,6,13,8|14,5,6,13,9|14,5,8|14,5,9|14,5,13,2,10|14,5,13,6,8|14,5,13,6,9|14,5,13,7|14,5,13,8|14,5,13,9|14,7|14,8|14,9
13,3,14,4,2,10|13,3,14,7|13,3,14,8|13,3,14,12|13,6,8|13,6,12|13,7|13,8|13,12|14,3,13,6,8|14,3,13,6,12|14,3,13,7|14,3,13,8|14,3,13,12|14,4,2,10|14,7|14,8|14,12
13,2,4,14,5,6,8|13,2,4,14,5,6,12|13,2,4,14,5,8|13,2,4,14,5,12|13,2,4,14,6,5,8|13,2,4,14,6,5,12|13,2,4,14,6,8|13,2,4,14,6,12|13,2,4,14,7|13,2,4,14,8|13,2,4,14,12|13,2,7|13,2,14,5,6,8|13,2,14,5,6,12|13,2,14,5,8|13,2,14,5,12|13,2,14,6,5,8|13,2,14,6,5,12|13,2,14,6,8|13,2,14,6,12|13,2,14,7|13,2,14,8|13,2,14,12|13,3,14,2,7|13,3,14,4,2,7|13,3,14,5,6,8|13,3,14,5,6,12|13,3,14,5,8|13,3,14,5,12|13,3,14,6,5,8|13,3,14,6,5,12|13,3,14,6,8|13,3,14,6,12|13,3,14,7|13,3,14,8|13,3,14,12|13,4,2,7|13,4,2,14,5,6,8|13,4,2,14,5,6,12|13,4,2,14,5,8|13,4,2,14,5,12|13,4,2,14,6,5,8|13,4,2,14,6,5,12|13,4,2,14,6,8|13,4,2,14,6,12|13,4,2,14,7|13,4,2,14,8|13,4,2,14,12|13,4,14,2,7|13,4,14,5,6,8|13,4,14,5,6,12|13,4,14,5,8|13,4,14,5,12|13,4,14,6,5,8|13,4,14,6,5,12|13,4,14,6,8|13,4,14,6,12|13,4,14,7|13,4,14,8|13,4,14,12|13,5,6,8|13,5,6,12|13,5,6,14,2,7|13,5,6,14,4,2,7|13,5,6,14,7|13,5,6,14,8|13,5,6,14,12|13,5,8|13,5,12|13,5,14,2,7|13,5,14,4,2,7|13,5,14,6,8|13,5,14,6,12|13,5,14,7|13,5,14,8|13,5,14,12|13,6,5,8|13,6,5,12|13,6,5,14,2,7|13,6,5,14,4,2,7|13,6,5,14,7|13,6,5,14,8|13,6,5,14,12|13,6,8|13,6,12|13,6,14,2,7|13,6,14,4,2,7|13,6,14,5,8|13,6,14,5,12|13,6,14,7|13,6,14,8|13,6,14,12|13,7|13,8|13,12|14,2,4,13,5,6,8|14,2,4,13,5,6,12|14,2,4,13,5,8|14,2,4,13,5,12|14,2,4,13,6,5,8|14,2,4,13,6,5,12|14,2,4,13,6,8|14,2,4,13,6,12|14,2,4,13,7|14,2,4,13,8|14,2,4,13,12|14,2,7|14,2,13,5,6,8|14,2,13,5,6,12|14,2,13,5,8|14,2,13,5,12|14,2,13,6,5,8|14,2,13,6,5,12|14,2,13,6,8|14,2,13,6,12|14,2,13,7|14,2,13,8|14,2,13,12|14,3,13,2,7|14,3,13,4,2,7|14,3,13,5,6,8|14,3,13,5,6,12|14,3,13,5,8|14,3,13,5,12|14,3,13,6,5,8|14,3,13,6,5,12|14,3,13,6,8|14,3,13,6,12|14,3,13,7|14,3,13,8|14,3,13,12|14,4,2,7|14,4,2,13,5,6,8|14,4,2,13,5,6,12|14,4,2,13,5,8|14,4,2,13,5,12|14,4,2,13,6,5,8|14,4,2,13,6,5,12|14,4,2,13,6,8|14,4,2,13,6,12|14,4,2,13,7|14,4,2,13,8|14,4,2,13,12|14,4,13,2,7|14,4,13,5,6,8|14,4,13,5,6,12|14,4,13,5,8|14,4,13,5,12|14,4,13,6,5,8|14,4,13,6,5,12|14,4,13,6,8|14,4,13,6,12|14,4,13,7|14,4,13,8|14,4,13,12|14,5,6,8|14,5,6,12|14,5,6,13,2,7|14,5,6,13,4,2,7|14,5,6,13,7|14,5,6,13,8|14,5,6,13,12|14,5,8|14,5,12|14,5,13,2,7|14,5,13,4,2,7|14,5,13,6,8|14,5,13,6,12|14,5,13,7|14,5,13,8|14,5,13,12|14,6,5,8|14,6,5,12|14,6,5,13,2,7|14,6,5,13,4,2,7|14,6,5,13,7|14,6,5,13,8|14,6,5,13,12|14,6,8|14,6,12|14,6,13,2,7|14,6,13,4,2,7|14,6,13,5,8|14,6,13,5,12|14,6,13,7|14,6,13,8|14,6,13,12|14,7|14,8|14,12
13,2,3,14,6,8|13,2,3,14,6,12|13,2,3,14,7|13,2,3,14,8|13,2,3,14,12|13,2,4,14,6,8|13,2,4,14,6,12|13,2,4,14,7|13,2,4,14,8|13,2,4,14,12|13,2,7|13,2,14,6,8|13,2,14,6,12|13,2,14,7|13,2,14,8|13,2,14,12|13,3,2,4,14,6,8|13,3,2,4,14,6,12|13,3,2,4,14,7|13,3,2,4,14,8|13,3,2,4,14,12|13,3,2,7|13,3,2,14,6,8|13,3,2,14,6,12|13,3,2,14,7|13,3,2,14,8|13,3,2,14,12|13,3,14,2,7|13,3,14,4,2,7|13,3,14,6,8|13,3,14,6,12|13,3,14,7|13,3,14,8|13,3,14,12|13,4,2,3,14,6,8|13,4,2,3,14,6,12|13,4,2,3,14,7|13,4,2,3,14,8|13,4,2,3,14,12|13,4,2,7|13,4,2,14,6,8|13,4,2,14,6,12|13,4,2,14,7|13,4,2,14,8|13,4,2,14,12|13,4,14,2,7|13,4,14,3,2,7|13,4,14,6,8|13,4,14,6,12|13,4,14,7|13,4,14,8|13,4,14,12|13,6,8|13,6,12|13,6,14,2,7|13,6,14,3,2,7|13,6,14,4,2,7|13,6,14,7|13,6,14,8|13,6,14,12|13,7|13,8|13,12|14,2,3,13,6,8|14,2,3,13,6,12|14,2,3,13,7|14,2,3,13,8|14,2,3,13,12|14,2,4,13,6,8|14,2,4,13,6,12|14,2,4,13,7|14,2,4,13,8|14,2,4,13,12|14,2,7|14,2,13,6,8|14,2,13,6,12|14,2,13,7|14,2,13,8|14,2,13,12|14,3,2,4,13,6,8|14,3,2,4,13,6,12|14,3,2,4,13,7|14,3,2,4,13,8|14,3,2,4,13,12|14,3,2,7|14,3,2,13,6,8|14,3,2,13,6,12|14,3,2,13,7|14,3,2,13,8|14,3,2,13,12|14,3,13,2,7|14,3,13,4,2,7|14,3,13,6,8|14,3,13,6,12|14,3,13,7|14,3,13,8|14,3,13,12|14,4,2,3,13,6,8|14,4,2,3,13,6,12|14,4,2,3,13,7|14,4,2,3,13,8|14,4,2,3,13,12|14,4,2,7|14,4,2,13,6,8|14,4,2,13,6,12|14,4,2,13,7|14,4,2,13,8|14,4,2,13,12|14,4,13,2,7|14,4,13,3,2,7|14,4,13,6,8|14,4,13,6,12|14,4,13,7|14,4,13,8|14,4,13,12|14,6,8|14,6,12|14,6,13,2,7|14,6,13,3,2,7|14,6,13,4,2,7|14,6,13,7|14,6,13,8|14,6,13,12|14,7|14,8|14,12
13,2,3,7|13,2,3,14,5,6,11|13,2,3,14,5,6,12|13,2,3,14,5,11|13,2,3,14,5,12|13,2,3,14,6,5,11|13,2,3,14,6,5,12|13,2,3,14,6,11|13,2,3,14,6,12|13,2,3,14,7|13,2,3,14,11|13,2,3,14,12|13,2,7|13,2,14,3,7|13,2,14,5,6,11|13,2,14,5,6,12|13,2,14,5,11|13,2,14,5,12|13,2,14,6,5,11|13,2,14,6,5,12|13,2,14,6,11|13,2,14,6,12|13,2,14,7|13,2,14,11|13,2,14,12|13,3,2,7|13,3,2,14,5,6,11|13,3,2,14,5,6,12|13,3,2,14,5,11|13,3,2,14,5,12|13,3,2,14,6,5,11|13,3,2,14,6,5,12|13,3,2,14,6,11|13,3,2,14,6,12|13,3,2,14,7|13,3,2,14,11|13,3,2,14,12|13,3,7|13,3,14,2,7|13,3,14,5,6,11|13,3,14,5,6,12|13,3,14,5,11|13,3,14,5,12|13,3,14,6,5,11|13,3,14,6,5,12|13,3,14,6,11|13,3,14,6,12|13,3,14,7|13,3,14,11|13,3,14,12|13,4,14,2,3,7|13,4,14,2,7|13,4,14,3,2,7|13,4,14,3,7|13,4,14,5,6,11|13,4,14,5,6,12|13,4,14,5,11|13,4,14,5,12|13,4,14,6,5,11|13,4,14,6,5,12|13,4,14,6,11|13,4,14,6,12|13,4,14,7|13,4,14,11|13,4,14,12|13,5,6,11|13,5,6,12|13,5,6,14,2,3,7|13,5,6,14,2,7|13,5,6,14,3,2,7|13,5,6,14,3,7|13,5,6,14,7|13,5,6,14,11|13,5,6,14,12|13,5,11|13,5,12|13,5,14,2,3,7|13,5,14,2,7|13,5,14,3,2,7|13,5,14,3,7|13,5,14,6,11|13,5,14,6,12|13,5,14,7|13,5,14,11|13,5,14,12|13,7|13,11|13,12|14,2,3,7|14,2,3,13,5,6,11|14,2,3,13,5,6,12|14,2,3,13,5,11|14,2,3,13,5,12|14,2,3,13,7|14,2,3,13,11|14,2,3,13,12|14,2,7|14,2,13,3,7|14,2,13,5,6,11|14,2,13,5,6,12|14,2,13,5,11|14,2,13,5,12|14,2,13,7|14,2,13,11|14,2,13,12|14,3,2,7|14,3,2,13,5,6,11|14,3,2,13,5,6,12|14,3,2,13,5,11|14,3,2,13,5,12|14,3,2,13,7|14,3,2,13,11|14,3,2,13,12|14,3,7|14,3,13,2,7|14,3,13,5,6,11|14,3,13,5,6,12|14,3,13,5,11|14,3,13,5,12|14,3,13,7|14,3,13,11|14,3,13,12|14,4,13,2,3,7|14,4,13,2,7|14,4,13,3,2,7|14,4,13,3,7|14,4,13,5,6,11|14,4,13,5,6,12|14,4,13,5,11|14,4,13,5,12|14,4,13,7|14,4,13,11|14,4,13,12|14,5,6,11|14,5,6,12|14,5,11|14,5,12|14,5,13,2,3,7|14,5,13,2,7|14,5,13,3,2,7|14,5,13,3,7|14,5,13,7|14,5,13,11|14,5,13,12|14,6,5,11|14,6,5,12|14,6,5,13,2,3,7|14,6,5,13,2,7|14,6,5,13,3,2,7|14,6,5,13,3,7|14,6,5,13,7|14,6,5,13,11|14,6,5,13,12|14,6,11|14,6,12|14,7|14,11|14,12
13,3,7|13,3,14,6,11|13,3,14,6,12|13,3,14,7|13,3,14,11|13,3,14,12|13,4,14,3,7|13,4,14,6,11|13,4,14,6,12|13,4,14,7|13,4,14,11|13,4,14,12|13,7|13,11|13,12|14,3,7|14,3,13,7|14,3,13,11|14,3,13,12|14,4,13,3,7|14,4,13,7|14,4,13,11|14,4,13,12|14,6,11|14,6,12|14,7|14,11|14,12
13,2,4,14,5,11|13,2,4,14,5,12|13,2,4,14,10|13,2,4,14,11|13,2,4,14,12|13,2,10|13,2,14,5,11|13,2,14,5,12|13,2,14,10|13,2,14,11|13,2,14,12|13,4,2,10|13,4,2,14,5,11|13,4,2,14,5,12|13,4,2,14,10|13,4,2,14,11|13,4,2,14,12|13,4,14,2,10|13,4,14,5,11|13,4,14,5,12|13,4,14,10|13,4,14,11|13,4,14,12|13,5,11|13,5,12|13,5,14,2,10|13,5,14,4,2,10|13,5,14,10|13,5,14,11|13,5,14,12|13,7|13,10|13,11|13,12|14,2,4,13,5,11|14,2,4,13,5,12|14,2,4,13,7|14,2,4,13,10|14,2,4,13,11|14,2,4,13,12|14,2,10|14,2,13,5,11|14,2,13,5,12|14,2,13,7|14,2,13,10|14,2,13,11|14,2,13,12|14,4,2,10|14,4,2,13,5,11|14,4,2,13,5,12|14,4,2,13,7|14,4,2,13,10|14,4,2,13,11|14,4,2,13,12|14,4,13,2,10|14,4,13,5,11|14,4,13,5,12|14,4,13,7|14,4,13,10|14,4,13,11|14,4,13,12|14,5,11|14,5,12|14,5,13,2,10|14,5,13,4,2,10|14,5,13,7|14,5,13,10|14,5,13,11|14,5,13,12|14,10|14,11|14,12
13,2,4,14,10|13,2,4,14,11|13,2,4,14,12|13,2,14,10|13,2,14,11|13,2,14,12|13,4,2,14,10|13,4,2,14,11|13,4,2,14,12|13,4,14,10|13,4,14,11|13,4,14,12|13,10|13,11|13,12|14,2,4,13,10|14,2,4,13,11|14,2,4,13,12|14,2,13,10|14,2,13,11|14,2,13,12|14,4,2,13,10|14,4,2,13,11|14,4,2,13,12|14,4,13,10|14,4,13,11|14,4,13,12|14,10|14,11|14,12
13,2,3,4,7|13,2,3,4,14,5,6,11|13,2,3,4,14,5,6,12|13,2,3,4,14,5,11|13,2,3,4,14,5,12|13,2,3,4,14,10|13,2,3,4,14,11|13,2,3,4,14,12|13,2,3,7|13,2,4,3,7|13,2,4,7|13,2,4,14,5,6,11|13,2,4,14,5,6,12|13,2,4,14,5,11|13,2,4,14,5,12|13,2,4,14,10|13,2,4,14,11|13,2,4,14,12|13,2,7|13,2,14,4,3,7|13,2,14,4,7|13,2,14,5,6,11|13,2,14,5,6,12|13,2,14,5,11|13,2,14,5,12|13,2,14,10|13,2,14,11|13,2,14,12|13,4,2,3,7|13,4,2,7|13,4,2,14,5,6,11|13,4,2,14,5,6,12|13,4,2,14,5,11|13,4,2,14,5,12|13,4,2,14,10|13,4,2,14,11|13,4,2,14,12|13,4,3,2,7|13,4,3,2,14,5,6,11|13,4,3,2,14,5,6,12|13,4,3,2,14,5,11|13,4,3,2,14,5,12|13,4,3,2,14,10|13,4,3,2,14,11|13,4,3,2,14,12|13,4,3,7|13,4,7|13,4,14,2,3,7|13,4,14,2,7|13,4,14,5,6,11|13,4,14,5,6,12|13,4,14,5,11|13,4,14,5,12|13,4,14,10|13,4,14,11|13,4,14,12|13,5,6,11|13,5,6,12|13,5,11|13,5,12|13,5,14,2,3,4,7|13,5,14,2,3,7|13,5,14,2,4,3,7|13,5,14,2,4,7|13,5,14,2,7|13,5,14,4,2,3,7|13,5,14,4,2,7|13,5,14,4,3,2,7|13,5,14,4,3,7|13,5,14,4,7|13,5,14,10|13,5,14,11|13,5,14,12|13,6,5,11|13,6,5,12|13,6,5,14,2,3,4,7|13,6,5,14,2,3,7|13,6,5,14,2,4,3,7|13,6,5,14,2,4,7|13,6,5,14,2,7|13,6,5,14,4,2,3,7|13,6,5,14,4,2,7|13,6,5,14,4,3,2,7|13,6,5,14,4,3,7|13,6,5,14,4,7|13,6,5,14,10|13,6,5,14,11|13,6,5,14,12|13,6,11|13,6,12|13,10|13,11|13,12|14,2,3,4,7|14,2,3,4,13,5,6,11|14,2,3,4,13,5,6,12|14,2,3,4,13,5,11|14,2,3,4,13,5,12|14,2,3,4,13,6,5,11|14,2,3,4,13,6,5,12|14,2,3,4,13,6,11|14,2,3,4,13,6,12|14,2,3,4,13,10|14,2,3,4,13,11|14,2,3,4,13,12|14,2,3,7|14,2,4,3,7|14,2,4,7|14,2,4,13,5,6,11|14,2,4,13,5,6,12|14,2,4,13,5,11|14,2,4,13,5,12|14,2,4,13,6,5,11|14,2,4,13,6,5,12|14,2,4,13,6,11|14,2,4,13,6,12|14,2,4,13,10|14,2,4,13,11|14,2,4,13,12|14,2,7|14,2,13,4,3,7|14,2,13,4,7|14,2,13,5,6,11|14,2,13,5,6,12|14,2,13,5,11|14,2,13,5,12|14,2,13,6,5,11|14,2,13,6,5,12|14,2,13,6,11|14,2,13,6,12|14,2,13,10|14,2,13,11|14,2,13,12|14,4,2,3,7|14,4,2,7|14,4,2,13,5,6,11|14,4,2,13,5,6,12|14,4,2,13,5,11|14,4,2,13,5,12|14,4,2,13,6,5,11|14,4,2,13,6,5,12|14,4,2,13,6,11|14,4,2,13,6,12|14,4,2,13,10|14,4,2,13,11|14,4,2,13,12|14,4,3,2,7|14,4,3,2,13,5,6,11|14,4,3,2,13,5,6,12|14,4,3,2,13,5,11|14,4,3,2,13,5,12|14,4,3,2,13,6,5,11|14,4,3,2,13,6,5,12|14,4,3,2,13,6,11|14,4,3,2,13,6,12|14,4,3,2,13,10|14,4,3,2,13,11|14,4,3,2,13,12|14,4,3,7|14,4,7|14,4,13,2,3,7|14,4,13,2,7|14,4,13,5,6,11|14,4,13,5,6,12|14,4,13,5,11|14,4,13,5,12|14,4,13,6,5,11|14,4,13,6,5,12|14,4,13,6,11|14,4,13,6,12|14,4,13,10|14,4,13,11|14,4,13,12|14,5,6,11|14,5,6,12|14,5,6,13,2,3,4,7|14,5,6,13,2,3,7|14,5,6,13,2,4,3,7|14,5,6,13,2,4,7|14,5,6,13,2,7|14,5,6,13,4,2,3,7|14,5,6,13,4,2,7|14,5,6,13,4,3,2,7|14,5,6,13,4,3,7|14,5,6,13,4,7|14,5,6,13,10|14,5,6,13,11|14,5,6,13,12|14,5,11|14,5,12|14,5,13,2,3,4,7|14,5,13,2,3,7|14,5,13,2,4,3,7|14,5,13,2,4,7|14,5,13,2,7|14,5,13,4,2,3,7|14,5,13,4,2,7|14,5,13,4,3,2,7|14,5,13,4,3,7|14,5,13,4,7|14,5,13,6,11|14,5,13,6,12|14,5,13,10|14,5,13,11|14,5,13,12|14,10|14,11|14,12
13,4,2,3,7|13,4,2,7|13,4,3,2,7|13,4,3,7|13,4,7|13,4,14,9|13,4,14,10|13,4,14,11|13,6,9|13,6,11|13,9|13,10|13,11|14,4,2,3,7|14,4,2,7|14,4,3,2,7|14,4,3,7|14,4,7|14,4,13,6,9|14,4,13,6,11|14,4,13,9|14,4,13,10|14,4,13,11|14,9|14,10|14,11
13,2,10|13,2,14,5,6,9|13,2,14,5,6,11|13,2,14,5,9|13,2,14,5,11|13,2,14,6,5,9|13,2,14,6,5,11|13,2,14,6,9|13,2,14,6,11|13,2,14,9|13,2,14,10|13,2,14,11|13,5,6,9|13,5,6,11|13,5,6,14,2,10|13,5,6,14,9|13,5,6,14,10|13,5,6,14,11|13,5,9|13,5,11|13,5,14,2,10|13,5,14,6,9|13,5,14,6,11|13,5,14,9|13,5,14,10|13,5,14,11|13,6,5,9|13,6,5,11|13,6,5,14,2,10|13,6,5,14,9|13,6,5,14,10|13,6,5,14,11|13,6,9|13,6,11|13,6,14,2,10|13,6,14,5,9|13,6,14,5,11|13,6,14,9|13,6,14,10|13,6,14,11|13,9|13,10|13,11|14,2,10|14,2,13,5,6,9|14,2,13,5,6,11|14,2,13,5,9|14,2,13,5,11|14,2,13,6,5,9|14,2,13,6,5,11|14,2,13,6,9|14,2,13,6,11|14,2,13,9|14,2,13,10|14,2,13,11|14,5,6,9|14,5,6,11|14,5,6,13,2,10|14,5,6,13,9|14,5,6,13,10|14,5,6,13,11|14,5,9|14,5,11|14,5,13,2,10|14,5,13,6,9|14,5,13,6,11|14,5,13,9|14,5,13,10|14,5,13,11|14,6,5,9|14,6,5,11|14,6,5,13,2,10|14,6,5,13,9|14,6,5,13,10|14,6,5,13,11|14,6,9|14,6,11|14,6,13,2,10|14,6,13,5,9|14,6,13,5,11|14,6,13,9|14,6,13,10|14,6,13,11|14,9|14,10|14,11
13,2,10|13,2,14,6,9|13,2,14,6,11|13,2,14,9|13,2,14,10|13,2,14,11|13,6,9|13,6,11|13,6,14,2,10|13,6,14,9|13,6,14,10|13,6,14,11|13,9|13,10|13,11|14,2,10|14,2,13,6,9|14,2,13,6,11|14,2,13,9|14,2,13,10|14,2,13,11|14,6,9|14,6,11|14,6,13,2,10|14,6,13,9|14,6,13,10|14,6,13,11|14,9|14,10|14,11
13,2,4,3,7|13,2,4,7|13,2,10|13,2,14,5,6,8|13,2,14,5,6,9|13,2,14,5,8|13,2,14,5,9|13,2,14,6,5,8|13,2,14,6,5,9|13,2,14,6,8|13,2,14,6,9|13,2,14,8|13,2,14,9|13,2,14,10|13,5,6,8|13,5,6,9|13,5,6,14,2,4,3,7|13,5,6,14,2,4,7|13,5,6,14,2,10|13,5,6,14,8|13,5,6,14,9|13,5,6,14,10|13,5,8|13,5,9|13,5,14,2,4,3,7|13,5,14,2,4,7|13,5,14,2,10|13,5,14,6,8|13,5,14,6,9|13,5,14,8|13,5,14,9|13,5,14,10|13,8|13,9|13,10|14,2,4,3,7|14,2,4,7|14,2,10|14,2,13,5,6,8|14,2,13,5,6,9|14,2,13,5,8|14,2,13,5,9|14,2,13,8|14,2,13,9|14,2,13,10|14,5,6,8|14,5,6,9|14,5,8|14,5,9|14,5,13,2,4,3,7|14,5,13,2,4,7|14,5,13,2,10|14,5,13,8|14,5,13,9|14,5,13,10|14,6,5,8|14,6,5,9|14,6,5,13,2,4,3,7|14,6,5,13,2,4,7|14,6,5,13,2,10|14,6,5,13,8|14,6,5,13,9|14,6,5,13,10|14,6,8|14,6,9|14,8|14,9|14,10
13,3,2,4,7|13,3,2,4,14,6,8|13,3,2,4,14,6,9|13,3,2,4,14,8|13,3,2,4,14,9|13,3,2,4,14,10|13,3,2,7|13,3,4,2,7|13,3,4,7|13,3,4,14,6,8|13,3,4,14,6,9|13,3,4,14,8|13,3,4,14,9|13,3,4,14,10|13,3,7|13,3,14,4,2,7|13,3,14,4,7|13,3,14,6,8|13,3,14,6,9|13,3,14,8|13,3,14,9|13,3,14,10|13,8|13,9|13,10|14,3,2,4,7|14,3,2,7|14,3,4,2,7|14,3,4,7|14,3,7|14,3,13,8|14,3,13,9|14,3,13,10|14,4,2,3,7|14,4,2,3,13,8|14,4,2,3,13,9|14,4,2,3,13,10|14,4,2,7|14,4,3,2,7|14,4,3,7|14,4,3,13,8|14,4,3,13,9|14,4,3,13,10|14,4,7|14,6,8|14,6,9|14,8|14,9|14,10
13,2,3,4,7|13,2,3,4,14,5,8|13,2,3,4,14,5,9|13,2,3,4,14,7|13,2,3,4,14,8|13,2,3,4,14,9|13,2,3,7|13,2,3,14,4,7|13,2,3,14,5,8|13,2,3,14,5,9|13,2,3,14,7|13,2,3,14,8|13,2,3,14,9|13,2,4,3,7|13,2,4,3,14,5,8|13,2,4,3,14,5,9|13,2,4,3,14,7|13,2,4,3,14,8|13,2,4,3,14,9|13,2,4,7|13,2,4,14,3,7|13,2,4,14,5,8|13,2,4,14,5,9|13,2,4,14,7|13,2,4,14,8|13,2,4,14,9|13,2,7|13,2,14,3,4,7|13,2,14,3,7|13,2,14,4,3,7|13,2,14,4,7|13,2,14,5,8|13,2,14,5,9|13,2,14,7|13,2,14,8|13,2,14,9|13,3,2,4,7|13,3,2,4,14,5,8|13,3,2,4,14,5,9|13,3,2,4,14,7|13,3,2,4,14,8|13,3,2,4,14,9|13,3,2,7|13,3,2,14,4,7|13,3,2,14,5,8|13,3,2,14,5,9|13,3,2,14,7|13,3,2,14,8|13,3,2,14,9|13,3,4,2,7|13,3,4,2,14,5,8|13,3,4,2,14,5,9|13,3,4,2,14,7|13,3,4,2,14,8|13,3,4,2,14,9|13,3,4,7|13,3,4,14,2,7|13,3,4,14,5,8|13,3,4,14,5,9|13,3,4,14,7|13,3,4,14,8|13,3,4,14,9|13,3,7|13,3,14,2,4,7|13,3,14,2,7|13,3,14,4,2,7|13,3,14,4,7|13,3,14,5,8|13,3,14,5,9|13,3,14,7|13,3,14,8|13,3,14,9|13,4,2,3,7|13,4,2,3,14,5,8|13,4,2,3,14,5,9|13,4,2,3,14,7|13,4,2,3,14,8|13,4,2,3,14,9|13,4,2,7|13,4,2,14,3,7|13,4,2,14,5,8|13,4,2,14,5,9|13,4,2,14,7|13,4,2,14,8|13,4,2,14,9|13,4,3,2,7|13,4,3,2,14,5,8|13,4,3,2,14,5,9|13,4,3,2,14,7|13,4,3,2,14,8|13,4,3,2,14,9|13,4,3,7|13,4,3,14,2,7|13,4,3,14,5,8|13,4,3,14,5,9|13,4,3,14,7|13,4,3,14,8|13,4,3,14,9|13,4,7|13,4,14,2,3,7|13,4,14,2,7|13,4,14,3,2,7|13,4,14,3,7|13,4,14,5,8|13,4,14,5,9|13,4,14,7|13,4,14,8|13,4,14,9|13,5,8|13,5,9|13,5,14,2,3,4,7|13,5,14,2,3,7|13,5,14,2,4,3,7|13,5,14,2,4,7|13,5,14,2,7|13,5,14,3,2,4,7|13,5,14,3,2,7|13,5,14,3,4,2,7|13,5,14,3,4,7|13,5,14,3,7|13,5,14,4,2,3,7|13,5,14,4,2,7|13,5,14,4,3,2,7|13,5,14,4,3,7|13,5,14,4,7|13,5,14,7|13,5,14,8|13,5,14,9|13,7|13,8|13,9|13,10|14,2,3,4,7|14,2,3,4,13,5,8|14,2,3,4,13,5,9|14,2,3,4,13,7|14,2,3,4,13,8|14,2,3,4,13,9|14,2,3,4,13,10|14,2,3,7|14,2,3,13,4,7|14,2,3,13,5,8|14,2,3,13,5,9|14,2,3,13,7|14,2,3,13,8|14,2,3,13,9|14,2,3,13,10|14,2,4,3,7|14,2,4,3,13,5,8|14,2,4,3,13,5,9|14,2,4,3,13,7|14,2,4,3,13,8|14,2,4,3,13,9|14,2,4,3,13,10|14,2,4,7|14,2,4,13,3,7|14,2,4,13,5,8|14,2,4,13,5,9|14,2,4,13,7|14,2,4,13,8|14,2,4,13,9|14,2,4,13,10|14,2,7|14,2,13,3,4,7|14,2,13,3,7|14,2,13,4,3,7|14,2,13,4,7|14,2,13,5,8|14,2,13,5,9|14,2,13,7|14,2,13,8|14,2,13,9|14,2,13,10|14,3,2,4,7|14,3,2,4,13,5,8|14,3,2,4,13,5,9|14,3,2,4,13,7|14,3,2,4,13,8|14,3,2,4,13,9|14,3,2,4,13,10|14,3,2,7|14,3,2,13,4,7|14,3,2,13,5,8|14,3,2,13,5,9|14,3,2,13,7|14,3,2,13,8|14,3,2,13,9|14,3,2,13,10|14,3,4,2,7|14,3,4,2,13,5,8|14,3,4,2,13,5,9|14,3,4,2,13,7|14,3,4,2,13,8|14,3,4,2,13,9|14,3,4,2,13,10|14,3,4,7|14,3,4,13,2,7|14,3,4,13,5,8|14,3,4,13,5,9|14,3,4,13,7|14,3,4,13,8|14,3,4,13,9|14,3,4,13,10|14,3,7|14,3,13,2,4,7|14,3,13,2,7|14,3,13,4,2,7|14,3,13,4,7|14,3,13,5,8|14,3,13,5,9|14,3,13,7|14,3,13,8|14,3,13,9|14,3,13,10|14,4,2,3,7|14,4,2,3,13,5,8|14,4,2,3,13,5,9|14,4,2,3,13,7|14,4,2,3,13,8|14,4,2,3,13,9|14,4,2,3,13,10|14,4,2,7|14,4,2,13,3,7|14,4,2,13,5,8|14,4,2,13,5,9|14,4,2,13,7|14,4,2,13,8|14,4,2,13,9|14,4,2,13,10|14,4,3,2,7|14,4,3,2,13,5,8|14,4,3,2,13,5,9|14,4,3,2,13,7|14,4,3,2,13,8|14,4,3,2,13,9|14,4,3,2,13,10|14,4,3,7|14,4,3,13,2,7|14,4,3,13,5,8|14,4,3,13,5,9|14,4,3,13,7|14,4,3,13,8|14,4,3,13,9|14,4,3,13,10|14,4,7|14,4,13,2,3,7|14,4,13,2,7|14,4,13,3,2,7|14,4,13,3,7|14,4,13,5,8|14,4,13,5,9|14,4,13,7|14,4,13,8|14,4,13,9|14,4,13,10|14,5,8|14,5,9|14,5,13,2,3,4,7|14,5,13,2,3,7|14,5,13,2,4,3,7|14,5,13,2,4,7|14,5,13,2,7|14,5,13,3,2,4,7|14,5,13,3,2,7|14,5,13,3,4,2,7|14,5,13,3,4,7|14,5,13,3,7|14,5,13,4,2,3,7|14,5,13,4,2,7|14,5,13,4,3,2,7|14,5,13,4,3,7|14,5,13,4,7|14,5,13,7|14,5,13,8|14,5,13,9|14,5,13,10|14,7|14,8|14,9
13,2,4,3,7|13,2,4,3,14,7|13,2,4,3,14,8|13,2,4,3,14,9|13,2,4,7|13,2,4,14,3,7|13,2,4,14,7|13,2,4,14,8|13,2,4,14,9|13,2,14,3,4,7|13,2,14,3,7|13,2,14,4,3,7|13,2,14,4,7|13,2,14,7|13,2,14,8|13,2,14,9|13,3,4,2,14,7|13,3,4,2,14,8|13,3,4,2,14,9|13,3,4,7|13,3,4,14,7|13,3,4,14,8|13,3,4,14,9|13,3,7|13,3,14,2,4,7|13,3,14,4,7|13,3,14,7|13,3,14,8|13,3,14,9|13,4,2,14,3,7|13,4,2,14,7|13,4,2,14,8|13,4,2,14,9|13,4,3,7|13,4,3,14,7|13,4,3,14,8|13,4,3,14,9|13,4,7|13,4,14,3,7|13,4,14,7|13,4,14,8|13,4,14,9|13,7|13,8|13,9|14,2,4,3,7|14,2,4,3,13,7|14,2,4,3,13,8|14,2,4,3,13,9|14,2,4,7|14,2,4,13,3,7|14,2,4,13,7|14,2,4,13,8|14,2,4,13,9|14,2,13,3,4,7|14,2,13,3,7|14,2,13,4,3,7|14,2,13,4,7|14,2,13,7|14,2,13,8|14,2,13,9|14,3,4,2,13,7|14,3,4,2,13,8|14,3,4,2,13,9|14,3,4,7|14,3,4,13,7|14,3,4,13,8|14,3,4,13,9|14,3,7|14,3,13,2,4,7|14,3,13,4,7|14,3,13,7|14,3,13,8|14,3,13,9|14,4,2,13,3,7|14,4,2,13,7|14,4,2,13,8|14,4,2,13,9|14,4,3,7|14,4,3,13,7|14,4,3,13,8|14,4,3,13,9|14,4,7|14,4,13,3,7|14,4,13,7|14,4,13,8|14,4,13,9|14,7|14,8|14,9
13,2,10|13,2,14,3,4,7|13,2,14,3,7|13,2,14,4,3,7|13,2,14,4,7|13,2,14,5,6,8|13,2,14,5,6,9|13,2,14,5,8|13,2,14,5,9|13,2,14,7|13,2,14,8|13,2,14,9|13,3,4,7|13,3,4,14,2,10|13,3,4,14,5,6,8|13,3,4,14,5,6,9|13,3,4,14,5,8|13,3,4,14,5,9|13,3,4,14,7|13,3,4,14,8|13,3,4,14,9|13,3,7|13,3,14,2,10|13,3,14,4,7|13,3,14,5,6,8|13,3,14,5,6,9|13,3,14,5,8|13,3,14,5,9|13,3,14,7|13,3,14,8|13,3,14,9|13,4,3,7|13,4,3,14,2,10|13,4,3,14,5,6,8|13,4,3,14,5,6,9|13,4,3,14,5,8|13,4,3,14,5,9|13,4,3,14,7|13,4,3,14,8|13,4,3,14,9|13,4,7|13,4,14,2,10|13,4,14,3,7|13,4,14,5,6,8|13,4,14,5,6,9|13,4,14,5,8|13,4,14,5,9|13,4,14,7|13,4,14,8|13,4,14,9|13,5,6,8|13,5,6,9|13,5,8|13,5,9|13,5,14,2,10|13,5,14,3,4,7|13,5,14,3,7|13,5,14,4,3,7|13,5,14,4,7|13,5,14,7|13,5,14,8|13,5,14,9|13,6,5,8|13,6,5,9|13,6,5,14,2,10|13,6,5,14,3,4,7|13,6,5,14,3,7|13,6,5,14,4,3,7|13,6,5,14,4,7|13,6,5,14,7|13,6,5,14,8|13,6,5,14,9|13,6,8|13,6,9|13,7|13,8|13,9|14,2,10|14,2,13,3,4,7|14,2,13,3,7|14,2,13,4,3,7|14,2,13,4,7|14,2,13,5,6,8|14,2,13,5,6,9|14,2,13,5,8|14,2,13,5,9|14,2,13,6,5,8|14,2,13,6,5,9|14,2,13,6,8|14,2,13,6,9|14,2,13,7|14,2,13,8|14,2,13,9|14,3,4,7|14,3,4,13,2,10|14,3,4,13,5,6,8|14,3,4,13,5,6,9|14,3,4,13,5,8|14,3,4,13,5,9|14,3,4,13,6,5,8|14,3,4,13,6,5,9|14,3,4,13,6,8|14,3,4,13,6,9|14,3,4,13,7|14,3,4,13,8|14,3,4,13,9|14,3,7|14,3,13,2,10|14,3,13,4,7|14,3,13,5,6,8|14,3,13,5,6,9|14,3,13,5,8|14,3,13,5,9|14,3,13,6,5,8|14,3,13,6,5,9|14,3,13,6,8|14,3,13,6,9|14,3,13,7|14,3,13,8|14,3,13,9|14,4,3,7|14,4,3,13,2,10|14,4,3,13,5,6,8|14,4,3,13,5,6,9|14,4,3,13,5,8|14,4,3,13,5,9|14,4,3,13,6,5,8|14,4,3,13,6,5,9|14,4,3,13,6,8|14,4,3,13,6,9|14,4,3,13,7|14,4,3,13,8|14,4,3,13,9|14,4,7|14,4,13,2,10|14,4,13,3,7|14,4,13,5,6,8|14,4,13,5,6,9|14,4,13,5,8|14,4,13,5,9|14,4,13,6,5,8|14,4,13,6,5,9|14,4,13,6,8|14,4,13,6,9|14,4,13,7|14,4,13,8|14,4,13,9|14,5,6,8|14,5,6,9|14,5,6,13,2,10|14,5,6,13,3,4,7|14,5,6,13,3,7|14,5,6,13,4,3,7|14,5,6,13,4,7|14,5,6,13,7|14,5,6,13,8|14,5,6,13,9|14,5,8|14,5,9|14,5,13,2,10|14,5,13,3,4,7|14,5,13,3,7|14,5,13,4,3,7|14,5,13,4,7|14,5,13,6,8|14,5,13,6,9|14,5,13,7|14,5,13,8|14,5,13,9|14,7|14,8|14,9
13,3,4,7|13,3,4,14,7|13,3,4,14,8|13,3,4,14,12|13,3,7|13,3,14,4,7|13,3,14,7|13,3,14,8|13,3,14,12|13,4,3,7|13,4,3,14,7|13,4,3,14,8|13,4,3,14,12|13,4,7|13,4,14,3,7|13,4,14,7|13,4,14,8|13,4,14,12|13,6,8|13,6,12|13,7|13,8|13,12|14,3,4,7|14,3,4,13,6,8|14,3,4,13,6,12|14,3,4,13,7|14,3,4,13,8|14,3,4,13,12|14,3,7|14,3,13,4,7|14,3,13,6,8|14,3,13,6,12|14,3,13,7|14,3,13,8|14,3,13,12|14,4,3,7|14,4,3,13,6,8|14,4,3,13,6,12|14,4,3,13,7|14,4,3,13,8|14,4,3,13,12|14,4,7|14,4,13,3,7|14,4,13,6,8|14,4,13,6,12|14,4,13,7|14,4,13,8|14,4,13,12|14,7|14,8|14,12
13,2,3,4,7|13,2,3,4,14,5,6,8|13,2,3,4,14,5,6,12|13,2,3,4,14,5,8|13,2,3,4,14,5,12|13,2,3,4,14,6,5,8|13,2,3,4,14,6,5,12|13,2,3,4,14,6,8|13,2,3,4,14,6,12|13,2,3,4,14,7|13,2,3,4,14,8|13,2,3,4,14,12|13,2,3,7|13,2,3,14,4,7|13,2,3,14,5,6,8|13,2,3,14,5,6,12|13,2,3,14,5,8|13,2,3,14,5,12|13,2,3,14,6,5,8|13,2,3,14,6,5,12|13,2,3,14,6,8|13,2,3,14,6,12|13,2,3,14,7|13,2,3,14,8|13,2,3,14,12|13,2,4,3,7|13,2,4,3,14,5,6,8|13,2,4,3,14,5,6,12|13,2,4,3,14,5,8|13,2,4,3,14,5,12|13,2,4,3,14,6,5,8|13,2,4,3,14,6,5,12|13,2,4,3,14,6,8|13,2,4,3,14,6,12|13,2,4,3,14,7|13,2,4,3,14,8|13,2,4,3,14,12|13,2,4,7|13,2,4,14,3,7|13,2,4,14,5,6,8|13,2,4,14,5,6,12|13,2,4,14,5,8|13,2,4,14,5,12|13,2,4,14,6,5,8|13,2,4,14,6,5,12|13,2,4,14,6,8|13,2,4,14,6,12|13,2,4,14,7|13,2,4,14,8|13,2,4,14,12|13,2,7|13,2,14,3,4,7|13,2,14,3,7|13,2,14,4,3,7|13,2,14,4,7|13,2,14,5,6,8|13,2,14,5,6,12|13,2,14,5,8|13,2,14,5,12|13,2,14,6,5,8|13,2,14,6,5,12|13,2,14,6,8|13,2,14,6,12|13,2,14,7|13,2,14,8|13,2,14,12|13,3,2,4,7|13,3,2,4,14,5,6,8|13,3,2,4,14,5,6,12|13,3,2,4,14,5,8|13,3,2,4,14,5,12|13,3,2,4,14,6,5,8|13,3,2,4,14,6,5,12|13,3,2,4,14,6,8|13,3,2,4,14,6,12|13,3,2,4,14,7|13,3,2,4,14,8|13,3,2,4,14,12|13,3,2,7|13,3,2,14,4,7|13,3,2,14,5,6,8|13,3,2,14,5,6,12|13,3,2,14,5,8|13,3,2,14,5,12|13,3,2,14,6,5,8|13,3,2,14,6,5,12|13,3,2,14,6,8|13,3,2,14,6,12|13,3,2,14,7|13,3,2,14,8|13,3,2,14,12|13,3,4,2,7|13,3,4,2,14,5,6,8|13,3,4,2,14,5,6,12|13,3,4,2,14,5,8|13,3,4,2,14,5,12|13,3,4,2,14,6,5,8|13,3,4,2,14,6,5,12|13,3,4,2,14,6,8|13,3,4,2,14,6,12|13,3,4,2,14,7|13,3,4,2,14,8|13,3,4,2,14,12|13,3,4,7|13,3,4,14,2,7|13,3,4,14,5,6,8|13,3,4,14,5,6,12|13,3,4,14,5,8|13,3,4,14,5,12|13,3,4,14,6,5,8|13,3,4,14,6,5,12|13,3,4,14,6,8|13,3,4,14,6,12|13,3,4,14,7|13,3,4,14,8|13,3,4,14,12|13,3,7|13,3,14,2,4,7|13,3,14,2,7|13,3,14,4,2,7|13,3,14,4,7|13,3,14,5,6,8|13,3,14,5,6,12|13,3,14,5,8|13,3,14,5,12|13,3,14,6,5,8|13,3,14,6,5,12|13,3,14,6,8|13,3,14,6,12|13,3,14,7|13,3,14,8|13,3,14,12|13,4,2,3,7|13,4,2,3,14,5,6,8|13,4,2,3,14,5,6,12|13,4,2,3,14,5,8|13,4,2,3,14,5,12|13,4,2,3,14,6,5,8|13,4,2,3,14,6,5,12|13,4,2,3,14,6,8|13,4,2,3,14,6,12|13,4,2,3,14,7|13,4,2,3,14,8|13,4,2,3,14,12|13,4,2,7|13,4,2,14,3,7|13,4,2,14,5,6,8|13,4,2,14,5,6,12|13,4,2,14,5,8|13,4,2,14,5,12|13,4,2,14,6,5,8|13,4,2,14,6,5,12|13,4,2,14,6,8|13,4,2,14,6,12|13,4,2,14,7|13,4,2,14,8|13,4,2,14,12|13,4,3,2,7|13,4,3,2,14,5,6,8|13,4,3,2,14,5,6,12|13,4,3,2,14,5,8|13,4,3,2,14,5,12|13,4,3,2,14,6,5,8|13,4,3,2,14,6,5,12|13,4,3,2,14,6,8|13,4,3,2,14,6,12|13,4,3,2,14,7|13,4,3,2,14,8|13,4,3,2,14,12|13,4,3,7|13,4,3,14,2,7|13,4,3,14,5,6,8|13,4,3,14,5,6,12|13,4,3,14,5,8|13,4,3,14,5,12|13,4,3,14,6,5,8|13,4,3,14,6,5,12|13,4,3,14,6,8|13,4,3,14,6,12|13,4,3,14,7|13,4,3,14,8|13,4,3,14,12|13,4,7|13,4,14,2,3,7|13,4,14,2,7|13,4,14,3,2,7|13,4,14,3,7|13,4,14,5,6,8|13,4,14,5,6,12|13,4,14,5,8|13,4,14,5,12|13,4,14,6,5,8|13,4,14,6,5,12|13,4,14,6,8|13,4,14,6,12|13,4,14,7|13,4,14,8|13,4,14,12|13,5,6,8|13,5,6,12|13,5,6,14,2,3,4,7|13,5,6,14,2,3,7|13,5,6,14,2,4,3,7|13,5,6,14,2,4,7|13,5,6,14,2,7|13,5,6,14,3,2,4,7|13,5,6,14,3,2,7|13,5,6,14,3,4,2,7|13,5,6,14,3,4,7|13,5,6,14,3,7|13,5,6,14,4,2,3,7|13,5,6,14,4,2,7|13,5,6,14,4,3,2,7|13,5,6,14,4,3,7|13,5,6,14,4,7|13,5,6,14,7|13,5,6,14,8|13,5,6,14,12|13,5,8|13,5,12|13,5,14,2,3,4,7|13,5,14,2,3,7|13,5,14,2,4,3,7|13,5,14,2,4,7|13,5,14,2,7|13,5,14,3,2,4,7|13,5,14,3,2,7|13,5,14,3,4,2,7|13,5,14,3,4,7|13,5,14,3,7|13,5,14,4,2,3,7|13,5,14,4,2,7|13,5,14,4,3,2,7|13,5,14,4,3,7|13,5,14,4,7|13,5,14,6,8|13,5,14,6,12|13,5,14,7|13,5,14,8|13,5,14,12|13,6,5,8|13,6,5,12|13,6,5,14,2,3,4,7|13,6,5,14,2,3,7|13,6,5,14,2,4,3,7|13,6,5,14,2,4,7|13,6,5,14,2,7|13,6,5,14,3,2,4,7|13,6,5,14,3,2,7|13,6,5,14,3,4,2,7|13,6,5,14,3,4,7|13,6,5,14,3,7|13,6,5,14,4,2,3,7|13,6,5,14,4,2,7|13,6,5,14,4,3,2,7|13,6,5,14,4,3,7|13,6,5,14,4,7|13,6,5,14,7|13,6,5,14,8|13,6,5,14,12|13,6,8|13,6,12|13,6,14,2,3,4,7|13,6,14,2,3,7|13,6,14,2,4,3,7|13,6,14,2,4,7|13,6,14,2,7|13,6,14,3,2,4,7|13,6,14,3,2,7|13,6,14,3,4,2,7|13,6,14,3,4,7|13,6,14,3,7|13,6,14,4,2,3,7|13,6,14,4,2,7|13,6,14,4,3,2,7|13,6,14,4,3,7|13,6,14,4,7|13,6,14,5,8|13,6,14,5,12|13,6,14,7|13,6,14,8|13,6,14,12|13,7|13,8|13,12|14,2,3,4,7|14,2,3,4,13,5,6,8|14,2,3,4,13,5,6,12|14,2,3,4,13,5,8|14,2,3,4,13,5,12|14,2,3,4,13,6,5,8|14,2,3,4,13,6,5,12|14,2,3,4,13,6,8|14,2,3,4,13,6,12|14,2,3,4,13,7|14,2,3,4,13,8|14,2,3,4,13,12|14,2,3,7|14,2,3,13,4,7|14,2,3,13,5,6,8|14,2,3,13,5,6,12|14,2,3,13,5,8|14,2,3,13,5,12|14,2,3,13,6,5,8|14,2,3,13,6,5,12|14,2,3,13,6,8|14,2,3,13,6,12|14,2,3,13,7|14,2,3,13,8|14,2,3,13,12|14,2,4,3,7|14,2,4,3,13,5,6,8|14,2,4,3,13,5,6,12|14,2,4,3,13,5,8|14,2,4,3,13,5,12|14,2,4,3,13,6,5,8|14,2,4,3,13,6,5,12|14,2,4,3,13,6,8|14,2,4,3,13,6,12|14,2,4,3,13,7|14,2,4,3,13,8|14,2,4,3,13,12|14,2,4,7|14,2,4,13,3,7|14,2,4,13,5,6,8|14,2,4,13,5,6,12|14,2,4,13,5,8|14,2,4,13,5,12|14,2,4,13,6,5,8|14,2,4,13,6,5,12|14,2,4,13,6,8|14,2,4,13,6,12|14,2,4,13,7|14,2,4,13,8|14,2,4,13,12|14,2,7|14,2,13,3,4,7|14,2,13,3,7|14,2,13,4,3,7|14,2,13,4,7|14,2,13,5,6,8|14,2,13,5,6,12|14,2,13,5,8|14,2,13,5,12|14,2,13,6,5,8|14,2,13,6,5,12|14,2,13,6,8|14,2,13,6,12|14,2,13,7|14,2,13,8|14,2,13,12|14,3,2,4,7|14,3,2,4,13,5,6,8|14,3,2,4,13,5,6,12|14,3,2,4,13,5,8|14,3,2,4,13,5,12|14,3,2,4,13,6,5,8|14,3,2,4,13,6,5,12|14,3,2,4,13,6,8|14,3,2,4,13,6,12|14,3,2,4,13,7|14,3,2,4,13,8|14,3,2,4,13,12|14,3,2,7|14,3,2,13,4,7|14,3,2,13,5,6,8|14,3,2,13,5,6,12|14,3,2,13,5,8|14,3,2,13,5,12|14,3,2,13,6,5,8|14,3,2,13,6,5,12|14,3,2,13,6,8|14,3,2,13,6,12|14,3,2,13,7|14,3,2,13,8|14,3,2,13,12|14,3,4,2,7|14,3,4,2,13,5,6,8|14,3,4,2,13,5,6,12|14,3,4,2,13,5,8|14,3,4,2,13,5,12|14,3,4,2,13,6,5,8|14,3,4,2,13,6,5,12|14,3,4,2,13,6,8|14,3,4,2,13,6,12|14,3,4,2,13,7|14,3,4,2,13,8|14,3,4,2,13,12|14,3,4,7|14,3,4,13,2,7|14,3,4,13,5,6,8|14,3,4,13,5,6,12|14,3,4,13,5,8|14,3,4,13,5,12|14,3,4,13,6,5,8|14,3,4,13,6,5,12|14,3,4,13,6,8|14,3,4,13,6,12|14,3,4,13,7|14,3,4,13,8|14,3,4,13,12|14,3,7|14,3,13,2,4,7|14,3,13,2,7|14,3,13,4,2,7|14,3,13,4,7|14,3,13,5,6,8|14,3,13,5,6,12|14,3,13,5,8|14,3,13,5,12|14,3,13,6,5,8|14,3,13,6,5,12|14,3,13,6,8|14,3,13,6,12|14,3,13,7|14,3,13,8|14,3,13,12|14,4,2,3,7|14,4,2,3,13,5,6,8|14,4,2,3,13,5,6,12|14,4,2,3,13,5,8|14,4,2,3,13,5,12|14,4,2,3,13,6,5,8|14,4,2,3,13,6,5,12|14,4,2,3,13,6,8|14,4,2,3,13,6,12|14,4,2,3,13,7|14,4,2,3,13,8|14,4,2,3,13,12|14,4,2,7|14,4,2,13,3,7|14,4,2,13,5,6,8|14,4,2,13,5,6,12|14,4,2,13,5,8|14,4,2,13,5,12|14,4,2,13,6,5,8|14,4,2,13,6,5,12|14,4,2,13,6,8|14,4,2,13,6,12|14,4,2,13,7|14,4,2,13,8|14,4,2,13,12|14,4,3,2,7|14,4,3,2,13,5,6,8|14,4,3,2,13,5,6,12|14,4,3,2,13,5,8|14,4,3,2,13,5,12|14,4,3,2,13,6,5,8|14,4,3,2,13,6,5,12|14,4,3,2,13,6,8|14,4,3,2,13,6,12|14,4,3,2,13,7|14,4,3,2,13,8|14,4,3,2,13,12|14,4,3,7|14,4,3,13,2,7|14,4,3,13,5,6,8|14,4,3,13,5,6,12|14,4,3,13,5,8|14,4,3,13,5,12|14,4,3,13,6,5,8|14,4,3,13,6,5,12|14,4,3,13,6,8|14,4,3,13,6,12|14,4,3,13,7|14,4,3,13,8|14,4,3,13,12|14,4,7|14,4,13,2,3,7|14,4,13,2,7|14,4,13,3,2,7|14,4,13,3,7|14,4,13,5,6,8|14,4,13,5,6,12|14,4,13,5,8|14,4,13,5,12|14,4,13,6,5,8|14,4,13,6,5,12|14,4,13,6,8|14,4,13,6,12|14,4,13,7|14,4,13,8|14,4,13,12|14,5,6,8|14,5,6,12|14,5,6,13,2,3,4,7|14,5,6,13,2,3,7|14,5,6,13,2,4,3,7|14,5,6,13,2,4,7|14,5,6,13,2,7|14,5,6,13,3,2,4,7|14,5,6,13,3,2,7|14,5,6,13,3,4,2,7|14,5,6,13,3,4,7|14,5,6,13,3,7|14,5,6,13,4,2,3,7|14,5,6,13,4,2,7|14,5,6,13,4,3,2,7|14,5,6,13,4,3,7|14,5,6,13,4,7|14,5,6,13,7|14,5,6,13,8|14,5,6,13,12|14,5,8|14,5,12|14,5,13,2,3,4,7|14,5,13,2,3,7|14,5,13,2,4,3,7|14,5,13,2,4,7|14,5,13,2,7|14,5,13,3,2,4,7|14,5,13,3,2,7|14,5,13,3,4,2,7|14,5,13,3,4,7|14,5,13,3,7|14,5,13,4,2,3,7|14,5,13,4,2,7|14,5,13,4,3,2,7|14,5,13,4,3,7|14,5,13,4,7|14,5,13,6,8|14,5,13,6,12|14,5,13,7|14,5,13,8|14,5,13,12|14,6,5,8|14,6,5,12|14,6,5,13,2,3,4,7|14,6,5,13,2,3,7|14,6,5,13,2,4,3,7|14,6,5,13,2,4,7|14,6,5,13,2,7|14,6,5,13,3,2,4,7|14,6,5,13,3,2,7|14,6,5,13,3,4,2,7|14,6,5,13,3,4,7|14,6,5,13,3,7|14,6,5,13,4,2,3,7|14,6,5,13,4,2,7|14,6,5,13,4,3,2,7|14,6,5,13,4,3,7|14,6,5,13,4,7|14,6,5,13,7|14,6,5,13,8|14,6,5,13,12|14,6,8|14,6,12|14,6,13,2,3,4,7|14,6,13,2,3,7|14,6,13,2,4,3,7|14,6,13,2,4,7|14,6,13,2,7|14,6,13,3,2,4,7|14,6,13,3,2,7|14,6,13,3,4,2,7|14,6,13,3,4,7|14,6,13,3,7|14,6,13,4,2,3,7|14,6,13,4,2,7|14,6,13,4,3,2,7|14,6,13,4,3,7|14,6,13,4,7|14,6,13,5,8|14,6,13,5,12|14,6,13,7|14,6,13,8|14,6,13,12|14,7|14,8|14,12
13,2,3,4,7|13,2,3,4,14,6,8|13,2,3,4,14,6,12|13,2,3,4,14,7|13,2,3,4,14,8|13,2,3,4,14,12|13,2,3,7|13,2,3,14,4,7|13,2,3,14,6,8|13,2,3,14,6,12|13,2,3,14,7|13,2,3,14,8|13,2,3,14,12|13,2,4,3,7|13,2,4,3,14,6,8|13,2,4,3,14,6,12|13,2,4,3,14,7|13,2,4,3,14,8|13,2,4,3,14,12|13,2,4,7|13,2,4,14,3,7|13,2,4,14,6,8|13,2,4,14,6,12|13,2,4,14,7|13,2,4,14,8|13,2,4,14,12|13,2,7|13,2,14,3,4,7|13,2,14,3,7|13,2,14,4,3,7|13,2,14,4,7|13,2,14,6,8|13,2,14,6,12|13,2,14,7|13,2,14,8|13,2,14,12|13,3,2,4,7|13,3,2,4,14,6,8|13,3,2,4,14,6,12|13,3,2,4,14,7|13,3,2,4,14,8|13,3,2,4,14,12|13,3,2,7|13,3,2,14,4,7|13,3,2,14,6,8|13,3,2,14,6,12|13,3,2,14,7|13,3,2,14,8|13,3,2,14,12|13,3,4,2,7|13,3,4,2,14,6,8|13,3,4,2,14,6,12|13,3,4,2,14,7|13,3,4,2,14,8|13,3,4,2,14,12|13,3,4,7|13,3,4,14,2,7|13,3,4,14,6,8|13,3,4,14,6,12|13,3,4,14,7|13,3,4,14,8|13,3,4,14,12|13,3,7|13,3,14,2,4,7|13,3,14,2,7|13,3,14,4,2,7|13,3,14,4,7|13,3,14,6,8|13,3,14,6,12|13,3,14,7|13,3,14,8|13,3,14,12|13,4,2,3,7|13,4,2,3,14,6,8|13,4,2,3,14,6,12|13,4,2,3,14,7|13,4,2,3,14,8|13,4,2,3,14,12|13,4,2,7|13,4,2,14,3,7|13,4,2,14,6,8|13,4,2,14,6,12|13,4,2,14,7|13,4,2,14,8|13,4,2,14,12|13,4,3,2,7|13,4,3,2,14,6,8|13,4,3,2,14,6,12|13,4,3,2,14,7|13,4,3,2,14,8|13,4,3,2,14,12|13,4,3,7|13,4,3,14,2,7|13,4,3,14,6,8|13,4,3,14,6,12|13,4,3,14,7|13,4,3,14,8|13,4,3,14,12|13,4,7|13,4,14,2,3,7|13,4,14,2,7|13,4,14,3,2,7|13,4,14,3,7|13,4,14,6,8|13,4,14,6,12|13,4,14,7|13,4,14,8|13,4,14,12|13,6,8|13,6,12|13,6,14,2,3,4,7|13,6,14,2,3,7|13,6,14,2,4,3,7|13,6,14,2,4,7|13,6,14,2,7|13,6,14,3,2,4,7|13,6,14,3,2,7|13,6,14,3,4,2,7|13,6,14,3,4,7|13,6,14,3,7|13,6,14,4,2,3,7|13,6,14,4,2,7|13,6,14,4,3,2,7|13,6,14,4,3,7|13,6,14,4,7|13,6,14,7|13,6,14,8|13,6,14,12|13,7|13,8|13,12|14,2,3,4,7|14,2,3,4,13,6,8|14,2,3,4,13,6,12|14,2,3,4,13,7|14,2,3,4,13,8|14,2,3,4,13,12|14,2,3,7|14,2,3,13,4,7|14,2,3,13,6,8|14,2,3,13,6,12|14,2,3,13,7|14,2,3,13,8|14,2,3,13,12|14,2,4,3,7|14,2,4,3,13,6,8|14,2,4,3,13,6,12|14,2,4,3,13,7|14,2,4,3,13,8|14,2,4,3,13,12|14,2,4,7|14,2,4,13,3,7|14,2,4,13,6,8|14,2,4,13,6,12|14,2,4,13,7|14,2,4,13,8|14,2,4,13,12|14,2,7|14,2,13,3,4,7|14,2,13,3,7|14,2,13,4,3,7|14,2,13,4,7|14,2,13,6,8|14,2,13,6,12|14,2,13,7|14,2,13,8|14,2,13,12|14,3,2,4,7|14,3,2,4,13,6,8|14,3,2,4,13,6,12|14,3,2,4,13,7|14,3,2,4,13,8|14,3,2,4,13,12|14,3,2,7|14,3,2,13,4,7|14,3,2,13,6,8|14,3,2,13,6,12|14,3,2,13,7|14,3,2,13,8|14,3,2,13,12|14,3,4,2,7|14,3,4,2,13,6,8|14,3,4,2,13,6,12|14,3,4,2,13,7|14,3,4,2,13,8|14,3,4,2,13,12|14,3,4,7|14,3,4,13,2,7|14,3,4,13,6,8|14,3,4,13,6,12|14,3,4,13,7|14,3,4,13,8|14,3,4,13,12|14,3,7|14,3,13,2,4,7|14,3,13,2,7|14,3,13,4,2,7|14,3,13,4,7|14,3,13,6,8|14,3,13,6,12|14,3,13,7|14,3,13,8|14,3,13,12|14,4,2,3,7|14,4,2,3,13,6,8|14,4,2,3,13,6,12|14,4,2,3,13,7|14,4,2,3,13,8|14,4,2,3,13,12|14,4,2,7|14,4,2,13,3,7|14,4,2,13,6,8|14,4,2,13,6,12|14,4,2,13,7|14,4,2,13,8|14,4,2,13,12|14,4,3,2,7|14,4,3,2,13,6,8|14,4,3,2,13,6,12|14,4,3,2,13,7|14,4,3,2,13,8|14,4,3,2,13,12|14,4,3,7|14,4,3,13,2,7|14,4,3,13,6,8|14,4,3,13,6,12|14,4,3,13,7|14,4,3,13,8|14,4,3,13,12|14,4,7|14,4,13,2,3,7|14,4,13,2,7|14,4,13,3,2,7|14,4,13,3,7|14,4,13,6,8|14,4,13,6,12|14,4,13,7|14,4,13,8|14,4,13,12|14,6,8|14,6,12|14,6,13,2,3,4,7|14,6,13,2,3,7|14,6,13,2,4,3,7|14,6,13,2,4,7|14,6,13,2,7|14,6,13,3,2,4,7|14,6,13,3,2,7|14,6,13,3,4,2,7|14,6,13,3,4,7|14,6,13,3,7|14,6,13,4,2,3,7|14,6,13,4,2,7|14,6,13,4,3,2,7|14,6,13,4,3,7|14,6,13,4,7|14,6,13,7|14,6,13,8|14,6,13,12|14,7|14,8|14,12
13,2,4,3,7|13,2,4,3,14,5,6,11|13,2,4,3,14,5,6,12|13,2,4,3,14,5,11|13,2,4,3,14,5,12|13,2,4,3,14,6,5,11|13,2,4,3,14,6,5,12|13,2,4,3,14,6,11|13,2,4,3,14,6,12|13,2,4,3,14,7|13,2,4,3,14,11|13,2,4,3,14,12|13,2,4,7|13,2,4,14,3,7|13,2,4,14,5,6,11|13,2,4,14,5,6,12|13,2,4,14,5,11|13,2,4,14,5,12|13,2,4,14,6,5,11|13,2,4,14,6,5,12|13,2,4,14,6,11|13,2,4,14,6,12|13,2,4,14,7|13,2,4,14,11|13,2,4,14,12|13,2,7|13,2,14,3,4,7|13,2,14,3,7|13,2,14,4,3,7|13,2,14,4,7|13,2,14,5,6,11|13,2,14,5,6,12|13,2,14,5,11|13,2,14,5,12|13,2,14,6,5,11|13,2,14,6,5,12|13,2,14,6,11|13,2,14,6,12|13,2,14,7|13,2,14,11|13,2,14,12|13,3,4,2,7|13,3,4,2,14,5,6,11|13,3,4,2,14,5,6,12|13,3,4,2,14,5,11|13,3,4,2,14,5,12|13,3,4,2,14,6,5,11|13,3,4,2,14,6,5,12|13,3,4,2,14,6,11|13,3,4,2,14,6,12|13,3,4,2,14,7|13,3,4,2,14,11|13,3,4,2,14,12|13,3,4,7|13,3,4,14,2,7|13,3,4,14,5,6,11|13,3,4,14,5,6,12|13,3,4,14,5,11|13,3,4,14,5,12|13,3,4,14,6,5,11|13,3,4,14,6,5,12|13,3,4,14,6,11|13,3,4,14,6,12|13,3,4,14,7|13,3,4,14,11|13,3,4,14,12|13,3,7|13,3,14,2,4,7|13,3,14,2,7|13,3,14,4,2,7|13,3,14,4,7|13,3,14,5,6,11|13,3,14,5,6,12|13,3,14,5,11|13,3,14,5,12|13,3,14,6,5,11|13,3,14,6,5,12|13,3,14,6,11|13,3,14,6,12|13,3,14,7|13,3,14,11|13,3,14,12|13,4,2,7|13,4,2,14,3,7|13,4,2,14,5,6,11|13,4,2,14,5,6,12|13,4,2,14,5,11|13,4,2,14,5,12|13,4,2,14,6,5,11|13,4,2,14,6,5,12|13,4,2,14,6,11|13,4,2,14,6,12|13,4,2,14,7|13,4,2,14,11|13,4,2,14,12|13,4,3,7|13,4,3,14,2,7|13,4,3,14,5,6,11|13,4,3,14,5,6,12|13,4,3,14,5,11|13,4,3,14,5,12|13,4,3,14,6,5,11|13,4,3,14,6,5,12|13,4,3,14,6,11|13,4,3,14,6,12|13,4,3,14,7|13,4,3,14,11|13,4,3,14,12|13,4,7|13,4,14,2,7|13,4,14,3,7|13,4,14,5,6,11|13,4,14,5,6,12|13,4,14,5,11|13,4,14,5,12|13,4,14,6,5,11|13,4,14,6,5,12|13,4,14,6,11|13,4,14,6,12|13,4,14,7|13,4,14,11|13,4,14,12|13,5,6,11|13,5,6,12|13,5,6,14,2,4,3,7|13,5,6,14,2,4,7|13,5,6,14,2,7|13,5,6,14,3,4,2,7|13,5,6,14,3,4,7|13,5,6,14,3,7|13,5,6,14,4,2,7|13,5,6,14,4,3,7|13,5,6,14,4,7|13,5,6,14,7|13,5,6,14,11|13,5,6,14,12|13,5,11|13,5,12|13,5,14,2,4,3,7|13,5,14,2,4,7|13,5,14,2,7|13,5,14,3,4,2,7|13,5,14,3,4,7|13,5,14,3,7|13,5,14,4,2,7|13,5,14,4,3,7|13,5,14,4,7|13,5,14,6,11|13,5,14,6,12|13,5,14,7|13,5,14,11|13,5,14,12|13,7|13,11|13,12|14,2,4,3,7|14,2,4,3,13,5,6,11|14,2,4,3,13,5,6,12|14,2,4,3,13,5,11|14,2,4,3,13,5,12|14,2,4,3,13,7|14,2,4,3,13,11|14,2,4,3,13,12|14,2,4,7|14,2,4,13,3,7|14,2,4,13,5,6,11|14,2,4,13,5,6,12|14,2,4,13,5,11|14,2,4,13,5,12|14,2,4,13,7|14,2,4,13,11|14,2,4,13,12|14,2,7|14,2,13,3,4,7|14,2,13,3,7|14,2,13,4,3,7|14,2,13,4,7|14,2,13,5,6,11|14,2,13,5,6,12|14,2,13,5,11|14,2,13,5,12|14,2,13,7|14,2,13,11|14,2,13,12|14,3,4,2,7|14,3,4,2,13,5,6,11|14,3,4,2,13,5,6,12|14,3,4,2,13,5,11|14,3,4,2,13,5,12|14,3,4,2,13,7|14,3,4,2,13,11|14,3,4,2,13,12|14,3,4,7|14,3,4,13,2,7|14,3,4,13,5,6,11|14,3,4,13,5,6,12|14,3,4,13,5,11|14,3,4,13,5,12|14,3,4,13,7|14,3,4,13,11|14,3,4,13,12|14,3,7|14,3,13,2,4,7|14,3,13,2,7|14,3,13,4,2,7|14,3,13,4,7|14,3,13,5,6,11|14,3,13,5,6,12|14,3,13,5,11|14,3,13,5,12|14,3,13,7|14,3,13,11|14,3,13,12|14,4,2,7|14,4,2,13,3,7|14,4,2,13,5,6,11|14,4,2,13,5,6,12|14,4,2,13,5,11|14,4,2,13,5,12|14,4,2,13,7|14,4,2,13,11|14,4,2,13,12|14,4,3,7|14,4,3,13,2,7|14,4,3,13,5,6,11|14,4,3,13,5,6,12|14,4,3,13,5,11|14,4,3,13,5,12|14,4,3,13,7|14,4,3,13,11|14,4,3,13,12|14,4,7|14,4,13,2,7|14,4,13,3,7|14,4,13,5,6,11|14,4,13,5,6,12|14,4,13,5,11|14,4,13,5,12|14,4,13,7|14,4,13,11|14,4,13,12|14,5,6,11|14,5,6,12|14,5,11|14,5,12|14,5,13,2,4,3,7|14,5,13,2,4,7|14,5,13,2,7|14,5,13,3,4,2,7|14,5,13,3,4,7|14,5,13,3,7|14,5,13,4,2,7|14,5,13,4,3,7|14,5,13,4,7|14,5,13,7|14,5,13,11|14,5,13,12|14,6,5,11|14,6,5,12|14,6,5,13,2,4,3,7|14,6,5,13,2,4,7|14,6,5,13,2,7|14,6,5,13,3,4,2,7|14,6,5,13,3,4,7|14,6,5,13,3,7|14,6,5,13,4,2,7|14,6,5,13,4,3,7|14,6,5,13,4,7|14,6,5,13,7|14,6,5,13,11|14,6,5,13,12|14,6,11|14,6,12|14,7|14,11|14,12
13,3,7|13,3,14,4,2,10|13,3,14,4,7|13,3,14,6,11|13,3,14,6,12|13,3,14,7|13,3,14,11|13,3,14,12|13,4,2,10|13,4,7|13,4,14,3,7|13,4,14,6,11|13,4,14,6,12|13,4,14,7|13,4,14,11|13,4,14,12|13,7|13,11|13,12|14,3,7|14,3,13,4,2,10|14,3,13,4,7|14,3,13,7|14,3,13,11|14,3,13,12|14,4,2,10|14,4,7|14,4,13,3,7|14,4,13,7|14,4,13,11|14,4,13,12|14,6,11|14,6,12|14,7|14,11|14,12
13,2,10|13,2,14,3,7|13,2,14,5,11|13,2,14,5,12|13,2,14,10|13,2,14,11|13,2,14,12|13,3,7|13,3,14,2,10|13,3,14,5,11|13,3,14,5,12|13,3,14,10|13,3,14,11|13,3,14,12|13,5,11|13,5,12|13,5,14,2,10|13,5,14,3,7|13,5,14,10|13,5,14,11|13,5,14,12|13,7|13,10|13,11|13,12|14,2,10|14,2,13,3,7|14,2,13,5,11|14,2,13,5,12|14,2,13,7|14,2,13,10|14,2,13,11|14,2,13,12|14,3,7|14,3,13,2,10|14,3,13,5,11|14,3,13,5,12|14,3,13,7|14,3,13,10|14,3,13,11|14,3,13,12|14,5,11|14,5,12|14,5,13,2,10|14,5,13,3,7|14,5,13,7|14,5,13,10|14,5,13,11|14,5,13,12|14,10|14,11|14,12
13,2,3,7|13,2,3,14,10|13,2,3,14,11|13,2,3,14,12|13,2,14,3,7|13,2,14,10|13,2,14,11|13,2,14,12|13,3,2,14,10|13,3,2,14,11|13,3,2,14,12|13,3,7|13,3,14,10|13,3,14,11|13,3,14,12|13,10|13,11|13,12|14,2,3,7|14,2,3,13,10|14,2,3,13,11|14,2,3,13,12|14,2,13,3,7|14,2,13,10|14,2,13,11|14,2,13,12|14,3,2,13,10|14,3,2,13,11|14,3,2,13,12|14,3,7|14,3,13,10|14,3,13,11|14,3,13,12|14,10|14,11|14,12
13,2,3,14,5,6,11|13,2,3,14,5,6,12|13,2,3,14,5,11|13,2,3,14,5,12|13,2,3,14,10|13,2,3,14,11|13,2,3,14,12|13,2,7|13,2,14,5,6,11|13,2,14,5,6,12|13,2,14,5,11|13,2,14,5,12|13,2,14,10|13,2,14,11|13,2,14,12|13,3,2,7|13,3,2,14,5,6,11|13,3,2,14,5,6,12|13,3,2,14,5,11|13,3,2,14,5,12|13,3,2,14,10|13,3,2,14,11|13,3,2,14,12|13,3,14,2,7|13,3,14,5,6,11|13,3,14,5,6,12|13,3,14,5,11|13,3,14,5,12|13,3,14,10|13,3,14,11|13,3,14,12|13,5,6,11|13,5,6,12|13,5,11|13,5,12|13,5,14,2,7|13,5,14,3,2,7|13,5,14,10|13,5,14,11|13,5,14,12|13,6,5,11|13,6,5,12|13,6,5,14,2,7|13,6,5,14,3,2,7|13,6,5,14,10|13,6,5,14,11|13,6,5,14,12|13,6,11|13,6,12|13,10|13,11|13,12|14,2,3,13,5,6,11|14,2,3,13,5,6,12|14,2,3,13,5,11|14,2,3,13,5,12|14,2,3,13,6,5,11|14,2,3,13,6,5,12|14,2,3,13,6,11|14,2,3,13,6,12|14,2,3,13,10|14,2,3,13,11|14,2,3,13,12|14,2,7|14,2,13,5,6,11|14,2,13,5,6,12|14,2,13,5,11|14,2,13,5,12|14,2,13,6,5,11|14,2,13,6,5,12|14,2,13,6,11|14,2,13,6,12|14,2,13,10|14,2,13,11|14,2,13,12|14,3,2,7|14,3,2,13,5,6,11|14,3,2,13,5,6,12|14,3,2,13,5,11|14,3,2,13,5,12|14,3,2,13,6,5,11|14,3,2,13,6,5,12|14,3,2,13,6,11|14,3,2,13,6,12|14,3,2,13,10|14,3,2,13,11|14,3,2,13,12|14,3,13,2,7|14,3,13,5,6,11|14,3,13,5,6,12|14,3,13,5,11|14,3,13,5,12|14,3,13,6,5,11|14,3,13,6,5,12|14,3,13,6,11|14,3,13,6,12|14,3,13,10|14,3,13,11|14,3,13,12|14,5,6,11|14,5,6,12|14,5,6,13,2,7|14,5,6,13,3,2,7|14,5,6,13,10|14,5,6,13,11|14,5,6,13,12|14,5,11|14,5,12|14,5,13,2,7|14,5,13,3,2,7|14,5,13,6,11|14,5,13,6,12|14,5,13,10|14,5,13,11|14,5,13,12|14,10|14,11|14,12
13,3,14,4,2,7|13,3,14,9|13,3,14,10|13,3,14,11|13,6,9|13,6,11|13,9|13,10|13,11|14,3,13,6,9|14,3,13,6,11|14,3,13,9|14,3,13,10|14,3,13,11|14,4,2,7|14,9|14,10|14,11
13,2,4,14,5,6,9|13,2,4,14,5,6,11|13,2,4,14,5,9|13,2,4,14,5,11|13,2,4,14,6,5,9|13,2,4,14,6,5,11|13,2,4,14,6,9|13,2,4,14,6,11|13,2,4,14,9|13,2,4,14,10|13,2,4,14,11|13,2,10|13,2,14,5,6,9|13,2,14,5,6,11|13,2,14,5,9|13,2,14,5,11|13,2,14,6,5,9|13,2,14,6,5,11|13,2,14,6,9|13,2,14,6,11|13,2,14,9|13,2,14,10|13,2,14,11|13,4,2,10|13,4,2,14,5,6,9|13,4,2,14,5,6,11|13,4,2,14,5,9|13,4,2,14,5,11|13,4,2,14,6,5,9|13,4,2,14,6,5,11|13,4,2,14,6,9|13,4,2,14,6,11|13,4,2,14,9|13,4,2,14,10|13,4,2,14,11|13,4,14,2,10|13,4,14,5,6,9|13,4,14,5,6,11|13,4,14,5,9|13,4,14,5,11|13,4,14,6,5,9|13,4,14,6,5,11|13,4,14,6,9|13,4,14,6,11|13,4,14,9|13,4,14,10|13,4,14,11|13,5,6,9|13,5,6,11|13,5,6,14,2,10|13,5,6,14,4,2,10|13,5,6,14,9|13,5,6,14,10|13,5,6,14,11|13,5,9|13,5,11|13,5,14,2,10|13,5,14,4,2,10|13,5,14,6,9|13,5,14,6,11|13,5,14,9|13,5,14,10|13,5,14,11|13,6,5,9|13,6,5,11|13,6,5,14,2,10|13,6,5,14,4,2,10|13,6,5,14,9|13,6,5,14,10|13,6,5,14,11|13,6,9|13,6,11|13,6,14,2,10|13,6,14,4,2,10|13,6,14,5,9|13,6,14,5,11|13,6,14,9|13,6,14,10|13,6,14,11|13,9|13,10|13,11|14,2,4,13,5,6,9|14,2,4,13,5,6,11|14,2,4,13,5,9|14,2,4,13,5,11|14,2,4,13,6,5,9|14,2,4,13,6,5,11|14,2,4,13,6,9|14,2,4,13,6,11|14,2,4,13,9|14,2,4,13,10|14,2,4,13,11|14,2,10|14,2,13,5,6,9|14,2,13,5,6,11|14,2,13,5,9|14,2,13,5,11|14,2,13,6,5,9|14,2,13,6,5,11|14,2,13,6,9|14,2,13,6,11|14,2,13,9|14,2,13,10|14,2,13,11|14,4,2,10|14,4,2,13,5,6,9|14,4,2,13,5,6,11|14,4,2,13,5,9|14,4,2,13,5,11|14,4,2,13,6,5,9|14,4,2,13,6,5,11|14,4,2,13,6,9|14,4,2,13,6,11|14,4,2,13,9|14,4,2,13,10|14,4,2,13,11|14,4,13,2,10|14,4,13,5,6,9|14,4,13,5,6,11|14,4,13,5,9|14,4,13,5,11|14,4,13,6,5,9|14,4,13,6,5,11|14,4,13,6,9|14,4,13,6,11|14,4,13,9|14,4,13,10|14,4,13,11|14,5,6,9|14,5,6,11|14,5,6,13,2,10|14,5,6,13,4,2,10|14,5,6,13,9|14,5,6,13,10|14,5,6,13,11|14,5,9|14,5,11|14,5,13,2,10|14,5,13,4,2,10|14,5,13,6,9|14,5,13,6,11|14,5,13,9|14,5,13,10|14,5,13,11|14,6,5,9|14,6,5,11|14,6,5,13,2,10|14,6,5,13,4,2,10|14,6,5,13,9|14,6,5,13,10|14,6,5,13,11|14,6,9|14,6,11|14,6,13,2,10|14,6,13,4,2,10|14,6,13,5,9|14,6,13,5,11|14,6,13,9|14,6,13,10|14,6,13,11|14,9|14,10|14,11
13,2,4,14,6,9|13,2,4,14,6,11|13,2,4,14,9|13,2,4,14,10|13,2,4,14,11|13,2,10|13,2,14,6,9|13,2,14,6,11|13,2,14,9|13,2,14,10|13,2,14,11|13,4,2,10|13,4,2,14,6,9|13,4,2,14,6,11|13,4,2,14,9|13,4,2,14,10|13,4,2,14,11|13,4,14,2,10|13,4,14,6,9|13,4,14,6,11|13,4,14,9|13,4,14,10|13,4,14,11|13,6,9|13,6,11|13,6,14,2,10|13,6,14,4,2,10|13,6,14,9|13,6,14,10|13,6,14,11|13,9|13,10|13,11|14,2,4,13,6,9|14,2,4,13,6,11|14,2,4,13,9|14,2,4,13,10|14,2,4,13,11|14,2,10|14,2,13,6,9|14,2,13,6,11|14,2,13,9|14,2,13,10|14,2,13,11|14,4,2,10|14,4,2,13,6,9|14,4,2,13,6,11|14,4,2,13,9|14,4,2,13,10|14,4,2,13,11|14,4,13,2,10|14,4,13,6,9|14,4,13,6,11|14,4,13,9|14,4,13,10|14,4,13,11|14,6,9|14,6,11|14,6,13,2,10|14,6,13,4,2,10|14,6,13,9|14,6,13,10|14,6,13,11|14,9|14,10|14,11
13,2,10|13,2,14,5,6,8|13,2,14,5,6,9|13,2,14,5,8|13,2,14,5,9|13,2,14,6,5,8|13,2,14,6,5,9|13,2,14,6,8|13,2,14,6,9|13,2,14,8|13,2,14,9|13,2,14,10|13,4,14,2,10|13,4,14,5,6,8|13,4,14,5,6,9|13,4,14,5,8|13,4,14,5,9|13,4,14,6,5,8|13,4,14,6,5,9|13,4,14,6,8|13,4,14,6,9|13,4,14,8|13,4,14,9|13,4,14,10|13,5,6,8|13,5,6,9|13,5,6,14,2,10|13,5,6,14,8|13,5,6,14,9|13,5,6,14,10|13,5,8|13,5,9|13,5,14,2,10|13,5,14,6,8|13,5,14,6,9|13,5,14,8|13,5,14,9|13,5,14,10|13,8|13,9|13,10|14,2,10|14,2,13,5,6,8|14,2,13,5,6,9|14,2,13,5,8|14,2,13,5,9|14,2,13,8|14,2,13,9|14,2,13,10|14,4,13,2,10|14,4,13,5,6,8|14,4,13,5,6,9|14,4,13,5,8|14,4,13,5,9|14,4,13,8|14,4,13,9|14,4,13,10|14,5,6,8|14,5,6,9|14,5,8|14,5,9|14,5,13,2,10|14,5,13,8|14,5,13,9|14,5,13,10|14,6,5,8|14,6,5,9|14,6,5,13,2,10|14,6,5,13,8|14,6,5,13,9|14,6,5,13,10|14,6,8|14,6,9|14,8|14,9|14,10
13,4,14,6,8|13,4,14,6,9|13,4,14,8|13,4,14,9|13,4,14,10|13,8|13,9|13,10|14,4,13,8|14,4,13,9|14,4,13,10|14,6,8|14,6,9|14,8|14,9|14,10
13,2,4,14,5,8|13,2,4,14,5,9|13,2,4,14,7|13,2,4,14,8|13,2,4,14,9|13,2,7|13,2,14,5,8|13,2,14,5,9|13,2,14,7|13,2,14,8|13,2,14,9|13,4,2,7|13,4,2,14,5,8|13,4,2,14,5,9|13,4,2,14,7|13,4,2,14,8|13,4,2,14,9|13,4,14,2,7|13,4,14,5,8|13,4,14,5,9|13,4,14,7|13,4,14,8|13,4,14,9|13,5,8|13,5,9|13,5,14,2,7|13,5,14,4,2,7|13,5,14,7|13,5,14,8|13,5,14,9|13,7|13,8|13,9|13,10|14,2,4,13,5,8|14,2,4,13,5,9|14,2,4,13,7|14,2,4,13,8|14,2,4,13,9|14,2,4,13,10|14,2,7|14,2,13,5,8|14,2,13,5,9|14,2,13,7|14,2,13,8|14,2,13,9|14,2,13,10|14,4,2,7|14,4,2,13,5,8|14,4,2,13,5,9|14,4,2,13,7|14,4,2,13,8|14,4,2,13,9|14,4,2,13,10|14,4,13,2,7|14,4,13,5,8|14,4,13,5,9|14,4,13,7|14,4,13,8|14,4,13,9|14,4,13,10|14,5,8|14,5,9|14,5,13,2,7|14,5,13,4,2,7|14,5,13,7|14,5,13,8|14,5,13,9|14,5,13,10|14,7|14,8|14,9
13,2,4,14,7|13,2,4,14,8|13,2,4,14,9|13,2,14,7|13,2,14,8|13,2,14,9|13,4,2,14,7|13,4,2,14,8|13,4,2,14,9|13,4,14,7|13,4,14,8|13,4,14,9|13,7|13,8|13,9|14,2,4,13,7|14,2,4,13,8|14,2,4,13,9|14,2,13,7|14,2,13,8|14,2,13,9|14,4,2,13,7|14,4,2,13,8|14,4,2,13,9|14,4,13,7|14,4,13,8|14,4,13,9|14,7|14,8|14,9
13,2,4,10|13,2,4,14,5,6,8|13,2,4,14,5,6,9|13,2,4,14,5,8|13,2,4,14,5,9|13,2,4,14,7|13,2,4,14,8|13,2,4,14,9|13,2,10|13,2,14,4,10|13,2,14,5,6,8|13,2,14,5,6,9|13,2,14,5,8|13,2,14,5,9|13,2,14,7|13,2,14,8|13,2,14,9|13,4,2,10|13,4,2,14,5,6,8|13,4,2,14,5,6,9|13,4,2,14,5,8|13,4,2,14,5,9|13,4,2,14,7|13,4,2,14,8|13,4,2,14,9|13,4,10|13,4,14,2,10|13,4,14,5,6,8|13,4,14,5,6,9|13,4,14,5,8|13,4,14,5,9|13,4,14,7|13,4,14,8|13,4,14,9|13,5,6,8|13,5,6,9|13,5,8|13,5,9|13,5,14,2,4,10|13,5,14,2,10|13,5,14,4,2,10|13,5,14,4,10|13,5,14,7|13,5,14,8|13,5,14,9|13,6,5,8|13,6,5,9|13,6,5,14,2,4,10|13,6,5,14,2,10|13,6,5,14,4,2,10|13,6,5,14,4,10|13,6,5,14,7|13,6,5,14,8|13,6,5,14,9|13,6,8|13,6,9|13,7|13,8|13,9|14,2,4,10|14,2,4,13,5,6,8|14,2,4,13,5,6,9|14,2,4,13,5,8|14,2,4,13,5,9|14,2,4,13,6,5,8|14,2,4,13,6,5,9|14,2,4,13,6,8|14,2,4,13,6,9|14,2,4,13,7|14,2,4,13,8|14,2,4,13,9|14,2,10|14,2,13,4,10|14,2,13,5,6,8|14,2,13,5,6,9|14,2,13,5,8|14,2,13,5,9|14,2,13,6,5,8|14,2,13,6,5,9|14,2,13,6,8|14,2,13,6,9|14,2,13,7|14,2,13,8|14,2,13,9|14,4,2,10|14,4,2,13,5,6,8|14,4,2,13,5,6,9|14,4,2,13,5,8|14,4,2,13,5,9|14,4,2,13,6,5,8|14,4,2,13,6,5,9|14,4,2,13,6,8|14,4,2,13,6,9|14,4,2,13,7|14,4,2,13,8|14,4,2,13,9|14,4,10|14,4,13,2,10|14,4,13,5,6,8|14,4,13,5,6,9|14,4,13,5,8|14,4,13,5,9|14,4,13,6,5,8|14,4,13,6,5,9|14,4,13,6,8|14,4,13,6,9|14,4,13,7|14,4,13,8|14,4,13,9|14,5,6,8|14,5,6,9|14,5,6,13,2,4,10|14,5,6,13,2,10|14,5,6,13,4,2,10|14,5,6,13,4,10|14,5,6,13,7|14,5,6,13,8|14,5,6,13,9|14,5,8|14,5,9|14,5,13,2,4,10|14,5,13,2,10|14,5,13,4,2,10|14,5,13,4,10|14,5,13,6,8|14,5,13,6,9|14,5,13,7|14,5,13,8|14,5,13,9|14,7|14,8|14,9
13,3,2,4,10|13,3,2,4,14,7|13,3,2,4,14,8|13,3,2,4,14,12|13,3,2,10|13,3,14,4,2,10|13,3,14,4,10|13,3,14,7|13,3,14,8|13,3,14,12|13,4,2,3,14,7|13,4,2,3,14,8|13,4,2,3,14,12|13,4,2,10|13,4,10|13,4,14,3,2,10|13,4,14,7|13,4,14,8|13,4,14,12|13,6,8|13,6,12|13,7|13,8|13,12|14,3,2,4,10|14,3,2,4,13,6,8|14,3,2,4,13,6,12|14,3,2,4,13,7|14,3,2,4,13,8|14,3,2,4,13,12|14,3,2,10|14,3,13,4,2,10|14,3,13,4,10|14,3,13,6,8|14,3,13,6,12|14,3,13,7|14,3,13,8|14,3,13,12|14,4,2,3,13,6,8|14,4,2,3,13,6,12|14,4,2,3,13,7|14,4,2,3,13,8|14,4,2,3,13,12|14,4,2,10|14,4,10|14,4,13,3,2,10|14,4,13,6,8|14,4,13,6,12|14,4,13,7|14,4,13,8|14,4,13,12|14,7|14,8|14,12
13,2,3,14,5,6,8|13,2,3,14,5,6,12|13,2,3,14,5,8|13,2,3,14,5,12|13,2,3,14,6,5,8|13,2,3,14,6,5,12|13,2,3,14,6,8|13,2,3,14,6,12|13,2,3,14,7|13,2,3,14,8|13,2,3,14,12|13,2,7|13,2,14,5,6,8|13,2,14,5,6,12|13,2,14,5,8|13,2,14,5,12|13,2,14,6,5,8|13,2,14,6,5,12|13,2,14,6,8|13,2,14,6,12|13,2,14,7|13,2,14,8|13,2,14,12|13,3,2,7|13,3,2,14,5,6,8|13,3,2,14,5,6,12|13,3,2,14,5,8|13,3,2,14,5,12|13,3,2,14,6,5,8|13,3,2,14,6,5,12|13,3,2,14,6,8|13,3,2,14,6,12|13,3,2,14,7|13,3,2,14,8|13,3,2,14,12|13,3,14,2,7|13,3,14,5,6,8|13,3,14,5,6,12|13,3,14,5,8|13,3,14,5,12|13,3,14,6,5,8|13,3,14,6,5,12|13,3,14,6,8|13,3,14,6,12|13,3,14,7|13,3,14,8|13,3,14,12|13,5,6,8|13,5,6,12|13,5,6,14,2,7|13,5,6,14,3,2,7|13,5,6,14,7|13,5,6,14,8|13,5,6,14,12|13,5,8|13,5,12|13,5,14,2,7|13,5,14,3,2,7|13,5,14,6,8|13,5,14,6,12|13,5,14,7|13,5,14,8|13,5,14,12|13,6,5,8|13,6,5,12|13,6,5,14,2,7|13,6,5,14,3,2,7|13,6,5,14,7|13,6,5,14,8|13,6,5,14,12|13,6,8|13,6,12|13,6,14,2,7|13,6,14,3,2,7|13,6,14,5,8|13,6,14,5,12|13,6,14,7|13,6,14,8|13,6,14,12|13,7|13,8|13,12|14,2,3,13,5,6,8|14,2,3,13,5,6,12|14,2,3,13,5,8|14,2,3,13,5,12|14,2,3,13,6,5,8|14,2,3,13,6,5,12|14,2,3,13,6,8|14,2,3,13,6,12|14,2,3,13,7|14,2,3,13,8|14,2,3,13,12|14,2,7|14,2,13,5,6,8|14,2,13,5,6,12|14,2,13,5,8|14,2,13,5,12|14,2,13,6,5,8|14,2,13,6,5,12|14,2,13,6,8|14,2,13,6,12|14,2,13,7|14,2,13,8|14,2,13,12|14,3,2,7|14,3,2,13,5,6,8|14,3,2,13,5,6,12|14,3,2,13,5,8|14,3,2,13,5,12|14,3,2,13,6,5,8|14,3,2,13,6,5,12|14,3,2,13,6,8|14,3,2,13,6,12|14,3,2,13,7|14,3,2,13,8|14,3,2,13,12|14,3,13,2,7|14,3,13,5,6,8|14,3,13,5,6,12|14,3,13,5,8|14,3,13,5,12|14,3,13,6,5,8|14,3,13,6,5,12|14,3,13,6,8|14,3,13,6,12|14,3,13,7|14,3,13,8|14,3,13,12|14,5,6,8|14,5,6,12|14,5,6,13,2,7|14,5,6,13,3,2,7|14,5,6,13,7|14,5,6,13,8|14,5,6,13,12|14,5,8|14,5,12|14,5,13,2,7|14,5,13,3,2,7|14,5,13,6,8|14,5,13,6,12|14,5,13,7|14,5,13,8|14,5,13,12|14,6,5,8|14,6,5,12|14,6,5,13,2,7|14,6,5,13,3,2,7|14,6,5,13,7|14,6,5,13,8|14,6,5,13,12|14,6,8|14,6,12|14,6,13,2,7|14,6,13,3,2,7|14,6,13,5,8|14,6,13,5,12|14,6,13,7|14,6,13,8|14,6,13,12|14,7|14,8|14,12
13,2,7|13,2,14,6,8|13,2,14,6,12|13,2,14,7|13,2,14,8|13,2,14,12|13,3,14,2,7|13,3,14,6,8|13,3,14,6,12|13,3,14,7|13,3,14,8|13,3,14,12|13,6,8|13,6,12|13,6,14,2,7|13,6,14,7|13,6,14,8|13,6,14,12|13,7|13,8|13,12|14,2,7|14,2,13,6,8|14,2,13,6,12|14,2,13,7|14,2,13,8|14,2,13,12|14,3,13,2,7|14,3,13,6,8|14,3,13,6,12|14,3,13,7|14,3,13,8|14,3,13,12|14,6,8|14,6,12|14,6,13,2,7|14,6,13,7|14,6,13,8|14,6,13,12|14,7|14,8|14,12
13,2,4,10|13,2,7|13,2,14,5,6,11|13,2,14,5,6,12|13,2,14,5,11|13,2,14,5,12|13,2,14,6,5,11|13,2,14,6,5,12|13,2,14,6,11|13,2,14,6,12|13,2,14,7|13,2,14,11|13,2,14,12|13,3,14,2,4,10|13,3,14,2,7|13,3,14,5,6,11|13,3,14,5,6,12|13,3,14,5,11|13,3,14,5,12|13,3,14,6,5,11|13,3,14,6,5,12|13,3,14,6,11|13,3,14,6,12|13,3,14,7|13,3,14,11|13,3,14,12|13,5,6,11|13,5,6,12|13,5,6,14,2,4,10|13,5,6,14,2,7|13,5,6,14,7|13,5,6,14,11|13,5,6,14,12|13,5,11|13,5,12|13,5,14,2,4,10|13,5,14,2,7|13,5,14,6,11|13,5,14,6,12|13,5,14,7|13,5,14,11|13,5,14,12|13,7|13,11|13,12|14,2,4,10|14,2,7|14,2,13,5,6,11|14,2,13,5,6,12|14,2,13,5,11|14,2,13,5,12|14,2,13,7|14,2,13,11|14,2,13,12|14,3,13,2,4,10|14,3,13,2,7|14,3,13,5,6,11|14,3,13,5,6,12|14,3,13,5,11|14,3,13,5,12|14,3,13,7|14,3,13,11|14,3,13,12|14,5,6,11|14,5,6,12|14,5,11|14,5,12|14,5,13,2,4,10|14,5,13,2,7|14,5,13,7|14,5,13,11|14,5,13,12|14,6,5,11|14,6,5,12|14,6,5,13,2,4,10|14,6,5,13,2,7|14,6,5,13,7|14,6,5,13,11|14,6,5,13,12|14,6,11|14,6,12|14,7|14,11|14,12
13,3,14,4,2,10|13,3,14,4,10|13,3,14,6,11|13,3,14,6,12|13,3,14,7|13,3,14,11|13,3,14,12|13,7|13,11|13,12|14,3,13,7|14,3,13,11|14,3,13,12|14,4,2,10|14,4,10|14,6,11|14,6,12|14,7|14,11|14,12
13,2,3,4,10|13,2,3,4,14,5,11|13,2,3,4,14,5,12|13,2,3,4,14,10|13,2,3,4,14,11|13,2,3,4,14,12|13,2,3,14,4,10|13,2,3,14,5,11|13,2,3,14,5,12|13,2,3,14,10|13,2,3,14,11|13,2,3,14,12|13,2,4,3,14,5,11|13,2,4,3,14,5,12|13,2,4,3,14,10|13,2,4,3,14,11|13,2,4,3,14,12|13,2,4,10|13,2,4,14,5,11|13,2,4,14,5,12|13,2,4,14,10|13,2,4,14,11|13,2,4,14,12|13,2,10|13,2,14,3,4,10|13,2,14,4,10|13,2,14,5,11|13,2,14,5,12|13,2,14,10|13,2,14,11|13,2,14,12|13,3,2,4,10|13,3,2,4,14,5,11|13,3,2,4,14,5,12|13,3,2,4,14,10|13,3,2,4,14,11|13,3,2,4,14,12|13,3,2,10|13,3,2,14,4,10|13,3,2,14,5,11|13,3,2,14,5,12|13,3,2,14,10|13,3,2,14,11|13,3,2,14,12|13,3,4,2,10|13,3,4,2,14,5,11|13,3,4,2,14,5,12|13,3,4,2,14,10|13,3,4,2,14,11|13,3,4,2,14,12|13,3,4,10|13,3,4,14,2,10|13,3,4,14,5,11|13,3,4,14,5,12|13,3,4,14,10|13,3,4,14,11|13,3,4,14,12|13,3,14,2,4,10|13,3,14,2,10|13,3,14,4,2,10|13,3,14,4,10|13,3,14,5,11|13,3,14,5,12|13,3,14,10|13,3,14,11|13,3,14,12|13,4,2,3,14,5,11|13,4,2,3,14,5,12|13,4,2,3,14,10|13,4,2,3,14,11|13,4,2,3,14,12|13,4,2,10|13,4,2,14,5,11|13,4,2,14,5,12|13,4,2,14,10|13,4,2,14,11|13,4,2,14,12|13,4,3,2,10|13,4,3,2,14,5,11|13,4,3,2,14,5,12|13,4,3,2,14,10|13,4,3,2,14,11|13,4,3,2,14,12|13,4,3,14,2,10|13,4,3,14,5,11|13,4,3,14,5,12|13,4,3,14,10|13,4,3,14,11|13,4,3,14,12|13,4,10|13,4,14,2,10|13,4,14,3,2,10|13,4,14,5,11|13,4,14,5,12|13,4,14,10|13,4,14,11|13,4,14,12|13,5,11|13,5,12|13,5,14,2,3,4,10|13,5,14,2,4,10|13,5,14,2,10|13,5,14,3,2,4,10|13,5,14,3,2,10|13,5,14,3,4,2,10|13,5,14,3,4,10|13,5,14,4,2,10|13,5,14,4,3,2,10|13,5,14,4,10|13,5,14,10|13,5,14,11|13,5,14,12|13,7|13,10|13,11|13,12|14,2,3,4,10|14,2,3,4,13,5,11|14,2,3,4,13,5,12|14,2,3,4,13,7|14,2,3,4,13,10|14,2,3,4,13,11|14,2,3,4,13,12|14,2,3,13,4,10|14,2,3,13,5,11|14,2,3,13,5,12|14,2,3,13,7|14,2,3,13,10|14,2,3,13,11|14,2,3,13,12|14,2,4,3,13,5,11|14,2,4,3,13,5,12|14,2,4,3,13,7|14,2,4,3,13,10|14,2,4,3,13,11|14,2,4,3,13,12|14,2,4,10|14,2,4,13,5,11|14,2,4,13,5,12|14,2,4,13,7|14,2,4,13,10|14,2,4,13,11|14,2,4,13,12|14,2,10|14,2,13,3,4,10|14,2,13,4,10|14,2,13,5,11|14,2,13,5,12|14,2,13,7|14,2,13,10|14,2,13,11|14,2,13,12|14,3,2,4,10|14,3,2,4,13,5,11|14,3,2,4,13,5,12|14,3,2,4,13,7|14,3,2,4,13,10|14,3,2,4,13,11|14,3,2,4,13,12|14,3,2,10|14,3,2,13,4,10|14,3,2,13,5,11|14,3,2,13,5,12|14,3,2,13,7|14,3,2,13,10|14,3,2,13,11|14,3,2,13,12|14,3,4,2,10|14,3,4,2,13,5,11|14,3,4,2,13,5,12|14,3,4,2,13,7|14,3,4,2,13,10|14,3,4,2,13,11|14,3,4,2,13,12|14,3,4,10|14,3,4,13,2,10|14,3,4,13,5,11|14,3,4,13,5,12|14,3,4,13,7|14,3,4,13,10|14,3,4,13,11|14,3,4,13,12|14,3,13,2,4,10|14,3,13,2,10|14,3,13,4,2,10|14,3,13,4,10|14,3,13,5,11|14,3,13,5,12|14,3,13,7|14,3,13,10|14,3,13,11|14,3,13,12|14,4,2,3,13,5,11|14,4,2,3,13,5,12|14,4,2,3,13,7|14,4,2,3,13,10|14,4,2,3,13,11|14,4,2,3,13,12|14,4,2,10|14,4,2,13,5,11|14,4,2,13,5,12|14,4,2,13,7|14,4,2,13,10|14,4,2,13,11|14,4,2,13,12|14,4,3,2,10|14,4,3,2,13,5,11|14,4,3,2,13,5,12|14,4,3,2,13,7|14,4,3,2,13,10|14,4,3,2,13,11|14,4,3,2,13,12|14,4,3,13,2,10|14,4,3,13,5,11|14,4,3,13,5,12|14,4,3,13,7|14,4,3,13,10|14,4,3,13,11|14,4,3,13,12|14,4,10|14,4,13,2,10|14,4,13,3,2,10|14,4,13,5,11|14,4,13,5,12|14,4,13,7|14,4,13,10|14,4,13,11|14,4,13,12|14,5,11|14,5,12|14,5,13,2,3,4,10|14,5,13,2,4,10|14,5,13,2,10|14,5,13,3,2,4,10|14,5,13,3,2,10|14,5,13,3,4,2,10|14,5,13,3,4,10|14,5,13,4,2,10|14,5,13,4,3,2,10|14,5,13,4,10|14,5,13,7|14,5,13,10|14,5,13,11|14,5,13,12|14,10|14,11|14,12
13,2,3,4,10|13,2,3,4,14,10|13,2,3,4,14,11|13,2,3,4,14,12|13,2,3,14,4,10|13,2,3,14,10|13,2,3,14,11|13,2,3,14,12|13,2,4,3,14,10|13,2,4,3,14,11|13,2,4,3,14,12|13,2,4,10|13,2,4,14,10|13,2,4,14,11|13,2,4,14,12|13,2,14,3,4,10|13,2,14,4,10|13,2,14,10|13,2,14,11|13,2,14,12|13,3,2,4,10|13,3,2,4,14,10|13,3,2,4,14,11|13,3,2,4,14,12|13,3,2,14,4,10|13,3,2,14,10|13,3,2,14,11|13,3,2,14,12|13,3,4,2,14,10|13,3,4,2,14,11|13,3,4,2,14,12|13,3,4,10|13,3,4,14,10|13,3,4,14,11|13,3,4,14,12|13,3,14,2,4,10|13,3,14,4,10|13,3,14,10|13,3,14,11|13,3,14,12|13,4,2,3,14,10|13,4,2,3,14,11|13,4,2,3,14,12|13,4,2,14,10|13,4,2,14,11|13,4,2,14,12|13,4,3,2,14,10|13,4,3,2,14,11|13,4,3,2,14,12|13,4,3,14,10|13,4,3,14,11|13,4,3,14,12|13,4,10|13,4,14,10|13,4,14,11|13,4,14,12|13,10|13,11|13,12|14,2,3,4,10|14,2,3,4,13,10|14,2,3,4,13,11|14,2,3,4,13,12|14,2,3,13,4,10|14,2,3,13,10|14,2,3,13,11|14,2,3,13,12|14,2,4,3,13,10|14,2,4,3,13,11|14,2,4,3,13,12|14,2,4,10|14,2,4,13,10|14,2,4,13,11|14,2,4,13,12|14,2,13,3,4,10|14,2,13,4,10|14,2,13,10|14,2,13,11|14,2,13,12|14,3,2,4,10|14,3,2,4,13,10|14,3,2,4,13,11|14,3,2,4,13,12|14,3,2,13,4,10|14,3,2,13,10|14,3,2,13,11|14,3,2,13,12|14,3,4,2,13,10|14,3,4,2,13,11|14,3,4,2,13,12|14,3,4,10|14,3,4,13,10|14,3,4,13,11|14,3,4,13,12|14,3,13,2,4,10|14,3,13,4,10|14,3,13,10|14,3,13,11|14,3,13,12|14,4,2,3,13,10|14,4,2,3,13,11|14,4,2,3,13,12|14,4,2,13,10|14,4,2,13,11|14,4,2,13,12|14,4,3,2,13,10|14,4,3,2,13,11|14,4,3,2,13,12|14,4,3,13,10|14,4,3,13,11|14,4,3,13,12|14,4,10|14,4,13,10|14,4,13,11|14,4,13,12|14,10|14,11|14,12
13,2,7|13,2,14,3,4,10|13,2,14,4,10|13,2,14,5,6,11|13,2,14,5,6,12|13,2,14,5,11|13,2,14,5,12|13,2,14,10|13,2,14,11|13,2,14,12|13,3,4,10|13,3,4,14,2,7|13,3,4,14,5,6,11|13,3,4,14,5,6,12|13,3,4,14,5,11|13,3,4,14,5,12|13,3,4,14,10|13,3,4,14,11|13,3,4,14,12|13,3,14,2,7|13,3,14,4,10|13,3,14,5,6,11|13,3,14,5,6,12|13,3,14,5,11|13,3,14,5,12|13,3,14,10|13,3,14,11|13,3,14,12|13,4,3,14,2,7|13,4,3,14,5,6,11|13,4,3,14,5,6,12|13,4,3,14,5,11|13,4,3,14,5,12|13,4,3,14,10|13,4,3,14,11|13,4,3,14,12|13,4,10|13,4,14,2,7|13,4,14,5,6,11|13,4,14,5,6,12|13,4,14,5,11|13,4,14,5,12|13,4,14,10|13,4,14,11|13,4,14,12|13,5,6,11|13,5,6,12|13,5,11|13,5,12|13,5,14,2,7|13,5,14,3,4,10|13,5,14,4,10|13,5,14,10|13,5,14,11|13,5,14,12|13,6,5,11|13,6,5,12|13,6,5,14,2,7|13,6,5,14,3,4,10|13,6,5,14,4,10|13,6,5,14,10|13,6,5,14,11|13,6,5,14,12|13,6,11|13,6,12|13,10|13,11|13,12|14,2,7|14,2,13,3,4,10|14,2,13,4,10|14,2,13,5,6,11|14,2,13,5,6,12|14,2,13,5,11|14,2,13,5,12|14,2,13,6,5,11|14,2,13,6,5,12|14,2,13,6,11|14,2,13,6,12|14,2,13,10|14,2,13,11|14,2,13,12|14,3,4,10|14,3,4,13,2,7|14,3,4,13,5,6,11|14,3,4,13,5,6,12|14,3,4,13,5,11|14,3,4,13,5,12|14,3,4,13,6,5,11|14,3,4,13,6,5,12|14,3,4,13,6,11|14,3,4,13,6,12|14,3,4,13,10|14,3,4,13,11|14,3,4,13,12|14,3,13,2,7|14,3,13,4,10|14,3,13,5,6,11|14,3,13,5,6,12|14,3,13,5,11|14,3,13,5,12|14,3,13,6,5,11|14,3,13,6,5,12|14,3,13,6,11|14,3,13,6,12|14,3,13,10|14,3,13,11|14,3,13,12|14,4,3,13,2,7|14,4,3,13,5,6,11|14,4,3,13,5,6,12|14,4,3,13,5,11|14,4,3,13,5,12|14,4,3,13,6,5,11|14,4,3,13,6,5,12|14,4,3,13,6,11|14,4,3,13,6,12|14,4,3,13,10|14,4,3,13,11|14,4,3,13,12|14,4,10|14,4,13,2,7|14,4,13,5,6,11|14,4,13,5,6,12|14,4,13,5,11|14,4,13,5,12|14,4,13,6,5,11|14,4,13,6,5,12|14,4,13,6,11|14,4,13,6,12|14,4,13,10|14,4,13,11|14,4,13,12|14,5,6,11|14,5,6,12|14,5,6,13,2,7|14,5,6,13,3,4,10|14,5,6,13,4,10|14,5,6,13,10|14,5,6,13,11|14,5,6,13,12|14,5,11|14,5,12|14,5,13,2,7|14,5,13,3,4,10|14,5,13,4,10|14,5,13,6,11|14,5,13,6,12|14,5,13,10|14,5,13,11|14,5,13,12|14,10|14,11|14,12
13,3,4,10|13,3,4,14,9|13,3,4,14,10|13,3,4,14,11|13,3,14,4,10|13,3,14,9|13,3,14,10|13,3,14,11|13,4,3,14,9|13,4,3,14,10|13,4,3,14,11|13,4,10|13,4,14,9|13,4,14,10|13,4,14,11|13,6,9|13,6,11|13,9|13,10|13,11|14,3,4,10|14,3,4,13,6,9|14,3,4,13,6,11|14,3,4,13,9|14,3,4,13,10|14,3,4,13,11|14,3,13,4,10|14,3,13,6,9|14,3,13,6,11|14,3,13,9|14,3,13,10|14,3,13,11|14,4,3,13,6,9|14,4,3,13,6,11|14,4,3,13,9|14,4,3,13,10|14,4,3,13,11|14,4,10|14,4,13,6,9|14,4,13,6,11|14,4,13,9|14,4,13,10|14,4,13,11|14,9|14,10|14,11
13,2,4,3,14,5,6,9|13,2,4,3,14,5,6,11|13,2,4,3,14,5,9|13,2,4,3,14,5,11|13,2,4,3,14,6,5,9|13,2,4,3,14,6,5,11|13,2,4,3,14,6,9|13,2,4,3,14,6,11|13,2,4,3,14,9|13,2,4,3,14,10|13,2,4,3,14,11|13,2,4,10|13,2,4,14,5,6,9|13,2,4,14,5,6,11|13,2,4,14,5,9|13,2,4,14,5,11|13,2,4,14,6,5,9|13,2,4,14,6,5,11|13,2,4,14,6,9|13,2,4,14,6,11|13,2,4,14,9|13,2,4,14,10|13,2,4,14,11|13,2,10|13,2,14,3,4,10|13,2,14,4,10|13,2,14,5,6,9|13,2,14,5,6,11|13,2,14,5,9|13,2,14,5,11|13,2,14,6,5,9|13,2,14,6,5,11|13,2,14,6,9|13,2,14,6,11|13,2,14,9|13,2,14,10|13,2,14,11|13,3,4,2,10|13,3,4,2,14,5,6,9|13,3,4,2,14,5,6,11|13,3,4,2,14,5,9|13,3,4,2,14,5,11|13,3,4,2,14,6,5,9|13,3,4,2,14,6,5,11|13,3,4,2,14,6,9|13,3,4,2,14,6,11|13,3,4,2,14,9|13,3,4,2,14,10|13,3,4,2,14,11|13,3,4,10|13,3,4,14,2,10|13,3,4,14,5,6,9|13,3,4,14,5,6,11|13,3,4,14,5,9|13,3,4,14,5,11|13,3,4,14,6,5,9|13,3,4,14,6,5,11|13,3,4,14,6,9|13,3,4,14,6,11|13,3,4,14,9|13,3,4,14,10|13,3,4,14,11|13,3,14,2,4,10|13,3,14,2,10|13,3,14,4,2,10|13,3,14,4,10|13,3,14,5,6,9|13,3,14,5,6,11|13,3,14,5,9|13,3,14,5,11|13,3,14,6,5,9|13,3,14,6,5,11|13,3,14,6,9|13,3,14,6,11|13,3,14,9|13,3,14,10|13,3,14,11|13,4,2,10|13,4,2,14,5,6,9|13,4,2,14,5,6,11|13,4,2,14,5,9|13,4,2,14,5,11|13,4,2,14,6,5,9|13,4,2,14,6,5,11|13,4,2,14,6,9|13,4,2,14,6,11|13,4,2,14,9|13,4,2,14,10|13,4,2,14,11|13,4,3,14,2,10|13,4,3,14,5,6,9|13,4,3,14,5,6,11|13,4,3,14,5,9|13,4,3,14,5,11|13,4,3,14,6,5,9|13,4,3,14,6,5,11|13,4,3,14,6,9|13,4,3,14,6,11|13,4,3,14,9|13,4,3,14,10|13,4,3,14,11|13,4,10|13,4,14,2,10|13,4,14,5,6,9|13,4,14,5,6,11|13,4,14,5,9|13,4,14,5,11|13,4,14,6,5,9|13,4,14,6,5,11|13,4,14,6,9|13,4,14,6,11|13,4,14,9|13,4,14,10|13,4,14,11|13,5,6,9|13,5,6,11|13,5,6,14,2,4,10|13,5,6,14,2,10|13,5,6,14,3,4,2,10|13,5,6,14,3,4,10|13,5,6,14,4,2,10|13,5,6,14,4,10|13,5,6,14,9|13,5,6,14,10|13,5,6,14,11|13,5,9|13,5,11|13,5,14,2,4,10|13,5,14,2,10|13,5,14,3,4,2,10|13,5,14,3,4,10|13,5,14,4,2,10|13,5,14,4,10|13,5,14,6,9|13,5,14,6,11|13,5,14,9|13,5,14,10|13,5,14,11|13,6,5,9|13,6,5,11|13,6,5,14,2,4,10|13,6,5,14,2,10|13,6,5,14,3,4,2,10|13,6,5,14,3,4,10|13,6,5,14,4,2,10|13,6,5,14,4,10|13,6,5,14,9|13,6,5,14,10|13,6,5,14,11|13,6,9|13,6,11|13,6,14,2,4,10|13,6,14,2,10|13,6,14,3,4,2,10|13,6,14,3,4,10|13,6,14,4,2,10|13,6,14,4,10|13,6,14,5,9|13,6,14,5,11|13,6,14,9|13,6,14,10|13,6,14,11|13,9|13,10|13,11|14,2,4,3,13,5,6,9|14,2,4,3,13,5,6,11|14,2,4,3,13,5,9|14,2,4,3,13,5,11|14,2,4,3,13,6,5,9|14,2,4,3,13,6,5,11|14,2,4,3,13,6,9|14,2,4,3,13,6,11|14,2,4,3,13,9|14,2,4,3,13,10|14,2,4,3,13,11|14,2,4,10|14,2,4,13,5,6,9|14,2,4,13,5,6,11|14,2,4,13,5,9|14,2,4,13,5,11|14,2,4,13,6,5,9|14,2,4,13,6,5,11|14,2,4,13,6,9|14,2,4,13,6,11|14,2,4,13,9|14,2,4,13,10|14,2,4,13,11|14,2,10|14,2,13,3,4,10|14,2,13,4,10|14,2,13,5,6,9|14,2,13,5,6,11|14,2,13,5,9|14,2,13,5,11|14,2,13,6,5,9|14,2,13,6,5,11|14,2,13,6,9|14,2,13,6,11|14,2,13,9|14,2,13,10|14,2,13,11|14,3,4,2,10|14,3,4,2,13,5,6,9|14,3,4,2,13,5,6,11|14,3,4,2,13,5,9|14,3,4,2,13,5,11|14,3,4,2,13,6,5,9|14,3,4,2,13,6,5,11|14,3,4,2,13,6,9|14,3,4,2,13,6,11|14,3,4,2,13,9|14,3,4,2,13,10|14,3,4,2,13,11|14,3,4,10|14,3,4,13,2,10|14,3,4,13,5,6,9|14,3,4,13,5,6,11|14,3,4,13,5,9|14,3,4,13,5,11|14,3,4,13,6,5,9|14,3,4,13,6,5,11|14,3,4,13,6,9|14,3,4,13,6,11|14,3,4,13,9|14,3,4,13,10|14,3,4,13,11|14,3,13,2,4,10|14,3,13,2,10|14,3,13,4,2,10|14,3,13,4,10|14,3,13,5,6,9|14,3,13,5,6,11|14,3,13,5,9|14,3,13,5,11|14,3,13,6,5,9|14,3,13,6,5,11|14,3,13,6,9|14,3,13,6,11|14,3,13,9|14,3,13,10|14,3,13,11|14,4,2,10|14,4,2,13,5,6,9|14,4,2,13,5,6,11|14,4,2,13,5,9|14,4,2,13,5,11|14,4,2,13,6,5,9|14,4,2,13,6,5,11|14,4,2,13,6,9|14,4,2,13,6,11|14,4,2,13,9|14,4,2,13,10|14,4,2,13,11|14,4,3,13,2,10|14,4,3,13,5,6,9|14,4,3,13,5,6,11|14,4,3,13,5,9|14,4,3,13,5,11|14,4,3,13,6,5,9|14,4,3,13,6,5,11|14,4,3,13,6,9|14,4,3,13,6,11|14,4,3,13,9|14,4,3,13,10|14,4,3,13,11|14,4,10|14,4,13,2,10|14,4,13,5,6,9|14,4,13,5,6,11|14,4,13,5,9|14,4,13,5,11|14,4,13,6,5,9|14,4,13,6,5,11|14,4,13,6,9|14,4,13,6,11|14,4,13,9|14,4,13,10|14,4,13,11|14,5,6,9|14,5,6,11|14,5,6,13,2,4,10|14,5,6,13,2,10|14,5,6,13,3,4,2,10|14,5,6,13,3,4,10|14,5,6,13,4,2,10|14,5,6,13,4,10|14,5,6,13,9|14,5,6,13,10|14,5,6,13,11|14,5,9|14,5,11|14,5,13,2,4,10|14,5,13,2,10|14,5,13,3,4,2,10|14,5,13,3,4,10|14,5,13,4,2,10|14,5,13,4,10|14,5,13,6,9|14,5,13,6,11|14,5,13,9|14,5,13,10|14,5,13,11|14,6,5,9|14,6,5,11|14,6,5,13,2,4,10|14,6,5,13,2,10|14,6,5,13,3,4,2,10|14,6,5,13,3,4,10|14,6,5,13,4,2,10|14,6,5,13,4,10|14,6,5,13,9|14,6,5,13,10|14,6,5,13,11|14,6,9|14,6,11|14,6,13,2,4,10|14,6,13,2,10|14,6,13,3,4,2,10|14,6,13,3,4,10|14,6,13,4,2,10|14,6,13,4,10|14,6,13,5,9|14,6,13,5,11|14,6,13,9|14,6,13,10|14,6,13,11|14,9|14,10|14,11
13,2,3,4,10|13,2,3,4,14,6,9|13,2,3,4,14,6,11|13,2,3,4,14,9|13,2,3,4,14,10|13,2,3,4,14,11|13,2,3,14,4,10|13,2,3,14,6,9|13,2,3,14,6,11|13,2,3,14,9|13,2,3,14,10|13,2,3,14,11|13,2,4,3,14,6,9|13,2,4,3,14,6,11|13,2,4,3,14,9|13,2,4,3,14,10|13,2,4,3,14,11|13,2,4,10|13,2,4,14,6,9|13,2,4,14,6,11|13,2,4,14,9|13,2,4,14,10|13,2,4,14,11|13,2,10|13,2,14,3,4,10|13,2,14,4,10|13,2,14,6,9|13,2,14,6,11|13,2,14,9|13,2,14,10|13,2,14,11|13,3,2,4,10|13,3,2,4,14,6,9|13,3,2,4,14,6,11|13,3,2,4,14,9|13,3,2,4,14,10|13,3,2,4,14,11|13,3,2,10|13,3,2,14,4,10|13,3,2,14,6,9|13,3,2,14,6,11|13,3,2,14,9|13,3,2,14,10|13,3,2,14,11|13,3,4,2,10|13,3,4,2,14,6,9|13,3,4,2,14,6,11|13,3,4,2,14,9|13,3,4,2,14,10|13,3,4,2,14,11|13,3,4,10|13,3,4,14,2,10|13,3,4,14,6,9|13,3,4,14,6,11|13,3,4,14,9|13,3,4,14,10|13,3,4,14,11|13,3,14,2,4,10|13,3,14,2,10|13,3,14,4,2,10|13,3,14,4,10|13,3,14,6,9|13,3,14,6,11|13,3,14,9|13,3,14,10|13,3,14,11|13,4,2,3,14,6,9|13,4,2,3,14,6,11|13,4,2,3,14,9|13,4,2,3,14,10|13,4,2,3,14,11|13,4,2,10|13,4,2,14,6,9|13,4,2,14,6,11|13,4,2,14,9|13,4,2,14,10|13,4,2,14,11|13,4,3,2,10|13,4,3,2,14,6,9|13,4,3,2,14,6,11|13,4,3,2,14,9|13,4,3,2,14,10|13,4,3,2,14,11|13,4,3,14,2,10|13,4,3,14,6,9|13,4,3,14,6,11|13,4,3,14,9|13,4,3,14,10|13,4,3,14,11|13,4,10|13,4,14,2,10|13,4,14,3,2,10|13,4,14,6,9|13,4,14,6,11|13,4,14,9|13,4,14,10|13,4,14,11|13,6,9|13,6,11|13,6,14,2,3,4,10|13,6,14,2,4,10|13,6,14,2,10|13,6,14,3,2,4,10|13,6,14,3,2,10|13,6,14,3,4,2,10|13,6,14,3,4,10|13,6,14,4,2,10|13,6,14,4,3,2,10|13,6,14,4,10|13,6,14,9|13,6,14,10|13,6,14,11|13,9|13,10|13,11|14,2,3,4,10|14,2,3,4,13,6,9|14,2,3,4,13,6,11|14,2,3,4,13,9|14,2,3,4,13,10|14,2,3,4,13,11|14,2,3,13,4,10|14,2,3,13,6,9|14,2,3,13,6,11|14,2,3,13,9|14,2,3,13,10|14,2,3,13,11|14,2,4,3,13,6,9|14,2,4,3,13,6,11|14,2,4,3,13,9|14,2,4,3,13,10|14,2,4,3,13,11|14,2,4,10|14,2,4,13,6,9|14,2,4,13,6,11|14,2,4,13,9|14,2,4,13,10|14,2,4,13,11|14,2,10|14,2,13,3,4,10|14,2,13,4,10|14,2,13,6,9|14,2,13,6,11|14,2,13,9|14,2,13,10|14,2,13,11|14,3,2,4,10|14,3,2,4,13,6,9|14,3,2,4,13,6,11|14,3,2,4,13,9|14,3,2,4,13,10|14,3,2,4,13,11|14,3,2,10|14,3,2,13,4,10|14,3,2,13,6,9|14,3,2,13,6,11|14,3,2,13,9|14,3,2,13,10|14,3,2,13,11|14,3,4,2,10|14,3,4,2,13,6,9|14,3,4,2,13,6,11|14,3,4,2,13,9|14,3,4,2,13,10|14,3,4,2,13,11|14,3,4,10|14,3,4,13,2,10|14,3,4,13,6,9|14,3,4,13,6,11|14,3,4,13,9|14,3,4,13,10|14,3,4,13,11|14,3,13,2,4,10|14,3,13,2,10|14,3,13,4,2,10|14,3,13,4,10|14,3,13,6,9|14,3,13,6,11|14,3,13,9|14,3,13,10|14,3,13,11|14,4,2,3,13,6,9|14,4,2,3,13,6,11|14,4,2,3,13,9|14,4,2,3,13,10|14,4,2,3,13,11|14,4,2,10|14,4,2,13,6,9|14,4,2,13,6,11|14,4,2,13,9|14,4,2,13,10|14,4,2,13,11|14,4,3,2,10|14,4,3,2,13,6,9|14,4,3,2,13,6,11|14,4,3,2,13,9|14,4,3,2,13,10|14,4,3,2,13,11|14,4,3,13,2,10|14,4,3,13,6,9|14,4,3,13,6,11|14,4,3,13,9|14,4,3,13,10|14,4,3,13,11|14,4,10|14,4,13,2,10|14,4,13,3,2,10|14,4,13,6,9|14,4,13,6,11|14,4,13,9|14,4,13,10|14,4,13,11|14,6,9|14,6,11|14,6,13,2,3,4,10|14,6,13,2,4,10|14,6,13,2,10|14,6,13,3,2,4,10|14,6,13,3,2,10|14,6,13,3,4,2,10|14,6,13,3,4,10|14,6,13,4,2,10|14,6,13,4,3,2,10|14,6,13,4,10|14,6,13,9|14,6,13,10|14,6,13,11|14,9|14,10|14,11
13,2,3,4,10|13,2,3,4,14,5,6,8|13,2,3,4,14,5,6,9|13,2,3,4,14,5,8|13,2,3,4,14,5,9|13,2,3,4,14,6,5,8|13,2,3,4,14,6,5,9|13,2,3,4,14,6,8|13,2,3,4,14,6,9|13,2,3,4,14,8|13,2,3,4,14,9|13,2,3,4,14,10|13,2,3,10|13,2,3,14,4,10|13,2,3,14,5,6,8|13,2,3,14,5,6,9|13,2,3,14,5,8|13,2,3,14,5,9|13,2,3,14,6,5,8|13,2,3,14,6,5,9|13,2,3,14,6,8|13,2,3,14,6,9|13,2,3,14,8|13,2,3,14,9|13,2,3,14,10|13,2,4,3,10|13,2,4,3,14,5,6,8|13,2,4,3,14,5,6,9|13,2,4,3,14,5,8|13,2,4,3,14,5,9|13,2,4,3,14,6,5,8|13,2,4,3,14,6,5,9|13,2,4,3,14,6,8|13,2,4,3,14,6,9|13,2,4,3,14,8|13,2,4,3,14,9|13,2,4,3,14,10|13,2,4,10|13,2,4,14,3,10|13,2,4,14,5,6,8|13,2,4,14,5,6,9|13,2,4,14,5,8|13,2,4,14,5,9|13,2,4,14,6,5,8|13,2,4,14,6,5,9|13,2,4,14,6,8|13,2,4,14,6,9|13,2,4,14,8|13,2,4,14,9|13,2,4,14,10|13,2,10|13,2,14,3,4,10|13,2,14,3,10|13,2,14,4,3,10|13,2,14,4,10|13,2,14,5,6,8|13,2,14,5,6,9|13,2,14,5,8|13,2,14,5,9|13,2,14,6,5,8|13,2,14,6,5,9|13,2,14,6,8|13,2,14,6,9|13,2,14,8|13,2,14,9|13,2,14,10|13,3,2,4,10|13,3,2,4,14,5,6,8|13,3,2,4,14,5,6,9|13,3,2,4,14,5,8|13,3,2,4,14,5,9|13,3,2,4,14,6,5,8|13,3,2,4,14,6,5,9|13,3,2,4,14,6,8|13,3,2,4,14,6,9|13,3,2,4,14,8|13,3,2,4,14,9|13,3,2,4,14,10|13,3,2,10|13,3,2,14,4,10|13,3,2,14,5,6,8|13,3,2,14,5,6,9|13,3,2,14,5,8|13,3,2,14,5,9|13,3,2,14,6,5,8|13,3,2,14,6,5,9|13,3,2,14,6,8|13,3,2,14,6,9|13,3,2,14,8|13,3,2,14,9|13,3,2,14,10|13,3,4,2,10|13,3,4,2,14,5,6,8|13,3,4,2,14,5,6,9|13,3,4,2,14,5,8|13,3,4,2,14,5,9|13,3,4,2,14,6,5,8|13,3,4,2,14,6,5,9|13,3,4,2,14,6,8|13,3,4,2,14,6,9|13,3,4,2,14,8|13,3,4,2,14,9|13,3,4,2,14,10|13,3,4,10|13,3,4,14,2,10|13,3,4,14,5,6,8|13,3,4,14,5,6,9|13,3,4,14,5,8|13,3,4,14,5,9|13,3,4,14,6,5,8|13,3,4,14,6,5,9|13,3,4,14,6,8|13,3,4,14,6,9|13,3,4,14,8|13,3,4,14,9|13,3,4,14,10|13,3,10|13,3,14,2,4,10|13,3,14,2,10|13,3,14,4,2,10|13,3,14,4,10|13,3,14,5,6,8|13,3,14,5,6,9|13,3,14,5,8|13,3,14,5,9|13,3,14,6,5,8|13,3,14,6,5,9|13,3,14,6,8|13,3,14,6,9|13,3,14,8|13,3,14,9|13,3,14,10|13,4,2,3,10|13,4,2,3,14,5,6,8|13,4,2,3,14,5,6,9|13,4,2,3,14,5,8|13,4,2,3,14,5,9|13,4,2,3,14,6,5,8|13,4,2,3,14,6,5,9|13,4,2,3,14,6,8|13,4,2,3,14,6,9|13,4,2,3,14,8|13,4,2,3,14,9|13,4,2,3,14,10|13,4,2,10|13,4,2,14,3,10|13,4,2,14,5,6,8|13,4,2,14,5,6,9|13,4,2,14,5,8|13,4,2,14,5,9|13,4,2,14,6,5,8|13,4,2,14,6,5,9|13,4,2,14,6,8|13,4,2,14,6,9|13,4,2,14,8|13,4,2,14,9|13,4,2,14,10|13,4,3,2,10|13,4,3,2,14,5,6,8|13,4,3,2,14,5,6,9|13,4,3,2,14,5,8|13,4,3,2,14,5,9|13,4,3,2,14,6,5,8|13,4,3,2,14,6,5,9|13,4,3,2,14,6,8|13,4,3,2,14,6,9|13,4,3,2,14,8|13,4,3,2,14,9|13,4,3,2,14,10|13,4,3,10|13,4,3,14,2,10|13,4,3,14,5,6,8|13,4,3,14,5,6,9|13,4,3,14,5,8|13,4,3,14,5,9|13,4,3,14,6,5,8|13,4,3,14,6,5,9|13,4,3,14,6,8|13,4,3,14,6,9|13,4,3,14,8|13,4,3,14,9|13,4,3,14,10|13,4,10|13,4,14,2,3,10|13,4,14,2,10|13,4,14,3,2,10|13,4,14,3,10|13,4,14,5,6,8|13,4,14,5,6,9|13,4,14,5,8|13,4,14,5,9|13,4,14,6,5,8|13,4,14,6,5,9|13,4,14,6,8|13,4,14,6,9|13,4,14,8|13,4,14,9|13,4,14,10|13,5,6,8|13,5,6,9|13,5,6,14,2,3,4,10|13,5,6,14,2,3,10|13,5,6,14,2,4,3,10|13,5,6,14,2,4,10|13,5,6,14,2,10|13,5,6,14,3,2,4,10|13,5,6,14,3,2,10|13,5,6,14,3,4,2,10|13,5,6,14,3,4,10|13,5,6,14,3,10|13,5,6,14,4,2,3,10|13,5,6,14,4,2,10|13,5,6,14,4,3,2,10|13,5,6,14,4,3,10|13,5,6,14,4,10|13,5,6,14,8|13,5,6,14,9|13,5,6,14,10|13,5,8|13,5,9|13,5,14,2,3,4,10|13,5,14,2,3,10|13,5,14,2,4,3,10|13,5,14,2,4,10|13,5,14,2,10|13,5,14,3,2,4,10|13,5,14,3,2,10|13,5,14,3,4,2,10|13,5,14,3,4,10|13,5,14,3,10|13,5,14,4,2,3,10|13,5,14,4,2,10|13,5,14,4,3,2,10|13,5,14,4,3,10|13,5,14,4,10|13,5,14,6,8|13,5,14,6,9|13,5,14,8|13,5,14,9|13,5,14,10|13,8|13,9|13,10|14,2,3,4,10|14,2,3,4,13,5,6,8|14,2,3,4,13,5,6,9|14,2,3,4,13,5,8|14,2,3,4,13,5,9|14,2,3,4,13,8|14,2,3,4,13,9|14,2,3,4,13,10|14,2,3,10|14,2,3,13,4,10|14,2,3,13,5,6,8|14,2,3,13,5,6,9|14,2,3,13,5,8|14,2,3,13,5,9|14,2,3,13,8|14,2,3,13,9|14,2,3,13,10|14,2,4,3,10|14,2,4,3,13,5,6,8|14,2,4,3,13,5,6,9|14,2,4,3,13,5,8|14,2,4,3,13,5,9|14,2,4,3,13,8|14,2,4,3,13,9|14,2,4,3,13,10|14,2,4,10|14,2,4,13,3,10|14,2,4,13,5,6,8|14,2,4,13,5,6,9|14,2,4,13,5,8|14,2,4,13,5,9|14,2,4,13,8|14,2,4,13,9|14,2,4,13,10|14,2,10|14,2,13,3,4,10|14,2,13,3,10|14,2,13,4,3,10|14,2,13,4,10|14,2,13,5,6,8|14,2,13,5,6,9|14,2,13,5,8|14,2,13,5,9|14,2,13,8|14,2,13,9|14,2,13,10|14,3,2,4,10|14,3,2,4,13,5,6,8|14,3,2,4,13,5,6,9|14,3,2,4,13,5,8|14,3,2,4,13,5,9|14,3,2,4,13,8|14,3,2,4,13,9|14,3,2,4,13,10|14,3,2,10|14,3,2,13,4,10|14,3,2,13,5,6,8|14,3,2,13,5,6,9|14,3,2,13,5,8|14,3,2,13,5,9|14,3,2,13,8|14,3,2,13,9|14,3,2,13,10|14,3,4,2,10|14,3,4,2,13,5,6,8|14,3,4,2,13,5,6,9|14,3,4,2,13,5,8|14,3,4,2,13,5,9|14,3,4,2,13,8|14,3,4,2,13,9|14,3,4,2,13,10|14,3,4,10|14,3,4,13,2,10|14,3,4,13,5,6,8|14,3,4,13,5,6,9|14,3,4,13,5,8|14,3,4,13,5,9|14,3,4,13,8|14,3,4,13,9|14,3,4,13,10|14,3,10|14,3,13,2,4,10|14,3,13,2,10|14,3,13,4,2,10|14,3,13,4,10|14,3,13,5,6,8|14,3,13,5,6,9|14,3,13,5,8|14,3,13,5,9|14,3,13,8|14,3,13,9|14,3,13,10|14,4,2,3,10|14,4,2,3,13,5,6,8|14,4,2,3,13,5,6,9|14,4,2,3,13,5,8|14,4,2,3,13,5,9|14,4,2,3,13,8|14,4,2,3,13,9|14,4,2,3,13,10|14,4,2,10|14,4,2,13,3,10|14,4,2,13,5,6,8|14,4,2,13,5,6,9|14,4,2,13,5,8|14,4,2,13,5,9|14,4,2,13,8|14,4,2,13,9|14,4,2,13,10|14,4,3,2,10|14,4,3,2,13,5,6,8|14,4,3,2,13,5,6,9|14,4,3,2,13,5,8|14,4,3,2,13,5,9|14,4,3,2,13,8|14,4,3,2,13,9|14,4,3,2,13,10|14,4,3,10|14,4,3,13,2,10|14,4,3,13,5,6,8|14,4,3,13,5,6,9|14,4,3,13,5,8|14,4,3,13,5,9|14,4,3,13,8|14,4,3,13,9|14,4,3,13,10|14,4,10|14,4,13,2,3,10|14,4,13,2,10|14,4,13,3,2,10|14,4,13,3,10|14,4,13,5,6,8|14,4,13,5,6,9|14,4,13,5,8|14,4,13,5,9|14,4,13,8|14,4,13,9|14,4,13,10|14,5,6,8|14,5,6,9|14,5,8|14,5,9|14,5,13,2,3,4,10|14,5,13,2,3,10|14,5,13,2,4,3,10|14,5,13,2,4,10|14,5,13,2,10|14,5,13,3,2,4,10|14,5,13,3,2,10|14,5,13,3,4,2,10|14,5,13,3,4,10|14,5,13,3,10|14,5,13,4,2,3,10|14,5,13,4,2,10|14,5,13,4,3,2,10|14,5,13,4,3,10|14,5,13,4,10|14,5,13,8|14,5,13,9|14,5,13,10|14,6,5,8|14,6,5,9|14,6,5,13,2,3,4,10|14,6,5,13,2,3,10|14,6,5,13,2,4,3,10|14,6,5,13,2,4,10|14,6,5,13,2,10|14,6,5,13,3,2,4,10|14,6,5,13,3,2,10|14,6,5,13,3,4,2,10|14,6,5,13,3,4,10|14,6,5,13,3,10|14,6,5,13,4,2,3,10|14,6,5,13,4,2,10|14,6,5,13,4,3,2,10|14,6,5,13,4,3,10|14,6,5,13,4,10|14,6,5,13,8|14,6,5,13,9|14,6,5,13,10|14,6,8|14,6,9|14,8|14,9|14,10
13,3,4,2,7|13,3,4,10|13,3,4,14,6,8|13,3,4,14,6,9|13,3,4,14,8|13,3,4,14,9|13,3,4,14,10|13,3,10|13,3,14,4,2,7|13,3,14,4,10|13,3,14,6,8|13,3,14,6,9|13,3,14,8|13,3,14,9|13,3,14,10|13,4,2,7|13,4,3,10|13,4,3,14,6,8|13,4,3,14,6,9|13,4,3,14,8|13,4,3,14,9|13,4,3,14,10|13,4,10|13,4,14,3,10|13,4,14,6,8|13,4,14,6,9|13,4,14,8|13,4,14,9|13,4,14,10|13,8|13,9|13,10|14,3,4,2,7|14,3,4,10|14,3,4,13,8|14,3,4,13,9|14,3,4,13,10|14,3,10|14,3,13,4,2,7|14,3,13,4,10|14,3,13,8|14,3,13,9|14,3,13,10|14,4,2,7|14,4,3,10|14,4,3,13,8|14,4,3,13,9|14,4,3,13,10|14,4,10|14,4,13,3,10|14,4,13,8|14,4,13,9|14,4,13,10|14,6,8|14,6,9|14,8|14,9|14,10
13,2,7|13,2,14,5,8|13,2,14,5,9|13,2,14,7|13,2,14,8|13,2,14,9|13,5,8|13,5,9|13,5,14,2,7|13,5,14,7|13,5,14,8|13,5,14,9|13,7|13,8|13,9|13,10|14,2,7|14,2,13,5,8|14,2,13,5,9|14,2,13,7|14,2,13,8|14,2,13,9|14,2,13,10|14,5,8|14,5,9|14,5,13,2,7|14,5,13,7|14,5,13,8|14,5,13,9|14,5,13,10|14,7|14,8|14,9
13,2,14,7|13,2,14,8|13,2,14,9|13,7|13,8|13,9|14,2,13,7|14,2,13,8|14,2,13,9|14,7|14,8|14,9
13,2,3,10|13,2,4,3,10|13,2,10|13,2,14,5,6,8|13,2,14,5,6,9|13,2,14,5,8|13,2,14,5,9|13,2,14,7|13,2,14,8|13,2,14,9|13,5,6,8|13,5,6,9|13,5,8|13,5,9|13,5,14,2,3,10|13,5,14,2,4,3,10|13,5,14,2,10|13,5,14,7|13,5,14,8|13,5,14,9|13,6,5,8|13,6,5,9|13,6,5,14,2,3,10|13,6,5,14,2,4,3,10|13,6,5,14,2,10|13,6,5,14,7|13,6,5,14,8|13,6,5,14,9|13,6,8|13,6,9|13,7|13,8|13,9|14,2,3,10|14,2,4,3,10|14,2,10|14,2,13,5,6,8|14,2,13,5,6,9|14,2,13,5,8|14,2,13,5,9|14,2,13,6,5,8|14,2,13,6,5,9|14,2,13,6,8|14,2,13,6,9|14,2,13,7|14,2,13,8|14,2,13,9|14,5,6,8|14,5,6,9|14,5,6,13,2,3,10|14,5,6,13,2,4,3,10|14,5,6,13,2,10|14,5,6,13,7|14,5,6,13,8|14,5,6,13,9|14,5,8|14,5,9|14,5,13,2,3,10|14,5,13,2,4,3,10|14,5,13,2,10|14,5,13,6,8|14,5,13,6,9|14,5,13,7|14,5,13,8|14,5,13,9|14,7|14,8|14,9
13,6,8|13,6,12|13,7|13,8|13,12|14,4,2,3,10|14,4,2,10|14,4,3,2,10|14,4,3,10|14,7|14,8|14,12
13,2,4,3,10|13,2,4,14,5,6,8|13,2,4,14,5,6,12|13,2,4,14,5,8|13,2,4,14,5,12|13,2,4,14,6,5,8|13,2,4,14,6,5,12|13,2,4,14,6,8|13,2,4,14,6,12|13,2,4,14,7|13,2,4,14,8|13,2,4,14,12|13,2,7|13,2,14,4,3,10|13,2,14,5,6,8|13,2,14,5,6,12|13,2,14,5,8|13,2,14,5,12|13,2,14,6,5,8|13,2,14,6,5,12|13,2,14,6,8|13,2,14,6,12|13,2,14,7|13,2,14,8|13,2,14,12|13,4,2,7|13,4,2,14,5,6,8|13,4,2,14,5,6,12|13,4,2,14,5,8|13,4,2,14,5,12|13,4,2,14,6,5,8|13,4,2,14,6,5,12|13,4,2,14,6,8|13,4,2,14,6,12|13,4,2,14,7|13,4,2,14,8|13,4,2,14,12|13,4,3,10|13,4,14,2,7|13,4,14,5,6,8|13,4,14,5,6,12|13,4,14,5,8|13,4,14,5,12|13,4,14,6,5,8|13,4,14,6,5,12|13,4,14,6,8|13,4,14,6,12|13,4,14,7|13,4,14,8|13,4,14,12|13,5,6,8|13,5,6,12|13,5,6,14,2,4,3,10|13,5,6,14,2,7|13,5,6,14,4,2,7|13,5,6,14,4,3,10|13,5,6,14,7|13,5,6,14,8|13,5,6,14,12|13,5,8|13,5,12|13,5,14,2,4,3,10|13,5,14,2,7|13,5,14,4,2,7|13,5,14,4,3,10|13,5,14,6,8|13,5,14,6,12|13,5,14,7|13,5,14,8|13,5,14,12|13,6,5,8|13,6,5,12|13,6,5,14,2,4,3,10|13,6,5,14,2,7|13,6,5,14,4,2,7|13,6,5,14,4,3,10|13,6,5,14,7|13,6,5,14,8|13,6,5,14,12|13,6,8|13,6,12|13,6,14,2,4,3,10|13,6,14,2,7|13,6,14,4,2,7|13,6,14,4,3,10|13,6,14,5,8|13,6,14,5,12|13,6,14,7|13,6,14,8|13,6,14,12|13,7|13,8|13,12|14,2,4,3,10|14,2,4,13,5,6,8|14,2,4,13,5,6,12|14,2,4,13,5,8|14,2,4,13,5,12|14,2,4,13,6,5,8|14,2,4,13,6,5,12|14,2,4,13,6,8|14,2,4,13,6,12|14,2,4,13,7|14,2,4,13,8|14,2,4,13,12|14,2,7|14,2,13,4,3,10|14,2,13,5,6,8|14,2,13,5,6,12|14,2,13,5,8|14,2,13,5,12|14,2,13,6,5,8|14,2,13,6,5,12|14,2,13,6,8|14,2,13,6,12|14,2,13,7|14,2,13,8|14,2,13,12|14,4,2,7|14,4,2,13,5,6,8|14,4,2,13,5,6,12|14,4,2,13,5,8|14,4,2,13,5,12|14,4,2,13,6,5,8|14,4,2,13,6,5,12|14,4,2,13,6,8|14,4,2,13,6,12|14,4,2,13,7|14,4,2,13,8|14,4,2,13,12|14,4,3,10|14,4,13,2,7|14,4,13,5,6,8|14,4,13,5,6,12|14,4,13,5,8|14,4,13,5,12|14,4,13,6,5,8|14,4,13,6,5,12|14,4,13,6,8|14,4,13,6,12|14,4,13,7|14,4,13,8|14,4,13,12|14,5,6,8|14,5,6,12|14,5,6,13,2,4,3,10|14,5,6,13,2,7|14,5,6,13,4,2,7|14,5,6,13,4,3,10|14,5,6,13,7|14,5,6,13,8|14,5,6,13,12|14,5,8|14,5,12|14,5,13,2,4,3,10|14,5,13,2,7|14,5,13,4,2,7|14,5,13,4,3,10|14,5,13,6,8|14,5,13,6,12|14,5,13,7|14,5,13,8|14,5,13,12|14,6,5,8|14,6,5,12|14,6,5,13,2,4,3,10|14,6,5,13,2,7|14,6,5,13,4,2,7|14,6,5,13,4,3,10|14,6,5,13,7|14,6,5,13,8|14,6,5,13,12|14,6,8|14,6,12|14,6,13,2,4,3,10|14,6,13,2,7|14,6,13,4,2,7|14,6,13,4,3,10|14,6,13,5,8|14,6,13,5,12|14,6,13,7|14,6,13,8|14,6,13,12|14,7|14,8|14,12
13,2,4,14,6,8|13,2,4,14,6,12|13,2,4,14,7|13,2,4,14,8|13,2,4,14,12|13,2,7|13,2,14,6,8|13,2,14,6,12|13,2,14,7|13,2,14,8|13,2,14,12|13,4,2,7|13,4,2,14,6,8|13,4,2,14,6,12|13,4,2,14,7|13,4,2,14,8|13,4,2,14,12|13,4,14,2,7|13,4,14,6,8|13,4,14,6,12|13,4,14,7|13,4,14,8|13,4,14,12|13,6,8|13,6,12|13,6,14,2,7|13,6,14,4,2,7|13,6,14,7|13,6,14,8|13,6,14,12|13,7|13,8|13,12|14,2,4,13,6,8|14,2,4,13,6,12|14,2,4,13,7|14,2,4,13,8|14,2,4,13,12|14,2,7|14,2,13,6,8|14,2,13,6,12|14,2,13,7|14,2,13,8|14,2,13,12|14,4,2,7|14,4,2,13,6,8|14,4,2,13,6,12|14,4,2,13,7|14,4,2,13,8|14,4,2,13,12|14,4,13,2,7|14,4,13,6,8|14,4,13,6,12|14,4,13,7|14,4,13,8|14,4,13,12|14,6,8|14,6,12|14,6,13,2,7|14,6,13,4,2,7|14,6,13,7|14,6,13,8|14,6,13,12|14,7|14,8|14,12
13,2,7|13,2,14,5,6,11|13,2,14,5,6,12|13,2,14,5,11|13,2,14,5,12|13,2,14,6,5,11|13,2,14,6,5,12|13,2,14,6,11|13,2,14,6,12|13,2,14,7|13,2,14,11|13,2,14,12|13,4,14,2,7|13,4,14,5,6,11|13,4,14,5,6,12|13,4,14,5,11|13,4,14,5,12|13,4,14,6,5,11|13,4,14,6,5,12|13,4,14,6,11|13,4,14,6,12|13,4,14,7|13,4,14,11|13,4,14,12|13,5,6,11|13,5,6,12|13,5,6,14,2,7|13,5,6,14,7|13,5,6,14,11|13,5,6,14,12|13,5,11|13,5,12|13,5,14,2,7|13,5,14,6,11|13,5,14,6,12|13,5,14,7|13,5,14,11|13,5,14,12|13,7|13,11|13,12|14,2,7|14,2,13,5,6,11|14,2,13,5,6,12|14,2,13,5,11|14,2,13,5,12|14,2,13,7|14,2,13,11|14,2,13,12|14,4,13,2,7|14,4,13,5,6,11|14,4,13,5,6,12|14,4,13,5,11|14,4,13,5,12|14,4,13,7|14,4,13,11|14,4,13,12|14,5,6,11|14,5,6,12|14,5,11|14,5,12|14,5,13,2,7|14,5,13,7|14,5,13,11|14,5,13,12|14,6,5,11|14,6,5,12|14,6,5,13,2,7|14,6,5,13,7|14,6,5,13,11|14,6,5,13,12|14,6,11|14,6,12|14,7|14,11|14,12
13,3,2,10|13,3,10|13,3,14,6,11|13,3,14,6,12|13,3,14,7|13,3,14,11|13,3,14,12|13,4,14,3,2,10|13,4,14,3,10|13,4,14,6,11|13,4,14,6,12|13,4,14,7|13,4,14,11|13,4,14,12|13,7|13,11|13,12|14,3,2,10|14,3,10|14,3,13,7|14,3,13,11|14,3,13,12|14,4,13,3,2,10|14,4,13,3,10|14,4,13,7|14,4,13,11|14,4,13,12|14,6,11|14,6,12|14,7|14,11|14,12
13,2,3,10|13,2,3,14,5,11|13,2,3,14,5,12|13,2,3,14,10|13,2,3,14,11|13,2,3,14,12|13,2,4,14,3,10|13,2,4,14,5,11|13,2,4,14,5,12|13,2,4,14,10|13,2,4,14,11|13,2,4,14,12|13,2,10|13,2,14,3,10|13,2,14,5,11|13,2,14,5,12|13,2,14,10|13,2,14,11|13,2,14,12|13,3,2,4,14,5,11|13,3,2,4,14,5,12|13,3,2,4,14,10|13,3,2,4,14,11|13,3,2,4,14,12|13,3,2,10|13,3,2,14,5,11|13,3,2,14,5,12|13,3,2,14,10|13,3,2,14,11|13,3,2,14,12|13,3,10|13,3,14,2,10|13,3,14,4,2,10|13,3,14,5,11|13,3,14,5,12|13,3,14,10|13,3,14,11|13,3,14,12|13,4,2,3,10|13,4,2,3,14,5,11|13,4,2,3,14,5,12|13,4,2,3,14,10|13,4,2,3,14,11|13,4,2,3,14,12|13,4,2,10|13,4,2,14,3,10|13,4,2,14,5,11|13,4,2,14,5,12|13,4,2,14,10|13,4,2,14,11|13,4,2,14,12|13,4,14,2,3,10|13,4,14,2,10|13,4,14,3,2,10|13,4,14,3,10|13,4,14,5,11|13,4,14,5,12|13,4,14,10|13,4,14,11|13,4,14,12|13,5,11|13,5,12|13,5,14,2,3,10|13,5,14,2,10|13,5,14,3,2,10|13,5,14,3,10|13,5,14,4,2,3,10|13,5,14,4,2,10|13,5,14,10|13,5,14,11|13,5,14,12|13,7|13,10|13,11|13,12|14,2,3,10|14,2,3,13,5,11|14,2,3,13,5,12|14,2,3,13,7|14,2,3,13,10|14,2,3,13,11|14,2,3,13,12|14,2,4,13,3,10|14,2,4,13,5,11|14,2,4,13,5,12|14,2,4,13,7|14,2,4,13,10|14,2,4,13,11|14,2,4,13,12|14,2,10|14,2,13,3,10|14,2,13,5,11|14,2,13,5,12|14,2,13,7|14,2,13,10|14,2,13,11|14,2,13,12|14,3,2,4,13,5,11|14,3,2,4,13,5,12|14,3,2,4,13,7|14,3,2,4,13,10|14,3,2,4,13,11|14,3,2,4,13,12|14,3,2,10|14,3,2,13,5,11|14,3,2,13,5,12|14,3,2,13,7|14,3,2,13,10|14,3,2,13,11|14,3,2,13,12|14,3,10|14,3,13,2,10|14,3,13,4,2,10|14,3,13,5,11|14,3,13,5,12|14,3,13,7|14,3,13,10|14,3,13,11|14,3,13,12|14,4,2,3,10|14,4,2,3,13,5,11|14,4,2,3,13,5,12|14,4,2,3,13,7|14,4,2,3,13,10|14,4,2,3,13,11|14,4,2,3,13,12|14,4,2,10|14,4,2,13,3,10|14,4,2,13,5,11|14,4,2,13,5,12|14,4,2,13,7|14,4,2,13,10|14,4,2,13,11|14,4,2,13,12|14,4,13,2,3,10|14,4,13,2,10|14,4,13,3,2,10|14,4,13,3,10|14,4,13,5,11|14,4,13,5,12|14,4,13,7|14,4,13,10|14,4,13,11|14,4,13,12|14,5,11|14,5,12|14,5,13,2,3,10|14,5,13,2,10|14,5,13,3,2,10|14,5,13,3,10|14,5,13,4,2,3,10|14,5,13,4,2,10|14,5,13,7|14,5,13,10|14,5,13,11|14,5,13,12|14,10|14,11|14,12
13,2,4,14,3,10|13,2,4,14,10|13,2,4,14,11|13,2,4,14,12|13,2,14,3,10|13,2,14,10|13,2,14,11|13,2,14,12|13,3,10|13,3,14,10|13,3,14,11|13,3,14,12|13,4,2,14,3,10|13,4,2,14,10|13,4,2,14,11|13,4,2,14,12|13,4,14,3,10|13,4,14,10|13,4,14,11|13,4,14,12|13,10|13,11|13,12|14,2,4,13,3,10|14,2,4,13,10|14,2,4,13,11|14,2,4,13,12|14,2,13,3,10|14,2,13,10|14,2,13,11|14,2,13,12|14,3,10|14,3,13,10|14,3,13,11|14,3,13,12|14,4,2,13,3,10|14,4,2,13,10|14,4,2,13,11|14,4,2,13,12|14,4,13,3,10|14,4,13,10|14,4,13,11|14,4,13,12|14,10|14,11|14,12
13,2,4,7|13,2,4,14,3,10|13,2,4,14,5,6,11|13,2,4,14,5,6,12|13,2,4,14,5,11|13,2,4,14,5,12|13,2,4,14,10|13,2,4,14,11|13,2,4,14,12|13,2,7|13,2,14,3,10|13,2,14,4,7|13,2,14,5,6,11|13,2,14,5,6,12|13,2,14,5,11|13,2,14,5,12|13,2,14,10|13,2,14,11|13,2,14,12|13,3,10|13,3,14,2,4,7|13,3,14,2,7|13,3,14,4,2,7|13,3,14,4,7|13,3,14,5,6,11|13,3,14,5,6,12|13,3,14,5,11|13,3,14,5,12|13,3,14,10|13,3,14,11|13,3,14,12|13,4,2,7|13,4,2,14,3,10|13,4,2,14,5,6,11|13,4,2,14,5,6,12|13,4,2,14,5,11|13,4,2,14,5,12|13,4,2,14,10|13,4,2,14,11|13,4,2,14,12|13,4,7|13,4,14,2,7|13,4,14,3,10|13,4,14,5,6,11|13,4,14,5,6,12|13,4,14,5,11|13,4,14,5,12|13,4,14,10|13,4,14,11|13,4,14,12|13,5,6,11|13,5,6,12|13,5,11|13,5,12|13,5,14,2,4,7|13,5,14,2,7|13,5,14,3,10|13,5,14,4,2,7|13,5,14,4,7|13,5,14,10|13,5,14,11|13,5,14,12|13,6,5,11|13,6,5,12|13,6,5,14,2,4,7|13,6,5,14,2,7|13,6,5,14,3,10|13,6,5,14,4,2,7|13,6,5,14,4,7|13,6,5,14,10|13,6,5,14,11|13,6,5,14,12|13,6,11|13,6,12|13,10|13,11|13,12|14,2,4,7|14,2,4,13,3,10|14,2,4,13,5,6,11|14,2,4,13,5,6,12|14,2,4,13,5,11|14,2,4,13,5,12|14,2,4,13,6,5,11|14,2,4,13,6,5,12|14,2,4,13,6,11|14,2,4,13,6,12|14,2,4,13,10|14,2,4,13,11|14,2,4,13,12|14,2,7|14,2,13,3,10|14,2,13,4,7|14,2,13,5,6,11|14,2,13,5,6,12|14,2,13,5,11|14,2,13,5,12|14,2,13,6,5,11|14,2,13,6,5,12|14,2,13,6,11|14,2,13,6,12|14,2,13,10|14,2,13,11|14,2,13,12|14,3,10|14,3,13,2,4,7|14,3,13,2,7|14,3,13,4,2,7|14,3,13,4,7|14,3,13,5,6,11|14,3,13,5,6,12|14,3,13,5,11|14,3,13,5,12|14,3,13,6,5,11|14,3,13,6,5,12|14,3,13,6,11|14,3,13,6,12|14,3,13,10|14,3,13,11|14,3,13,12|14,4,2,7|14,4,2,13,3,10|14,4,2,13,5,6,11|14,4,2,13,5,6,12|14,4,2,13,5,11|14,4,2,13,5,12|14,4,2,13,6,5,11|14,4,2,13,6,5,12|14,4,2,13,6,11|14,4,2,13,6,12|14,4,2,13,10|14,4,2,13,11|14,4,2,13,12|14,4,7|14,4,13,2,7|14,4,13,3,10|14,4,13,5,6,11|14,4,13,5,6,12|14,4,13,5,11|14,4,13,5,12|14,4,13,6,5,11|14,4,13,6,5,12|14,4,13,6,11|14,4,13,6,12|14,4,13,10|14,4,13,11|14,4,13,12|14,5,6,11|14,5,6,12|14,5,6,13,2,4,7|14,5,6,13,2,7|14,5,6,13,3,10|14,5,6,13,4,2,7|14,5,6,13,4,7|14,5,6,13,10|14,5,6,13,11|14,5,6,13,12|14,5,11|14,5,12|14,5,13,2,4,7|14,5,13,2,7|14,5,13,3,10|14,5,13,4,2,7|14,5,13,4,7|14,5,13,6,11|14,5,13,6,12|14,5,13,10|14,5,13,11|14,5,13,12|14,10|14,11|14,12
13,3,10|13,3,14,4,2,7|13,3,14,4,7|13,3,14,9|13,3,14,10|13,3,14,11|13,4,2,7|13,4,7|13,4,14,3,10|13,4,14,9|13,4,14,10|13,4,14,11|13,6,9|13,6,11|13,9|13,10|13,11|14,3,10|14,3,13,4,2,7|14,3,13,4,7|14,3,13,6,9|14,3,13,6,11|14,3,13,9|14,3,13,10|14,3,13,11|14,4,2,7|14,4,7|14,4,13,3,10|14,4,13,6,9|14,4,13,6,11|14,4,13,9|14,4,13,10|14,4,13,11|14,9|14,10|14,11
13,2,3,10|13,2,3,14,5,6,9|13,2,3,14,5,6,11|13,2,3,14,5,9|13,2,3,14,5,11|13,2,3,14,6,5,9|13,2,3,14,6,5,11|13,2,3,14,6,9|13,2,3,14,6,11|13,2,3,14,9|13,2,3,14,10|13,2,3,14,11|13,2,10|13,2,14,3,10|13,2,14,5,6,9|13,2,14,5,6,11|13,2,14,5,9|13,2,14,5,11|13,2,14,6,5,9|13,2,14,6,5,11|13,2,14,6,9|13,2,14,6,11|13,2,14,9|13,2,14,10|13,2,14,11|13,3,2,10|13,3,2,14,5,6,9|13,3,2,14,5,6,11|13,3,2,14,5,9|13,3,2,14,5,11|13,3,2,14,6,5,9|13,3,2,14,6,5,11|13,3,2,14,6,9|13,3,2,14,6,11|13,3,2,14,9|13,3,2,14,10|13,3,2,14,11|13,3,10|13,3,14,2,10|13,3,14,5,6,9|13,3,14,5,6,11|13,3,14,5,9|13,3,14,5,11|13,3,14,6,5,9|13,3,14,6,5,11|13,3,14,6,9|13,3,14,6,11|13,3,14,9|13,3,14,10|13,3,14,11|13,5,6,9|13,5,6,11|13,5,6,14,2,3,10|13,5,6,14,2,10|13,5,6,14,3,2,10|13,5,6,14,3,10|13,5,6,14,9|13,5,6,14,10|13,5,6,14,11|13,5,9|13,5,11|13,5,14,2,3,10|13,5,14,2,10|13,5,14,3,2,10|13,5,14,3,10|13,5,14,6,9|13,5,14,6,11|13,5,14,9|13,5,14,10|13,5,14,11|13,6,5,9|13,6,5,11|13,6,5,14,2,3,10|13,6,5,14,2,10|13,6,5,14,3,2,10|13,6,5,14,3,10|13,6,5,14,9|13,6,5,14,10|13,6,5,14,11|13,6,9|13,6,11|13,6,14,2,3,10|13,6,14,2,10|13,6,14,3,2,10|13,6,14,3,10|13,6,14,5,9|13,6,14,5,11|13,6,14,9|13,6,14,10|13,6,14,11|13,9|13,10|13,11|14,2,3,10|14,2,3,13,5,6,9|14,2,3,13,5,6,11|14,2,3,13,5,9|14,2,3,13,5,11|14,2,3,13,6,5,9|14,2,3,13,6,5,11|14,2,3,13,6,9|14,2,3,13,6,11|14,2,3,13,9|14,2,3,13,10|14,2,3,13,11|14,2,10|14,2,13,3,10|14,2,13,5,6,9|14,2,13,5,6,11|14,2,13,5,9|14,2,13,5,11|14,2,13,6,5,9|14,2,13,6,5,11|14,2,13,6,9|14,2,13,6,11|14,2,13,9|14,2,13,10|14,2,13,11|14,3,2,10|14,3,2,13,5,6,9|14,3,2,13,5,6,11|14,3,2,13,5,9|14,3,2,13,5,11|14,3,2,13,6,5,9|14,3,2,13,6,5,11|14,3,2,13,6,9|14,3,2,13,6,11|14,3,2,13,9|14,3,2,13,10|14,3,2,13,11|14,3,10|14,3,13,2,10|14,3,13,5,6,9|14,3,13,5,6,11|14,3,13,5,9|14,3,13,5,11|14,3,13,6,5,9|14,3,13,6,5,11|14,3,13,6,9|14,3,13,6,11|14,3,13,9|14,3,13,10|14,3,13,11|14,5,6,9|14,5,6,11|14,5,6,13,2,3,10|14,5,6,13,2,10|14,5,6,13,3,2,10|14,5,6,13,3,10|14,5,6,13,9|14,5,6,13,10|14,5,6,13,11|14,5,9|14,5,11|14,5,13,2,3,10|14,5,13,2,10|14,5,13,3,2,10|14,5,13,3,10|14,5,13,6,9|14,5,13,6,11|14,5,13,9|14,5,13,10|14,5,13,11|14,6,5,9|14,6,5,11|14,6,5,13,2,3,10|14,6,5,13,2,10|14,6,5,13,3,2,10|14,6,5,13,3,10|14,6,5,13,9|14,6,5,13,10|14,6,5,13,11|14,6,9|14,6,11|14,6,13,2,3,10|14,6,13,2,10|14,6,13,3,2,10|14,6,13,3,10|14,6,13,5,9|14,6,13,5,11|14,6,13,9|14,6,13,10|14,6,13,11|14,9|14,10|14,11
13,2,3,10|13,2,3,14,6,9|13,2,3,14,6,11|13,2,3,14,9|13,2,3,14,10|13,2,3,14,11|13,2,10|13,2,14,3,10|13,2,14,6,9|13,2,14,6,11|13,2,14,9|13,2,14,10|13,2,14,11|13,3,2,10|13,3,2,14,6,9|13,3,2,14,6,11|13,3,2,14,9|13,3,2,14,10|13,3,2,14,11|13,3,10|13,3,14,2,10|13,3,14,6,9|13,3,14,6,11|13,3,14,9|13,3,14,10|13,3,14,11|13,6,9|13,6,11|13,6,14,2,3,10|13,6,14,2,10|13,6,14,3,2,10|13,6,14,3,10|13,6,14,9|13,6,14,10|13,6,14,11|13,9|13,10|13,11|14,2,3,10|14,2,3,13,6,9|14,2,3,13,6,11|14,2,3,13,9|14,2,3,13,10|14,2,3,13,11|14,2,10|14,2,13,3,10|14,2,13,6,9|14,2,13,6,11|14,2,13,9|14,2,13,10|14,2,13,11|14,3,2,10|14,3,2,13,6,9|14,3,2,13,6,11|14,3,2,13,9|14,3,2,13,10|14,3,2,13,11|14,3,10|14,3,13,2,10|14,3,13,6,9|14,3,13,6,11|14,3,13,9|14,3,13,10|14,3,13,11|14,6,9|14,6,11|14,6,13,2,3,10|14,6,13,2,10|14,6,13,3,2,10|14,6,13,3,10|14,6,13,9|14,6,13,10|14,6,13,11|14,9|14,10|14,11
13,2,4,7|13,2,10|13,2,14,3,10|13,2,14,5,6,8|13,2,14,5,6,9|13,2,14,5,8|13,2,14,5,9|13,2,14,6,5,8|13,2,14,6,5,9|13,2,14,6,8|13,2,14,6,9|13,2,14,8|13,2,14,9|13,2,14,10|13,3,10|13,3,14,2,4,7|13,3,14,2,10|13,3,14,5,6,8|13,3,14,5,6,9|13,3,14,5,8|13,3,14,5,9|13,3,14,6,5,8|13,3,14,6,5,9|13,3,14,6,8|13,3,14,6,9|13,3,14,8|13,3,14,9|13,3,14,10|13,5,6,8|13,5,6,9|13,5,6,14,2,4,7|13,5,6,14,2,10|13,5,6,14,3,10|13,5,6,14,8|13,5,6,14,9|13,5,6,14,10|13,5,8|13,5,9|13,5,14,2,4,7|13,5,14,2,10|13,5,14,3,10|13,5,14,6,8|13,5,14,6,9|13,5,14,8|13,5,14,9|13,5,14,10|13,8|13,9|13,10|14,2,4,7|14,2,10|14,2,13,3,10|14,2,13,5,6,8|14,2,13,5,6,9|14,2,13,5,8|14,2,13,5,9|14,2,13,8|14,2,13,9|14,2,13,10|14,3,10|14,3,13,2,4,7|14,3,13,2,10|14,3,13,5,6,8|14,3,13,5,6,9|14,3,13,5,8|14,3,13,5,9|14,3,13,8|14,3,13,9|14,3,13,10|14,5,6,8|14,5,6,9|14,5,8|14,5,9|14,5,13,2,4,7|14,5,13,2,10|14,5,13,3,10|14,5,13,8|14,5,13,9|14,5,13,10|14,6,5,8|14,6,5,9|14,6,5,13,2,4,7|14,6,5,13,2,10|14,6,5,13,3,10|14,6,5,13,8|14,6,5,13,9|14,6,5,13,10|14,6,8|14,6,9|14,8|14,9|14,10
13,3,10|13,3,14,4,2,7|13,3,14,4,7|13,3,14,6,8|13,3,14,6,9|13,3,14,8|13,3,14,9|13,3,14,10|13,8|13,9|13,10|14,3,10|14,3,13,8|14,3,13,9|14,3,13,10|14,4,2,7|14,4,7|14,6,8|14,6,9|14,8|14,9|14,10
13,2,4,7|13,2,4,14,3,10|13,2,4,14,5,8|13,2,4,14,5,9|13,2,4,14,7|13,2,4,14,8|13,2,4,14,9|13,2,7|13,2,14,3,10|13,2,14,4,7|13,2,14,5,8|13,2,14,5,9|13,2,14,7|13,2,14,8|13,2,14,9|13,3,10|13,3,14,2,4,7|13,3,14,2,7|13,3,14,4,2,7|13,3,14,4,7|13,3,14,5,8|13,3,14,5,9|13,3,14,7|13,3,14,8|13,3,14,9|13,4,2,7|13,4,2,14,3,10|13,4,2,14,5,8|13,4,2,14,5,9|13,4,2,14,7|13,4,2,14,8|13,4,2,14,9|13,4,7|13,4,14,2,7|13,4,14,3,10|13,4,14,5,8|13,4,14,5,9|13,4,14,7|13,4,14,8|13,4,14,9|13,5,8|13,5,9|13,5,14,2,4,7|13,5,14,2,7|13,5,14,3,10|13,5,14,4,2,7|13,5,14,4,7|13,5,14,7|13,5,14,8|13,5,14,9|13,7|13,8|13,9|13,10|14,2,4,7|14,2,4,13,3,10|14,2,4,13,5,8|14,2,4,13,5,9|14,2,4,13,7|14,2,4,13,8|14,2,4,13,9|14,2,4,13,10|14,2,7|14,2,13,3,10|14,2,13,4,7|14,2,13,5,8|14,2,13,5,9|14,2,13,7|14,2,13,8|14,2,13,9|14,2,13,10|14,3,10|14,3,13,2,4,7|14,3,13,2,7|14,3,13,4,2,7|14,3,13,4,7|14,3,13,5,8|14,3,13,5,9|14,3,13,7|14,3,13,8|14,3,13,9|14,3,13,10|14,4,2,7|14,4,2,13,3,10|14,4,2,13,5,8|14,4,2,13,5,9|14,4,2,13,7|14,4,2,13,8|14,4,2,13,9|14,4,2,13,10|14,4,7|14,4,13,2,7|14,4,13,3,10|14,4,13,5,8|14,4,13,5,9|14,4,13,7|14,4,13,8|14,4,13,9|14,4,13,10|14,5,8|14,5,9|14,5,13,2,4,7|14,5,13,2,7|14,5,13,3,10|14,5,13,4,2,7|14,5,13,4,7|14,5,13,7|14,5,13,8|14,5,13,9|14,5,13,10|14,7|14,8|14,9
13,2,3,10|13,2,3,14,4,7|13,2,3,14,7|13,2,3,14,8|13,2,3,14,9|13,2,4,7|13,2,4,14,3,10|13,2,4,14,7|13,2,4,14,8|13,2,4,14,9|13,2,14,3,10|13,2,14,4,7|13,2,14,7|13,2,14,8|13,2,14,9|13,3,2,4,7|13,3,2,4,14,7|13,3,2,4,14,8|13,3,2,4,14,9|13,3,2,14,4,7|13,3,2,14,7|13,3,2,14,8|13,3,2,14,9|13,3,10|13,3,14,2,4,7|13,3,14,4,7|13,3,14,7|13,3,14,8|13,3,14,9|13,4,2,3,10|13,4,2,3,14,7|13,4,2,3,14,8|13,4,2,3,14,9|13,4,2,14,3,10|13,4,2,14,7|13,4,2,14,8|13,4,2,14,9|13,4,7|13,4,14,2,3,10|13,4,14,3,10|13,4,14,7|13,4,14,8|13,4,14,9|13,7|13,8|13,9|14,2,3,10|14,2,3,13,4,7|14,2,3,13,7|14,2,3,13,8|14,2,3,13,9|14,2,4,7|14,2,4,13,3,10|14,2,4,13,7|14,2,4,13,8|14,2,4,13,9|14,2,13,3,10|14,2,13,4,7|14,2,13,7|14,2,13,8|14,2,13,9|14,3,2,4,7|14,3,2,4,13,7|14,3,2,4,13,8|14,3,2,4,13,9|14,3,2,13,4,7|14,3,2,13,7|14,3,2,13,8|14,3,2,13,9|14,3,10|14,3,13,2,4,7|14,3,13,4,7|14,3,13,7|14,3,13,8|14,3,13,9|14,4,2,3,10|14,4,2,3,13,7|14,4,2,3,13,8|14,4,2,3,13,9|14,4,2,13,3,10|14,4,2,13,7|14,4,2,13,8|14,4,2,13,9|14,4,7|14,4,13,2,3,10|14,4,13,3,10|14,4,13,7|14,4,13,8|14,4,13,9|14,7|14,8|14,9
13,2,3,14,4,7|13,2,3,14,5,6,8|13,2,3,14,5,6,9|13,2,3,14,5,8|13,2,3,14,5,9|13,2,3,14,7|13,2,3,14,8|13,2,3,14,9|13,2,10|13,2,14,4,7|13,2,14,5,6,8|13,2,14,5,6,9|13,2,14,5,8|13,2,14,5,9|13,2,14,7|13,2,14,8|13,2,14,9|13,3,2,10|13,3,2,14,4,7|13,3,2,14,5,6,8|13,3,2,14,5,6,9|13,3,2,14,5,8|13,3,2,14,5,9|13,3,2,14,7|13,3,2,14,8|13,3,2,14,9|13,3,14,2,10|13,3,14,4,7|13,3,14,5,6,8|13,3,14,5,6,9|13,3,14,5,8|13,3,14,5,9|13,3,14,7|13,3,14,8|13,3,14,9|13,4,7|13,4,14,2,10|13,4,14,3,2,10|13,4,14,5,6,8|13,4,14,5,6,9|13,4,14,5,8|13,4,14,5,9|13,4,14,7|13,4,14,8|13,4,14,9|13,5,6,8|13,5,6,9|13,5,8|13,5,9|13,5,14,2,10|13,5,14,3,2,10|13,5,14,4,7|13,5,14,7|13,5,14,8|13,5,14,9|13,6,5,8|13,6,5,9|13,6,5,14,2,10|13,6,5,14,3,2,10|13,6,5,14,4,7|13,6,5,14,7|13,6,5,14,8|13,6,5,14,9|13,6,8|13,6,9|13,7|13,8|13,9|14,2,3,13,4,7|14,2,3,13,5,6,8|14,2,3,13,5,6,9|14,2,3,13,5,8|14,2,3,13,5,9|14,2,3,13,6,5,8|14,2,3,13,6,5,9|14,2,3,13,6,8|14,2,3,13,6,9|14,2,3,13,7|14,2,3,13,8|14,2,3,13,9|14,2,10|14,2,13,4,7|14,2,13,5,6,8|14,2,13,5,6,9|14,2,13,5,8|14,2,13,5,9|14,2,13,6,5,8|14,2,13,6,5,9|14,2,13,6,8|14,2,13,6,9|14,2,13,7|14,2,13,8|14,2,13,9|14,3,2,10|14,3,2,13,4,7|14,3,2,13,5,6,8|14,3,2,13,5,6,9|14,3,2,13,5,8|14,3,2,13,5,9|14,3,2,13,6,5,8|14,3,2,13,6,5,9|14,3,2,13,6,8|14,3,2,13,6,9|14,3,2,13,7|14,3,2,13,8|14,3,2,13,9|14,3,13,2,10|14,3,13,4,7|14,3,13,5,6,8|14,3,13,5,6,9|14,3,13,5,8|14,3,13,5,9|14,3,13,6,5,8|14,3,13,6,5,9|14,3,13,6,8|14,3,13,6,9|14,3,13,7|14,3,13,8|14,3,13,9|14,4,7|14,4,13,2,10|14,4,13,3,2,10|14,4,13,5,6,8|14,4,13,5,6,9|14,4,13,5,8|14,4,13,5,9|14,4,13,6,5,8|14,4,13,6,5,9|14,4,13,6,8|14,4,13,6,9|14,4,13,7|14,4,13,8|14,4,13,9|14,5,6,8|14,5,6,9|14,5,6,13,2,10|14,5,6,13,3,2,10|14,5,6,13,4,7|14,5,6,13,7|14,5,6,13,8|14,5,6,13,9|14,5,8|14,5,9|14,5,13,2,10|14,5,13,3,2,10|14,5,13,4,7|14,5,13,6,8|14,5,13,6,9|14,5,13,7|14,5,13,8|14,5,13,9|14,7|14,8|14,9
13,3,14,4,7|13,3,14,7|13,3,14,8|13,3,14,12|13,4,7|13,4,14,7|13,4,14,8|13,4,14,12|13,6,8|13,6,12|13,7|13,8|13,12|14,3,13,4,7|14,3,13,6,8|14,3,13,6,12|14,3,13,7|14,3,13,8|14,3,13,12|14,4,7|14,4,13,6,8|14,4,13,6,12|14,4,13,7|14,4,13,8|14,4,13,12|14,7|14,8|14,12
13,2,4,7|13,2,4,14,5,6,8|13,2,4,14,5,6,12|13,2,4,14,5,8|13,2,4,14,5,12|13,2,4,14,6,5,8|13,2,4,14,6,5,12|13,2,4,14,6,8|13,2,4,14,6,12|13,2,4,14,7|13,2,4,14,8|13,2,4,14,12|13,2,7|13,2,14,4,7|13,2,14,5,6,8|13,2,14,5,6,12|13,2,14,5,8|13,2,14,5,12|13,2,14,6,5,8|13,2,14,6,5,12|13,2,14,6,8|13,2,14,6,12|13,2,14,7|13,2,14,8|13,2,14,12|13,4,2,7|13,4,2,14,5,6,8|13,4,2,14,5,6,12|13,4,2,14,5,8|13,4,2,14,5,12|13,4,2,14,6,5,8|13,4,2,14,6,5,12|13,4,2,14,6,8|13,4,2,14,6,12|13,4,2,14,7|13,4,2,14,8|13,4,2,14,12|13,4,7|13,4,14,2,7|13,4,14,5,6,8|13,4,14,5,6,12|13,4,14,5,8|13,4,14,5,12|13,4,14,6,5,8|13,4,14,6,5,12|13,4,14,6,8|13,4,14,6,12|13,4,14,7|13,4,14,8|13,4,14,12|13,5,6,8|13,5,6,12|13,5,6,14,2,4,7|13,5,6,14,2,7|13,5,6,14,4,2,7|13,5,6,14,4,7|13,5,6,14,7|13,5,6,14,8|13,5,6,14,12|13,5,8|13,5,12|13,5,14,2,4,7|13,5,14,2,7|13,5,14,4,2,7|13,5,14,4,7|13,5,14,6,8|13,5,14,6,12|13,5,14,7|13,5,14,8|13,5,14,12|13,6,5,8|13,6,5,12|13,6,5,14,2,4,7|13,6,5,14,2,7|13,6,5,14,4,2,7|13,6,5,14,4,7|13,6,5,14,7|13,6,5,14,8|13,6,5,14,12|13,6,8|13,6,12|13,6,14,2,4,7|13,6,14,2,7|13,6,14,4,2,7|13,6,14,4,7|13,6,14,5,8|13,6,14,5,12|13,6,14,7|13,6,14,8|13,6,14,12|13,7|13,8|13,12|14,2,4,7|14,2,4,13,5,6,8|14,2,4,13,5,6,12|14,2,4,13,5,8|14,2,4,13,5,12|14,2,4,13,6,5,8|14,2,4,13,6,5,12|14,2,4,13,6,8|14,2,4,13,6,12|14,2,4,13,7|14,2,4,13,8|14,2,4,13,12|14,2,7|14,2,13,4,7|14,2,13,5,6,8|14,2,13,5,6,12|14,2,13,5,8|14,2,13,5,12|14,2,13,6,5,8|14,2,13,6,5,12|14,2,13,6,8|14,2,13,6,12|14,2,13,7|14,2,13,8|14,2,13,12|14,4,2,7|14,4,2,13,5,6,8|14,4,2,13,5,6,12|14,4,2,13,5,8|14,4,2,13,5,12|14,4,2,13,6,5,8|14,4,2,13,6,5,12|14,4,2,13,6,8|14,4,2,13,6,12|14,4,2,13,7|14,4,2,13,8|14,4,2,13,12|14,4,7|14,4,13,2,7|14,4,13,5,6,8|14,4,13,5,6,12|14,4,13,5,8|14,4,13,5,12|14,4,13,6,5,8|14,4,13,6,5,12|14,4,13,6,8|14,4,13,6,12|14,4,13,7|14,4,13,8|14,4,13,12|14,5,6,8|14,5,6,12|14,5,6,13,2,4,7|14,5,6,13,2,7|14,5,6,13,4,2,7|14,5,6,13,4,7|14,5,6,13,7|14,5,6,13,8|14,5,6,13,12|14,5,8|14,5,12|14,5,13,2,4,7|14,5,13,2,7|14,5,13,4,2,7|14,5,13,4,7|14,5,13,6,8|14,5,13,6,12|14,5,13,7|14,5,13,8|14,5,13,12|14,6,5,8|14,6,5,12|14,6,5,13,2,4,7|14,6,5,13,2,7|14,6,5,13,4,2,7|14,6,5,13,4,7|14,6,5,13,7|14,6,5,13,8|14,6,5,13,12|14,6,8|14,6,12|14,6,13,2,4,7|14,6,13,2,7|14,6,13,4,2,7|14,6,13,4,7|14,6,13,5,8|14,6,13,5,12|14,6,13,7|14,6,13,8|14,6,13,12|14,7|14,8|14,12
13,2,4,7|13,2,4,14,6,8|13,2,4,14,6,12|13,2,4,14,7|13,2,4,14,8|13,2,4,14,12|13,2,7|13,2,14,4,7|13,2,14,6,8|13,2,14,6,12|13,2,14,7|13,2,14,8|13,2,14,12|13,4,2,7|13,4,2,14,6,8|13,4,2,14,6,12|13,4,2,14,7|13,4,2,14,8|13,4,2,14,12|13,4,7|13,4,14,2,7|13,4,14,6,8|13,4,14,6,12|13,4,14,7|13,4,14,8|13,4,14,12|13,6,8|13,6,12|13,6,14,2,4,7|13,6,14,2,7|13,6,14,4,2,7|13,6,14,4,7|13,6,14,7|13,6,14,8|13,6,14,12|13,7|13,8|13,12|14,2,4,7|14,2,4,13,6,8|14,2,4,13,6,12|14,2,4,13,7|14,2,4,13,8|14,2,4,13,12|14,2,7|14,2,13,4,7|14,2,13,6,8|14,2,13,6,12|14,2,13,7|14,2,13,8|14,2,13,12|14,4,2,7|14,4,2,13,6,8|14,4,2,13,6,12|14,4,2,13,7|14,4,2,13,8|14,4,2,13,12|14,4,7|14,4,13,2,7|14,4,13,6,8|14,4,13,6,12|14,4,13,7|14,4,13,8|14,4,13,12|14,6,8|14,6,12|14,6,13,2,4,7|14,6,13,2,7|14,6,13,4,2,7|14,6,13,4,7|14,6,13,7|14,6,13,8|14,6,13,12|14,7|14,8|14,12
13,2,3,4,7|13,2,3,4,14,5,6,11|13,2,3,4,14,5,6,12|13,2,3,4,14,5,11|13,2,3,4,14,5,12|13,2,3,4,14,6,5,11|13,2,3,4,14,6,5,12|13,2,3,4,14,6,11|13,2,3,4,14,6,12|13,2,3,4,14,7|13,2,3,4,14,11|13,2,3,4,14,12|13,2,4,7|13,2,4,14,5,6,11|13,2,4,14,5,6,12|13,2,4,14,5,11|13,2,4,14,5,12|13,2,4,14,6,5,11|13,2,4,14,6,5,12|13,2,4,14,6,11|13,2,4,14,6,12|13,2,4,14,7|13,2,4,14,11|13,2,4,14,12|13,2,7|13,2,14,4,7|13,2,14,5,6,11|13,2,14,5,6,12|13,2,14,5,11|13,2,14,5,12|13,2,14,6,5,11|13,2,14,6,5,12|13,2,14,6,11|13,2,14,6,12|13,2,14,7|13,2,14,11|13,2,14,12|13,4,2,7|13,4,2,14,5,6,11|13,4,2,14,5,6,12|13,4,2,14,5,11|13,4,2,14,5,12|13,4,2,14,6,5,11|13,4,2,14,6,5,12|13,4,2,14,6,11|13,4,2,14,6,12|13,4,2,14,7|13,4,2,14,11|13,4,2,14,12|13,4,3,2,7|13,4,3,2,14,5,6,11|13,4,3,2,14,5,6,12|13,4,3,2,14,5,11|13,4,3,2,14,5,12|13,4,3,2,14,6,5,11|13,4,3,2,14,6,5,12|13,4,3,2,14,6,11|13,4,3,2,14,6,12|13,4,3,2,14,7|13,4,3,2,14,11|13,4,3,2,14,12|13,4,7|13,4,14,2,7|13,4,14,5,6,11|13,4,14,5,6,12|13,4,14,5,11|13,4,14,5,12|13,4,14,6,5,11|13,4,14,6,5,12|13,4,14,6,11|13,4,14,6,12|13,4,14,7|13,4,14,11|13,4,14,12|13,5,6,11|13,5,6,12|13,5,6,14,2,3,4,7|13,5,6,14,2,4,7|13,5,6,14,2,7|13,5,6,14,4,2,7|13,5,6,14,4,3,2,7|13,5,6,14,4,7|13,5,6,14,7|13,5,6,14,11|13,5,6,14,12|13,5,11|13,5,12|13,5,14,2,3,4,7|13,5,14,2,4,7|13,5,14,2,7|13,5,14,4,2,7|13,5,14,4,3,2,7|13,5,14,4,7|13,5,14,6,11|13,5,14,6,12|13,5,14,7|13,5,14,11|13,5,14,12|13,7|13,11|13,12|14,2,3,4,7|14,2,3,4,13,5,6,11|14,2,3,4,13,5,6,12|14,2,3,4,13,5,11|14,2,3,4,13,5,12|14,2,3,4,13,7|14,2,3,4,13,11|14,2,3,4,13,12|14,2,4,7|14,2,4,13,5,6,11|14,2,4,13,5,6,12|14,2,4,13,5,11|14,2,4,13,5,12|14,2,4,13,7|14,2,4,13,11|14,2,4,13,12|14,2,7|14,2,13,4,7|14,2,13,5,6,11|14,2,13,5,6,12|14,2,13,5,11|14,2,13,5,12|14,2,13,7|14,2,13,11|14,2,13,12|14,4,2,7|14,4,2,13,5,6,11|14,4,2,13,5,6,12|14,4,2,13,5,11|14,4,2,13,5,12|14,4,2,13,7|14,4,2,13,11|14,4,2,13,12|14,4,3,2,7|14,4,3,2,13,5,6,11|14,4,3,2,13,5,6,12|14,4,3,2,13,5,11|14,4,3,2,13,5,12|14,4,3,2,13,7|14,4,3,2,13,11|14,4,3,2,13,12|14,4,7|14,4,13,2,7|14,4,13,5,6,11|14,4,13,5,6,12|14,4,13,5,11|14,4,13,5,12|14,4,13,7|14,4,13,11|14,4,13,12|14,5,6,11|14,5,6,12|14,5,11|14,5,12|14,5,13,2,3,4,7|14,5,13,2,4,7|14,5,13,2,7|14,5,13,4,2,7|14,5,13,4,3,2,7|14,5,13,4,7|14,5,13,7|14,5,13,11|14,5,13,12|14,6,5,11|14,6,5,12|14,6,5,13,2,3,4,7|14,6,5,13,2,4,7|14,6,5,13,2,7|14,6,5,13,4,2,7|14,6,5,13,4,3,2,7|14,6,5,13,4,7|14,6,5,13,7|14,6,5,13,11|14,6,5,13,12|14,6,11|14,6,12|14,7|14,11|14,12
13,4,2,10|13,4,3,2,10|13,4,7|13,4,14,6,11|13,4,14,6,12|13,4,14,7|13,4,14,11|13,4,14,12|13,7|13,11|13,12|14,4,2,10|14,4,3,2,10|14,4,7|14,4,13,7|14,4,13,11|14,4,13,12|14,6,11|14,6,12|14,7|14,11|14,12
13,2,10|13,2,14,5,11|13,2,14,5,12|13,2,14,10|13,2,14,11|13,2,14,12|13,5,11|13,5,12|13,5,14,2,10|13,5,14,10|13,5,14,11|13,5,14,12|13,7|13,10|13,11|13,12|14,2,10|14,2,13,5,11|14,2,13,5,12|14,2,13,7|14,2,13,10|14,2,13,11|14,2,13,12|14,5,11|14,5,12|14,5,13,2,10|14,5,13,7|14,5,13,10|14,5,13,11|14,5,13,12|14,10|14,11|14,12
13,2,14,10|13,2,14,11|13,2,14,12|13,10|13,11|13,12|14,2,13,10|14,2,13,11|14,2,13,12|14,10|14,11|14,12
13,2,7|13,2,14,5,6,11|13,2,14,5,6,12|13,2,14,5,11|13,2,14,5,12|13,2,14,10|13,2,14,11|13,2,14,12|13,5,6,11|13,5,6,12|13,5,11|13,5,12|13,5,14,2,7|13,5,14,10|13,5,14,11|13,5,14,12|13,6,5,11|13,6,5,12|13,6,5,14,2,7|13,6,5,14,10|13,6,5,14,11|13,6,5,14,12|13,6,11|13,6,12|13,10|13,11|13,12|14,2,7|14,2,13,5,6,11|14,2,13,5,6,12|14,2,13,5,11|14,2,13,5,12|14,2,13,6,5,11|14,2,13,6,5,12|14,2,13,6,11|14,2,13,6,12|14,2,13,10|14,2,13,11|14,2,13,12|14,5,6,11|14,5,6,12|14,5,6,13,2,7|14,5,6,13,10|14,5,6,13,11|14,5,6,13,12|14,5,11|14,5,12|14,5,13,2,7|14,5,13,6,11|14,5,13,6,12|14,5,13,10|14,5,13,11|14,5,13,12|14,10|14,11|14,12
13,3,2,4,14,9|13,3,2,4,14,10|13,3,2,4,14,11|13,3,2,7|13,3,4,2,7|13,3,4,14,9|13,3,4,14,10|13,3,4,14,11|13,3,14,4,2,7|13,3,14,9|13,3,14,10|13,3,14,11|13,6,9|13,6,11|13,9|13,10|13,11|14,3,2,7|14,3,4,2,7|14,3,13,6,9|14,3,13,6,11|14,3,13,9|14,3,13,10|14,3,13,11|14,4,2,3,13,6,9|14,4,2,3,13,6,11|14,4,2,3,13,9|14,4,2,3,13,10|14,4,2,3,13,11|14,4,2,7|14,4,3,2,7|14,4,3,13,6,9|14,4,3,13,6,11|14,4,3,13,9|14,4,3,13,10|14,4,3,13,11|14,9|14,10|14,11
13,2,3,4,14,5,6,9|13,2,3,4,14,5,6,11|13,2,3,4,14,5,9|13,2,3,4,14,5,11|13,2,3,4,14,6,5,9|13,2,3,4,14,6,5,11|13,2,3,4,14,6,9|13,2,3,4,14,6,11|13,2,3,4,14,9|13,2,3,4,14,10|13,2,3,4,14,11|13,2,3,14,5,6,9|13,2,3,14,5,6,11|13,2,3,14,5,9|13,2,3,14,5,11|13,2,3,14,6,5,9|13,2,3,14,6,5,11|13,2,3,14,6,9|13,2,3,14,6,11|13,2,3,14,9|13,2,3,14,10|13,2,3,14,11|13,2,4,3,14,5,6,9|13,2,4,3,14,5,6,11|13,2,4,3,14,5,9|13,2,4,3,14,5,11|13,2,4,3,14,6,5,9|13,2,4,3,14,6,5,11|13,2,4,3,14,6,9|13,2,4,3,14,6,11|13,2,4,3,14,9|13,2,4,3,14,10|13,2,4,3,14,11|13,2,4,14,5,6,9|13,2,4,14,5,6,11|13,2,4,14,5,9|13,2,4,14,5,11|13,2,4,14,6,5,9|13,2,4,14,6,5,11|13,2,4,14,6,9|13,2,4,14,6,11|13,2,4,14,9|13,2,4,14,10|13,2,4,14,11|13,2,10|13,2,14,5,6,9|13,2,14,5,6,11|13,2,14,5,9|13,2,14,5,11|13,2,14,6,5,9|13,2,14,6,5,11|13,2,14,6,9|13,2,14,6,11|13,2,14,9|13,2,14,10|13,2,14,11|13,3,2,4,14,5,6,9|13,3,2,4,14,5,6,11|13,3,2,4,14,5,9|13,3,2,4,14,5,11|13,3,2,4,14,6,5,9|13,3,2,4,14,6,5,11|13,3,2,4,14,6,9|13,3,2,4,14,6,11|13,3,2,4,14,9|13,3,2,4,14,10|13,3,2,4,14,11|13,3,2,10|13,3,2,14,5,6,9|13,3,2,14,5,6,11|13,3,2,14,5,9|13,3,2,14,5,11|13,3,2,14,6,5,9|13,3,2,14,6,5,11|13,3,2,14,6,9|13,3,2,14,6,11|13,3,2,14,9|13,3,2,14,10|13,3,2,14,11|13,3,4,2,10|13,3,4,2,14,5,6,9|13,3,4,2,14,5,6,11|13,3,4,2,14,5,9|13,3,4,2,14,5,11|13,3,4,2,14,6,5,9|13,3,4,2,14,6,5,11|13,3,4,2,14,6,9|13,3,4,2,14,6,11|13,3,4,2,14,9|13,3,4,2,14,10|13,3,4,2,14,11|13,3,4,14,2,10|13,3,4,14,5,6,9|13,3,4,14,5,6,11|13,3,4,14,5,9|13,3,4,14,5,11|13,3,4,14,6,5,9|13,3,4,14,6,5,11|13,3,4,14,6,9|13,3,4,14,6,11|13,3,4,14,9|13,3,4,14,10|13,3,4,14,11|13,3,14,2,10|13,3,14,4,2,10|13,3,14,5,6,9|13,3,14,5,6,11|13,3,14,5,9|13,3,14,5,11|13,3,14,6,5,9|13,3,14,6,5,11|13,3,14,6,9|13,3,14,6,11|13,3,14,9|13,3,14,10|13,3,14,11|13,4,2,3,14,5,6,9|13,4,2,3,14,5,6,11|13,4,2,3,14,5,9|13,4,2,3,14,5,11|13,4,2,3,14,6,5,9|13,4,2,3,14,6,5,11|13,4,2,3,14,6,9|13,4,2,3,14,6,11|13,4,2,3,14,9|13,4,2,3,14,10|13,4,2,3,14,11|13,4,2,10|13,4,2,14,5,6,9|13,4,2,14,5,6,11|13,4,2,14,5,9|13,4,2,14,5,11|13,4,2,14,6,5,9|13,4,2,14,6,5,11|13,4,2,14,6,9|13,4,2,14,6,11|13,4,2,14,9|13,4,2,14,10|13,4,2,14,11|13,4,3,2,10|13,4,3,2,14,5,6,9|13,4,3,2,14,5,6,11|13,4,3,2,14,5,9|13,4,3,2,14,5,11|13,4,3,2,14,6,5,9|13,4,3,2,14,6,5,11|13,4,3,2,14,6,9|13,4,3,2,14,6,11|13,4,3,2,14,9|13,4,3,2,14,10|13,4,3,2,14,11|13,4,3,14,2,10|13,4,3,14,5,6,9|13,4,3,14,5,6,11|13,4,3,14,5,9|13,4,3,14,5,11|13,4,3,14,6,5,9|13,4,3,14,6,5,11|13,4,3,14,6,9|13,4,3,14,6,11|13,4,3,14,9|13,4,3,14,10|13,4,3,14,11|13,4,14,2,10|13,4,14,3,2,10|13,4,14,5,6,9|13,4,14,5,6,11|13,4,14,5,9|13,4,14,5,11|13,4,14,6,5,9|13,4,14,6,5,11|13,4,14,6,9|13,4,14,6,11|13,4,14,9|13,4,14,10|13,4,14,11|13,5,6,9|13,5,6,11|13,5,6,14,2,10|13,5,6,14,3,2,10|13,5,6,14,3,4,2,10|13,5,6,14,4,2,10|13,5,6,14,4,3,2,10|13,5,6,14,9|13,5,6,14,10|13,5,6,14,11|13,5,9|13,5,11|13,5,14,2,10|13,5,14,3,2,10|13,5,14,3,4,2,10|13,5,14,4,2,10|13,5,14,4,3,2,10|13,5,14,6,9|13,5,14,6,11|13,5,14,9|13,5,14,10|13,5,14,11|13,6,5,9|13,6,5,11|13,6,5,14,2,10|13,6,5,14,3,2,10|13,6,5,14,3,4,2,10|13,6,5,14,4,2,10|13,6,5,14,4,3,2,10|13,6,5,14,9|13,6,5,14,10|13,6,5,14,11|13,6,9|13,6,11|13,6,14,2,10|13,6,14,3,2,10|13,6,14,3,4,2,10|13,6,14,4,2,10|13,6,14,4,3,2,10|13,6,14,5,9|13,6,14,5,11|13,6,14,9|13,6,14,10|13,6,14,11|13,9|13,10|13,11|14,2,3,4,13,5,6,9|14,2,3,4,13,5,6,11|14,2,3,4,13,5,9|14,2,3,4,13,5,11|14,2,3,4,13,6,5,9|14,2,3,4,13,6,5,11|14,2,3,4,13,6,9|14,2,3,4,13,6,11|14,2,3,4,13,9|14,2,3,4,13,10|14,2,3,4,13,11|14,2,3,13,5,6,9|14,2,3,13,5,6,11|14,2,3,13,5,9|14,2,3,13,5,11|14,2,3,13,6,5,9|14,2,3,13,6,5,11|14,2,3,13,6,9|14,2,3,13,6,11|14,2,3,13,9|14,2,3,13,10|14,2,3,13,11|14,2,4,3,13,5,6,9|14,2,4,3,13,5,6,11|14,2,4,3,13,5,9|14,2,4,3,13,5,11|14,2,4,3,13,6,5,9|14,2,4,3,13,6,5,11|14,2,4,3,13,6,9|14,2,4,3,13,6,11|14,2,4,3,13,9|14,2,4,3,13,10|14,2,4,3,13,11|14,2,4,13,5,6,9|14,2,4,13,5,6,11|14,2,4,13,5,9|14,2,4,13,5,11|14,2,4,13,6,5,9|14,2,4,13,6,5,11|14,2,4,13,6,9|14,2,4,13,6,11|14,2,4,13,9|14,2,4,13,10|14,2,4,13,11|14,2,10|14,2,13,5,6,9|14,2,13,5,6,11|14,2,13,5,9|14,2,13,5,11|14,2,13,6,5,9|14,2,13,6,5,11|14,2,13,6,9|14,2,13,6,11|14,2,13,9|14,2,13,10|14,2,13,11|14,3,2,4,13,5,6,9|14,3,2,4,13,5,6,11|14,3,2,4,13,5,9|14,3,2,4,13,5,11|14,3,2,4,13,6,5,9|14,3,2,4,13,6,5,11|14,3,2,4,13,6,9|14,3,2,4,13,6,11|14,3,2,4,13,9|14,3,2,4,13,10|14,3,2,4,13,11|14,3,2,10|14,3,2,13,5,6,9|14,3,2,13,5,6,11|14,3,2,13,5,9|14,3,2,13,5,11|14,3,2,13,6,5,9|14,3,2,13,6,5,11|14,3,2,13,6,9|14,3,2,13,6,11|14,3,2,13,9|14,3,2,13,10|14,3,2,13,11|14,3,4,2,10|14,3,4,2,13,5,6,9|14,3,4,2,13,5,6,11|14,3,4,2,13,5,9|14,3,4,2,13,5,11|14,3,4,2,13,6,5,9|14,3,4,2,13,6,5,11|14,3,4,2,13,6,9|14,3,4,2,13,6,11|14,3,4,2,13,9|14,3,4,2,13,10|14,3,4,2,13,11|14,3,4,13,2,10|14,3,4,13,5,6,9|14,3,4,13,5,6,11|14,3,4,13,5,9|14,3,4,13,5,11|14,3,4,13,6,5,9|14,3,4,13,6,5,11|14,3,4,13,6,9|14,3,4,13,6,11|14,3,4,13,9|14,3,4,13,10|14,3,4,13,11|14,3,13,2,10|14,3,13,4,2,10|14,3,13,5,6,9|14,3,13,5,6,11|14,3,13,5,9|14,3,13,5,11|14,3,13,6,5,9|14,3,13,6,5,11|14,3,13,6,9|14,3,13,6,11|14,3,13,9|14,3,13,10|14,3,13,11|14,4,2,3,13,5,6,9|14,4,2,3,13,5,6,11|14,4,2,3,13,5,9|14,4,2,3,13,5,11|14,4,2,3,13,6,5,9|14,4,2,3,13,6,5,11|14,4,2,3,13,6,9|14,4,2,3,13,6,11|14,4,2,3,13,9|14,4,2,3,13,10|14,4,2,3,13,11|14,4,2,10|14,4,2,13,5,6,9|14,4,2,13,5,6,11|14,4,2,13,5,9|14,4,2,13,5,11|14,4,2,13,6,5,9|14,4,2,13,6,5,11|14,4,2,13,6,9|14,4,2,13,6,11|14,4,2,13,9|14,4,2,13,10|14,4,2,13,11|14,4,3,2,10|14,4,3,2,13,5,6,9|14,4,3,2,13,5,6,11|14,4,3,2,13,5,9|14,4,3,2,13,5,11|14,4,3,2,13,6,5,9|14,4,3,2,13,6,5,11|14,4,3,2,13,6,9|14,4,3,2,13,6,11|14,4,3,2,13,9|14,4,3,2,13,10|14,4,3,2,13,11|14,4,3,13,2,10|14,4,3,13,5,6,9|14,4,3,13,5,6,11|14,4,3,13,5,9|14,4,3,13,5,11|14,4,3,13,6,5,9|14,4,3,13,6,5,11|14,4,3,13,6,9|14,4,3,13,6,11|14,4,3,13,9|14,4,3,13,10|14,4,3,13,11|14,4,13,2,10|14,4,13,3,2,10|14,4,13,5,6,9|14,4,13,5,6,11|14,4,13,5,9|14,4,13,5,11|14,4,13,6,5,9|14,4,13,6,5,11|14,4,13,6,9|14,4,13,6,11|14,4,13,9|14,4,13,10|14,4,13,11|14,5,6,9|14,5,6,11|14,5,6,13,2,10|14,5,6,13,3,2,10|14,5,6,13,3,4,2,10|14,5,6,13,4,2,10|14,5,6,13,4,3,2,10|14,5,6,13,9|14,5,6,13,10|14,5,6,13,11|14,5,9|14,5,11|14,5,13,2,10|14,5,13,3,2,10|14,5,13,3,4,2,10|14,5,13,4,2,10|14,5,13,4,3,2,10|14,5,13,6,9|14,5,13,6,11|14,5,13,9|14,5,13,10|14,5,13,11|14,6,5,9|14,6,5,11|14,6,5,13,2,10|14,6,5,13,3,2,10|14,6,5,13,3,4,2,10|14,6,5,13,4,2,10|14,6,5,13,4,3,2,10|14,6,5,13,9|14,6,5,13,10|14,6,5,13,11|14,6,9|14,6,11|14,6,13,2,10|14,6,13,3,2,10|14,6,13,3,4,2,10|14,6,13,4,2,10|14,6,13,4,3,2,10|14,6,13,5,9|14,6,13,5,11|14,6,13,9|14,6,13,10|14,6,13,11|14,9|14,10|14,11
13,2,4,3,14,6,9|13,2,4,3,14,6,11|13,2,4,3,14,9|13,2,4,3,14,10|13,2,4,3,14,11|13,2,4,14,6,9|13,2,4,14,6,11|13,2,4,14,9|13,2,4,14,10|13,2,4,14,11|13,2,10|13,2,14,6,9|13,2,14,6,11|13,2,14,9|13,2,14,10|13,2,14,11|13,3,4,2,10|13,3,4,2,14,6,9|13,3,4,2,14,6,11|13,3,4,2,14,9|13,3,4,2,14,10|13,3,4,2,14,11|13,3,4,14,2,10|13,3,4,14,6,9|13,3,4,14,6,11|13,3,4,14,9|13,3,4,14,10|13,3,4,14,11|13,3,14,2,10|13,3,14,4,2,10|13,3,14,6,9|13,3,14,6,11|13,3,14,9|13,3,14,10|13,3,14,11|13,4,2,10|13,4,2,14,6,9|13,4,2,14,6,11|13,4,2,14,9|13,4,2,14,10|13,4,2,14,11|13,4,3,14,2,10|13,4,3,14,6,9|13,4,3,14,6,11|13,4,3,14,9|13,4,3,14,10|13,4,3,14,11|13,4,14,2,10|13,4,14,6,9|13,4,14,6,11|13,4,14,9|13,4,14,10|13,4,14,11|13,6,9|13,6,11|13,6,14,2,10|13,6,14,3,4,2,10|13,6,14,4,2,10|13,6,14,9|13,6,14,10|13,6,14,11|13,9|13,10|13,11|14,2,4,3,13,6,9|14,2,4,3,13,6,11|14,2,4,3,13,9|14,2,4,3,13,10|14,2,4,3,13,11|14,2,4,13,6,9|14,2,4,13,6,11|14,2,4,13,9|14,2,4,13,10|14,2,4,13,11|14,2,10|14,2,13,6,9|14,2,13,6,11|14,2,13,9|14,2,13,10|14,2,13,11|14,3,4,2,10|14,3,4,2,13,6,9|14,3,4,2,13,6,11|14,3,4,2,13,9|14,3,4,2,13,10|14,3,4,2,13,11|14,3,4,13,2,10|14,3,4,13,6,9|14,3,4,13,6,11|14,3,4,13,9|14,3,4,13,10|14,3,4,13,11|14,3,13,2,10|14,3,13,4,2,10|14,3,13,6,9|14,3,13,6,11|14,3,13,9|14,3,13,10|14,3,13,11|14,4,2,10|14,4,2,13,6,9|14,4,2,13,6,11|14,4,2,13,9|14,4,2,13,10|14,4,2,13,11|14,4,3,13,2,10|14,4,3,13,6,9|14,4,3,13,6,11|14,4,3,13,9|14,4,3,13,10|14,4,3,13,11|14,4,13,2,10|14,4,13,6,9|14,4,13,6,11|14,4,13,9|14,4,13,10|14,4,13,11|14,6,9|14,6,11|14,6,13,2,10|14,6,13,3,4,2,10|14,6,13,4,2,10|14,6,13,9|14,6,13,10|14,6,13,11|14,9|14,10|14,11
13,2,10|13,2,14,5,6,8|13,2,14,5,6,9|13,2,14,5,8|13,2,14,5,9|13,2,14,6,5,8|13,2,14,6,5,9|13,2,14,6,8|13,2,14,6,9|13,2,14,8|13,2,14,9|13,2,14,10|13,3,4,14,2,10|13,3,4,14,5,6,8|13,3,4,14,5,6,9|13,3,4,14,5,8|13,3,4,14,5,9|13,3,4,14,6,5,8|13,3,4,14,6,5,9|13,3,4,14,6,8|13,3,4,14,6,9|13,3,4,14,8|13,3,4,14,9|13,3,4,14,10|13,3,14,2,10|13,3,14,5,6,8|13,3,14,5,6,9|13,3,14,5,8|13,3,14,5,9|13,3,14,6,5,8|13,3,14,6,5,9|13,3,14,6,8|13,3,14,6,9|13,3,14,8|13,3,14,9|13,3,14,10|13,4,3,14,2,10|13,4,3,14,5,6,8|13,4,3,14,5,6,9|13,4,3,14,5,8|13,4,3,14,5,9|13,4,3,14,6,5,8|13,4,3,14,6,5,9|13,4,3,14,6,8|13,4,3,14,6,9|13,4,3,14,8|13,4,3,14,9|13,4,3,14,10|13,4,14,2,10|13,4,14,5,6,8|13,4,14,5,6,9|13,4,14,5,8|13,4,14,5,9|13,4,14,6,5,8|13,4,14,6,5,9|13,4,14,6,8|13,4,14,6,9|13,4,14,8|13,4,14,9|13,4,14,10|13,5,6,8|13,5,6,9|13,5,6,14,2,10|13,5,6,14,8|13,5,6,14,9|13,5,6,14,10|13,5,8|13,5,9|13,5,14,2,10|13,5,14,6,8|13,5,14,6,9|13,5,14,8|13,5,14,9|13,5,14,10|13,8|13,9|13,10|14,2,10|14,2,13,5,6,8|14,2,13,5,6,9|14,2,13,5,8|14,2,13,5,9|14,2,13,8|14,2,13,9|14,2,13,10|14,3,4,13,2,10|14,3,4,13,5,6,8|14,3,4,13,5,6,9|14,3,4,13,5,8|14,3,4,13,5,9|14,3,4,13,8|14,3,4,13,9|14,3,4,13,10|14,3,13,2,10|14,3,13,5,6,8|14,3,13,5,6,9|14,3,13,5,8|14,3,13,5,9|14,3,13,8|14,3,13,9|14,3,13,10|14,4,3,13,2,10|14,4,3,13,5,6,8|14,4,3,13,5,6,9|14,4,3,13,5,8|14,4,3,13,5,9|14,4,3,13,8|14,4,3,13,9|14,4,3,13,10|14,4,13,2,10|14,4,13,5,6,8|14,4,13,5,6,9|14,4,13,5,8|14,4,13,5,9|14,4,13,8|14,4,13,9|14,4,13,10|14,5,6,8|14,5,6,9|14,5,8|14,5,9|14,5,13,2,10|14,5,13,8|14,5,13,9|14,5,13,10|14,6,5,8|14,6,5,9|14,6,5,13,2,10|14,6,5,13,8|14,6,5,13,9|14,6,5,13,10|14,6,8|14,6,9|14,8|14,9|14,10
13,3,4,14,6,8|13,3,4,14,6,9|13,3,4,14,8|13,3,4,14,9|13,3,4,14,10|13,3,14,6,8|13,3,14,6,9|13,3,14,8|13,3,14,9|13,3,14,10|13,4,3,14,6,8|13,4,3,14,6,9|13,4,3,14,8|13,4,3,14,9|13,4,3,14,10|13,4,14,6,8|13,4,14,6,9|13,4,14,8|13,4,14,9|13,4,14,10|13,8|13,9|13,10|14,3,4,13,8|14,3,4,13,9|14,3,4,13,10|14,3,13,8|14,3,13,9|14,3,13,10|14,4,3,13,8|14,4,3,13,9|14,4,3,13,10|14,4,13,8|14,4,13,9|14,4,13,10|14,6,8|14,6,9|14,8|14,9|14,10
13,2,3,4,14,5,8|13,2,3,4,14,5,9|13,2,3,4,14,7|13,2,3,4,14,8|13,2,3,4,14,9|13,2,3,14,5,8|13,2,3,14,5,9|13,2,3,14,7|13,2,3,14,8|13,2,3,14,9|13,2,4,3,14,5,8|13,2,4,3,14,5,9|13,2,4,3,14,7|13,2,4,3,14,8|13,2,4,3,14,9|13,2,4,14,5,8|13,2,4,14,5,9|13,2,4,14,7|13,2,4,14,8|13,2,4,14,9|13,2,7|13,2,14,5,8|13,2,14,5,9|13,2,14,7|13,2,14,8|13,2,14,9|13,3,2,4,14,5,8|13,3,2,4,14,5,9|13,3,2,4,14,7|13,3,2,4,14,8|13,3,2,4,14,9|13,3,2,7|13,3,2,14,5,8|13,3,2,14,5,9|13,3,2,14,7|13,3,2,14,8|13,3,2,14,9|13,3,4,2,7|13,3,4,2,14,5,8|13,3,4,2,14,5,9|13,3,4,2,14,7|13,3,4,2,14,8|13,3,4,2,14,9|13,3,4,14,2,7|13,3,4,14,5,8|13,3,4,14,5,9|13,3,4,14,7|13,3,4,14,8|13,3,4,14,9|13,3,14,2,7|13,3,14,4,2,7|13,3,14,5,8|13,3,14,5,9|13,3,14,7|13,3,14,8|13,3,14,9|13,4,2,3,14,5,8|13,4,2,3,14,5,9|13,4,2,3,14,7|13,4,2,3,14,8|13,4,2,3,14,9|13,4,2,7|13,4,2,14,5,8|13,4,2,14,5,9|13,4,2,14,7|13,4,2,14,8|13,4,2,14,9|13,4,3,2,7|13,4,3,2,14,5,8|13,4,3,2,14,5,9|13,4,3,2,14,7|13,4,3,2,14,8|13,4,3,2,14,9|13,4,3,14,2,7|13,4,3,14,5,8|13,4,3,14,5,9|13,4,3,14,7|13,4,3,14,8|13,4,3,14,9|13,4,14,2,7|13,4,14,3,2,7|13,4,14,5,8|13,4,14,5,9|13,4,14,7|13,4,14,8|13,4,14,9|13,5,8|13,5,9|13,5,14,2,7|13,5,14,3,2,7|13,5,14,3,4,2,7|13,5,14,4,2,7|13,5,14,4,3,2,7|13,5,14,7|13,5,14,8|13,5,14,9|13,7|13,8|13,9|13,10|14,2,3,4,13,5,8|14,2,3,4,13,5,9|14,2,3,4,13,7|14,2,3,4,13,8|14,2,3,4,13,9|14,2,3,4,13,10|14,2,3,13,5,8|14,2,3,13,5,9|14,2,3,13,7|14,2,3,13,8|14,2,3,13,9|14,2,3,13,10|14,2,4,3,13,5,8|14,2,4,3,13,5,9|14,2,4,3,13,7|14,2,4,3,13,8|14,2,4,3,13,9|14,2,4,3,13,10|14,2,4,13,5,8|14,2,4,13,5,9|14,2,4,13,7|14,2,4,13,8|14,2,4,13,9|14,2,4,13,10|14,2,7|14,2,13,5,8|14,2,13,5,9|14,2,13,7|14,2,13,8|14,2,13,9|14,2,13,10|14,3,2,4,13,5,8|14,3,2,4,13,5,9|14,3,2,4,13,7|14,3,2,4,13,8|14,3,2,4,13,9|14,3,2,4,13,10|14,3,2,7|14,3,2,13,5,8|14,3,2,13,5,9|14,3,2,13,7|14,3,2,13,8|14,3,2,13,9|14,3,2,13,10|14,3,4,2,7|14,3,4,2,13,5,8|14,3,4,2,13,5,9|14,3,4,2,13,7|14,3,4,2,13,8|14,3,4,2,13,9|14,3,4,2,13,10|14,3,4,13,2,7|14,3,4,13,5,8|14,3,4,13,5,9|14,3,4,13,7|14,3,4,13,8|14,3,4,13,9|14,3,4,13,10|14,3,13,2,7|14,3,13,4,2,7|14,3,13,5,8|14,3,13,5,9|14,3,13,7|14,3,13,8|14,3,13,9|14,3,13,10|14,4,2,3,13,5,8|14,4,2,3,13,5,9|14,4,2,3,13,7|14,4,2,3,13,8|14,4,2,3,13,9|14,4,2,3,13,10|14,4,2,7|14,4,2,13,5,8|14,4,2,13,5,9|14,4,2,13,7|14,4,2,13,8|14,4,2,13,9|14,4,2,13,10|14,4,3,2,7|14,4,3,2,13,5,8|14,4,3,2,13,5,9|14,4,3,2,13,7|14,4,3,2,13,8|14,4,3,2,13,9|14,4,3,2,13,10|14,4,3,13,2,7|14,4,3,13,5,8|14,4,3,13,5,9|14,4,3,13,7|14,4,3,13,8|14,4,3,13,9|14,4,3,13,10|14,4,13,2,7|14,4,13,3,2,7|14,4,13,5,8|14,4,13,5,9|14,4,13,7|14,4,13,8|14,4,13,9|14,4,13,10|14,5,8|14,5,9|14,5,13,2,7|14,5,13,3,2,7|14,5,13,3,4,2,7|14,5,13,4,2,7|14,5,13,4,3,2,7|14,5,13,7|14,5,13,8|14,5,13,9|14,5,13,10|14,7|14,8|14,9
13,2,3,4,14,7|13,2,3,4,14,8|13,2,3,4,14,9|13,2,3,14,7|13,2,3,14,8|13,2,3,14,9|13,2,4,3,14,7|13,2,4,3,14,8|13,2,4,3,14,9|13,2,4,14,7|13,2,4,14,8|13,2,4,14,9|13,2,14,7|13,2,14,8|13,2,14,9|13,3,2,4,14,7|13,3,2,4,14,8|13,3,2,4,14,9|13,3,2,14,7|13,3,2,14,8|13,3,2,14,9|13,3,4,2,14,7|13,3,4,2,14,8|13,3,4,2,14,9|13,3,4,14,7|13,3,4,14,8|13,3,4,14,9|13,3,14,7|13,3,14,8|13,3,14,9|13,4,2,3,14,7|13,4,2,3,14,8|13,4,2,3,14,9|13,4,2,14,7|13,4,2,14,8|13,4,2,14,9|13,4,3,2,14,7|13,4,3,2,14,8|13,4,3,2,14,9|13,4,3,14,7|13,4,3,14,8|13,4,3,14,9|13,4,14,7|13,4,14,8|13,4,14,9|13,7|13,8|13,9|14,2,3,4,13,7|14,2,3,4,13,8|14,2,3,4,13,9|14,2,3,13,7|14,2,3,13,8|14,2,3,13,9|14,2,4,3,13,7|14,2,4,3,13,8|14,2,4,3,13,9|14,2,4,13,7|14,2,4,13,8|14,2,4,13,9|14,2,13,7|14,2,13,8|14,2,13,9|14,3,2,4,13,7|14,3,2,4,13,8|14,3,2,4,13,9|14,3,2,13,7|14,3,2,13,8|14,3,2,13,9|14,3,4,2,13,7|14,3,4,2,13,8|14,3,4,2,13,9|14,3,4,13,7|14,3,4,13,8|14,3,4,13,9|14,3,13,7|14,3,13,8|14,3,13,9|14,4,2,3,13,7|14,4,2,3,13,8|14,4,2,3,13,9|14,4,2,13,7|14,4,2,13,8|14,4,2,13,9|14,4,3,2,13,7|14,4,3,2,13,8|14,4,3,2,13,9|14,4,3,13,7|14,4,3,13,8|14,4,3,13,9|14,4,13,7|14,4,13,8|14,4,13,9|14,7|14,8|14,9
13,2,4,3,14,5,6,8|13,2,4,3,14,5,6,9|13,2,4,3,14,5,8|13,2,4,3,14,5,9|13,2,4,3,14,7|13,2,4,3,14,8|13,2,4,3,14,9|13,2,4,10|13,2,4,14,5,6,8|13,2,4,14,5,6,9|13,2,4,14,5,8|13,2,4,14,5,9|13,2,4,14,7|13,2,4,14,8|13,2,4,14,9|13,2,10|13,2,14,3,4,10|13,2,14,4,10|13,2,14,5,6,8|13,2,14,5,6,9|13,2,14,5,8|13,2,14,5,9|13,2,14,7|13,2,14,8|13,2,14,9|13,3,4,2,10|13,3,4,2,14,5,6,8|13,3,4,2,14,5,6,9|13,3,4,2,14,5,8|13,3,4,2,14,5,9|13,3,4,2,14,7|13,3,4,2,14,8|13,3,4,2,14,9|13,3,4,10|13,3,4,14,2,10|13,3,4,14,5,6,8|13,3,4,14,5,6,9|13,3,4,14,5,8|13,3,4,14,5,9|13,3,4,14,7|13,3,4,14,8|13,3,4,14,9|13,3,14,2,4,10|13,3,14,2,10|13,3,14,4,2,10|13,3,14,4,10|13,3,14,5,6,8|13,3,14,5,6,9|13,3,14,5,8|13,3,14,5,9|13,3,14,7|13,3,14,8|13,3,14,9|13,4,2,10|13,4,2,14,5,6,8|13,4,2,14,5,6,9|13,4,2,14,5,8|13,4,2,14,5,9|13,4,2,14,7|13,4,2,14,8|13,4,2,14,9|13,4,3,14,2,10|13,4,3,14,5,6,8|13,4,3,14,5,6,9|13,4,3,14,5,8|13,4,3,14,5,9|13,4,3,14,7|13,4,3,14,8|13,4,3,14,9|13,4,10|13,4,14,2,10|13,4,14,5,6,8|13,4,14,5,6,9|13,4,14,5,8|13,4,14,5,9|13,4,14,7|13,4,14,8|13,4,14,9|13,5,6,8|13,5,6,9|13,5,8|13,5,9|13,5,14,2,4,10|13,5,14,2,10|13,5,14,3,4,2,10|13,5,14,3,4,10|13,5,14,4,2,10|13,5,14,4,10|13,5,14,7|13,5,14,8|13,5,14,9|13,6,5,8|13,6,5,9|13,6,5,14,2,4,10|13,6,5,14,2,10|13,6,5,14,3,4,2,10|13,6,5,14,3,4,10|13,6,5,14,4,2,10|13,6,5,14,4,10|13,6,5,14,7|13,6,5,14,8|13,6,5,14,9|13,6,8|13,6,9|13,7|13,8|13,9|14,2,4,3,13,5,6,8|14,2,4,3,13,5,6,9|14,2,4,3,13,5,8|14,2,4,3,13,5,9|14,2,4,3,13,6,5,8|14,2,4,3,13,6,5,9|14,2,4,3,13,6,8|14,2,4,3,13,6,9|14,2,4,3,13,7|14,2,4,3,13,8|14,2,4,3,13,9|14,2,4,10|14,2,4,13,5,6,8|14,2,4,13,5,6,9|14,2,4,13,5,8|14,2,4,13,5,9|14,2,4,13,6,5,8|14,2,4,13,6,5,9|14,2,4,13,6,8|14,2,4,13,6,9|14,2,4,13,7|14,2,4,13,8|14,2,4,13,9|14,2,10|14,2,13,3,4,10|14,2,13,4,10|14,2,13,5,6,8|14,2,13,5,6,9|14,2,13,5,8|14,2,13,5,9|14,2,13,6,5,8|14,2,13,6,5,9|14,2,13,6,8|14,2,13,6,9|14,2,13,7|14,2,13,8|14,2,13,9|14,3,4,2,10|14,3,4,2,13,5,6,8|14,3,4,2,13,5,6,9|14,3,4,2,13,5,8|14,3,4,2,13,5,9|14,3,4,2,13,6,5,8|14,3,4,2,13,6,5,9|14,3,4,2,13,6,8|14,3,4,2,13,6,9|14,3,4,2,13,7|14,3,4,2,13,8|14,3,4,2,13,9|14,3,4,10|14,3,4,13,2,10|14,3,4,13,5,6,8|14,3,4,13,5,6,9|14,3,4,13,5,8|14,3,4,13,5,9|14,3,4,13,6,5,8|14,3,4,13,6,5,9|14,3,4,13,6,8|14,3,4,13,6,9|14,3,4,13,7|14,3,4,13,8|14,3,4,13,9|14,3,13,2,4,10|14,3,13,2,10|14,3,13,4,2,10|14,3,13,4,10|14,3,13,5,6,8|14,3,13,5,6,9|14,3,13,5,8|14,3,13,5,9|14,3,13,6,5,8|14,3,13,6,5,9|14,3,13,6,8|14,3,13,6,9|14,3,13,7|14,3,13,8|14,3,13,9|14,4,2,10|14,4,2,13,5,6,8|14,4,2,13,5,6,9|14,4,2,13,5,8|14,4,2,13,5,9|14,4,2,13,6,5,8|14,4,2,13,6,5,9|14,4,2,13,6,8|14,4,2,13,6,9|14,4,2,13,7|14,4,2,13,8|14,4,2,13,9|14,4,3,13,2,10|14,4,3,13,5,6,8|14,4,3,13,5,6,9|14,4,3,13,5,8|14,4,3,13,5,9|14,4,3,13,6,5,8|14,4,3,13,6,5,9|14,4,3,13,6,8|14,4,3,13,6,9|14,4,3,13,7|14,4,3,13,8|14,4,3,13,9|14,4,10|14,4,13,2,10|14,4,13,5,6,8|14,4,13,5,6,9|14,4,13,5,8|14,4,13,5,9|14,4,13,6,5,8|14,4,13,6,5,9|14,4,13,6,8|14,4,13,6,9|14,4,13,7|14,4,13,8|14,4,13,9|14,5,6,8|14,5,6,9|14,5,6,13,2,4,10|14,5,6,13,2,10|14,5,6,13,3,4,2,10|14,5,6,13,3,4,10|14,5,6,13,4,2,10|14,5,6,13,4,10|14,5,6,13,7|14,5,6,13,8|14,5,6,13,9|14,5,8|14,5,9|14,5,13,2,4,10|14,5,13,2,10|14,5,13,3,4,2,10|14,5,13,3,4,10|14,5,13,4,2,10|14,5,13,4,10|14,5,13,6,8|14,5,13,6,9|14,5,13,7|14,5,13,8|14,5,13,9|14,7|14,8|14,9
13,3,14,4,2,10|13,3,14,4,10|13,3,14,7|13,3,14,8|13,3,14,12|13,4,2,10|13,4,10|13,4,14,7|13,4,14,8|13,4,14,12|13,6,8|13,6,12|13,7|13,8|13,12|14,3,13,4,2,10|14,3,13,4,10|14,3,13,6,8|14,3,13,6,12|14,3,13,7|14,3,13,8|14,3,13,12|14,4,2,10|14,4,10|14,4,13,6,8|14,4,13,6,12|14,4,13,7|14,4,13,8|14,4,13,12|14,7|14,8|14,12
13,2,7|13,2,14,5,6,8|13,2,14,5,6,12|13,2,14,5,8|13,2,14,5,12|13,2,14,6,5,8|13,2,14,6,5,12|13,2,14,6,8|13,2,14,6,12|13,2,14,7|13,2,14,8|13,2,14,12|13,3,14,2,7|13,3,14,5,6,8|13,3,14,5,6,12|13,3,14,5,8|13,3,14,5,12|13,3,14,6,5,8|13,3,14,6,5,12|13,3,14,6,8|13,3,14,6,12|13,3,14,7|13,3,14,8|13,3,14,12|13,5,6,8|13,5,6,12|13,5,6,14,2,7|13,5,6,14,7|13,5,6,14,8|13,5,6,14,12|13,5,8|13,5,12|13,5,14,2,7|13,5,14,6,8|13,5,14,6,12|13,5,14,7|13,5,14,8|13,5,14,12|13,6,5,8|13,6,5,12|13,6,5,14,2,7|13,6,5,14,7|13,6,5,14,8|13,6,5,14,12|13,6,8|13,6,12|13,6,14,2,7|13,6,14,5,8|13,6,14,5,12|13,6,14,7|13,6,14,8|13,6,14,12|13,7|13,8|13,12|14,2,7|14,2,13,5,6,8|14,2,13,5,6,12|14,2,13,5,8|14,2,13,5,12|14,2,13,6,5,8|14,2,13,6,5,12|14,2,13,6,8|14,2,13,6,12|14,2,13,7|14,2,13,8|14,2,13,12|14,3,13,2,7|14,3,13,5,6,8|14,3,13,5,6,12|14,3,13,5,8|14,3,13,5,12|14,3,13,6,5,8|14,3,13,6,5,12|14,3,13,6,8|14,3,13,6,12|14,3,13,7|14,3,13,8|14,3,13,12|14,5,6,8|14,5,6,12|14,5,6,13,2,7|14,5,6,13,7|14,5,6,13,8|14,5,6,13,12|14,5,8|14,5,12|14,5,13,2,7|14,5,13,6,8|14,5,13,6,12|14,5,13,7|14,5,13,8|14,5,13,12|14,6,5,8|14,6,5,12|14,6,5,13,2,7|14,6,5,13,7|14,6,5,13,8|14,6,5,13,12|14,6,8|14,6,12|14,6,13,2,7|14,6,13,5,8|14,6,13,5,12|14,6,13,7|14,6,13,8|14,6,13,12|14,7|14,8|14,12
13,2,3,14,6,8|13,2,3,14,6,12|13,2,3,14,7|13,2,3,14,8|13,2,3,14,12|13,2,7|13,2,14,6,8|13,2,14,6,12|13,2,14,7|13,2,14,8|13,2,14,12|13,3,2,7|13,3,2,14,6,8|13,3,2,14,6,12|13,3,2,14,7|13,3,2,14,8|13,3,2,14,12|13,3,14,2,7|13,3,14,6,8|13,3,14,6,12|13,3,14,7|13,3,14,8|13,3,14,12|13,6,8|13,6,12|13,6,14,2,7|13,6,14,3,2,7|13,6,14,7|13,6,14,8|13,6,14,12|13,7|13,8|13,12|14,2,3,13,6,8|14,2,3,13,6,12|14,2,3,13,7|14,2,3,13,8|14,2,3,13,12|14,2,7|14,2,13,6,8|14,2,13,6,12|14,2,13,7|14,2,13,8|14,2,13,12|14,3,2,7|14,3,2,13,6,8|14,3,2,13,6,12|14,3,2,13,7|14,3,2,13,8|14,3,2,13,12|14,3,13,2,7|14,3,13,6,8|14,3,13,6,12|14,3,13,7|14,3,13,8|14,3,13,12|14,6,8|14,6,12|14,6,13,2,7|14,6,13,3,2,7|14,6,13,7|14,6,13,8|14,6,13,12|14,7|14,8|14,12
13,2,3,7|13,2,3,14,5,6,11|13,2,3,14,5,6,12|13,2,3,14,5,11|13,2,3,14,5,12|13,2,3,14,6,5,11|13,2,3,14,6,5,12|13,2,3,14,6,11|13,2,3,14,6,12|13,2,3,14,7|13,2,3,14,11|13,2,3,14,12|13,2,4,10|13,2,7|13,2,14,3,7|13,2,14,5,6,11|13,2,14,5,6,12|13,2,14,5,11|13,2,14,5,12|13,2,14,6,5,11|13,2,14,6,5,12|13,2,14,6,11|13,2,14,6,12|13,2,14,7|13,2,14,11|13,2,14,12|13,3,2,4,10|13,3,2,7|13,3,2,14,5,6,11|13,3,2,14,5,6,12|13,3,2,14,5,11|13,3,2,14,5,12|13,3,2,14,6,5,11|13,3,2,14,6,5,12|13,3,2,14,6,11|13,3,2,14,6,12|13,3,2,14,7|13,3,2,14,11|13,3,2,14,12|13,3,7|13,3,14,2,4,10|13,3,14,2,7|13,3,14,5,6,11|13,3,14,5,6,12|13,3,14,5,11|13,3,14,5,12|13,3,14,6,5,11|13,3,14,6,5,12|13,3,14,6,11|13,3,14,6,12|13,3,14,7|13,3,14,11|13,3,14,12|13,5,6,11|13,5,6,12|13,5,6,14,2,3,7|13,5,6,14,2,4,10|13,5,6,14,2,7|13,5,6,14,3,2,4,10|13,5,6,14,3,2,7|13,5,6,14,3,7|13,5,6,14,7|13,5,6,14,11|13,5,6,14,12|13,5,11|13,5,12|13,5,14,2,3,7|13,5,14,2,4,10|13,5,14,2,7|13,5,14,3,2,4,10|13,5,14,3,2,7|13,5,14,3,7|13,5,14,6,11|13,5,14,6,12|13,5,14,7|13,5,14,11|13,5,14,12|13,7|13,11|13,12|14,2,3,7|14,2,3,13,5,6,11|14,2,3,13,5,6,12|14,2,3,13,5,11|14,2,3,13,5,12|14,2,3,13,7|14,2,3,13,11|14,2,3,13,12|14,2,4,10|14,2,7|14,2,13,3,7|14,2,13,5,6,11|14,2,13,5,6,12|14,2,13,5,11|14,2,13,5,12|14,2,13,7|14,2,13,11|14,2,13,12|14,3,2,4,10|14,3,2,7|14,3,2,13,5,6,11|14,3,2,13,5,6,12|14,3,2,13,5,11|14,3,2,13,5,12|14,3,2,13,7|14,3,2,13,11|14,3,2,13,12|14,3,7|14,3,13,2,4,10|14,3,13,2,7|14,3,13,5,6,11|14,3,13,5,6,12|14,3,13,5,11|14,3,13,5,12|14,3,13,7|14,3,13,11|14,3,13,12|14,5,6,11|14,5,6,12|14,5,11|14,5,12|14,5,13,2,3,7|14,5,13,2,4,10|14,5,13,2,7|14,5,13,3,2,4,10|14,5,13,3,2,7|14,5,13,3,7|14,5,13,7|14,5,13,11|14,5,13,12|14,6,5,11|14,6,5,12|14,6,5,13,2,3,7|14,6,5,13,2,4,10|14,6,5,13,2,7|14,6,5,13,3,2,4,10|14,6,5,13,3,2,7|14,6,5,13,3,7|14,6,5,13,7|14,6,5,13,11|14,6,5,13,12|14,6,11|14,6,12|14,7|14,11|14,12
13,3,7|13,3,14,4,2,10|13,3,14,4,10|13,3,14,6,11|13,3,14,6,12|13,3,14,7|13,3,14,11|13,3,14,12|13,7|13,11|13,12|14,3,7|14,3,13,7|14,3,13,11|14,3,13,12|14,4,2,10|14,4,10|14,6,11|14,6,12|14,7|14,11|14,12
13,2,4,10|13,2,4,14,5,11|13,2,4,14,5,12|13,2,4,14,10|13,2,4,14,11|13,2,4,14,12|13,2,10|13,2,14,4,10|13,2,14,5,11|13,2,14,5,12|13,2,14,10|13,2,14,11|13,2,14,12|13,4,2,10|13,4,2,14,5,11|13,4,2,14,5,12|13,4,2,14,10|13,4,2,14,11|13,4,2,14,12|13,4,10|13,4,14,2,10|13,4,14,5,11|13,4,14,5,12|13,4,14,10|13,4,14,11|13,4,14,12|13,5,11|13,5,12|13,5,14,2,4,10|13,5,14,2,10|13,5,14,4,2,10|13,5,14,4,10|13,5,14,10|13,5,14,11|13,5,14,12|13,7|13,10|13,11|13,12|14,2,4,10|14,2,4,13,5,11|14,2,4,13,5,12|14,2,4,13,7|14,2,4,13,10|14,2,4,13,11|14,2,4,13,12|14,2,10|14,2,13,4,10|14,2,13,5,11|14,2,13,5,12|14,2,13,7|14,2,13,10|14,2,13,11|14,2,13,12|14,4,2,10|14,4,2,13,5,11|14,4,2,13,5,12|14,4,2,13,7|14,4,2,13,10|14,4,2,13,11|14,4,2,13,12|14,4,10|14,4,13,2,10|14,4,13,5,11|14,4,13,5,12|14,4,13,7|14,4,13,10|14,4,13,11|14,4,13,12|14,5,11|14,5,12|14,5,13,2,4,10|14,5,13,2,10|14,5,13,4,2,10|14,5,13,4,10|14,5,13,7|14,5,13,10|14,5,13,11|14,5,13,12|14,10|14,11|14,12
13,2,4,10|13,2,4,14,10|13,2,4,14,11|13,2,4,14,12|13,2,14,4,10|13,2,14,10|13,2,14,11|13,2,14,12|13,4,2,14,10|13,4,2,14,11|13,4,2,14,12|13,4,10|13,4,14,10|13,4,14,11|13,4,14,12|13,10|13,11|13,12|14,2,4,10|14,2,4,13,10|14,2,4,13,11|14,2,4,13,12|14,2,13,4,10|14,2,13,10|14,2,13,11|14,2,13,12|14,4,2,13,10|14,4,2,13,11|14,4,2,13,12|14,4,10|14,4,13,10|14,4,13,11|14,4,13,12|14,10|14,11|14,12
13,2,3,7|13,2,7|13,2,14,4,10|13,2,14,5,6,11|13,2,14,5,6,12|13,2,14,5,11|13,2,14,5,12|13,2,14,10|13,2,14,11|13,2,14,12|13,4,10|13,4,14,2,3,7|13,4,14,2,7|13,4,14,5,6,11|13,4,14,5,6,12|13,4,14,5,11|13,4,14,5,12|13,4,14,10|13,4,14,11|13,4,14,12|13,5,6,11|13,5,6,12|13,5,11|13,5,12|13,5,14,2,3,7|13,5,14,2,7|13,5,14,4,10|13,5,14,10|13,5,14,11|13,5,14,12|13,6,5,11|13,6,5,12|13,6,5,14,2,3,7|13,6,5,14,2,7|13,6,5,14,4,10|13,6,5,14,10|13,6,5,14,11|13,6,5,14,12|13,6,11|13,6,12|13,10|13,11|13,12|14,2,3,7|14,2,7|14,2,13,4,10|14,2,13,5,6,11|14,2,13,5,6,12|14,2,13,5,11|14,2,13,5,12|14,2,13,6,5,11|14,2,13,6,5,12|14,2,13,6,11|14,2,13,6,12|14,2,13,10|14,2,13,11|14,2,13,12|14,4,10|14,4,13,2,3,7|14,4,13,2,7|14,4,13,5,6,11|14,4,13,5,6,12|14,4,13,5,11|14,4,13,5,12|14,4,13,6,5,11|14,4,13,6,5,12|14,4,13,6,11|14,4,13,6,12|14,4,13,10|14,4,13,11|14,4,13,12|14,5,6,11|14,5,6,12|14,5,6,13,2,3,7|14,5,6,13,2,7|14,5,6,13,4,10|14,5,6,13,10|14,5,6,13,11|14,5,6,13,12|14,5,11|14,5,12|14,5,13,2,3,7|14,5,13,2,7|14,5,13,4,10|14,5,13,6,11|14,5,13,6,12|14,5,13,10|14,5,13,11|14,5,13,12|14,10|14,11|14,12
13,4,10|13,4,14,9|13,4,14,10|13,4,14,11|13,6,9|13,6,11|13,9|13,10|13,11|14,4,10|14,4,13,6,9|14,4,13,6,11|14,4,13,9|14,4,13,10|14,4,13,11|14,9|14,10|14,11
13,2,4,10|13,2,4,14,5,6,9|13,2,4,14,5,6,11|13,2,4,14,5,9|13,2,4,14,5,11|13,2,4,14,6,5,9|13,2,4,14,6,5,11|13,2,4,14,6,9|13,2,4,14,6,11|13,2,4,14,9|13,2,4,14,10|13,2,4,14,11|13,2,10|13,2,14,4,10|13,2,14,5,6,9|13,2,14,5,6,11|13,2,14,5,9|13,2,14,5,11|13,2,14,6,5,9|13,2,14,6,5,11|13,2,14,6,9|13,2,14,6,11|13,2,14,9|13,2,14,10|13,2,14,11|13,4,2,10|13,4,2,14,5,6,9|13,4,2,14,5,6,11|13,4,2,14,5,9|13,4,2,14,5,11|13,4,2,14,6,5,9|13,4,2,14,6,5,11|13,4,2,14,6,9|13,4,2,14,6,11|13,4,2,14,9|13,4,2,14,10|13,4,2,14,11|13,4,10|13,4,14,2,10|13,4,14,5,6,9|13,4,14,5,6,11|13,4,14,5,9|13,4,14,5,11|13,4,14,6,5,9|13,4,14,6,5,11|13,4,14,6,9|13,4,14,6,11|13,4,14,9|13,4,14,10|13,4,14,11|13,5,6,9|13,5,6,11|13,5,6,14,2,4,10|13,5,6,14,2,10|13,5,6,14,4,2,10|13,5,6,14,4,10|13,5,6,14,9|13,5,6,14,10|13,5,6,14,11|13,5,9|13,5,11|13,5,14,2,4,10|13,5,14,2,10|13,5,14,4,2,10|13,5,14,4,10|13,5,14,6,9|13,5,14,6,11|13,5,14,9|13,5,14,10|13,5,14,11|13,6,5,9|13,6,5,11|13,6,5,14,2,4,10|13,6,5,14,2,10|13,6,5,14,4,2,10|13,6,5,14,4,10|13,6,5,14,9|13,6,5,14,10|13,6,5,14,11|13,6,9|13,6,11|13,6,14,2,4,10|13,6,14,2,10|13,6,14,4,2,10|13,6,14,4,10|13,6,14,5,9|13,6,14,5,11|13,6,14,9|13,6,14,10|13,6,14,11|13,9|13,10|13,11|14,2,4,10|14,2,4,13,5,6,9|14,2,4,13,5,6,11|14,2,4,13,5,9|14,2,4,13,5,11|14,2,4,13,6,5,9|14,2,4,13,6,5,11|14,2,4,13,6,9|14,2,4,13,6,11|14,2,4,13,9|14,2,4,13,10|14,2,4,13,11|14,2,10|14,2,13,4,10|14,2,13,5,6,9|14,2,13,5,6,11|14,2,13,5,9|14,2,13,5,11|14,2,13,6,5,9|14,2,13,6,5,11|14,2,13,6,9|14,2,13,6,11|14,2,13,9|14,2,13,10|14,2,13,11|14,4,2,10|14,4,2,13,5,6,9|14,4,2,13,5,6,11|14,4,2,13,5,9|14,4,2,13,5,11|14,4,2,13,6,5,9|14,4,2,13,6,5,11|14,4,2,13,6,9|14,4,2,13,6,11|14,4,2,13,9|14,4,2,13,10|14,4,2,13,11|14,4,10|14,4,13,2,10|14,4,13,5,6,9|14,4,13,5,6,11|14,4,13,5,9|14,4,13,5,11|14,4,13,6,5,9|14,4,13,6,5,11|14,4,13,6,9|14,4,13,6,11|14,4,13,9|14,4,13,10|14,4,13,11|14,5,6,9|14,5,6,11|14,5,6,13,2,4,10|14,5,6,13,2,10|14,5,6,13,4,2,10|14,5,6,13,4,10|14,5,6,13,9|14,5,6,13,10|14,5,6,13,11|14,5,9|14,5,11|14,5,13,2,4,10|14,5,13,2,10|14,5,13,4,2,10|14,5,13,4,10|14,5,13,6,9|14,5,13,6,11|14,5,13,9|14,5,13,10|14,5,13,11|14,6,5,9|14,6,5,11|14,6,5,13,2,4,10|14,6,5,13,2,10|14,6,5,13,4,2,10|14,6,5,13,4,10|14,6,5,13,9|14,6,5,13,10|14,6,5,13,11|14,6,9|14,6,11|14,6,13,2,4,10|14,6,13,2,10|14,6,13,4,2,10|14,6,13,4,10|14,6,13,5,9|14,6,13,5,11|14,6,13,9|14,6,13,10|14,6,13,11|14,9|14,10|14,11
13,2,4,10|13,2,4,14,6,9|13,2,4,14,6,11|13,2,4,14,9|13,2,4,14,10|13,2,4,14,11|13,2,10|13,2,14,4,10|13,2,14,6,9|13,2,14,6,11|13,2,14,9|13,2,14,10|13,2,14,11|13,4,2,10|13,4,2,14,6,9|13,4,2,14,6,11|13,4,2,14,9|13,4,2,14,10|13,4,2,14,11|13,4,10|13,4,14,2,10|13,4,14,6,9|13,4,14,6,11|13,4,14,9|13,4,14,10|13,4,14,11|13,6,9|13,6,11|13,6,14,2,4,10|13,6,14,2,10|13,6,14,4,2,10|13,6,14,4,10|13,6,14,9|13,6,14,10|13,6,14,11|13,9|13,10|13,11|14,2,4,10|14,2,4,13,6,9|14,2,4,13,6,11|14,2,4,13,9|14,2,4,13,10|14,2,4,13,11|14,2,10|14,2,13,4,10|14,2,13,6,9|14,2,13,6,11|14,2,13,9|14,2,13,10|14,2,13,11|14,4,2,10|14,4,2,13,6,9|14,4,2,13,6,11|14,4,2,13,9|14,4,2,13,10|14,4,2,13,11|14,4,10|14,4,13,2,10|14,4,13,6,9|14,4,13,6,11|14,4,13,9|14,4,13,10|14,4,13,11|14,6,9|14,6,11|14,6,13,2,4,10|14,6,13,2,10|14,6,13,4,2,10|14,6,13,4,10|14,6,13,9|14,6,13,10|14,6,13,11|14,9|14,10|14,11
13,2,4,10|13,2,4,14,5,6,8|13,2,4,14,5,6,9|13,2,4,14,5,8|13,2,4,14,5,9|13,2,4,14,6,5,8|13,2,4,14,6,5,9|13,2,4,14,6,8|13,2,4,14,6,9|13,2,4,14,8|13,2,4,14,9|13,2,4,14,10|13,2,10|13,2,14,4,10|13,2,14,5,6,8|13,2,14,5,6,9|13,2,14,5,8|13,2,14,5,9|13,2,14,6,5,8|13,2,14,6,5,9|13,2,14,6,8|13,2,14,6,9|13,2,14,8|13,2,14,9|13,2,14,10|13,4,2,10|13,4,2,14,5,6,8|13,4,2,14,5,6,9|13,4,2,14,5,8|13,4,2,14,5,9|13,4,2,14,6,5,8|13,4,2,14,6,5,9|13,4,2,14,6,8|13,4,2,14,6,9|13,4,2,14,8|13,4,2,14,9|13,4,2,14,10|13,4,10|13,4,14,2,10|13,4,14,5,6,8|13,4,14,5,6,9|13,4,14,5,8|13,4,14,5,9|13,4,14,6,5,8|13,4,14,6,5,9|13,4,14,6,8|13,4,14,6,9|13,4,14,8|13,4,14,9|13,4,14,10|13,5,6,8|13,5,6,9|13,5,6,14,2,4,10|13,5,6,14,2,10|13,5,6,14,4,2,10|13,5,6,14,4,10|13,5,6,14,8|13,5,6,14,9|13,5,6,14,10|13,5,8|13,5,9|13,5,14,2,4,10|13,5,14,2,10|13,5,14,4,2,10|13,5,14,4,10|13,5,14,6,8|13,5,14,6,9|13,5,14,8|13,5,14,9|13,5,14,10|13,8|13,9|13,10|14,2,4,10|14,2,4,13,5,6,8|14,2,4,13,5,6,9|14,2,4,13,5,8|14,2,4,13,5,9|14,2,4,13,8|14,2,4,13,9|14,2,4,13,10|14,2,10|14,2,13,4,10|14,2,13,5,6,8|14,2,13,5,6,9|14,2,13,5,8|14,2,13,5,9|14,2,13,8|14,2,13,9|14,2,13,10|14,4,2,10|14,4,2,13,5,6,8|14,4,2,13,5,6,9|14,4,2,13,5,8|14,4,2,13,5,9|14,4,2,13,8|14,4,2,13,9|14,4,2,13,10|14,4,10|14,4,13,2,10|14,4,13,5,6,8|14,4,13,5,6,9|14,4,13,5,8|14,4,13,5,9|14,4,13,8|14,4,13,9|14,4,13,10|14,5,6,8|14,5,6,9|14,5,8|14,5,9|14,5,13,2,4,10|14,5,13,2,10|14,5,13,4,2,10|14,5,13,4,10|14,5,13,8|14,5,13,9|14,5,13,10|14,6,5,8|14,6,5,9|14,6,5,13,2,4,10|14,6,5,13,2,10|14,6,5,13,4,2,10|14,6,5,13,4,10|14,6,5,13,8|14,6,5,13,9|14,6,5,13,10|14,6,8|14,6,9|14,8|14,9|14,10
13,3,2,4,10|13,3,2,4,14,6,8|13,3,2,4,14,6,9|13,3,2,4,14,8|13,3,2,4,14,9|13,3,2,4,14,10|13,3,2,7|13,3,7|13,3,14,4,2,7|13,3,14,4,10|13,3,14,6,8|13,3,14,6,9|13,3,14,8|13,3,14,9|13,3,14,10|13,4,2,3,7|13,4,2,3,14,6,8|13,4,2,3,14,6,9|13,4,2,3,14,8|13,4,2,3,14,9|13,4,2,3,14,10|13,4,2,7|13,4,10|13,4,14,3,2,7|13,4,14,3,7|13,4,14,6,8|13,4,14,6,9|13,4,14,8|13,4,14,9|13,4,14,10|13,8|13,9|13,10|14,3,2,4,10|14,3,2,4,13,8|14,3,2,4,13,9|14,3,2,4,13,10|14,3,2,7|14,3,7|14,3,13,4,2,7|14,3,13,4,10|14,3,13,8|14,3,13,9|14,3,13,10|14,4,2,3,7|14,4,2,3,13,8|14,4,2,3,13,9|14,4,2,3,13,10|14,4,2,7|14,4,10|14,4,13,3,2,7|14,4,13,3,7|14,4,13,8|14,4,13,9|14,4,13,10|14,6,8|14,6,9|14,8|14,9|14,10
13,2,3,7|13,2,3,14,5,8|13,2,3,14,5,9|13,2,3,14,7|13,2,3,14,8|13,2,3,14,9|13,2,7|13,2,14,3,7|13,2,14,5,8|13,2,14,5,9|13,2,14,7|13,2,14,8|13,2,14,9|13,3,2,7|13,3,2,14,5,8|13,3,2,14,5,9|13,3,2,14,7|13,3,2,14,8|13,3,2,14,9|13,3,7|13,3,14,2,7|13,3,14,5,8|13,3,14,5,9|13,3,14,7|13,3,14,8|13,3,14,9|13,5,8|13,5,9|13,5,14,2,3,7|13,5,14,2,7|13,5,14,3,2,7|13,5,14,3,7|13,5,14,7|13,5,14,8|13,5,14,9|13,7|13,8|13,9|13,10|14,2,3,7|14,2,3,13,5,8|14,2,3,13,5,9|14,2,3,13,7|14,2,3,13,8|14,2,3,13,9|14,2,3,13,10|14,2,7|14,2,13,3,7|14,2,13,5,8|14,2,13,5,9|14,2,13,7|14,2,13,8|14,2,13,9|14,2,13,10|14,3,2,7|14,3,2,13,5,8|14,3,2,13,5,9|14,3,2,13,7|14,3,2,13,8|14,3,2,13,9|14,3,2,13,10|14,3,7|14,3,13,2,7|14,3,13,5,8|14,3,13,5,9|14,3,13,7|14,3,13,8|14,3,13,9|14,3,13,10|14,5,8|14,5,9|14,5,13,2,3,7|14,5,13,2,7|14,5,13,3,2,7|14,5,13,3,7|14,5,13,7|14,5,13,8|14,5,13,9|14,5,13,10|14,7|14,8|14,9
13,2,14,3,7|13,2,14,7|13,2,14,8|13,2,14,9|13,3,7|13,3,14,7|13,3,14,8|13,3,14,9|13,7|13,8|13,9|14,2,13,3,7|14,2,13,7|14,2,13,8|14,2,13,9|14,3,7|14,3,13,7|14,3,13,8|14,3,13,9|14,7|14,8|14,9
13,2,10|13,2,14,3,7|13,2,14,5,6,8|13,2,14,5,6,9|13,2,14,5,8|13,2,14,5,9|13,2,14,7|13,2,14,8|13,2,14,9|13,3,7|13,3,14,2,10|13,3,14,5,6,8|13,3,14,5,6,9|13,3,14,5,8|13,3,14,5,9|13,3,14,7|13,3,14,8|13,3,14,9|13,5,6,8|13,5,6,9|13,5,8|13,5,9|13,5,14,2,10|13,5,14,3,7|13,5,14,7|13,5,14,8|13,5,14,9|13,6,5,8|13,6,5,9|13,6,5,14,2,10|13,6,5,14,3,7|13,6,5,14,7|13,6,5,14,8|13,6,5,14,9|13,6,8|13,6,9|13,7|13,8|13,9|14,2,10|14,2,13,3,7|14,2,13,5,6,8|14,2,13,5,6,9|14,2,13,5,8|14,2,13,5,9|14,2,13,6,5,8|14,2,13,6,5,9|14,2,13,6,8|14,2,13,6,9|14,2,13,7|14,2,13,8|14,2,13,9|14,3,7|14,3,13,2,10|14,3,13,5,6,8|14,3,13,5,6,9|14,3,13,5,8|14,3,13,5,9|14,3,13,6,5,8|14,3,13,6,5,9|14,3,13,6,8|14,3,13,6,9|14,3,13,7|14,3,13,8|14,3,13,9|14,5,6,8|14,5,6,9|14,5,6,13,2,10|14,5,6,13,3,7|14,5,6,13,7|14,5,6,13,8|14,5,6,13,9|14,5,8|14,5,9|14,5,13,2,10|14,5,13,3,7|14,5,13,6,8|14,5,13,6,9|14,5,13,7|14,5,13,8|14,5,13,9|14,7|14,8|14,9
13,3,7|13,3,14,4,2,10|13,3,14,7|13,3,14,8|13,3,14,12|13,6,8|13,6,12|13,7|13,8|13,12|14,3,7|14,3,13,6,8|14,3,13,6,12|14,3,13,7|14,3,13,8|14,3,13,12|14,4,2,10|14,7|14,8|14,12
13,2,3,4,14,5,6,8|13,2,3,4,14,5,6,12|13,2,3,4,14,5,8|13,2,3,4,14,5,12|13,2,3,4,14,6,5,8|13,2,3,4,14,6,5,12|13,2,3,4,14,6,8|13,2,3,4,14,6,12|13,2,3,4,14,7|13,2,3,4,14,8|13,2,3,4,14,12|13,2,3,7|13,2,3,14,5,6,8|13,2,3,14,5,6,12|13,2,3,14,5,8|13,2,3,14,5,12|13,2,3,14,6,5,8|13,2,3,14,6,5,12|13,2,3,14,6,8|13,2,3,14,6,12|13,2,3,14,7|13,2,3,14,8|13,2,3,14,12|13,2,4,3,7|13,2,4,3,14,5,6,8|13,2,4,3,14,5,6,12|13,2,4,3,14,5,8|13,2,4,3,14,5,12|13,2,4,3,14,6,5,8|13,2,4,3,14,6,5,12|13,2,4,3,14,6,8|13,2,4,3,14,6,12|13,2,4,3,14,7|13,2,4,3,14,8|13,2,4,3,14,12|13,2,4,14,3,7|13,2,4,14,5,6,8|13,2,4,14,5,6,12|13,2,4,14,5,8|13,2,4,14,5,12|13,2,4,14,6,5,8|13,2,4,14,6,5,12|13,2,4,14,6,8|13,2,4,14,6,12|13,2,4,14,7|13,2,4,14,8|13,2,4,14,12|13,2,7|13,2,14,3,7|13,2,14,4,3,7|13,2,14,5,6,8|13,2,14,5,6,12|13,2,14,5,8|13,2,14,5,12|13,2,14,6,5,8|13,2,14,6,5,12|13,2,14,6,8|13,2,14,6,12|13,2,14,7|13,2,14,8|13,2,14,12|13,3,2,4,14,5,6,8|13,3,2,4,14,5,6,12|13,3,2,4,14,5,8|13,3,2,4,14,5,12|13,3,2,4,14,6,5,8|13,3,2,4,14,6,5,12|13,3,2,4,14,6,8|13,3,2,4,14,6,12|13,3,2,4,14,7|13,3,2,4,14,8|13,3,2,4,14,12|13,3,2,7|13,3,2,14,5,6,8|13,3,2,14,5,6,12|13,3,2,14,5,8|13,3,2,14,5,12|13,3,2,14,6,5,8|13,3,2,14,6,5,12|13,3,2,14,6,8|13,3,2,14,6,12|13,3,2,14,7|13,3,2,14,8|13,3,2,14,12|13,3,4,2,7|13,3,4,2,14,5,6,8|13,3,4,2,14,5,6,12|13,3,4,2,14,5,8|13,3,4,2,14,5,12|13,3,4,2,14,6,5,8|13,3,4,2,14,6,5,12|13,3,4,2,14,6,8|13,3,4,2,14,6,12|13,3,4,2,14,7|13,3,4,2,14,8|13,3,4,2,14,12|13,3,4,14,2,7|13,3,4,14,5,6,8|13,3,4,14,5,6,12|13,3,4,14,5,8|13,3,4,14,5,12|13,3,4,14,6,5,8|13,3,4,14,6,5,12|13,3,4,14,6,8|13,3,4,14,6,12|13,3,4,14,7|13,3,4,14,8|13,3,4,14,12|13,3,7|13,3,14,2,7|13,3,14,4,2,7|13,3,14,5,6,8|13,3,14,5,6,12|13,3,14,5,8|13,3,14,5,12|13,3,14,6,5,8|13,3,14,6,5,12|13,3,14,6,8|13,3,14,6,12|13,3,14,7|13,3,14,8|13,3,14,12|13,4,2,3,7|13,4,2,3,14,5,6,8|13,4,2,3,14,5,6,12|13,4,2,3,14,5,8|13,4,2,3,14,5,12|13,4,2,3,14,6,5,8|13,4,2,3,14,6,5,12|13,4,2,3,14,6,8|13,4,2,3,14,6,12|13,4,2,3,14,7|13,4,2,3,14,8|13,4,2,3,14,12|13,4,2,7|13,4,2,14,3,7|13,4,2,14,5,6,8|13,4,2,14,5,6,12|13,4,2,14,5,8|13,4,2,14,5,12|13,4,2,14,6,5,8|13,4,2,14,6,5,12|13,4,2,14,6,8|13,4,2,14,6,12|13,4,2,14,7|13,4,2,14,8|13,4,2,14,12|13,4,3,2,7|13,4,3,2,14,5,6,8|13,4,3,2,14,5,6,12|13,4,3,2,14,5,8|13,4,3,2,14,5,12|13,4,3,2,14,6,5,8|13,4,3,2,14,6,5,12|13,4,3,2,14,6,8|13,4,3,2,14,6,12|13,4,3,2,14,7|13,4,3,2,14,8|13,4,3,2,14,12|13,4,3,7|13,4,3,14,2,7|13,4,3,14,5,6,8|13,4,3,14,5,6,12|13,4,3,14,5,8|13,4,3,14,5,12|13,4,3,14,6,5,8|13,4,3,14,6,5,12|13,4,3,14,6,8|13,4,3,14,6,12|13,4,3,14,7|13,4,3,14,8|13,4,3,14,12|13,4,14,2,3,7|13,4,14,2,7|13,4,14,3,2,7|13,4,14,3,7|13,4,14,5,6,8|13,4,14,5,6,12|13,4,14,5,8|13,4,14,5,12|13,4,14,6,5,8|13,4,14,6,5,12|13,4,14,6,8|13,4,14,6,12|13,4,14,7|13,4,14,8|13,4,14,12|13,5,6,8|13,5,6,12|13,5,6,14,2,3,7|13,5,6,14,2,4,3,7|13,5,6,14,2,7|13,5,6,14,3,2,7|13,5,6,14,3,4,2,7|13,5,6,14,3,7|13,5,6,14,4,2,3,7|13,5,6,14,4,2,7|13,5,6,14,4,3,2,7|13,5,6,14,4,3,7|13,5,6,14,7|13,5,6,14,8|13,5,6,14,12|13,5,8|13,5,12|13,5,14,2,3,7|13,5,14,2,4,3,7|13,5,14,2,7|13,5,14,3,2,7|13,5,14,3,4,2,7|13,5,14,3,7|13,5,14,4,2,3,7|13,5,14,4,2,7|13,5,14,4,3,2,7|13,5,14,4,3,7|13,5,14,6,8|13,5,14,6,12|13,5,14,7|13,5,14,8|13,5,14,12|13,6,5,8|13,6,5,12|13,6,5,14,2,3,7|13,6,5,14,2,4,3,7|13,6,5,14,2,7|13,6,5,14,3,2,7|13,6,5,14,3,4,2,7|13,6,5,14,3,7|13,6,5,14,4,2,3,7|13,6,5,14,4,2,7|13,6,5,14,4,3,2,7|13,6,5,14,4,3,7|13,6,5,14,7|13,6,5,14,8|13,6,5,14,12|13,6,8|13,6,12|13,6,14,2,3,7|13,6,14,2,4,3,7|13,6,14,2,7|13,6,14,3,2,7|13,6,14,3,4,2,7|13,6,14,3,7|13,6,14,4,2,3,7|13,6,14,4,2,7|13,6,14,4,3,2,7|13,6,14,4,3,7|13,6,14,5,8|13,6,14,5,12|13,6,14,7|13,6,14,8|13,6,14,12|13,7|13,8|13,12|14,2,3,4,13,5,6,8|14,2,3,4,13,5,6,12|14,2,3,4,13,5,8|14,2,3,4,13,5,12|14,2,3,4,13,6,5,8|14,2,3,4,13,6,5,12|14,2,3,4,13,6,8|14,2,3,4,13,6,12|14,2,3,4,13,7|14,2,3,4,13,8|14,2,3,4,13,12|14,2,3,7|14,2,3,13,5,6,8|14,2,3,13,5,6,12|14,2,3,13,5,8|14,2,3,13,5,12|14,2,3,13,6,5,8|14,2,3,13,6,5,12|14,2,3,13,6,8|14,2,3,13,6,12|14,2,3,13,7|14,2,3,13,8|14,2,3,13,12|14,2,4,3,7|14,2,4,3,13,5,6,8|14,2,4,3,13,5,6,12|14,2,4,3,13,5,8|14,2,4,3,13,5,12|14,2,4,3,13,6,5,8|14,2,4,3,13,6,5,12|14,2,4,3,13,6,8|14,2,4,3,13,6,12|14,2,4,3,13,7|14,2,4,3,13,8|14,2,4,3,13,12|14,2,4,13,3,7|14,2,4,13,5,6,8|14,2,4,13,5,6,12|14,2,4,13,5,8|14,2,4,13,5,12|14,2,4,13,6,5,8|14,2,4,13,6,5,12|14,2,4,13,6,8|14,2,4,13,6,12|14,2,4,13,7|14,2,4,13,8|14,2,4,13,12|14,2,7|14,2,13,3,7|14,2,13,4,3,7|14,2,13,5,6,8|14,2,13,5,6,12|14,2,13,5,8|14,2,13,5,12|14,2,13,6,5,8|14,2,13,6,5,12|14,2,13,6,8|14,2,13,6,12|14,2,13,7|14,2,13,8|14,2,13,12|14,3,2,4,13,5,6,8|14,3,2,4,13,5,6,12|14,3,2,4,13,5,8|14,3,2,4,13,5,12|14,3,2,4,13,6,5,8|14,3,2,4,13,6,5,12|14,3,2,4,13,6,8|14,3,2,4,13,6,12|14,3,2,4,13,7|14,3,2,4,13,8|14,3,2,4,13,12|14,3,2,7|14,3,2,13,5,6,8|14,3,2,13,5,6,12|14,3,2,13,5,8|14,3,2,13,5,12|14,3,2,13,6,5,8|14,3,2,13,6,5,12|14,3,2,13,6,8|14,3,2,13,6,12|14,3,2,13,7|14,3,2,13,8|14,3,2,13,12|14,3,4,2,7|14,3,4,2,13,5,6,8|14,3,4,2,13,5,6,12|14,3,4,2,13,5,8|14,3,4,2,13,5,12|14,3,4,2,13,6,5,8|14,3,4,2,13,6,5,12|14,3,4,2,13,6,8|14,3,4,2,13,6,12|14,3,4,2,13,7|14,3,4,2,13,8|14,3,4,2,13,12|14,3,4,13,2,7|14,3,4,13,5,6,8|14,3,4,13,5,6,12|14,3,4,13,5,8|14,3,4,13,5,12|14,3,4,13,6,5,8|14,3,4,13,6,5,12|14,3,4,13,6,8|14,3,4,13,6,12|14,3,4,13,7|14,3,4,13,8|14,3,4,13,12|14,3,7|14,3,13,2,7|14,3,13,4,2,7|14,3,13,5,6,8|14,3,13,5,6,12|14,3,13,5,8|14,3,13,5,12|14,3,13,6,5,8|14,3,13,6,5,12|14,3,13,6,8|14,3,13,6,12|14,3,13,7|14,3,13,8|14,3,13,12|14,4,2,3,7|14,4,2,3,13,5,6,8|14,4,2,3,13,5,6,12|14,4,2,3,13,5,8|14,4,2,3,13,5,12|14,4,2,3,13,6,5,8|14,4,2,3,13,6,5,12|14,4,2,3,13,6,8|14,4,2,3,13,6,12|14,4,2,3,13,7|14,4,2,3,13,8|14,4,2,3,13,12|14,4,2,7|14,4,2,13,3,7|14,4,2,13,5,6,8|14,4,2,13,5,6,12|14,4,2,13,5,8|14,4,2,13,5,12|14,4,2,13,6,5,8|14,4,2,13,6,5,12|14,4,2,13,6,8|14,4,2,13,6,12|14,4,2,13,7|14,4,2,13,8|14,4,2,13,12|14,4,3,2,7|14,4,3,2,13,5,6,8|14,4,3,2,13,5,6,12|14,4,3,2,13,5,8|14,4,3,2,13,5,12|14,4,3,2,13,6,5,8|14,4,3,2,13,6,5,12|14,4,3,2,13,6,8|14,4,3,2,13,6,12|14,4,3,2,13,7|14,4,3,2,13,8|14,4,3,2,13,12|14,4,3,7|14,4,3,13,2,7|14,4,3,13,5,6,8|14,4,3,13,5,6,12|14,4,3,13,5,8|14,4,3,13,5,12|14,4,3,13,6,5,8|14,4,3,13,6,5,12|14,4,3,13,6,8|14,4,3,13,6,12|14,4,3,13,7|14,4,3,13,8|14,4,3,13,12|14,4,13,2,3,7|14,4,13,2,7|14,4,13,3,2,7|14,4,13,3,7|14,4,13,5,6,8|14,4,13,5,6,12|14,4,13,5,8|14,4,13,5,12|14,4,13,6,5,8|14,4,13,6,5,12|14,4,13,6,8|14,4,13,6,12|14,4,13,7|14,4,13,8|14,4,13,12|14,5,6,8|14,5,6,12|14,5,6,13,2,3,7|14,5,6,13,2,4,3,7|14,5,6,13,2,7|14,5,6,13,3,2,7|14,5,6,13,3,4,2,7|14,5,6,13,3,7|14,5,6,13,4,2,3,7|14,5,6,13,4,2,7|14,5,6,13,4,3,2,7|14,5,6,13,4,3,7|14,5,6,13,7|14,5,6,13,8|14,5,6,13,12|14,5,8|14,5,12|14,5,13,2,3,7|14,5,13,2,4,3,7|14,5,13,2,7|14,5,13,3,2,7|14,5,13,3,4,2,7|14,5,13,3,7|14,5,13,4,2,3,7|14,5,13,4,2,7|14,5,13,4,3,2,7|14,5,13,4,3,7|14,5,13,6,8|14,5,13,6,12|14,5,13,7|14,5,13,8|14,5,13,12|14,6,5,8|14,6,5,12|14,6,5,13,2,3,7|14,6,5,13,2,4,3,7|14,6,5,13,2,7|14,6,5,13,3,2,7|14,6,5,13,3,4,2,7|14,6,5,13,3,7|14,6,5,13,4,2,3,7|14,6,5,13,4,2,7|14,6,5,13,4,3,2,7|14,6,5,13,4,3,7|14,6,5,13,7|14,6,5,13,8|14,6,5,13,12|14,6,8|14,6,12|14,6,13,2,3,7|14,6,13,2,4,3,7|14,6,13,2,7|14,6,13,3,2,7|14,6,13,3,4,2,7|14,6,13,3,7|14,6,13,4,2,3,7|14,6,13,4,2,7|14,6,13,4,3,2,7|14,6,13,4,3,7|14,6,13,5,8|14,6,13,5,12|14,6,13,7|14,6,13,8|14,6,13,12|14,7|14,8|14,12
13,2,3,4,14,6,8|13,2,3,4,14,6,12|13,2,3,4,14,7|13,2,3,4,14,8|13,2,3,4,14,12|13,2,3,7|13,2,3,14,6,8|13,2,3,14,6,12|13,2,3,14,7|13,2,3,14,8|13,2,3,14,12|13,2,4,3,7|13,2,4,3,14,6,8|13,2,4,3,14,6,12|13,2,4,3,14,7|13,2,4,3,14,8|13,2,4,3,14,12|13,2,4,14,3,7|13,2,4,14,6,8|13,2,4,14,6,12|13,2,4,14,7|13,2,4,14,8|13,2,4,14,12|13,2,7|13,2,14,3,7|13,2,14,4,3,7|13,2,14,6,8|13,2,14,6,12|13,2,14,7|13,2,14,8|13,2,14,12|13,3,2,4,14,6,8|13,3,2,4,14,6,12|13,3,2,4,14,7|13,3,2,4,14,8|13,3,2,4,14,12|13,3,2,7|13,3,2,14,6,8|13,3,2,14,6,12|13,3,2,14,7|13,3,2,14,8|13,3,2,14,12|13,3,4,2,7|13,3,4,2,14,6,8|13,3,4,2,14,6,12|13,3,4,2,14,7|13,3,4,2,14,8|13,3,4,2,14,12|13,3,4,14,2,7|13,3,4,14,6,8|13,3,4,14,6,12|13,3,4,14,7|13,3,4,14,8|13,3,4,14,12|13,3,7|13,3,14,2,7|13,3,14,4,2,7|13,3,14,6,8|13,3,14,6,12|13,3,14,7|13,3,14,8|13,3,14,12|13,4,2,3,7|13,4,2,3,14,6,8|13,4,2,3,14,6,12|13,4,2,3,14,7|13,4,2,3,14,8|13,4,2,3,14,12|13,4,2,7|13,4,2,14,3,7|13,4,2,14,6,8|13,4,2,14,6,12|13,4,2,14,7|13,4,2,14,8|13,4,2,14,12|13,4,3,2,7|13,4,3,2,14,6,8|13,4,3,2,14,6,12|13,4,3,2,14,7|13,4,3,2,14,8|13,4,3,2,14,12|13,4,3,7|13,4,3,14,2,7|13,4,3,14,6,8|13,4,3,14,6,12|13,4,3,14,7|13,4,3,14,8|13,4,3,14,12|13,4,14,2,3,7|13,4,14,2,7|13,4,14,3,2,7|13,4,14,3,7|13,4,14,6,8|13,4,14,6,12|13,4,14,7|13,4,14,8|13,4,14,12|13,6,8|13,6,12|13,6,14,2,3,7|13,6,14,2,4,3,7|13,6,14,2,7|13,6,14,3,2,7|13,6,14,3,4,2,7|13,6,14,3,7|13,6,14,4,2,3,7|13,6,14,4,2,7|13,6,14,4,3,2,7|13,6,14,4,3,7|13,6,14,7|13,6,14,8|13,6,14,12|13,7|13,8|13,12|14,2,3,4,13,6,8|14,2,3,4,13,6,12|14,2,3,4,13,7|14,2,3,4,13,8|14,2,3,4,13,12|14,2,3,7|14,2,3,13,6,8|14,2,3,13,6,12|14,2,3,13,7|14,2,3,13,8|14,2,3,13,12|14,2,4,3,7|14,2,4,3,13,6,8|14,2,4,3,13,6,12|14,2,4,3,13,7|14,2,4,3,13,8|14,2,4,3,13,12|14,2,4,13,3,7|14,2,4,13,6,8|14,2,4,13,6,12|14,2,4,13,7|14,2,4,13,8|14,2,4,13,12|14,2,7|14,2,13,3,7|14,2,13,4,3,7|14,2,13,6,8|14,2,13,6,12|14,2,13,7|14,2,13,8|14,2,13,12|14,3,2,4,13,6,8|14,3,2,4,13,6,12|14,3,2,4,13,7|14,3,2,4,13,8|14,3,2,4,13,12|14,3,2,7|14,3,2,13,6,8|14,3,2,13,6,12|14,3,2,13,7|14,3,2,13,8|14,3,2,13,12|14,3,4,2,7|14,3,4,2,13,6,8|14,3,4,2,13,6,12|14,3,4,2,13,7|14,3,4,2,13,8|14,3,4,2,13,12|14,3,4,13,2,7|14,3,4,13,6,8|14,3,4,13,6,12|14,3,4,13,7|14,3,4,13,8|14,3,4,13,12|14,3,7|14,3,13,2,7|14,3,13,4,2,7|14,3,13,6,8|14,3,13,6,12|14,3,13,7|14,3,13,8|14,3,13,12|14,4,2,3,7|14,4,2,3,13,6,8|14,4,2,3,13,6,12|14,4,2,3,13,7|14,4,2,3,13,8|14,4,2,3,13,12|14,4,2,7|14,4,2,13,3,7|14,4,2,13,6,8|14,4,2,13,6,12|14,4,2,13,7|14,4,2,13,8|14,4,2,13,12|14,4,3,2,7|14,4,3,2,13,6,8|14,4,3,2,13,6,12|14,4,3,2,13,7|14,4,3,2,13,8|14,4,3,2,13,12|14,4,3,7|14,4,3,13,2,7|14,4,3,13,6,8|14,4,3,13,6,12|14,4,3,13,7|14,4,3,13,8|14,4,3,13,12|14,4,13,2,3,7|14,4,13,2,7|14,4,13,3,2,7|14,4,13,3,7|14,4,13,6,8|14,4,13,6,12|14,4,13,7|14,4,13,8|14,4,13,12|14,6,8|14,6,12|14,6,13,2,3,7|14,6,13,2,4,3,7|14,6,13,2,7|14,6,13,3,2,7|14,6,13,3,4,2,7|14,6,13,3,7|14,6,13,4,2,3,7|14,6,13,4,2,7|14,6,13,4,3,2,7|14,6,13,4,3,7|14,6,13,7|14,6,13,8|14,6,13,12|14,7|14,8|14,12
13,2,7|13,2,14,3,7|13,2,14,4,3,7|13,2,14,5,6,11|13,2,14,5,6,12|13,2,14,5,11|13,2,14,5,12|13,2,14,6,5,11|13,2,14,6,5,12|13,2,14,6,11|13,2,14,6,12|13,2,14,7|13,2,14,11|13,2,14,12|13,3,4,14,2,7|13,3,4,14,5,6,11|13,3,4,14,5,6,12|13,3,4,14,5,11|13,3,4,14,5,12|13,3,4,14,6,5,11|13,3,4,14,6,5,12|13,3,4,14,6,11|13,3,4,14,6,12|13,3,4,14,7|13,3,4,14,11|13,3,4,14,12|13,3,7|13,3,14,2,7|13,3,14,5,6,11|13,3,14,5,6,12|13,3,14,5,11|13,3,14,5,12|13,3,14,6,5,11|13,3,14,6,5,12|13,3,14,6,11|13,3,14,6,12|13,3,14,7|13,3,14,11|13,3,14,12|13,4,3,7|13,4,3,14,2,7|13,4,3,14,5,6,11|13,4,3,14,5,6,12|13,4,3,14,5,11|13,4,3,14,5,12|13,4,3,14,6,5,11|13,4,3,14,6,5,12|13,4,3,14,6,11|13,4,3,14,6,12|13,4,3,14,7|13,4,3,14,11|13,4,3,14,12|13,4,14,2,7|13,4,14,3,7|13,4,14,5,6,11|13,4,14,5,6,12|13,4,14,5,11|13,4,14,5,12|13,4,14,6,5,11|13,4,14,6,5,12|13,4,14,6,11|13,4,14,6,12|13,4,14,7|13,4,14,11|13,4,14,12|13,5,6,11|13,5,6,12|13,5,6,14,2,7|13,5,6,14,3,7|13,5,6,14,4,3,7|13,5,6,14,7|13,5,6,14,11|13,5,6,14,12|13,5,11|13,5,12|13,5,14,2,7|13,5,14,3,7|13,5,14,4,3,7|13,5,14,6,11|13,5,14,6,12|13,5,14,7|13,5,14,11|13,5,14,12|13,7|13,11|13,12|14,2,7|14,2,13,3,7|14,2,13,4,3,7|14,2,13,5,6,11|14,2,13,5,6,12|14,2,13,5,11|14,2,13,5,12|14,2,13,7|14,2,13,11|14,2,13,12|14,3,4,13,2,7|14,3,4,13,5,6,11|14,3,4,13,5,6,12|14,3,4,13,5,11|14,3,4,13,5,12|14,3,4,13,7|14,3,4,13,11|14,3,4,13,12|14,3,7|14,3,13,2,7|14,3,13,5,6,11|14,3,13,5,6,12|14,3,13,5,11|14,3,13,5,12|14,3,13,7|14,3,13,11|14,3,13,12|14,4,3,7|14,4,3,13,2,7|14,4,3,13,5,6,11|14,4,3,13,5,6,12|14,4,3,13,5,11|14,4,3,13,5,12|14,4,3,13,7|14,4,3,13,11|14,4,3,13,12|14,4,13,2,7|14,4,13,3,7|14,4,13,5,6,11|14,4,13,5,6,12|14,4,13,5,11|14,4,13,5,12|14,4,13,7|14,4,13,11|14,4,13,12|14,5,6,11|14,5,6,12|14,5,11|14,5,12|14,5,13,2,7|14,5,13,3,7|14,5,13,4,3,7|14,5,13,7|14,5,13,11|14,5,13,12|14,6,5,11|14,6,5,12|14,6,5,13,2,7|14,6,5,13,3,7|14,6,5,13,4,3,7|14,6,5,13,7|14,6,5,13,11|14,6,5,13,12|14,6,11|14,6,12|14,7|14,11|14,12
13,3,4,14,6,11|13,3,4,14,6,12|13,3,4,14,7|13,3,4,14,11|13,3,4,14,12|13,3,7|13,3,14,6,11|13,3,14,6,12|13,3,14,7|13,3,14,11|13,3,14,12|13,4,3,7|13,4,3,14,6,11|13,4,3,14,6,12|13,4,3,14,7|13,4,3,14,11|13,4,3,14,12|13,4,14,3,7|13,4,14,6,11|13,4,14,6,12|13,4,14,7|13,4,14,11|13,4,14,12|13,7|13,11|13,12|14,3,4,13,7|14,3,4,13,11|14,3,4,13,12|14,3,7|14,3,13,7|14,3,13,11|14,3,13,12|14,4,3,7|14,4,3,13,7|14,4,3,13,11|14,4,3,13,12|14,4,13,3,7|14,4,13,7|14,4,13,11|14,4,13,12|14,6,11|14,6,12|14,7|14,11|14,12
13,2,4,3,7|13,2,4,3,14,5,11|13,2,4,3,14,5,12|13,2,4,3,14,10|13,2,4,3,14,11|13,2,4,3,14,12|13,2,4,14,3,7|13,2,4,14,5,11|13,2,4,14,5,12|13,2,4,14,10|13,2,4,14,11|13,2,4,14,12|13,2,10|13,2,14,3,7|13,2,14,4,3,7|13,2,14,5,11|13,2,14,5,12|13,2,14,10|13,2,14,11|13,2,14,12|13,3,4,2,10|13,3,4,2,14,5,11|13,3,4,2,14,5,12|13,3,4,2,14,10|13,3,4,2,14,11|13,3,4,2,14,12|13,3,4,14,2,10|13,3,4,14,5,11|13,3,4,14,5,12|13,3,4,14,10|13,3,4,14,11|13,3,4,14,12|13,3,7|13,3,14,2,10|13,3,14,4,2,10|13,3,14,5,11|13,3,14,5,12|13,3,14,10|13,3,14,11|13,3,14,12|13,4,2,10|13,4,2,14,3,7|13,4,2,14,5,11|13,4,2,14,5,12|13,4,2,14,10|13,4,2,14,11|13,4,2,14,12|13,4,3,7|13,4,3,14,2,10|13,4,3,14,5,11|13,4,3,14,5,12|13,4,3,14,10|13,4,3,14,11|13,4,3,14,12|13,4,14,2,10|13,4,14,3,7|13,4,14,5,11|13,4,14,5,12|13,4,14,10|13,4,14,11|13,4,14,12|13,5,11|13,5,12|13,5,14,2,4,3,7|13,5,14,2,10|13,5,14,3,4,2,10|13,5,14,3,7|13,5,14,4,2,10|13,5,14,4,3,7|13,5,14,10|13,5,14,11|13,5,14,12|13,7|13,10|13,11|13,12|14,2,4,3,7|14,2,4,3,13,5,11|14,2,4,3,13,5,12|14,2,4,3,13,7|14,2,4,3,13,10|14,2,4,3,13,11|14,2,4,3,13,12|14,2,4,13,3,7|14,2,4,13,5,11|14,2,4,13,5,12|14,2,4,13,7|14,2,4,13,10|14,2,4,13,11|14,2,4,13,12|14,2,10|14,2,13,3,7|14,2,13,4,3,7|14,2,13,5,11|14,2,13,5,12|14,2,13,7|14,2,13,10|14,2,13,11|14,2,13,12|14,3,4,2,10|14,3,4,2,13,5,11|14,3,4,2,13,5,12|14,3,4,2,13,7|14,3,4,2,13,10|14,3,4,2,13,11|14,3,4,2,13,12|14,3,4,13,2,10|14,3,4,13,5,11|14,3,4,13,5,12|14,3,4,13,7|14,3,4,13,10|14,3,4,13,11|14,3,4,13,12|14,3,7|14,3,13,2,10|14,3,13,4,2,10|14,3,13,5,11|14,3,13,5,12|14,3,13,7|14,3,13,10|14,3,13,11|14,3,13,12|14,4,2,10|14,4,2,13,3,7|14,4,2,13,5,11|14,4,2,13,5,12|14,4,2,13,7|14,4,2,13,10|14,4,2,13,11|14,4,2,13,12|14,4,3,7|14,4,3,13,2,10|14,4,3,13,5,11|14,4,3,13,5,12|14,4,3,13,7|14,4,3,13,10|14,4,3,13,11|14,4,3,13,12|14,4,13,2,10|14,4,13,3,7|14,4,13,5,11|14,4,13,5,12|14,4,13,7|14,4,13,10|14,4,13,11|14,4,13,12|14,5,11|14,5,12|14,5,13,2,4,3,7|14,5,13,2,10|14,5,13,3,4,2,10|14,5,13,3,7|14,5,13,4,2,10|14,5,13,4,3,7|14,5,13,7|14,5,13,10|14,5,13,11|14,5,13,12|14,10|14,11|14,12
13,2,3,4,14,10|13,2,3,4,14,11|13,2,3,4,14,12|13,2,3,7|13,2,3,14,10|13,2,3,14,11|13,2,3,14,12|13,2,4,3,7|13,2,4,3,14,10|13,2,4,3,14,11|13,2,4,3,14,12|13,2,4,14,3,7|13,2,4,14,10|13,2,4,14,11|13,2,4,14,12|13,2,14,3,7|13,2,14,4,3,7|13,2,14,10|13,2,14,11|13,2,14,12|13,3,2,4,14,10|13,3,2,4,14,11|13,3,2,4,14,12|13,3,2,14,10|13,3,2,14,11|13,3,2,14,12|13,3,4,2,14,10|13,3,4,2,14,11|13,3,4,2,14,12|13,3,4,14,10|13,3,4,14,11|13,3,4,14,12|13,3,7|13,3,14,10|13,3,14,11|13,3,14,12|13,4,2,3,7|13,4,2,3,14,10|13,4,2,3,14,11|13,4,2,3,14,12|13,4,2,14,3,7|13,4,2,14,10|13,4,2,14,11|13,4,2,14,12|13,4,3,2,14,10|13,4,3,2,14,11|13,4,3,2,14,12|13,4,3,7|13,4,3,14,10|13,4,3,14,11|13,4,3,14,12|13,4,14,2,3,7|13,4,14,3,7|13,4,14,10|13,4,14,11|13,4,14,12|13,10|13,11|13,12|14,2,3,4,13,10|14,2,3,4,13,11|14,2,3,4,13,12|14,2,3,7|14,2,3,13,10|14,2,3,13,11|14,2,3,13,12|14,2,4,3,7|14,2,4,3,13,10|14,2,4,3,13,11|14,2,4,3,13,12|14,2,4,13,3,7|14,2,4,13,10|14,2,4,13,11|14,2,4,13,12|14,2,13,3,7|14,2,13,4,3,7|14,2,13,10|14,2,13,11|14,2,13,12|14,3,2,4,13,10|14,3,2,4,13,11|14,3,2,4,13,12|14,3,2,13,10|14,3,2,13,11|14,3,2,13,12|14,3,4,2,13,10|14,3,4,2,13,11|14,3,4,2,13,12|14,3,4,13,10|14,3,4,13,11|14,3,4,13,12|14,3,7|14,3,13,10|14,3,13,11|14,3,13,12|14,4,2,3,7|14,4,2,3,13,10|14,4,2,3,13,11|14,4,2,3,13,12|14,4,2,13,3,7|14,4,2,13,10|14,4,2,13,11|14,4,2,13,12|14,4,3,2,13,10|14,4,3,2,13,11|14,4,3,2,13,12|14,4,3,7|14,4,3,13,10|14,4,3,13,11|14,4,3,13,12|14,4,13,2,3,7|14,4,13,3,7|14,4,13,10|14,4,13,11|14,4,13,12|14,10|14,11|14,12
13,2,3,4,7|13,2,3,4,14,5,6,11|13,2,3,4,14,5,6,12|13,2,3,4,14,5,11|13,2,3,4,14,5,12|13,2,3,4,14,10|13,2,3,4,14,11|13,2,3,4,14,12|13,2,3,14,4,7|13,2,3,14,5,6,11|13,2,3,14,5,6,12|13,2,3,14,5,11|13,2,3,14,5,12|13,2,3,14,10|13,2,3,14,11|13,2,3,14,12|13,2,4,3,14,5,6,11|13,2,4,3,14,5,6,12|13,2,4,3,14,5,11|13,2,4,3,14,5,12|13,2,4,3,14,10|13,2,4,3,14,11|13,2,4,3,14,12|13,2,4,7|13,2,4,14,5,6,11|13,2,4,14,5,6,12|13,2,4,14,5,11|13,2,4,14,5,12|13,2,4,14,10|13,2,4,14,11|13,2,4,14,12|13,2,7|13,2,14,3,4,7|13,2,14,4,7|13,2,14,5,6,11|13,2,14,5,6,12|13,2,14,5,11|13,2,14,5,12|13,2,14,10|13,2,14,11|13,2,14,12|13,3,2,4,7|13,3,2,4,14,5,6,11|13,3,2,4,14,5,6,12|13,3,2,4,14,5,11|13,3,2,4,14,5,12|13,3,2,4,14,10|13,3,2,4,14,11|13,3,2,4,14,12|13,3,2,7|13,3,2,14,4,7|13,3,2,14,5,6,11|13,3,2,14,5,6,12|13,3,2,14,5,11|13,3,2,14,5,12|13,3,2,14,10|13,3,2,14,11|13,3,2,14,12|13,3,4,2,7|13,3,4,2,14,5,6,11|13,3,4,2,14,5,6,12|13,3,4,2,14,5,11|13,3,4,2,14,5,12|13,3,4,2,14,10|13,3,4,2,14,11|13,3,4,2,14,12|13,3,4,7|13,3,4,14,2,7|13,3,4,14,5,6,11|13,3,4,14,5,6,12|13,3,4,14,5,11|13,3,4,14,5,12|13,3,4,14,10|13,3,4,14,11|13,3,4,14,12|13,3,14,2,4,7|13,3,14,2,7|13,3,14,4,2,7|13,3,14,4,7|13,3,14,5,6,11|13,3,14,5,6,12|13,3,14,5,11|13,3,14,5,12|13,3,14,10|13,3,14,11|13,3,14,12|13,4,2,3,14,5,6,11|13,4,2,3,14,5,6,12|13,4,2,3,14,5,11|13,4,2,3,14,5,12|13,4,2,3,14,10|13,4,2,3,14,11|13,4,2,3,14,12|13,4,2,7|13,4,2,14,5,6,11|13,4,2,14,5,6,12|13,4,2,14,5,11|13,4,2,14,5,12|13,4,2,14,10|13,4,2,14,11|13,4,2,14,12|13,4,3,2,7|13,4,3,2,14,5,6,11|13,4,3,2,14,5,6,12|13,4,3,2,14,5,11|13,4,3,2,14,5,12|13,4,3,2,14,10|13,4,3,2,14,11|13,4,3,2,14,12|13,4,3,14,2,7|13,4,3,14,5,6,11|13,4,3,14,5,6,12|13,4,3,14,5,11|13,4,3,14,5,12|13,4,3,14,10|13,4,3,14,11|13,4,3,14,12|13,4,7|13,4,14,2,7|13,4,14,3,2,7|13,4,14,5,6,11|13,4,14,5,6,12|13,4,14,5,11|13,4,14,5,12|13,4,14,10|13,4,14,11|13,4,14,12|13,5,6,11|13,5,6,12|13,5,11|13,5,12|13,5,14,2,3,4,7|13,5,14,2,4,7|13,5,14,2,7|13,5,14,3,2,4,7|13,5,14,3,2,7|13,5,14,3,4,2,7|13,5,14,3,4,7|13,5,14,4,2,7|13,5,14,4,3,2,7|13,5,14,4,7|13,5,14,10|13,5,14,11|13,5,14,12|13,6,5,11|13,6,5,12|13,6,5,14,2,3,4,7|13,6,5,14,2,4,7|13,6,5,14,2,7|13,6,5,14,3,2,4,7|13,6,5,14,3,2,7|13,6,5,14,3,4,2,7|13,6,5,14,3,4,7|13,6,5,14,4,2,7|13,6,5,14,4,3,2,7|13,6,5,14,4,7|13,6,5,14,10|13,6,5,14,11|13,6,5,14,12|13,6,11|13,6,12|13,10|13,11|13,12|14,2,3,4,7|14,2,3,4,13,5,6,11|14,2,3,4,13,5,6,12|14,2,3,4,13,5,11|14,2,3,4,13,5,12|14,2,3,4,13,6,5,11|14,2,3,4,13,6,5,12|14,2,3,4,13,6,11|14,2,3,4,13,6,12|14,2,3,4,13,10|14,2,3,4,13,11|14,2,3,4,13,12|14,2,3,13,4,7|14,2,3,13,5,6,11|14,2,3,13,5,6,12|14,2,3,13,5,11|14,2,3,13,5,12|14,2,3,13,6,5,11|14,2,3,13,6,5,12|14,2,3,13,6,11|14,2,3,13,6,12|14,2,3,13,10|14,2,3,13,11|14,2,3,13,12|14,2,4,3,13,5,6,11|14,2,4,3,13,5,6,12|14,2,4,3,13,5,11|14,2,4,3,13,5,12|14,2,4,3,13,6,5,11|14,2,4,3,13,6,5,12|14,2,4,3,13,6,11|14,2,4,3,13,6,12|14,2,4,3,13,10|14,2,4,3,13,11|14,2,4,3,13,12|14,2,4,7|14,2,4,13,5,6,11|14,2,4,13,5,6,12|14,2,4,13,5,11|14,2,4,13,5,12|14,2,4,13,6,5,11|14,2,4,13,6,5,12|14,2,4,13,6,11|14,2,4,13,6,12|14,2,4,13,10|14,2,4,13,11|14,2,4,13,12|14,2,7|14,2,13,3,4,7|14,2,13,4,7|14,2,13,5,6,11|14,2,13,5,6,12|14,2,13,5,11|14,2,13,5,12|14,2,13,6,5,11|14,2,13,6,5,12|14,2,13,6,11|14,2,13,6,12|14,2,13,10|14,2,13,11|14,2,13,12|14,3,2,4,7|14,3,2,4,13,5,6,11|14,3,2,4,13,5,6,12|14,3,2,4,13,5,11|14,3,2,4,13,5,12|14,3,2,4,13,6,5,11|14,3,2,4,13,6,5,12|14,3,2,4,13,6,11|14,3,2,4,13,6,12|14,3,2,4,13,10|14,3,2,4,13,11|14,3,2,4,13,12|14,3,2,7|14,3,2,13,4,7|14,3,2,13,5,6,11|14,3,2,13,5,6,12|14,3,2,13,5,11|14,3,2,13,5,12|14,3,2,13,6,5,11|14,3,2,13,6,5,12|14,3,2,13,6,11|14,3,2,13,6,12|14,3,2,13,10|14,3,2,13,11|14,3,2,13,12|14,3,4,2,7|14,3,4,2,13,5,6,11|14,3,4,2,13,5,6,12|14,3,4,2,13,5,11|14,3,4,2,13,5,12|14,3,4,2,13,6,5,11|14,3,4,2,13,6,5,12|14,3,4,2,13,6,11|14,3,4,2,13,6,12|14,3,4,2,13,10|14,3,4,2,13,11|14,3,4,2,13,12|14,3,4,7|14,3,4,13,2,7|14,3,4,13,5,6,11|14,3,4,13,5,6,12|14,3,4,13,5,11|14,3,4,13,5,12|14,3,4,13,6,5,11|14,3,4,13,6,5,12|14,3,4,13,6,11|14,3,4,13,6,12|14,3,4,13,10|14,3,4,13,11|14,3,4,13,12|14,3,13,2,4,7|14,3,13,2,7|14,3,13,4,2,7|14,3,13,4,7|14,3,13,5,6,11|14,3,13,5,6,12|14,3,13,5,11|14,3,13,5,12|14,3,13,6,5,11|14,3,13,6,5,12|14,3,13,6,11|14,3,13,6,12|14,3,13,10|14,3,13,11|14,3,13,12|14,4,2,3,13,5,6,11|14,4,2,3,13,5,6,12|14,4,2,3,13,5,11|14,4,2,3,13,5,12|14,4,2,3,13,6,5,11|14,4,2,3,13,6,5,12|14,4,2,3,13,6,11|14,4,2,3,13,6,12|14,4,2,3,13,10|14,4,2,3,13,11|14,4,2,3,13,12|14,4,2,7|14,4,2,13,5,6,11|14,4,2,13,5,6,12|14,4,2,13,5,11|14,4,2,13,5,12|14,4,2,13,6,5,11|14,4,2,13,6,5,12|14,4,2,13,6,11|14,4,2,13,6,12|14,4,2,13,10|14,4,2,13,11|14,4,2,13,12|14,4,3,2,7|14,4,3,2,13,5,6,11|14,4,3,2,13,5,6,12|14,4,3,2,13,5,11|14,4,3,2,13,5,12|14,4,3,2,13,6,5,11|14,4,3,2,13,6,5,12|14,4,3,2,13,6,11|14,4,3,2,13,6,12|14,4,3,2,13,10|14,4,3,2,13,11|14,4,3,2,13,12|14,4,3,13,2,7|14,4,3,13,5,6,11|14,4,3,13,5,6,12|14,4,3,13,5,11|14,4,3,13,5,12|14,4,3,13,6,5,11|14,4,3,13,6,5,12|14,4,3,13,6,11|14,4,3,13,6,12|14,4,3,13,10|14,4,3,13,11|14,4,3,13,12|14,4,7|14,4,13,2,7|14,4,13,3,2,7|14,4,13,5,6,11|14,4,13,5,6,12|14,4,13,5,11|14,4,13,5,12|14,4,13,6,5,11|14,4,13,6,5,12|14,4,13,6,11|14,4,13,6,12|14,4,13,10|14,4,13,11|14,4,13,12|14,5,6,11|14,5,6,12|14,5,6,13,2,3,4,7|14,5,6,13,2,4,7|14,5,6,13,2,7|14,5,6,13,3,2,4,7|14,5,6,13,3,2,7|14,5,6,13,3,4,2,7|14,5,6,13,3,4,7|14,5,6,13,4,2,7|14,5,6,13,4,3,2,7|14,5,6,13,4,7|14,5,6,13,10|14,5,6,13,11|14,5,6,13,12|14,5,11|14,5,12|14,5,13,2,3,4,7|14,5,13,2,4,7|14,5,13,2,7|14,5,13,3,2,4,7|14,5,13,3,2,7|14,5,13,3,4,2,7|14,5,13,3,4,7|14,5,13,4,2,7|14,5,13,4,3,2,7|14,5,13,4,7|14,5,13,6,11|14,5,13,6,12|14,5,13,10|14,5,13,11|14,5,13,12|14,10|14,11|14,12
13,3,4,2,7|13,3,4,7|13,3,4,14,9|13,3,4,14,10|13,3,4,14,11|13,3,14,4,2,7|13,3,14,4,7|13,3,14,9|13,3,14,10|13,3,14,11|13,4,2,7|13,4,3,14,9|13,4,3,14,10|13,4,3,14,11|13,4,7|13,4,14,9|13,4,14,10|13,4,14,11|13,6,9|13,6,11|13,9|13,10|13,11|14,3,4,2,7|14,3,4,7|14,3,4,13,6,9|14,3,4,13,6,11|14,3,4,13,9|14,3,4,13,10|14,3,4,13,11|14,3,13,4,2,7|14,3,13,4,7|14,3,13,6,9|14,3,13,6,11|14,3,13,9|14,3,13,10|14,3,13,11|14,4,2,7|14,4,3,13,6,9|14,4,3,13,6,11|14,4,3,13,9|14,4,3,13,10|14,4,3,13,11|14,4,7|14,4,13,6,9|14,4,13,6,11|14,4,13,9|14,4,13,10|14,4,13,11|14,9|14,10|14,11
13,2,10|13,2,14,5,6,9|13,2,14,5,6,11|13,2,14,5,9|13,2,14,5,11|13,2,14,6,5,9|13,2,14,6,5,11|13,2,14,6,9|13,2,14,6,11|13,2,14,9|13,2,14,10|13,2,14,11|13,5,6,9|13,5,6,11|13,5,6,14,2,10|13,5,6,14,9|13,5,6,14,10|13,5,6,14,11|13,5,9|13,5,11|13,5,14,2,10|13,5,14,6,9|13,5,14,6,11|13,5,14,9|13,5,14,10|13,5,14,11|13,6,5,9|13,6,5,11|13,6,5,14,2,10|13,6,5,14,9|13,6,5,14,10|13,6,5,14,11|13,6,9|13,6,11|13,6,14,2,10|13,6,14,5,9|13,6,14,5,11|13,6,14,9|13,6,14,10|13,6,14,11|13,9|13,10|13,11|14,2,10|14,2,13,5,6,9|14,2,13,5,6,11|14,2,13,5,9|14,2,13,5,11|14,2,13,6,5,9|14,2,13,6,5,11|14,2,13,6,9|14,2,13,6,11|14,2,13,9|14,2,13,10|14,2,13,11|14,5,6,9|14,5,6,11|14,5,6,13,2,10|14,5,6,13,9|14,5,6,13,10|14,5,6,13,11|14,5,9|14,5,11|14,5,13,2,10|14,5,13,6,9|14,5,13,6,11|14,5,13,9|14,5,13,10|14,5,13,11|14,6,5,9|14,6,5,11|14,6,5,13,2,10|14,6,5,13,9|14,6,5,13,10|14,6,5,13,11|14,6,9|14,6,11|14,6,13,2,10|14,6,13,5,9|14,6,13,5,11|14,6,13,9|14,6,13,10|14,6,13,11|14,9|14,10|14,11
13,2,10|13,2,14,6,9|13,2,14,6,11|13,2,14,9|13,2,14,10|13,2,14,11|13,6,9|13,6,11|13,6,14,2,10|13,6,14,9|13,6,14,10|13,6,14,11|13,9|13,10|13,11|14,2,10|14,2,13,6,9|14,2,13,6,11|14,2,13,9|14,2,13,10|14,2,13,11|14,6,9|14,6,11|14,6,13,2,10|14,6,13,9|14,6,13,10|14,6,13,11|14,9|14,10|14,11
13,2,3,4,7|13,2,4,7|13,2,10|13,2,14,5,6,8|13,2,14,5,6,9|13,2,14,5,8|13,2,14,5,9|13,2,14,6,5,8|13,2,14,6,5,9|13,2,14,6,8|13,2,14,6,9|13,2,14,8|13,2,14,9|13,2,14,10|13,5,6,8|13,5,6,9|13,5,6,14,2,3,4,7|13,5,6,14,2,4,7|13,5,6,14,2,10|13,5,6,14,8|13,5,6,14,9|13,5,6,14,10|13,5,8|13,5,9|13,5,14,2,3,4,7|13,5,14,2,4,7|13,5,14,2,10|13,5,14,6,8|13,5,14,6,9|13,5,14,8|13,5,14,9|13,5,14,10|13,8|13,9|13,10|14,2,3,4,7|14,2,4,7|14,2,10|14,2,13,5,6,8|14,2,13,5,6,9|14,2,13,5,8|14,2,13,5,9|14,2,13,8|14,2,13,9|14,2,13,10|14,5,6,8|14,5,6,9|14,5,8|14,5,9|14,5,13,2,3,4,7|14,5,13,2,4,7|14,5,13,2,10|14,5,13,8|14,5,13,9|14,5,13,10|14,6,5,8|14,6,5,9|14,6,5,13,2,3,4,7|14,6,5,13,2,4,7|14,6,5,13,2,10|14,6,5,13,8|14,6,5,13,9|14,6,5,13,10|14,6,8|14,6,9|14,8|14,9|14,10
13,8|13,9|13,10|14,4,2,7|14,4,3,2,7|14,4,7|14,6,8|14,6,9|14,8|14,9|14,10
13,2,4,7|13,2,4,14,5,8|13,2,4,14,5,9|13,2,4,14,7|13,2,4,14,8|13,2,4,14,9|13,2,7|13,2,14,4,7|13,2,14,5,8|13,2,14,5,9|13,2,14,7|13,2,14,8|13,2,14,9|13,4,2,7|13,4,2,14,5,8|13,4,2,14,5,9|13,4,2,14,7|13,4,2,14,8|13,4,2,14,9|13,4,7|13,4,14,2,7|13,4,14,5,8|13,4,14,5,9|13,4,14,7|13,4,14,8|13,4,14,9|13,5,8|13,5,9|13,5,14,2,4,7|13,5,14,2,7|13,5,14,4,2,7|13,5,14,4,7|13,5,14,7|13,5,14,8|13,5,14,9|13,7|13,8|13,9|13,10|14,2,4,7|14,2,4,13,5,8|14,2,4,13,5,9|14,2,4,13,7|14,2,4,13,8|14,2,4,13,9|14,2,4,13,10|14,2,7|14,2,13,4,7|14,2,13,5,8|14,2,13,5,9|14,2,13,7|14,2,13,8|14,2,13,9|14,2,13,10|14,4,2,7|14,4,2,13,5,8|14,4,2,13,5,9|14,4,2,13,7|14,4,2,13,8|14,4,2,13,9|14,4,2,13,10|14,4,7|14,4,13,2,7|14,4,13,5,8|14,4,13,5,9|14,4,13,7|14,4,13,8|14,4,13,9|14,4,13,10|14,5,8|14,5,9|14,5,13,2,4,7|14,5,13,2,7|14,5,13,4,2,7|14,5,13,4,7|14,5,13,7|14,5,13,8|14,5,13,9|14,5,13,10|14,7|14,8|14,9
13,2,4,7|13,2,4,14,7|13,2,4,14,8|13,2,4,14,9|13,2,14,4,7|13,2,14,7|13,2,14,8|13,2,14,9|13,4,2,14,7|13,4,2,14,8|13,4,2,14,9|13,4,7|13,4,14,7|13,4,14,8|13,4,14,9|13,7|13,8|13,9|14,2,4,7|14,2,4,13,7|14,2,4,13,8|14,2,4,13,9|14,2,13,4,7|14,2,13,7|14,2,13,8|14,2,13,9|14,4,2,13,7|14,4,2,13,8|14,4,2,13,9|14,4,7|14,4,13,7|14,4,13,8|14,4,13,9|14,7|14,8|14,9
13,2,10|13,2,14,4,7|13,2,14,5,6,8|13,2,14,5,6,9|13,2,14,5,8|13,2,14,5,9|13,2,14,7|13,2,14,8|13,2,14,9|13,4,7|13,4,14,2,10|13,4,14,5,6,8|13,4,14,5,6,9|13,4,14,5,8|13,4,14,5,9|13,4,14,7|13,4,14,8|13,4,14,9|13,5,6,8|13,5,6,9|13,5,8|13,5,9|13,5,14,2,10|13,5,14,4,7|13,5,14,7|13,5,14,8|13,5,14,9|13,6,5,8|13,6,5,9|13,6,5,14,2,10|13,6,5,14,4,7|13,6,5,14,7|13,6,5,14,8|13,6,5,14,9|13,6,8|13,6,9|13,7|13,8|13,9|14,2,10|14,2,13,4,7|14,2,13,5,6,8|14,2,13,5,6,9|14,2,13,5,8|14,2,13,5,9|14,2,13,6,5,8|14,2,13,6,5,9|14,2,13,6,8|14,2,13,6,9|14,2,13,7|14,2,13,8|14,2,13,9|14,4,7|14,4,13,2,10|14,4,13,5,6,8|14,4,13,5,6,9|14,4,13,5,8|14,4,13,5,9|14,4,13,6,5,8|14,4,13,6,5,9|14,4,13,6,8|14,4,13,6,9|14,4,13,7|14,4,13,8|14,4,13,9|14,5,6,8|14,5,6,9|14,5,6,13,2,10|14,5,6,13,4,7|14,5,6,13,7|14,5,6,13,8|14,5,6,13,9|14,5,8|14,5,9|14,5,13,2,10|14,5,13,4,7|14,5,13,6,8|14,5,13,6,9|14,5,13,7|14,5,13,8|14,5,13,9|14,7|14,8|14,9
13,3,2,10|13,3,14,4,7|13,3,14,7|13,3,14,8|13,3,14,12|13,4,7|13,4,14,3,2,10|13,4,14,7|13,4,14,8|13,4,14,12|13,6,8|13,6,12|13,7|13,8|13,12|14,3,2,10|14,3,13,4,7|14,3,13,6,8|14,3,13,6,12|14,3,13,7|14,3,13,8|14,3,13,12|14,4,7|14,4,13,3,2,10|14,4,13,6,8|14,4,13,6,12|14,4,13,7|14,4,13,8|14,4,13,12|14,7|14,8|14,12
13,2,3,14,4,7|13,2,3,14,5,6,8|13,2,3,14,5,6,12|13,2,3,14,5,8|13,2,3,14,5,12|13,2,3,14,6,5,8|13,2,3,14,6,5,12|13,2,3,14,6,8|13,2,3,14,6,12|13,2,3,14,7|13,2,3,14,8|13,2,3,14,12|13,2,4,7|13,2,4,14,5,6,8|13,2,4,14,5,6,12|13,2,4,14,5,8|13,2,4,14,5,12|13,2,4,14,6,5,8|13,2,4,14,6,5,12|13,2,4,14,6,8|13,2,4,14,6,12|13,2,4,14,7|13,2,4,14,8|13,2,4,14,12|13,2,7|13,2,14,4,7|13,2,14,5,6,8|13,2,14,5,6,12|13,2,14,5,8|13,2,14,5,12|13,2,14,6,5,8|13,2,14,6,5,12|13,2,14,6,8|13,2,14,6,12|13,2,14,7|13,2,14,8|13,2,14,12|13,3,2,4,7|13,3,2,4,14,5,6,8|13,3,2,4,14,5,6,12|13,3,2,4,14,5,8|13,3,2,4,14,5,12|13,3,2,4,14,6,5,8|13,3,2,4,14,6,5,12|13,3,2,4,14,6,8|13,3,2,4,14,6,12|13,3,2,4,14,7|13,3,2,4,14,8|13,3,2,4,14,12|13,3,2,7|13,3,2,14,4,7|13,3,2,14,5,6,8|13,3,2,14,5,6,12|13,3,2,14,5,8|13,3,2,14,5,12|13,3,2,14,6,5,8|13,3,2,14,6,5,12|13,3,2,14,6,8|13,3,2,14,6,12|13,3,2,14,7|13,3,2,14,8|13,3,2,14,12|13,3,14,2,4,7|13,3,14,2,7|13,3,14,4,2,7|13,3,14,4,7|13,3,14,5,6,8|13,3,14,5,6,12|13,3,14,5,8|13,3,14,5,12|13,3,14,6,5,8|13,3,14,6,5,12|13,3,14,6,8|13,3,14,6,12|13,3,14,7|13,3,14,8|13,3,14,12|13,4,2,3,14,5,6,8|13,4,2,3,14,5,6,12|13,4,2,3,14,5,8|13,4,2,3,14,5,12|13,4,2,3,14,6,5,8|13,4,2,3,14,6,5,12|13,4,2,3,14,6,8|13,4,2,3,14,6,12|13,4,2,3,14,7|13,4,2,3,14,8|13,4,2,3,14,12|13,4,2,7|13,4,2,14,5,6,8|13,4,2,14,5,6,12|13,4,2,14,5,8|13,4,2,14,5,12|13,4,2,14,6,5,8|13,4,2,14,6,5,12|13,4,2,14,6,8|13,4,2,14,6,12|13,4,2,14,7|13,4,2,14,8|13,4,2,14,12|13,4,7|13,4,14,2,7|13,4,14,3,2,7|13,4,14,5,6,8|13,4,14,5,6,12|13,4,14,5,8|13,4,14,5,12|13,4,14,6,5,8|13,4,14,6,5,12|13,4,14,6,8|13,4,14,6,12|13,4,14,7|13,4,14,8|13,4,14,12|13,5,6,8|13,5,6,12|13,5,6,14,2,4,7|13,5,6,14,2,7|13,5,6,14,3,2,4,7|13,5,6,14,3,2,7|13,5,6,14,4,2,7|13,5,6,14,4,7|13,5,6,14,7|13,5,6,14,8|13,5,6,14,12|13,5,8|13,5,12|13,5,14,2,4,7|13,5,14,2,7|13,5,14,3,2,4,7|13,5,14,3,2,7|13,5,14,4,2,7|13,5,14,4,7|13,5,14,6,8|13,5,14,6,12|13,5,14,7|13,5,14,8|13,5,14,12|13,6,5,8|13,6,5,12|13,6,5,14,2,4,7|13,6,5,14,2,7|13,6,5,14,3,2,4,7|13,6,5,14,3,2,7|13,6,5,14,4,2,7|13,6,5,14,4,7|13,6,5,14,7|13,6,5,14,8|13,6,5,14,12|13,6,8|13,6,12|13,6,14,2,4,7|13,6,14,2,7|13,6,14,3,2,4,7|13,6,14,3,2,7|13,6,14,4,2,7|13,6,14,4,7|13,6,14,5,8|13,6,14,5,12|13,6,14,7|13,6,14,8|13,6,14,12|13,7|13,8|13,12|14,2,3,13,4,7|14,2,3,13,5,6,8|14,2,3,13,5,6,12|14,2,3,13,5,8|14,2,3,13,5,12|14,2,3,13,6,5,8|14,2,3,13,6,5,12|14,2,3,13,6,8|14,2,3,13,6,12|14,2,3,13,7|14,2,3,13,8|14,2,3,13,12|14,2,4,7|14,2,4,13,5,6,8|14,2,4,13,5,6,12|14,2,4,13,5,8|14,2,4,13,5,12|14,2,4,13,6,5,8|14,2,4,13,6,5,12|14,2,4,13,6,8|14,2,4,13,6,12|14,2,4,13,7|14,2,4,13,8|14,2,4,13,12|14,2,7|14,2,13,4,7|14,2,13,5,6,8|14,2,13,5,6,12|14,2,13,5,8|14,2,13,5,12|14,2,13,6,5,8|14,2,13,6,5,12|14,2,13,6,8|14,2,13,6,12|14,2,13,7|14,2,13,8|14,2,13,12|14,3,2,4,7|14,3,2,4,13,5,6,8|14,3,2,4,13,5,6,12|14,3,2,4,13,5,8|14,3,2,4,13,5,12|14,3,2,4,13,6,5,8|14,3,2,4,13,6,5,12|14,3,2,4,13,6,8|14,3,2,4,13,6,12|14,3,2,4,13,7|14,3,2,4,13,8|14,3,2,4,13,12|14,3,2,7|14,3,2,13,4,7|14,3,2,13,5,6,8|14,3,2,13,5,6,12|14,3,2,13,5,8|14,3,2,13,5,12|14,3,2,13,6,5,8|14,3,2,13,6,5,12|14,3,2,13,6,8|14,3,2,13,6,12|14,3,2,13,7|14,3,2,13,8|14,3,2,13,12|14,3,13,2,4,7|14,3,13,2,7|14,3,13,4,2,7|14,3,13,4,7|14,3,13,5,6,8|14,3,13,5,6,12|14,3,13,5,8|14,3,13,5,12|14,3,13,6,5,8|14,3,13,6,5,12|14,3,13,6,8|14,3,13,6,12|14,3,13,7|14,3,13,8|14,3,13,12|14,4,2,3,13,5,6,8|14,4,2,3,13,5,6,12|14,4,2,3,13,5,8|14,4,2,3,13,5,12|14,4,2,3,13,6,5,8|14,4,2,3,13,6,5,12|14,4,2,3,13,6,8|14,4,2,3,13,6,12|14,4,2,3,13,7|14,4,2,3,13,8|14,4,2,3,13,12|14,4,2,7|14,4,2,13,5,6,8|14,4,2,13,5,6,12|14,4,2,13,5,8|14,4,2,13,5,12|14,4,2,13,6,5,8|14,4,2,13,6,5,12|14,4,2,13,6,8|14,4,2,13,6,12|14,4,2,13,7|14,4,2,13,8|14,4,2,13,12|14,4,7|14,4,13,2,7|14,4,13,3,2,7|14,4,13,5,6,8|14,4,13,5,6,12|14,4,13,5,8|14,4,13,5,12|14,4,13,6,5,8|14,4,13,6,5,12|14,4,13,6,8|14,4,13,6,12|14,4,13,7|14,4,13,8|14,4,13,12|14,5,6,8|14,5,6,12|14,5,6,13,2,4,7|14,5,6,13,2,7|14,5,6,13,3,2,4,7|14,5,6,13,3,2,7|14,5,6,13,4,2,7|14,5,6,13,4,7|14,5,6,13,7|14,5,6,13,8|14,5,6,13,12|14,5,8|14,5,12|14,5,13,2,4,7|14,5,13,2,7|14,5,13,3,2,4,7|14,5,13,3,2,7|14,5,13,4,2,7|14,5,13,4,7|14,5,13,6,8|14,5,13,6,12|14,5,13,7|14,5,13,8|14,5,13,12|14,6,5,8|14,6,5,12|14,6,5,13,2,4,7|14,6,5,13,2,7|14,6,5,13,3,2,4,7|14,6,5,13,3,2,7|14,6,5,13,4,2,7|14,6,5,13,4,7|14,6,5,13,7|14,6,5,13,8|14,6,5,13,12|14,6,8|14,6,12|14,6,13,2,4,7|14,6,13,2,7|14,6,13,3,2,4,7|14,6,13,3,2,7|14,6,13,4,2,7|14,6,13,4,7|14,6,13,5,8|14,6,13,5,12|14,6,13,7|14,6,13,8|14,6,13,12|14,7|14,8|14,12
13,2,4,7|13,2,4,14,6,8|13,2,4,14,6,12|13,2,4,14,7|13,2,4,14,8|13,2,4,14,12|13,2,7|13,2,14,4,7|13,2,14,6,8|13,2,14,6,12|13,2,14,7|13,2,14,8|13,2,14,12|13,3,14,2,4,7|13,3,14,2,7|13,3,14,4,2,7|13,3,14,4,7|13,3,14,6,8|13,3,14,6,12|13,3,14,7|13,3,14,8|13,3,14,12|13,4,2,7|13,4,2,14,6,8|13,4,2,14,6,12|13,4,2,14,7|13,4,2,14,8|13,4,2,14,12|13,4,7|13,4,14,2,7|13,4,14,6,8|13,4,14,6,12|13,4,14,7|13,4,14,8|13,4,14,12|13,6,8|13,6,12|13,6,14,2,4,7|13,6,14,2,7|13,6,14,4,2,7|13,6,14,4,7|13,6,14,7|13,6,14,8|13,6,14,12|13,7|13,8|13,12|14,2,4,7|14,2,4,13,6,8|14,2,4,13,6,12|14,2,4,13,7|14,2,4,13,8|14,2,4,13,12|14,2,7|14,2,13,4,7|14,2,13,6,8|14,2,13,6,12|14,2,13,7|14,2,13,8|14,2,13,12|14,3,13,2,4,7|14,3,13,2,7|14,3,13,4,2,7|14,3,13,4,7|14,3,13,6,8|14,3,13,6,12|14,3,13,7|14,3,13,8|14,3,13,12|14,4,2,7|14,4,2,13,6,8|14,4,2,13,6,12|14,4,2,13,7|14,4,2,13,8|14,4,2,13,12|14,4,7|14,4,13,2,7|14,4,13,6,8|14,4,13,6,12|14,4,13,7|14,4,13,8|14,4,13,12|14,6,8|14,6,12|14,6,13,2,4,7|14,6,13,2,7|14,6,13,4,2,7|14,6,13,4,7|14,6,13,7|14,6,13,8|14,6,13,12|14,7|14,8|14,12
13,2,4,7|13,2,4,14,5,6,11|13,2,4,14,5,6,12|13,2,4,14,5,11|13,2,4,14,5,12|13,2,4,14,6,5,11|13,2,4,14,6,5,12|13,2,4,14,6,11|13,2,4,14,6,12|13,2,4,14,7|13,2,4,14,11|13,2,4,14,12|13,2,7|13,2,14,4,7|13,2,14,5,6,11|13,2,14,5,6,12|13,2,14,5,11|13,2,14,5,12|13,2,14,6,5,11|13,2,14,6,5,12|13,2,14,6,11|13,2,14,6,12|13,2,14,7|13,2,14,11|13,2,14,12|13,3,14,2,4,7|13,3,14,2,7|13,3,14,4,2,7|13,3,14,4,7|13,3,14,5,6,11|13,3,14,5,6,12|13,3,14,5,11|13,3,14,5,12|13,3,14,6,5,11|13,3,14,6,5,12|13,3,14,6,11|13,3,14,6,12|13,3,14,7|13,3,14,11|13,3,14,12|13,4,2,7|13,4,2,14,5,6,11|13,4,2,14,5,6,12|13,4,2,14,5,11|13,4,2,14,5,12|13,4,2,14,6,5,11|13,4,2,14,6,5,12|13,4,2,14,6,11|13,4,2,14,6,12|13,4,2,14,7|13,4,2,14,11|13,4,2,14,12|13,4,7|13,4,14,2,7|13,4,14,5,6,11|13,4,14,5,6,12|13,4,14,5,11|13,4,14,5,12|13,4,14,6,5,11|13,4,14,6,5,12|13,4,14,6,11|13,4,14,6,12|13,4,14,7|13,4,14,11|13,4,14,12|13,5,6,11|13,5,6,12|13,5,6,14,2,4,7|13,5,6,14,2,7|13,5,6,14,4,2,7|13,5,6,14,4,7|13,5,6,14,7|13,5,6,14,11|13,5,6,14,12|13,5,11|13,5,12|13,5,14,2,4,7|13,5,14,2,7|13,5,14,4,2,7|13,5,14,4,7|13,5,14,6,11|13,5,14,6,12|13,5,14,7|13,5,14,11|13,5,14,12|13,7|13,11|13,12|14,2,4,7|14,2,4,13,5,6,11|14,2,4,13,5,6,12|14,2,4,13,5,11|14,2,4,13,5,12|14,2,4,13,7|14,2,4,13,11|14,2,4,13,12|14,2,7|14,2,13,4,7|14,2,13,5,6,11|14,2,13,5,6,12|14,2,13,5,11|14,2,13,5,12|14,2,13,7|14,2,13,11|14,2,13,12|14,3,13,2,4,7|14,3,13,2,7|14,3,13,4,2,7|14,3,13,4,7|14,3,13,5,6,11|14,3,13,5,6,12|14,3,13,5,11|14,3,13,5,12|14,3,13,7|14,3,13,11|14,3,13,12|14,4,2,7|14,4,2,13,5,6,11|14,4,2,13,5,6,12|14,4,2,13,5,11|14,4,2,13,5,12|14,4,2,13,7|14,4,2,13,11|14,4,2,13,12|14,4,7|14,4,13,2,7|14,4,13,5,6,11|14,4,13,5,6,12|14,4,13,5,11|14,4,13,5,12|14,4,13,7|14,4,13,11|14,4,13,12|14,5,6,11|14,5,6,12|14,5,11|14,5,12|14,5,13,2,4,7|14,5,13,2,7|14,5,13,4,2,7|14,5,13,4,7|14,5,13,7|14,5,13,11|14,5,13,12|14,6,5,11|14,6,5,12|14,6,5,13,2,4,7|14,6,5,13,2,7|14,6,5,13,4,2,7|14,6,5,13,4,7|14,6,5,13,7|14,6,5,13,11|14,6,5,13,12|14,6,11|14,6,12|14,7|14,11|14,12
13,3,14,4,2,10|13,3,14,4,7|13,3,14,6,11|13,3,14,6,12|13,3,14,7|13,3,14,11|13,3,14,12|13,4,2,10|13,4,7|13,4,14,6,11|13,4,14,6,12|13,4,14,7|13,4,14,11|13,4,14,12|13,7|13,11|13,12|14,3,13,4,2,10|14,3,13,4,7|14,3,13,7|14,3,13,11|14,3,13,12|14,4,2,10|14,4,7|14,4,13,7|14,4,13,11|14,4,13,12|14,6,11|14,6,12|14,7|14,11|14,12
13,2,3,14,5,11|13,2,3,14,5,12|13,2,3,14,10|13,2,3,14,11|13,2,3,14,12|13,2,10|13,2,14,5,11|13,2,14,5,12|13,2,14,10|13,2,14,11|13,2,14,12|13,3,2,10|13,3,2,14,5,11|13,3,2,14,5,12|13,3,2,14,10|13,3,2,14,11|13,3,2,14,12|13,3,14,2,10|13,3,14,5,11|13,3,14,5,12|13,3,14,10|13,3,14,11|13,3,14,12|13,5,11|13,5,12|13,5,14,2,10|13,5,14,3,2,10|13,5,14,10|13,5,14,11|13,5,14,12|13,7|13,10|13,11|13,12|14,2,3,13,5,11|14,2,3,13,5,12|14,2,3,13,7|14,2,3,13,10|14,2,3,13,11|14,2,3,13,12|14,2,10|14,2,13,5,11|14,2,13,5,12|14,2,13,7|14,2,13,10|14,2,13,11|14,2,13,12|14,3,2,10|14,3,2,13,5,11|14,3,2,13,5,12|14,3,2,13,7|14,3,2,13,10|14,3,2,13,11|14,3,2,13,12|14,3,13,2,10|14,3,13,5,11|14,3,13,5,12|14,3,13,7|14,3,13,10|14,3,13,11|14,3,13,12|14,5,11|14,5,12|14,5,13,2,10|14,5,13,3,2,10|14,5,13,7|14,5,13,10|14,5,13,11|14,5,13,12|14,10|14,11|14,12
13,2,3,14,10|13,2,3,14,11|13,2,3,14,12|13,2,14,10|13,2,14,11|13,2,14,12|13,3,2,14,10|13,3,2,14,11|13,3,2,14,12|13,3,14,10|13,3,14,11|13,3,14,12|13,10|13,11|13,12|14,2,3,13,10|14,2,3,13,11|14,2,3,13,12|14,2,13,10|14,2,13,11|14,2,13,12|14,3,2,13,10|14,3,2,13,11|14,3,2,13,12|14,3,13,10|14,3,13,11|14,3,13,12|14,10|14,11|14,12
13,2,7|13,2,14,5,6,11|13,2,14,5,6,12|13,2,14,5,11|13,2,14,5,12|13,2,14,10|13,2,14,11|13,2,14,12|13,3,14,2,7|13,3,14,5,6,11|13,3,14,5,6,12|13,3,14,5,11|13,3,14,5,12|13,3,14,10|13,3,14,11|13,3,14,12|13,5,6,11|13,5,6,12|13,5,11|13,5,12|13,5,14,2,7|13,5,14,10|13,5,14,11|13,5,14,12|13,6,5,11|13,6,5,12|13,6,5,14,2,7|13,6,5,14,10|13,6,5,14,11|13,6,5,14,12|13,6,11|13,6,12|13,10|13,11|13,12|14,2,7|14,2,13,5,6,11|14,2,13,5,6,12|14,2,13,5,11|14,2,13,5,12|14,2,13,6,5,11|14,2,13,6,5,12|14,2,13,6,11|14,2,13,6,12|14,2,13,10|14,2,13,11|14,2,13,12|14,3,13,2,7|14,3,13,5,6,11|14,3,13,5,6,12|14,3,13,5,11|14,3,13,5,12|14,3,13,6,5,11|14,3,13,6,5,12|14,3,13,6,11|14,3,13,6,12|14,3,13,10|14,3,13,11|14,3,13,12|14,5,6,11|14,5,6,12|14,5,6,13,2,7|14,5,6,13,10|14,5,6,13,11|14,5,6,13,12|14,5,11|14,5,12|14,5,13,2,7|14,5,13,6,11|14,5,13,6,12|14,5,13,10|14,5,13,11|14,5,13,12|14,10|14,11|14,12
13,3,14,4,2,7|13,3,14,9|13,3,14,10|13,3,14,11|13,6,9|13,6,11|13,9|13,10|13,11|14,3,13,6,9|14,3,13,6,11|14,3,13,9|14,3,13,10|14,3,13,11|14,4,2,7|14,9|14,10|14,11
13,2,4,14,5,6,9|13,2,4,14,5,6,11|13,2,4,14,5,9|13,2,4,14,5,11|13,2,4,14,6,5,9|13,2,4,14,6,5,11|13,2,4,14,6,9|13,2,4,14,6,11|13,2,4,14,9|13,2,4,14,10|13,2,4,14,11|13,2,10|13,2,14,5,6,9|13,2,14,5,6,11|13,2,14,5,9|13,2,14,5,11|13,2,14,6,5,9|13,2,14,6,5,11|13,2,14,6,9|13,2,14,6,11|13,2,14,9|13,2,14,10|13,2,14,11|13,3,14,2,10|13,3,14,4,2,10|13,3,14,5,6,9|13,3,14,5,6,11|13,3,14,5,9|13,3,14,5,11|13,3,14,6,5,9|13,3,14,6,5,11|13,3,14,6,9|13,3,14,6,11|13,3,14,9|13,3,14,10|13,3,14,11|13,4,2,10|13,4,2,14,5,6,9|13,4,2,14,5,6,11|13,4,2,14,5,9|13,4,2,14,5,11|13,4,2,14,6,5,9|13,4,2,14,6,5,11|13,4,2,14,6,9|13,4,2,14,6,11|13,4,2,14,9|13,4,2,14,10|13,4,2,14,11|13,4,14,2,10|13,4,14,5,6,9|13,4,14,5,6,11|13,4,14,5,9|13,4,14,5,11|13,4,14,6,5,9|13,4,14,6,5,11|13,4,14,6,9|13,4,14,6,11|13,4,14,9|13,4,14,10|13,4,14,11|13,5,6,9|13,5,6,11|13,5,6,14,2,10|13,5,6,14,4,2,10|13,5,6,14,9|13,5,6,14,10|13,5,6,14,11|13,5,9|13,5,11|13,5,14,2,10|13,5,14,4,2,10|13,5,14,6,9|13,5,14,6,11|13,5,14,9|13,5,14,10|13,5,14,11|13,6,5,9|13,6,5,11|13,6,5,14,2,10|13,6,5,14,4,2,10|13,6,5,14,9|13,6,5,14,10|13,6,5,14,11|13,6,9|13,6,11|13,6,14,2,10|13,6,14,4,2,10|13,6,14,5,9|13,6,14,5,11|13,6,14,9|13,6,14,10|13,6,14,11|13,9|13,10|13,11|14,2,4,13,5,6,9|14,2,4,13,5,6,11|14,2,4,13,5,9|14,2,4,13,5,11|14,2,4,13,6,5,9|14,2,4,13,6,5,11|14,2,4,13,6,9|14,2,4,13,6,11|14,2,4,13,9|14,2,4,13,10|14,2,4,13,11|14,2,10|14,2,13,5,6,9|14,2,13,5,6,11|14,2,13,5,9|14,2,13,5,11|14,2,13,6,5,9|14,2,13,6,5,11|14,2,13,6,9|14,2,13,6,11|14,2,13,9|14,2,13,10|14,2,13,11|14,3,13,2,10|14,3,13,4,2,10|14,3,13,5,6,9|14,3,13,5,6,11|14,3,13,5,9|14,3,13,5,11|14,3,13,6,5,9|14,3,13,6,5,11|14,3,13,6,9|14,3,13,6,11|14,3,13,9|14,3,13,10|14,3,13,11|14,4,2,10|14,4,2,13,5,6,9|14,4,2,13,5,6,11|14,4,2,13,5,9|14,4,2,13,5,11|14,4,2,13,6,5,9|14,4,2,13,6,5,11|14,4,2,13,6,9|14,4,2,13,6,11|14,4,2,13,9|14,4,2,13,10|14,4,2,13,11|14,4,13,2,10|14,4,13,5,6,9|14,4,13,5,6,11|14,4,13,5,9|14,4,13,5,11|14,4,13,6,5,9|14,4,13,6,5,11|14,4,13,6,9|14,4,13,6,11|14,4,13,9|14,4,13,10|14,4,13,11|14,5,6,9|14,5,6,11|14,5,6,13,2,10|14,5,6,13,4,2,10|14,5,6,13,9|14,5,6,13,10|14,5,6,13,11|14,5,9|14,5,11|14,5,13,2,10|14,5,13,4,2,10|14,5,13,6,9|14,5,13,6,11|14,5,13,9|14,5,13,10|14,5,13,11|14,6,5,9|14,6,5,11|14,6,5,13,2,10|14,6,5,13,4,2,10|14,6,5,13,9|14,6,5,13,10|14,6,5,13,11|14,6,9|14,6,11|14,6,13,2,10|14,6,13,4,2,10|14,6,13,5,9|14,6,13,5,11|14,6,13,9|14,6,13,10|14,6,13,11|14,9|14,10|14,11
13,2,3,14,6,9|13,2,3,14,6,11|13,2,3,14,9|13,2,3,14,10|13,2,3,14,11|13,2,4,14,6,9|13,2,4,14,6,11|13,2,4,14,9|13,2,4,14,10|13,2,4,14,11|13,2,10|13,2,14,6,9|13,2,14,6,11|13,2,14,9|13,2,14,10|13,2,14,11|13,3,2,4,14,6,9|13,3,2,4,14,6,11|13,3,2,4,14,9|13,3,2,4,14,10|13,3,2,4,14,11|13,3,2,10|13,3,2,14,6,9|13,3,2,14,6,11|13,3,2,14,9|13,3,2,14,10|13,3,2,14,11|13,3,14,2,10|13,3,14,4,2,10|13,3,14,6,9|13,3,14,6,11|13,3,14,9|13,3,14,10|13,3,14,11|13,4,2,3,14,6,9|13,4,2,3,14,6,11|13,4,2,3,14,9|13,4,2,3,14,10|13,4,2,3,14,11|13,4,2,10|13,4,2,14,6,9|13,4,2,14,6,11|13,4,2,14,9|13,4,2,14,10|13,4,2,14,11|13,4,14,2,10|13,4,14,3,2,10|13,4,14,6,9|13,4,14,6,11|13,4,14,9|13,4,14,10|13,4,14,11|13,6,9|13,6,11|13,6,14,2,10|13,6,14,3,2,10|13,6,14,4,2,10|13,6,14,9|13,6,14,10|13,6,14,11|13,9|13,10|13,11|14,2,3,13,6,9|14,2,3,13,6,11|14,2,3,13,9|14,2,3,13,10|14,2,3,13,11|14,2,4,13,6,9|14,2,4,13,6,11|14,2,4,13,9|14,2,4,13,10|14,2,4,13,11|14,2,10|14,2,13,6,9|14,2,13,6,11|14,2,13,9|14,2,13,10|14,2,13,11|14,3,2,4,13,6,9|14,3,2,4,13,6,11|14,3,2,4,13,9|14,3,2,4,13,10|14,3,2,4,13,11|14,3,2,10|14,3,2,13,6,9|14,3,2,13,6,11|14,3,2,13,9|14,3,2,13,10|14,3,2,13,11|14,3,13,2,10|14,3,13,4,2,10|14,3,13,6,9|14,3,13,6,11|14,3,13,9|14,3,13,10|14,3,13,11|14,4,2,3,13,6,9|14,4,2,3,13,6,11|14,4,2,3,13,9|14,4,2,3,13,10|14,4,2,3,13,11|14,4,2,10|14,4,2,13,6,9|14,4,2,13,6,11|14,4,2,13,9|14,4,2,13,10|14,4,2,13,11|14,4,13,2,10|14,4,13,3,2,10|14,4,13,6,9|14,4,13,6,11|14,4,13,9|14,4,13,10|14,4,13,11|14,6,9|14,6,11|14,6,13,2,10|14,6,13,3,2,10|14,6,13,4,2,10|14,6,13,9|14,6,13,10|14,6,13,11|14,9|14,10|14,11
13,2,3,10|13,2,3,14,5,6,8|13,2,3,14,5,6,9|13,2,3,14,5,8|13,2,3,14,5,9|13,2,3,14,6,5,8|13,2,3,14,6,5,9|13,2,3,14,6,8|13,2,3,14,6,9|13,2,3,14,8|13,2,3,14,9|13,2,3,14,10|13,2,10|13,2,14,3,10|13,2,14,5,6,8|13,2,14,5,6,9|13,2,14,5,8|13,2,14,5,9|13,2,14,6,5,8|13,2,14,6,5,9|13,2,14,6,8|13,2,14,6,9|13,2,14,8|13,2,14,9|13,2,14,10|13,3,2,10|13,3,2,14,5,6,8|13,3,2,14,5,6,9|13,3,2,14,5,8|13,3,2,14,5,9|13,3,2,14,6,5,8|13,3,2,14,6,5,9|13,3,2,14,6,8|13,3,2,14,6,9|13,3,2,14,8|13,3,2,14,9|13,3,2,14,10|13,3,10|13,3,14,2,10|13,3,14,5,6,8|13,3,14,5,6,9|13,3,14,5,8|13,3,14,5,9|13,3,14,6,5,8|13,3,14,6,5,9|13,3,14,6,8|13,3,14,6,9|13,3,14,8|13,3,14,9|13,3,14,10|13,4,14,2,3,10|13,4,14,2,10|13,4,14,3,2,10|13,4,14,3,10|13,4,14,5,6,8|13,4,14,5,6,9|13,4,14,5,8|13,4,14,5,9|13,4,14,6,5,8|13,4,14,6,5,9|13,4,14,6,8|13,4,14,6,9|13,4,14,8|13,4,14,9|13,4,14,10|13,5,6,8|13,5,6,9|13,5,6,14,2,3,10|13,5,6,14,2,10|13,5,6,14,3,2,10|13,5,6,14,3,10|13,5,6,14,8|13,5,6,14,9|13,5,6,14,10|13,5,8|13,5,9|13,5,14,2,3,10|13,5,14,2,10|13,5,14,3,2,10|13,5,14,3,10|13,5,14,6,8|13,5,14,6,9|13,5,14,8|13,5,14,9|13,5,14,10|13,8|13,9|13,10|14,2,3,10|14,2,3,13,5,6,8|14,2,3,13,5,6,9|14,2,3,13,5,8|14,2,3,13,5,9|14,2,3,13,8|14,2,3,13,9|14,2,3,13,10|14,2,10|14,2,13,3,10|14,2,13,5,6,8|14,2,13,5,6,9|14,2,13,5,8|14,2,13,5,9|14,2,13,8|14,2,13,9|14,2,13,10|14,3,2,10|14,3,2,13,5,6,8|14,3,2,13,5,6,9|14,3,2,13,5,8|14,3,2,13,5,9|14,3,2,13,8|14,3,2,13,9|14,3,2,13,10|14,3,10|14,3,13,2,10|14,3,13,5,6,8|14,3,13,5,6,9|14,3,13,5,8|14,3,13,5,9|14,3,13,8|14,3,13,9|14,3,13,10|14,4,13,2,3,10|14,4,13,2,10|14,4,13,3,2,10|14,4,13,3,10|14,4,13,5,6,8|14,4,13,5,6,9|14,4,13,5,8|14,4,13,5,9|14,4,13,8|14,4,13,9|14,4,13,10|14,5,6,8|14,5,6,9|14,5,8|14,5,9|14,5,13,2,3,10|14,5,13,2,10|14,5,13,3,2,10|14,5,13,3,10|14,5,13,8|14,5,13,9|14,5,13,10|14,6,5,8|14,6,5,9|14,6,5,13,2,3,10|14,6,5,13,2,10|14,6,5,13,3,2,10|14,6,5,13,3,10|14,6,5,13,8|14,6,5,13,9|14,6,5,13,10|14,6,8|14,6,9|14,8|14,9|14,10
13,3,10|13,3,14,6,8|13,3,14,6,9|13,3,14,8|13,3,14,9|13,3,14,10|13,4,14,3,10|13,4,14,6,8|13,4,14,6,9|13,4,14,8|13,4,14,9|13,4,14,10|13,8|13,9|13,10|14,3,10|14,3,13,8|14,3,13,9|14,3,13,10|14,4,13,3,10|14,4,13,8|14,4,13,9|14,4,13,10|14,6,8|14,6,9|14,8|14,9|14,10
13,2,4,14,5,8|13,2,4,14,5,9|13,2,4,14,7|13,2,4,14,8|13,2,4,14,9|13,2,7|13,2,14,5,8|13,2,14,5,9|13,2,14,7|13,2,14,8|13,2,14,9|13,4,2,7|13,4,2,14,5,8|13,4,2,14,5,9|13,4,2,14,7|13,4,2,14,8|13,4,2,14,9|13,4,14,2,7|13,4,14,5,8|13,4,14,5,9|13,4,14,7|13,4,14,8|13,4,14,9|13,5,8|13,5,9|13,5,14,2,7|13,5,14,4,2,7|13,5,14,7|13,5,14,8|13,5,14,9|13,7|13,8|13,9|13,10|14,2,4,13,5,8|14,2,4,13,5,9|14,2,4,13,7|14,2,4,13,8|14,2,4,13,9|14,2,4,13,10|14,2,7|14,2,13,5,8|14,2,13,5,9|14,2,13,7|14,2,13,8|14,2,13,9|14,2,13,10|14,4,2,7|14,4,2,13,5,8|14,4,2,13,5,9|14,4,2,13,7|14,4,2,13,8|14,4,2,13,9|14,4,2,13,10|14,4,13,2,7|14,4,13,5,8|14,4,13,5,9|14,4,13,7|14,4,13,8|14,4,13,9|14,4,13,10|14,5,8|14,5,9|14,5,13,2,7|14,5,13,4,2,7|14,5,13,7|14,5,13,8|14,5,13,9|14,5,13,10|14,7|14,8|14,9
13,2,4,14,7|13,2,4,14,8|13,2,4,14,9|13,2,14,7|13,2,14,8|13,2,14,9|13,4,2,14,7|13,4,2,14,8|13,4,2,14,9|13,4,14,7|13,4,14,8|13,4,14,9|13,7|13,8|13,9|14,2,4,13,7|14,2,4,13,8|14,2,4,13,9|14,2,13,7|14,2,13,8|14,2,13,9|14,4,2,13,7|14,4,2,13,8|14,4,2,13,9|14,4,13,7|14,4,13,8|14,4,13,9|14,7|14,8|14,9
13,2,3,4,10|13,2,3,4,14,5,6,8|13,2,3,4,14,5,6,9|13,2,3,4,14,5,8|13,2,3,4,14,5,9|13,2,3,4,14,7|13,2,3,4,14,8|13,2,3,4,14,9|13,2,3,10|13,2,4,3,10|13,2,4,10|13,2,4,14,5,6,8|13,2,4,14,5,6,9|13,2,4,14,5,8|13,2,4,14,5,9|13,2,4,14,7|13,2,4,14,8|13,2,4,14,9|13,2,10|13,2,14,4,3,10|13,2,14,4,10|13,2,14,5,6,8|13,2,14,5,6,9|13,2,14,5,8|13,2,14,5,9|13,2,14,7|13,2,14,8|13,2,14,9|13,4,2,3,10|13,4,2,10|13,4,2,14,5,6,8|13,4,2,14,5,6,9|13,4,2,14,5,8|13,4,2,14,5,9|13,4,2,14,7|13,4,2,14,8|13,4,2,14,9|13,4,3,2,10|13,4,3,2,14,5,6,8|13,4,3,2,14,5,6,9|13,4,3,2,14,5,8|13,4,3,2,14,5,9|13,4,3,2,14,7|13,4,3,2,14,8|13,4,3,2,14,9|13,4,3,10|13,4,10|13,4,14,2,3,10|13,4,14,2,10|13,4,14,5,6,8|13,4,14,5,6,9|13,4,14,5,8|13,4,14,5,9|13,4,14,7|13,4,14,8|13,4,14,9|13,5,6,8|13,5,6,9|13,5,8|13,5,9|13,5,14,2,3,4,10|13,5,14,2,3,10|13,5,14,2,4,3,10|13,5,14,2,4,10|13,5,14,2,10|13,5,14,4,2,3,10|13,5,14,4,2,10|13,5,14,4,3,2,10|13,5,14,4,3,10|13,5,14,4,10|13,5,14,7|13,5,14,8|13,5,14,9|13,6,5,8|13,6,5,9|13,6,5,14,2,3,4,10|13,6,5,14,2,3,10|13,6,5,14,2,4,3,10|13,6,5,14,2,4,10|13,6,5,14,2,10|13,6,5,14,4,2,3,10|13,6,5,14,4,2,10|13,6,5,14,4,3,2,10|13,6,5,14,4,3,10|13,6,5,14,4,10|13,6,5,14,7|13,6,5,14,8|13,6,5,14,9|13,6,8|13,6,9|13,7|13,8|13,9|14,2,3,4,10|14,2,3,4,13,5,6,8|14,2,3,4,13,5,6,9|14,2,3,4,13,5,8|14,2,3,4,13,5,9|14,2,3,4,13,6,5,8|14,2,3,4,13,6,5,9|14,2,3,4,13,6,8|14,2,3,4,13,6,9|14,2,3,4,13,7|14,2,3,4,13,8|14,2,3,4,13,9|14,2,3,10|14,2,4,3,10|14,2,4,10|14,2,4,13,5,6,8|14,2,4,13,5,6,9|14,2,4,13,5,8|14,2,4,13,5,9|14,2,4,13,6,5,8|14,2,4,13,6,5,9|14,2,4,13,6,8|14,2,4,13,6,9|14,2,4,13,7|14,2,4,13,8|14,2,4,13,9|14,2,10|14,2,13,4,3,10|14,2,13,4,10|14,2,13,5,6,8|14,2,13,5,6,9|14,2,13,5,8|14,2,13,5,9|14,2,13,6,5,8|14,2,13,6,5,9|14,2,13,6,8|14,2,13,6,9|14,2,13,7|14,2,13,8|14,2,13,9|14,4,2,3,10|14,4,2,10|14,4,2,13,5,6,8|14,4,2,13,5,6,9|14,4,2,13,5,8|14,4,2,13,5,9|14,4,2,13,6,5,8|14,4,2,13,6,5,9|14,4,2,13,6,8|14,4,2,13,6,9|14,4,2,13,7|14,4,2,13,8|14,4,2,13,9|14,4,3,2,10|14,4,3,2,13,5,6,8|14,4,3,2,13,5,6,9|14,4,3,2,13,5,8|14,4,3,2,13,5,9|14,4,3,2,13,6,5,8|14,4,3,2,13,6,5,9|14,4,3,2,13,6,8|14,4,3,2,13,6,9|14,4,3,2,13,7|14,4,3,2,13,8|14,4,3,2,13,9|14,4,3,10|14,4,10|14,4,13,2,3,10|14,4,13,2,10|14,4,13,5,6,8|14,4,13,5,6,9|14,4,13,5,8|14,4,13,5,9|14,4,13,6,5,8|14,4,13,6,5,9|14,4,13,6,8|14,4,13,6,9|14,4,13,7|14,4,13,8|14,4,13,9|14,5,6,8|14,5,6,9|14,5,6,13,2,3,4,10|14,5,6,13,2,3,10|14,5,6,13,2,4,3,10|14,5,6,13,2,4,10|14,5,6,13,2,10|14,5,6,13,4,2,3,10|14,5,6,13,4,2,10|14,5,6,13,4,3,2,10|14,5,6,13,4,3,10|14,5,6,13,4,10|14,5,6,13,7|14,5,6,13,8|14,5,6,13,9|14,5,8|14,5,9|14,5,13,2,3,4,10|14,5,13,2,3,10|14,5,13,2,4,3,10|14,5,13,2,4,10|14,5,13,2,10|14,5,13,4,2,3,10|14,5,13,4,2,10|14,5,13,4,3,2,10|14,5,13,4,3,10|14,5,13,4,10|14,5,13,6,8|14,5,13,6,9|14,5,13,7|14,5,13,8|14,5,13,9|14,7|14,8|14,9
13,4,2,3,10|13,4,2,10|13,4,3,2,10|13,4,3,10|13,4,10|13,4,14,7|13,4,14,8|13,4,14,12|13,6,8|13,6,12|13,7|13,8|13,12|14,4,2,3,10|14,4,2,10|14,4,3,2,10|14,4,3,10|14,4,10|14,4,13,6,8|14,4,13,6,12|14,4,13,7|14,4,13,8|14,4,13,12|14,7|14,8|14,12
13,2,7|13,2,14,5,6,8|13,2,14,5,6,12|13,2,14,5,8|13,2,14,5,12|13,2,14,6,5,8|13,2,14,6,5,12|13,2,14,6,8|13,2,14,6,12|13,2,14,7|13,2,14,8|13,2,14,12|13,5,6,8|13,5,6,12|13,5,6,14,2,7|13,5,6,14,7|13,5,6,14,8|13,5,6,14,12|13,5,8|13,5,12|13,5,14,2,7|13,5,14,6,8|13,5,14,6,12|13,5,14,7|13,5,14,8|13,5,14,12|13,6,5,8|13,6,5,12|13,6,5,14,2,7|13,6,5,14,7|13,6,5,14,8|13,6,5,14,12|13,6,8|13,6,12|13,6,14,2,7|13,6,14,5,8|13,6,14,5,12|13,6,14,7|13,6,14,8|13,6,14,12|13,7|13,8|13,12|14,2,7|14,2,13,5,6,8|14,2,13,5,6,12|14,2,13,5,8|14,2,13,5,12|14,2,13,6,5,8|14,2,13,6,5,12|14,2,13,6,8|14,2,13,6,12|14,2,13,7|14,2,13,8|14,2,13,12|14,5,6,8|14,5,6,12|14,5,6,13,2,7|14,5,6,13,7|14,5,6,13,8|14,5,6,13,12|14,5,8|14,5,12|14,5,13,2,7|14,5,13,6,8|14,5,13,6,12|14,5,13,7|14,5,13,8|14,5,13,12|14,6,5,8|14,6,5,12|14,6,5,13,2,7|14,6,5,13,7|14,6,5,13,8|14,6,5,13,12|14,6,8|14,6,12|14,6,13,2,7|14,6,13,5,8|14,6,13,5,12|14,6,13,7|14,6,13,8|14,6,13,12|14,7|14,8|14,12
13,2,7|13,2,14,6,8|13,2,14,6,12|13,2,14,7|13,2,14,8|13,2,14,12|13,6,8|13,6,12|13,6,14,2,7|13,6,14,7|13,6,14,8|13,6,14,12|13,7|13,8|13,12|14,2,7|14,2,13,6,8|14,2,13,6,12|14,2,13,7|14,2,13,8|14,2,13,12|14,6,8|14,6,12|14,6,13,2,7|14,6,13,7|14,6,13,8|14,6,13,12|14,7|14,8|14,12
13,2,4,3,10|13,2,4,10|13,2,7|13,2,14,5,6,11|13,2,14,5,6,12|13,2,14,5,11|13,2,14,5,12|13,2,14,6,5,11|13,2,14,6,5,12|13,2,14,6,11|13,2,14,6,12|13,2,14,7|13,2,14,11|13,2,14,12|13,5,6,11|13,5,6,12|13,5,6,14,2,4,3,10|13,5,6,14,2,4,10|13,5,6,14,2,7|13,5,6,14,7|13,5,6,14,11|13,5,6,14,12|13,5,11|13,5,12|13,5,14,2,4,3,10|13,5,14,2,4,10|13,5,14,2,7|13,5,14,6,11|13,5,14,6,12|13,5,14,7|13,5,14,11|13,5,14,12|13,7|13,11|13,12|14,2,4,3,10|14,2,4,10|14,2,7|14,2,13,5,6,11|14,2,13,5,6,12|14,2,13,5,11|14,2,13,5,12|14,2,13,7|14,2,13,11|14,2,13,12|14,5,6,11|14,5,6,12|14,5,11|14,5,12|14,5,13,2,4,3,10|14,5,13,2,4,10|14,5,13,2,7|14,5,13,7|14,5,13,11|14,5,13,12|14,6,5,11|14,6,5,12|14,6,5,13,2,4,3,10|14,6,5,13,2,4,10|14,6,5,13,2,7|14,6,5,13,7|14,6,5,13,11|14,6,5,13,12|14,6,11|14,6,12|14,7|14,11|14,12
13,3,2,4,10|13,3,2,4,14,6,11|13,3,2,4,14,6,12|13,3,2,4,14,7|13,3,2,4,14,11|13,3,2,4,14,12|13,3,2,10|13,3,4,2,10|13,3,4,10|13,3,4,14,6,11|13,3,4,14,6,12|13,3,4,14,7|13,3,4,14,11|13,3,4,14,12|13,3,10|13,3,14,4,2,10|13,3,14,4,10|13,3,14,6,11|13,3,14,6,12|13,3,14,7|13,3,14,11|13,3,14,12|13,7|13,11|13,12|14,3,2,4,10|14,3,2,10|14,3,4,2,10|14,3,4,10|14,3,10|14,3,13,7|14,3,13,11|14,3,13,12|14,4,2,3,10|14,4,2,3,13,7|14,4,2,3,13,11|14,4,2,3,13,12|14,4,2,10|14,4,3,2,10|14,4,3,10|14,4,3,13,7|14,4,3,13,11|14,4,3,13,12|14,4,10|14,6,11|14,6,12|14,7|14,11|14,12
13,2,3,4,10|13,2,3,4,14,5,11|13,2,3,4,14,5,12|13,2,3,4,14,10|13,2,3,4,14,11|13,2,3,4,14,12|13,2,3,10|13,2,3,14,4,10|13,2,3,14,5,11|13,2,3,14,5,12|13,2,3,14,10|13,2,3,14,11|13,2,3,14,12|13,2,4,3,10|13,2,4,3,14,5,11|13,2,4,3,14,5,12|13,2,4,3,14,10|13,2,4,3,14,11|13,2,4,3,14,12|13,2,4,10|13,2,4,14,3,10|13,2,4,14,5,11|13,2,4,14,5,12|13,2,4,14,10|13,2,4,14,11|13,2,4,14,12|13,2,10|13,2,14,3,4,10|13,2,14,3,10|13,2,14,4,3,10|13,2,14,4,10|13,2,14,5,11|13,2,14,5,12|13,2,14,10|13,2,14,11|13,2,14,12|13,3,2,4,10|13,3,2,4,14,5,11|13,3,2,4,14,5,12|13,3,2,4,14,10|13,3,2,4,14,11|13,3,2,4,14,12|13,3,2,10|13,3,2,14,4,10|13,3,2,14,5,11|13,3,2,14,5,12|13,3,2,14,10|13,3,2,14,11|13,3,2,14,12|13,3,4,2,10|13,3,4,2,14,5,11|13,3,4,2,14,5,12|13,3,4,2,14,10|13,3,4,2,14,11|13,3,4,2,14,12|13,3,4,10|13,3,4,14,2,10|13,3,4,14,5,11|13,3,4,14,5,12|13,3,4,14,10|13,3,4,14,11|13,3,4,14,12|13,3,10|13,3,14,2,4,10|13,3,14,2,10|13,3,14,4,2,10|13,3,14,4,10|13,3,14,5,11|13,3,14,5,12|13,3,14,10|13,3,14,11|13,3,14,12|13,4,2,3,10|13,4,2,3,14,5,11|13,4,2,3,14,5,12|13,4,2,3,14,10|13,4,2,3,14,11|13,4,2,3,14,12|13,4,2,10|13,4,2,14,3,10|13,4,2,14,5,11|13,4,2,14,5,12|13,4,2,14,10|13,4,2,14,11|13,4,2,14,12|13,4,3,2,10|13,4,3,2,14,5,11|13,4,3,2,14,5,12|13,4,3,2,14,10|13,4,3,2,14,11|13,4,3,2,14,12|13,4,3,10|13,4,3,14,2,10|13,4,3,14,5,11|13,4,3,14,5,12|13,4,3,14,10|13,4,3,14,11|13,4,3,14,12|13,4,10|13,4,14,2,3,10|13,4,14,2,10|13,4,14,3,2,10|13,4,14,3,10|13,4,14,5,11|13,4,14,5,12|13,4,14,10|13,4,14,11|13,4,14,12|13,5,11|13,5,12|13,5,14,2,3,4,10|13,5,14,2,3,10|13,5,14,2,4,3,10|13,5,14,2,4,10|13,5,14,2,10|13,5,14,3,2,4,10|13,5,14,3,2,10|13,5,14,3,4,2,10|13,5,14,3,4,10|13,5,14,3,10|13,5,14,4,2,3,10|13,5,14,4,2,10|13,5,14,4,3,2,10|13,5,14,4,3,10|13,5,14,4,10|13,5,14,10|13,5,14,11|13,5,14,12|13,7|13,10|13,11|13,12|14,2,3,4,10|14,2,3,4,13,5,11|14,2,3,4,13,5,12|14,2,3,4,13,7|14,2,3,4,13,10|14,2,3,4,13,11|14,2,3,4,13,12|14,2,3,10|14,2,3,13,4,10|14,2,3,13,5,11|14,2,3,13,5,12|14,2,3,13,7|14,2,3,13,10|14,2,3,13,11|14,2,3,13,12|14,2,4,3,10|14,2,4,3,13,5,11|14,2,4,3,13,5,12|14,2,4,3,13,7|14,2,4,3,13,10|14,2,4,3,13,11|14,2,4,3,13,12|14,2,4,10|14,2,4,13,3,10|14,2,4,13,5,11|14,2,4,13,5,12|14,2,4,13,7|14,2,4,13,10|14,2,4,13,11|14,2,4,13,12|14,2,10|14,2,13,3,4,10|14,2,13,3,10|14,2,13,4,3,10|14,2,13,4,10|14,2,13,5,11|14,2,13,5,12|14,2,13,7|14,2,13,10|14,2,13,11|14,2,13,12|14,3,2,4,10|14,3,2,4,13,5,11|14,3,2,4,13,5,12|14,3,2,4,13,7|14,3,2,4,13,10|14,3,2,4,13,11|14,3,2,4,13,12|14,3,2,10|14,3,2,13,4,10|14,3,2,13,5,11|14,3,2,13,5,12|14,3,2,13,7|14,3,2,13,10|14,3,2,13,11|14,3,2,13,12|14,3,4,2,10|14,3,4,2,13,5,11|14,3,4,2,13,5,12|14,3,4,2,13,7|14,3,4,2,13,10|14,3,4,2,13,11|14,3,4,2,13,12|14,3,4,10|14,3,4,13,2,10|14,3,4,13,5,11|14,3,4,13,5,12|14,3,4,13,7|14,3,4,13,10|14,3,4,13,11|14,3,4,13,12|14,3,10|14,3,13,2,4,10|14,3,13,2,10|14,3,13,4,2,10|14,3,13,4,10|14,3,13,5,11|14,3,13,5,12|14,3,13,7|14,3,13,10|14,3,13,11|14,3,13,12|14,4,2,3,10|14,4,2,3,13,5,11|14,4,2,3,13,5,12|14,4,2,3,13,7|14,4,2,3,13,10|14,4,2,3,13,11|14,4,2,3,13,12|14,4,2,10|14,4,2,13,3,10|14,4,2,13,5,11|14,4,2,13,5,12|14,4,2,13,7|14,4,2,13,10|14,4,2,13,11|14,4,2,13,12|14,4,3,2,10|14,4,3,2,13,5,11|14,4,3,2,13,5,12|14,4,3,2,13,7|14,4,3,2,13,10|14,4,3,2,13,11|14,4,3,2,13,12|14,4,3,10|14,4,3,13,2,10|14,4,3,13,5,11|14,4,3,13,5,12|14,4,3,13,7|14,4,3,13,10|14,4,3,13,11|14,4,3,13,12|14,4,10|14,4,13,2,3,10|14,4,13,2,10|14,4,13,3,2,10|14,4,13,3,10|14,4,13,5,11|14,4,13,5,12|14,4,13,7|14,4,13,10|14,4,13,11|14,4,13,12|14,5,11|14,5,12|14,5,13,2,3,4,10|14,5,13,2,3,10|14,5,13,2,4,3,10|14,5,13,2,4,10|14,5,13,2,10|14,5,13,3,2,4,10|14,5,13,3,2,10|14,5,13,3,4,2,10|14,5,13,3,4,10|14,5,13,3,10|14,5,13,4,2,3,10|14,5,13,4,2,10|14,5,13,4,3,2,10|14,5,13,4,3,10|14,5,13,4,10|14,5,13,7|14,5,13,10|14,5,13,11|14,5,13,12|14,10|14,11|14,12
13,2,4,3,10|13,2,4,3,14,10|13,2,4,3,14,11|13,2,4,3,14,12|13,2,4,10|13,2,4,14,3,10|13,2,4,14,10|13,2,4,14,11|13,2,4,14,12|13,2,14,3,4,10|13,2,14,3,10|13,2,14,4,3,10|13,2,14,4,10|13,2,14,10|13,2,14,11|13,2,14,12|13,3,4,2,14,10|13,3,4,2,14,11|13,3,4,2,14,12|13,3,4,10|13,3,4,14,10|13,3,4,14,11|13,3,4,14,12|13,3,10|13,3,14,2,4,10|13,3,14,4,10|13,3,14,10|13,3,14,11|13,3,14,12|13,4,2,14,3,10|13,4,2,14,10|13,4,2,14,11|13,4,2,14,12|13,4,3,10|13,4,3,14,10|13,4,3,14,11|13,4,3,14,12|13,4,10|13,4,14,3,10|13,4,14,10|13,4,14,11|13,4,14,12|13,10|13,11|13,12|14,2,4,3,10|14,2,4,3,13,10|14,2,4,3,13,11|14,2,4,3,13,12|14,2,4,10|14,2,4,13,3,10|14,2,4,13,10|14,2,4,13,11|14,2,4,13,12|14,2,13,3,4,10|14,2,13,3,10|14,2,13,4,3,10|14,2,13,4,10|14,2,13,10|14,2,13,11|14,2,13,12|14,3,4,2,13,10|14,3,4,2,13,11|14,3,4,2,13,12|14,3,4,10|14,3,4,13,10|14,3,4,13,11|14,3,4,13,12|14,3,10|14,3,13,2,4,10|14,3,13,4,10|14,3,13,10|14,3,13,11|14,3,13,12|14,4,2,13,3,10|14,4,2,13,10|14,4,2,13,11|14,4,2,13,12|14,4,3,10|14,4,3,13,10|14,4,3,13,11|14,4,3,13,12|14,4,10|14,4,13,3,10|14,4,13,10|14,4,13,11|14,4,13,12|14,10|14,11|14,12
13,2,7|13,2,14,3,4,10|13,2,14,3,10|13,2,14,4,3,10|13,2,14,4,10|13,2,14,5,6,11|13,2,14,5,6,12|13,2,14,5,11|13,2,14,5,12|13,2,14,10|13,2,14,11|13,2,14,12|13,3,4,10|13,3,4,14,2,7|13,3,4,14,5,6,11|13,3,4,14,5,6,12|13,3,4,14,5,11|13,3,4,14,5,12|13,3,4,14,10|13,3,4,14,11|13,3,4,14,12|13,3,10|13,3,14,2,7|13,3,14,4,10|13,3,14,5,6,11|13,3,14,5,6,12|13,3,14,5,11|13,3,14,5,12|13,3,14,10|13,3,14,11|13,3,14,12|13,4,3,10|13,4,3,14,2,7|13,4,3,14,5,6,11|13,4,3,14,5,6,12|13,4,3,14,5,11|13,4,3,14,5,12|13,4,3,14,10|13,4,3,14,11|13,4,3,14,12|13,4,10|13,4,14,2,7|13,4,14,3,10|13,4,14,5,6,11|13,4,14,5,6,12|13,4,14,5,11|13,4,14,5,12|13,4,14,10|13,4,14,11|13,4,14,12|13,5,6,11|13,5,6,12|13,5,11|13,5,12|13,5,14,2,7|13,5,14,3,4,10|13,5,14,3,10|13,5,14,4,3,10|13,5,14,4,10|13,5,14,10|13,5,14,11|13,5,14,12|13,6,5,11|13,6,5,12|13,6,5,14,2,7|13,6,5,14,3,4,10|13,6,5,14,3,10|13,6,5,14,4,3,10|13,6,5,14,4,10|13,6,5,14,10|13,6,5,14,11|13,6,5,14,12|13,6,11|13,6,12|13,10|13,11|13,12|14,2,7|14,2,13,3,4,10|14,2,13,3,10|14,2,13,4,3,10|14,2,13,4,10|14,2,13,5,6,11|14,2,13,5,6,12|14,2,13,5,11|14,2,13,5,12|14,2,13,6,5,11|14,2,13,6,5,12|14,2,13,6,11|14,2,13,6,12|14,2,13,10|14,2,13,11|14,2,13,12|14,3,4,10|14,3,4,13,2,7|14,3,4,13,5,6,11|14,3,4,13,5,6,12|14,3,4,13,5,11|14,3,4,13,5,12|14,3,4,13,6,5,11|14,3,4,13,6,5,12|14,3,4,13,6,11|14,3,4,13,6,12|14,3,4,13,10|14,3,4,13,11|14,3,4,13,12|14,3,10|14,3,13,2,7|14,3,13,4,10|14,3,13,5,6,11|14,3,13,5,6,12|14,3,13,5,11|14,3,13,5,12|14,3,13,6,5,11|14,3,13,6,5,12|14,3,13,6,11|14,3,13,6,12|14,3,13,10|14,3,13,11|14,3,13,12|14,4,3,10|14,4,3,13,2,7|14,4,3,13,5,6,11|14,4,3,13,5,6,12|14,4,3,13,5,11|14,4,3,13,5,12|14,4,3,13,6,5,11|14,4,3,13,6,5,12|14,4,3,13,6,11|14,4,3,13,6,12|14,4,3,13,10|14,4,3,13,11|14,4,3,13,12|14,4,10|14,4,13,2,7|14,4,13,3,10|14,4,13,5,6,11|14,4,13,5,6,12|14,4,13,5,11|14,4,13,5,12|14,4,13,6,5,11|14,4,13,6,5,12|14,4,13,6,11|14,4,13,6,12|14,4,13,10|14,4,13,11|14,4,13,12|14,5,6,11|14,5,6,12|14,5,6,13,2,7|14,5,6,13,3,4,10|14,5,6,13,3,10|14,5,6,13,4,3,10|14,5,6,13,4,10|14,5,6,13,10|14,5,6,13,11|14,5,6,13,12|14,5,11|14,5,12|14,5,13,2,7|14,5,13,3,4,10|14,5,13,3,10|14,5,13,4,3,10|14,5,13,4,10|14,5,13,6,11|14,5,13,6,12|14,5,13,10|14,5,13,11|14,5,13,12|14,10|14,11|14,12
13,3,4,10|13,3,4,14,9|13,3,4,14,10|13,3,4,14,11|13,3,10|13,3,14,4,10|13,3,14,9|13,3,14,10|13,3,14,11|13,4,3,10|13,4,3,14,9|13,4,3,14,10|13,4,3,14,11|13,4,10|13,4,14,3,10|13,4,14,9|13,4,14,10|13,4,14,11|13,6,9|13,6,11|13,9|13,10|13,11|14,3,4,10|14,3,4,13,6,9|14,3,4,13,6,11|14,3,4,13,9|14,3,4,13,10|14,3,4,13,11|14,3,10|14,3,13,4,10|14,3,13,6,9|14,3,13,6,11|14,3,13,9|14,3,13,10|14,3,13,11|14,4,3,10|14,4,3,13,6,9|14,4,3,13,6,11|14,4,3,13,9|14,4,3,13,10|14,4,3,13,11|14,4,10|14,4,13,3,10|14,4,13,6,9|14,4,13,6,11|14,4,13,9|14,4,13,10|14,4,13,11|14,9|14,10|14,11
13,2,3,4,10|13,2,3,4,14,5,6,9|13,2,3,4,14,5,6,11|13,2,3,4,14,5,9|13,2,3,4,14,5,11|13,2,3,4,14,6,5,9|13,2,3,4,14,6,5,11|13,2,3,4,14,6,9|13,2,3,4,14,6,11|13,2,3,4,14,9|13,2,3,4,14,10|13,2,3,4,14,11|13,2,3,10|13,2,3,14,4,10|13,2,3,14,5,6,9|13,2,3,14,5,6,11|13,2,3,14,5,9|13,2,3,14,5,11|13,2,3,14,6,5,9|13,2,3,14,6,5,11|13,2,3,14,6,9|13,2,3,14,6,11|13,2,3,14,9|13,2,3,14,10|13,2,3,14,11|13,2,4,3,10|13,2,4,3,14,5,6,9|13,2,4,3,14,5,6,11|13,2,4,3,14,5,9|13,2,4,3,14,5,11|13,2,4,3,14,6,5,9|13,2,4,3,14,6,5,11|13,2,4,3,14,6,9|13,2,4,3,14,6,11|13,2,4,3,14,9|13,2,4,3,14,10|13,2,4,3,14,11|13,2,4,10|13,2,4,14,3,10|13,2,4,14,5,6,9|13,2,4,14,5,6,11|13,2,4,14,5,9|13,2,4,14,5,11|13,2,4,14,6,5,9|13,2,4,14,6,5,11|13,2,4,14,6,9|13,2,4,14,6,11|13,2,4,14,9|13,2,4,14,10|13,2,4,14,11|13,2,10|13,2,14,3,4,10|13,2,14,3,10|13,2,14,4,3,10|13,2,14,4,10|13,2,14,5,6,9|13,2,14,5,6,11|13,2,14,5,9|13,2,14,5,11|13,2,14,6,5,9|13,2,14,6,5,11|13,2,14,6,9|13,2,14,6,11|13,2,14,9|13,2,14,10|13,2,14,11|13,3,2,4,10|13,3,2,4,14,5,6,9|13,3,2,4,14,5,6,11|13,3,2,4,14,5,9|13,3,2,4,14,5,11|13,3,2,4,14,6,5,9|13,3,2,4,14,6,5,11|13,3,2,4,14,6,9|13,3,2,4,14,6,11|13,3,2,4,14,9|13,3,2,4,14,10|13,3,2,4,14,11|13,3,2,10|13,3,2,14,4,10|13,3,2,14,5,6,9|13,3,2,14,5,6,11|13,3,2,14,5,9|13,3,2,14,5,11|13,3,2,14,6,5,9|13,3,2,14,6,5,11|13,3,2,14,6,9|13,3,2,14,6,11|13,3,2,14,9|13,3,2,14,10|13,3,2,14,11|13,3,4,2,10|13,3,4,2,14,5,6,9|13,3,4,2,14,5,6,11|13,3,4,2,14,5,9|13,3,4,2,14,5,11|13,3,4,2,14,6,5,9|13,3,4,2,14,6,5,11|13,3,4,2,14,6,9|13,3,4,2,14,6,11|13,3,4,2,14,9|13,3,4,2,14,10|13,3,4,2,14,11|13,3,4,10|13,3,4,14,2,10|13,3,4,14,5,6,9|13,3,4,14,5,6,11|13,3,4,14,5,9|13,3,4,14,5,11|13,3,4,14,6,5,9|13,3,4,14,6,5,11|13,3,4,14,6,9|13,3,4,14,6,11|13,3,4,14,9|13,3,4,14,10|13,3,4,14,11|13,3,10|13,3,14,2,4,10|13,3,14,2,10|13,3,14,4,2,10|13,3,14,4,10|13,3,14,5,6,9|13,3,14,5,6,11|13,3,14,5,9|13,3,14,5,11|13,3,14,6,5,9|13,3,14,6,5,11|13,3,14,6,9|13,3,14,6,11|13,3,14,9|13,3,14,10|13,3,14,11|13,4,2,3,10|13,4,2,3,14,5,6,9|13,4,2,3,14,5,6,11|13,4,2,3,14,5,9|13,4,2,3,14,5,11|13,4,2,3,14,6,5,9|13,4,2,3,14,6,5,11|13,4,2,3,14,6,9|13,4,2,3,14,6,11|13,4,2,3,14,9|13,4,2,3,14,10|13,4,2,3,14,11|13,4,2,10|13,4,2,14,3,10|13,4,2,14,5,6,9|13,4,2,14,5,6,11|13,4,2,14,5,9|13,4,2,14,5,11|13,4,2,14,6,5,9|13,4,2,14,6,5,11|13,4,2,14,6,9|13,4,2,14,6,11|13,4,2,14,9|13,4,2,14,10|13,4,2,14,11|13,4,3,2,10|13,4,3,2,14,5,6,9|13,4,3,2,14,5,6,11|13,4,3,2,14,5,9|13,4,3,2,14,5,11|13,4,3,2,14,6,5,9|13,4,3,2,14,6,5,11|13,4,3,2,14,6,9|13,4,3,2,14,6,11|13,4,3,2,14,9|13,4,3,2,14,10|13,4,3,2,14,11|13,4,3,10|13,4,3,14,2,10|13,4,3,14,5,6,9|13,4,3,14,5,6,11|13,4,3,14,5,9|13,4,3,14,5,11|13,4,3,14,6,5,9|13,4,3,14,6,5,11|13,4,3,14,6,9|13,4,3,14,6,11|13,4,3,14,9|13,4,3,14,10|13,4,3,14,11|13,4,10|13,4,14,2,3,10|13,4,14,2,10|13,4,14,3,2,10|13,4,14,3,10|13,4,14,5,6,9|13,4,14,5,6,11|13,4,14,5,9|13,4,14,5,11|13,4,14,6,5,9|13,4,14,6,5,11|13,4,14,6,9|13,4,14,6,11|13,4,14,9|13,4,14,10|13,4,14,11|13,5,6,9|13,5,6,11|13,5,6,14,2,3,4,10|13,5,6,14,2,3,10|13,5,6,14,2,4,3,10|13,5,6,14,2,4,10|13,5,6,14,2,10|13,5,6,14,3,2,4,10|13,5,6,14,3,2,10|13,5,6,14,3,4,2,10|13,5,6,14,3,4,10|13,5,6,14,3,10|13,5,6,14,4,2,3,10|13,5,6,14,4,2,10|13,5,6,14,4,3,2,10|13,5,6,14,4,3,10|13,5,6,14,4,10|13,5,6,14,9|13,5,6,14,10|13,5,6,14,11|13,5,9|13,5,11|13,5,14,2,3,4,10|13,5,14,2,3,10|13,5,14,2,4,3,10|13,5,14,2,4,10|13,5,14,2,10|13,5,14,3,2,4,10|13,5,14,3,2,10|13,5,14,3,4,2,10|13,5,14,3,4,10|13,5,14,3,10|13,5,14,4,2,3,10|13,5,14,4,2,10|13,5,14,4,3,2,10|13,5,14,4,3,10|13,5,14,4,10|13,5,14,6,9|13,5,14,6,11|13,5,14,9|13,5,14,10|13,5,14,11|13,6,5,9|13,6,5,11|13,6,5,14,2,3,4,10|13,6,5,14,2,3,10|13,6,5,14,2,4,3,10|13,6,5,14,2,4,10|13,6,5,14,2,10|13,6,5,14,3,2,4,10|13,6,5,14,3,2,10|13,6,5,14,3,4,2,10|13,6,5,14,3,4,10|13,6,5,14,3,10|13,6,5,14,4,2,3,10|13,6,5,14,4,2,10|13,6,5,14,4,3,2,10|13,6,5,14,4,3,10|13,6,5,14,4,10|13,6,5,14,9|13,6,5,14,10|13,6,5,14,11|13,6,9|13,6,11|13,6,14,2,3,4,10|13,6,14,2,3,10|13,6,14,2,4,3,10|13,6,14,2,4,10|13,6,14,2,10|13,6,14,3,2,4,10|13,6,14,3,2,10|13,6,14,3,4,2,10|13,6,14,3,4,10|13,6,14,3,10|13,6,14,4,2,3,10|13,6,14,4,2,10|13,6,14,4,3,2,10|13,6,14,4,3,10|13,6,14,4,10|13,6,14,5,9|13,6,14,5,11|13,6,14,9|13,6,14,10|13,6,14,11|13,9|13,10|13,11|14,2,3,4,10|14,2,3,4,13,5,6,9|14,2,3,4,13,5,6,11|14,2,3,4,13,5,9|14,2,3,4,13,5,11|14,2,3,4,13,6,5,9|14,2,3,4,13,6,5,11|14,2,3,4,13,6,9|14,2,3,4,13,6,11|14,2,3,4,13,9|14,2,3,4,13,10|14,2,3,4,13,11|14,2,3,10|14,2,3,13,4,10|14,2,3,13,5,6,9|14,2,3,13,5,6,11|14,2,3,13,5,9|14,2,3,13,5,11|14,2,3,13,6,5,9|14,2,3,13,6,5,11|14,2,3,13,6,9|14,2,3,13,6,11|14,2,3,13,9|14,2,3,13,10|14,2,3,13,11|14,2,4,3,10|14,2,4,3,13,5,6,9|14,2,4,3,13,5,6,11|14,2,4,3,13,5,9|14,2,4,3,13,5,11|14,2,4,3,13,6,5,9|14,2,4,3,13,6,5,11|14,2,4,3,13,6,9|14,2,4,3,13,6,11|14,2,4,3,13,9|14,2,4,3,13,10|14,2,4,3,13,11|14,2,4,10|14,2,4,13,3,10|14,2,4,13,5,6,9|14,2,4,13,5,6,11|14,2,4,13,5,9|14,2,4,13,5,11|14,2,4,13,6,5,9|14,2,4,13,6,5,11|14,2,4,13,6,9|14,2,4,13,6,11|14,2,4,13,9|14,2,4,13,10|14,2,4,13,11|14,2,10|14,2,13,3,4,10|14,2,13,3,10|14,2,13,4,3,10|14,2,13,4,10|14,2,13,5,6,9|14,2,13,5,6,11|14,2,13,5,9|14,2,13,5,11|14,2,13,6,5,9|14,2,13,6,5,11|14,2,13,6,9|14,2,13,6,11|14,2,13,9|14,2,13,10|14,2,13,11|14,3,2,4,10|14,3,2,4,13,5,6,9|14,3,2,4,13,5,6,11|14,3,2,4,13,5,9|14,3,2,4,13,5,11|14,3,2,4,13,6,5,9|14,3,2,4,13,6,5,11|14,3,2,4,13,6,9|14,3,2,4,13,6,11|14,3,2,4,13,9|14,3,2,4,13,10|14,3,2,4,13,11|14,3,2,10|14,3,2,13,4,10|14,3,2,13,5,6,9|14,3,2,13,5,6,11|14,3,2,13,5,9|14,3,2,13,5,11|14,3,2,13,6,5,9|14,3,2,13,6,5,11|14,3,2,13,6,9|14,3,2,13,6,11|14,3,2,13,9|14,3,2,13,10|14,3,2,13,11|14,3,4,2,10|14,3,4,2,13,5,6,9|14,3,4,2,13,5,6,11|14,3,4,2,13,5,9|14,3,4,2,13,5,11|14,3,4,2,13,6,5,9|14,3,4,2,13,6,5,11|14,3,4,2,13,6,9|14,3,4,2,13,6,11|14,3,4,2,13,9|14,3,4,2,13,10|14,3,4,2,13,11|14,3,4,10|14,3,4,13,2,10|14,3,4,13,5,6,9|14,3,4,13,5,6,11|14,3,4,13,5,9|14,3,4,13,5,11|14,3,4,13,6,5,9|14,3,4,13,6,5,11|14,3,4,13,6,9|14,3,4,13,6,11|14,3,4,13,9|14,3,4,13,10|14,3,4,13,11|14,3,10|14,3,13,2,4,10|14,3,13,2,10|14,3,13,4,2,10|14,3,13,4,10|14,3,13,5,6,9|14,3,13,5,6,11|14,3,13,5,9|14,3,13,5,11|14,3,13,6,5,9|14,3,13,6,5,11|14,3,13,6,9|14,3,13,6,11|14,3,13,9|14,3,13,10|14,3,13,11|14,4,2,3,10|14,4,2,3,13,5,6,9|14,4,2,3,13,5,6,11|14,4,2,3,13,5,9|14,4,2,3,13,5,11|14,4,2,3,13,6,5,9|14,4,2,3,13,6,5,11|14,4,2,3,13,6,9|14,4,2,3,13,6,11|14,4,2,3,13,9|14,4,2,3,13,10|14,4,2,3,13,11|14,4,2,10|14,4,2,13,3,10|14,4,2,13,5,6,9|14,4,2,13,5,6,11|14,4,2,13,5,9|14,4,2,13,5,11|14,4,2,13,6,5,9|14,4,2,13,6,5,11|14,4,2,13,6,9|14,4,2,13,6,11|14,4,2,13,9|14,4,2,13,10|14,4,2,13,11|14,4,3,2,10|14,4,3,2,13,5,6,9|14,4,3,2,13,5,6,11|14,4,3,2,13,5,9|14,4,3,2,13,5,11|14,4,3,2,13,6,5,9|14,4,3,2,13,6,5,11|14,4,3,2,13,6,9|14,4,3,2,13,6,11|14,4,3,2,13,9|14,4,3,2,13,10|14,4,3,2,13,11|14,4,3,10|14,4,3,13,2,10|14,4,3,13,5,6,9|14,4,3,13,5,6,11|14,4,3,13,5,9|14,4,3,13,5,11|14,4,3,13,6,5,9|14,4,3,13,6,5,11|14,4,3,13,6,9|14,4,3,13,6,11|14,4,3,13,9|14,4,3,13,10|14,4,3,13,11|14,4,10|14,4,13,2,3,10|14,4,13,2,10|14,4,13,3,2,10|14,4,13,3,10|14,4,13,5,6,9|14,4,13,5,6,11|14,4,13,5,9|14,4,13,5,11|14,4,13,6,5,9|14,4,13,6,5,11|14,4,13,6,9|14,4,13,6,11|14,4,13,9|14,4,13,10|14,4,13,11|14,5,6,9|14,5,6,11|14,5,6,13,2,3,4,10|14,5,6,13,2,3,10|14,5,6,13,2,4,3,10|14,5,6,13,2,4,10|14,5,6,13,2,10|14,5,6,13,3,2,4,10|14,5,6,13,3,2,10|14,5,6,13,3,4,2,10|14,5,6,13,3,4,10|14,5,6,13,3,10|14,5,6,13,4,2,3,10|14,5,6,13,4,2,10|14,5,6,13,4,3,2,10|14,5,6,13,4,3,10|14,5,6,13,4,10|14,5,6,13,9|14,5,6,13,10|14,5,6,13,11|14,5,9|14,5,11|14,5,13,2,3,4,10|14,5,13,2,3,10|14,5,13,2,4,3,10|14,5,13,2,4,10|14,5,13,2,10|14,5,13,3,2,4,10|14,5,13,3,2,10|14,5,13,3,4,2,10|14,5,13,3,4,10|14,5,13,3,10|14,5,13,4,2,3,10|14,5,13,4,2,10|14,5,13,4,3,2,10|14,5,13,4,3,10|14,5,13,4,10|14,5,13,6,9|14,5,13,6,11|14,5,13,9|14,5,13,10|14,5,13,11|14,6,5,9|14,6,5,11|14,6,5,13,2,3,4,10|14,6,5,13,2,3,10|14,6,5,13,2,4,3,10|14,6,5,13,2,4,10|14,6,5,13,2,10|14,6,5,13,3,2,4,10|14,6,5,13,3,2,10|14,6,5,13,3,4,2,10|14,6,5,13,3,4,10|14,6,5,13,3,10|14,6,5,13,4,2,3,10|14,6,5,13,4,2,10|14,6,5,13,4,3,2,10|14,6,5,13,4,3,10|14,6,5,13,4,10|14,6,5,13,9|14,6,5,13,10|14,6,5,13,11|14,6,9|14,6,11|14,6,13,2,3,4,10|14,6,13,2,3,10|14,6,13,2,4,3,10|14,6,13,2,4,10|14,6,13,2,10|14,6,13,3,2,4,10|14,6,13,3,2,10|14,6,13,3,4,2,10|14,6,13,3,4,10|14,6,13,3,10|14,6,13,4,2,3,10|14,6,13,4,2,10|14,6,13,4,3,2,10|14,6,13,4,3,10|14,6,13,4,10|14,6,13,5,9|14,6,13,5,11|14,6,13,9|14,6,13,10|14,6,13,11|14,9|14,10|14,11
13,2,3,4,10|13,2,3,4,14,6,9|13,2,3,4,14,6,11|13,2,3,4,14,9|13,2,3,4,14,10|13,2,3,4,14,11|13,2,3,10|13,2,3,14,4,10|13,2,3,14,6,9|13,2,3,14,6,11|13,2,3,14,9|13,2,3,14,10|13,2,3,14,11|13,2,4,3,10|13,2,4,3,14,6,9|13,2,4,3,14,6,11|13,2,4,3,14,9|13,2,4,3,14,10|13,2,4,3,14,11|13,2,4,10|13,2,4,14,3,10|13,2,4,14,6,9|13,2,4,14,6,11|13,2,4,14,9|13,2,4,14,10|13,2,4,14,11|13,2,10|13,2,14,3,4,10|13,2,14,3,10|13,2,14,4,3,10|13,2,14,4,10|13,2,14,6,9|13,2,14,6,11|13,2,14,9|13,2,14,10|13,2,14,11|13,3,2,4,10|13,3,2,4,14,6,9|13,3,2,4,14,6,11|13,3,2,4,14,9|13,3,2,4,14,10|13,3,2,4,14,11|13,3,2,10|13,3,2,14,4,10|13,3,2,14,6,9|13,3,2,14,6,11|13,3,2,14,9|13,3,2,14,10|13,3,2,14,11|13,3,4,2,10|13,3,4,2,14,6,9|13,3,4,2,14,6,11|13,3,4,2,14,9|13,3,4,2,14,10|13,3,4,2,14,11|13,3,4,10|13,3,4,14,2,10|13,3,4,14,6,9|13,3,4,14,6,11|13,3,4,14,9|13,3,4,14,10|13,3,4,14,11|13,3,10|13,3,14,2,4,10|13,3,14,2,10|13,3,14,4,2,10|13,3,14,4,10|13,3,14,6,9|13,3,14,6,11|13,3,14,9|13,3,14,10|13,3,14,11|13,4,2,3,10|13,4,2,3,14,6,9|13,4,2,3,14,6,11|13,4,2,3,14,9|13,4,2,3,14,10|13,4,2,3,14,11|13,4,2,10|13,4,2,14,3,10|13,4,2,14,6,9|13,4,2,14,6,11|13,4,2,14,9|13,4,2,14,10|13,4,2,14,11|13,4,3,2,10|13,4,3,2,14,6,9|13,4,3,2,14,6,11|13,4,3,2,14,9|13,4,3,2,14,10|13,4,3,2,14,11|13,4,3,10|13,4,3,14,2,10|13,4,3,14,6,9|13,4,3,14,6,11|13,4,3,14,9|13,4,3,14,10|13,4,3,14,11|13,4,10|13,4,14,2,3,10|13,4,14,2,10|13,4,14,3,2,10|13,4,14,3,10|13,4,14,6,9|13,4,14,6,11|13,4,14,9|13,4,14,10|13,4,14,11|13,6,9|13,6,11|13,6,14,2,3,4,10|13,6,14,2,3,10|13,6,14,2,4,3,10|13,6,14,2,4,10|13,6,14,2,10|13,6,14,3,2,4,10|13,6,14,3,2,10|13,6,14,3,4,2,10|13,6,14,3,4,10|13,6,14,3,10|13,6,14,4,2,3,10|13,6,14,4,2,10|13,6,14,4,3,2,10|13,6,14,4,3,10|13,6,14,4,10|13,6,14,9|13,6,14,10|13,6,14,11|13,9|13,10|13,11|14,2,3,4,10|14,2,3,4,13,6,9|14,2,3,4,13,6,11|14,2,3,4,13,9|14,2,3,4,13,10|14,2,3,4,13,11|14,2,3,10|14,2,3,13,4,10|14,2,3,13,6,9|14,2,3,13,6,11|14,2,3,13,9|14,2,3,13,10|14,2,3,13,11|14,2,4,3,10|14,2,4,3,13,6,9|14,2,4,3,13,6,11|14,2,4,3,13,9|14,2,4,3,13,10|14,2,4,3,13,11|14,2,4,10|14,2,4,13,3,10|14,2,4,13,6,9|14,2,4,13,6,11|14,2,4,13,9|14,2,4,13,10|14,2,4,13,11|14,2,10|14,2,13,3,4,10|14,2,13,3,10|14,2,13,4,3,10|14,2,13,4,10|14,2,13,6,9|14,2,13,6,11|14,2,13,9|14,2,13,10|14,2,13,11|14,3,2,4,10|14,3,2,4,13,6,9|14,3,2,4,13,6,11|14,3,2,4,13,9|14,3,2,4,13,10|14,3,2,4,13,11|14,3,2,10|14,3,2,13,4,10|14,3,2,13,6,9|14,3,2,13,6,11|14,3,2,13,9|14,3,2,13,10|14,3,2,13,11|14,3,4,2,10|14,3,4,2,13,6,9|14,3,4,2,13,6,11|14,3,4,2,13,9|14,3,4,2,13,10|14,3,4,2,13,11|14,3,4,10|14,3,4,13,2,10|14,3,4,13,6,9|14,3,4,13,6,11|14,3,4,13,9|14,3,4,13,10|14,3,4,13,11|14,3,10|14,3,13,2,4,10|14,3,13,2,10|14,3,13,4,2,10|14,3,13,4,10|14,3,13,6,9|14,3,13,6,11|14,3,13,9|14,3,13,10|14,3,13,11|14,4,2,3,10|14,4,2,3,13,6,9|14,4,2,3,13,6,11|14,4,2,3,13,9|14,4,2,3,13,10|14,4,2,3,13,11|14,4,2,10|14,4,2,13,3,10|14,4,2,13,6,9|14,4,2,13,6,11|14,4,2,13,9|14,4,2,13,10|14,4,2,13,11|14,4,3,2,10|14,4,3,2,13,6,9|14,4,3,2,13,6,11|14,4,3,2,13,9|14,4,3,2,13,10|14,4,3,2,13,11|14,4,3,10|14,4,3,13,2,10|14,4,3,13,6,9|14,4,3,13,6,11|14,4,3,13,9|14,4,3,13,10|14,4,3,13,11|14,4,10|14,4,13,2,3,10|14,4,13,2,10|14,4,13,3,2,10|14,4,13,3,10|14,4,13,6,9|14,4,13,6,11|14,4,13,9|14,4,13,10|14,4,13,11|14,6,9|14,6,11|14,6,13,2,3,4,10|14,6,13,2,3,10|14,6,13,2,4,3,10|14,6,13,2,4,10|14,6,13,2,10|14,6,13,3,2,4,10|14,6,13,3,2,10|14,6,13,3,4,2,10|14,6,13,3,4,10|14,6,13,3,10|14,6,13,4,2,3,10|14,6,13,4,2,10|14,6,13,4,3,2,10|14,6,13,4,3,10|14,6,13,4,10|14,6,13,9|14,6,13,10|14,6,13,11|14,9|14,10|14,11
13,2,4,3,10|13,2,4,3,14,5,6,8|13,2,4,3,14,5,6,9|13,2,4,3,14,5,8|13,2,4,3,14,5,9|13,2,4,3,14,6,5,8|13,2,4,3,14,6,5,9|13,2,4,3,14,6,8|13,2,4,3,14,6,9|13,2,4,3,14,8|13,2,4,3,14,9|13,2,4,3,14,10|13,2,4,10|13,2,4,14,3,10|13,2,4,14,5,6,8|13,2,4,14,5,6,9|13,2,4,14,5,8|13,2,4,14,5,9|13,2,4,14,6,5,8|13,2,4,14,6,5,9|13,2,4,14,6,8|13,2,4,14,6,9|13,2,4,14,8|13,2,4,14,9|13,2,4,14,10|13,2,10|13,2,14,3,4,10|13,2,14,3,10|13,2,14,4,3,10|13,2,14,4,10|13,2,14,5,6,8|13,2,14,5,6,9|13,2,14,5,8|13,2,14,5,9|13,2,14,6,5,8|13,2,14,6,5,9|13,2,14,6,8|13,2,14,6,9|13,2,14,8|13,2,14,9|13,2,14,10|13,3,4,2,10|13,3,4,2,14,5,6,8|13,3,4,2,14,5,6,9|13,3,4,2,14,5,8|13,3,4,2,14,5,9|13,3,4,2,14,6,5,8|13,3,4,2,14,6,5,9|13,3,4,2,14,6,8|13,3,4,2,14,6,9|13,3,4,2,14,8|13,3,4,2,14,9|13,3,4,2,14,10|13,3,4,10|13,3,4,14,2,10|13,3,4,14,5,6,8|13,3,4,14,5,6,9|13,3,4,14,5,8|13,3,4,14,5,9|13,3,4,14,6,5,8|13,3,4,14,6,5,9|13,3,4,14,6,8|13,3,4,14,6,9|13,3,4,14,8|13,3,4,14,9|13,3,4,14,10|13,3,10|13,3,14,2,4,10|13,3,14,2,10|13,3,14,4,2,10|13,3,14,4,10|13,3,14,5,6,8|13,3,14,5,6,9|13,3,14,5,8|13,3,14,5,9|13,3,14,6,5,8|13,3,14,6,5,9|13,3,14,6,8|13,3,14,6,9|13,3,14,8|13,3,14,9|13,3,14,10|13,4,2,10|13,4,2,14,3,10|13,4,2,14,5,6,8|13,4,2,14,5,6,9|13,4,2,14,5,8|13,4,2,14,5,9|13,4,2,14,6,5,8|13,4,2,14,6,5,9|13,4,2,14,6,8|13,4,2,14,6,9|13,4,2,14,8|13,4,2,14,9|13,4,2,14,10|13,4,3,10|13,4,3,14,2,10|13,4,3,14,5,6,8|13,4,3,14,5,6,9|13,4,3,14,5,8|13,4,3,14,5,9|13,4,3,14,6,5,8|13,4,3,14,6,5,9|13,4,3,14,6,8|13,4,3,14,6,9|13,4,3,14,8|13,4,3,14,9|13,4,3,14,10|13,4,10|13,4,14,2,10|13,4,14,3,10|13,4,14,5,6,8|13,4,14,5,6,9|13,4,14,5,8|13,4,14,5,9|13,4,14,6,5,8|13,4,14,6,5,9|13,4,14,6,8|13,4,14,6,9|13,4,14,8|13,4,14,9|13,4,14,10|13,5,6,8|13,5,6,9|13,5,6,14,2,4,3,10|13,5,6,14,2,4,10|13,5,6,14,2,10|13,5,6,14,3,4,2,10|13,5,6,14,3,4,10|13,5,6,14,3,10|13,5,6,14,4,2,10|13,5,6,14,4,3,10|13,5,6,14,4,10|13,5,6,14,8|13,5,6,14,9|13,5,6,14,10|13,5,8|13,5,9|13,5,14,2,4,3,10|13,5,14,2,4,10|13,5,14,2,10|13,5,14,3,4,2,10|13,5,14,3,4,10|13,5,14,3,10|13,5,14,4,2,10|13,5,14,4,3,10|13,5,14,4,10|13,5,14,6,8|13,5,14,6,9|13,5,14,8|13,5,14,9|13,5,14,10|13,8|13,9|13,10|14,2,4,3,10|14,2,4,3,13,5,6,8|14,2,4,3,13,5,6,9|14,2,4,3,13,5,8|14,2,4,3,13,5,9|14,2,4,3,13,8|14,2,4,3,13,9|14,2,4,3,13,10|14,2,4,10|14,2,4,13,3,10|14,2,4,13,5,6,8|14,2,4,13,5,6,9|14,2,4,13,5,8|14,2,4,13,5,9|14,2,4,13,8|14,2,4,13,9|14,2,4,13,10|14,2,10|14,2,13,3,4,10|14,2,13,3,10|14,2,13,4,3,10|14,2,13,4,10|14,2,13,5,6,8|14,2,13,5,6,9|14,2,13,5,8|14,2,13,5,9|14,2,13,8|14,2,13,9|14,2,13,10|14,3,4,2,10|14,3,4,2,13,5,6,8|14,3,4,2,13,5,6,9|14,3,4,2,13,5,8|14,3,4,2,13,5,9|14,3,4,2,13,8|14,3,4,2,13,9|14,3,4,2,13,10|14,3,4,10|14,3,4,13,2,10|14,3,4,13,5,6,8|14,3,4,13,5,6,9|14,3,4,13,5,8|14,3,4,13,5,9|14,3,4,13,8|14,3,4,13,9|14,3,4,13,10|14,3,10|14,3,13,2,4,10|14,3,13,2,10|14,3,13,4,2,10|14,3,13,4,10|14,3,13,5,6,8|14,3,13,5,6,9|14,3,13,5,8|14,3,13,5,9|14,3,13,8|14,3,13,9|14,3,13,10|14,4,2,10|14,4,2,13,3,10|14,4,2,13,5,6,8|14,4,2,13,5,6,9|14,4,2,13,5,8|14,4,2,13,5,9|14,4,2,13,8|14,4,2,13,9|14,4,2,13,10|14,4,3,10|14,4,3,13,2,10|14,4,3,13,5,6,8|14,4,3,13,5,6,9|14,4,3,13,5,8|14,4,3,13,5,9|14,4,3,13,8|14,4,3,13,9|14,4,3,13,10|14,4,10|14,4,13,2,10|14,4,13,3,10|14,4,13,5,6,8|14,4,13,5,6,9|14,4,13,5,8|14,4,13,5,9|14,4,13,8|14,4,13,9|14,4,13,10|14,5,6,8|14,5,6,9|14,5,8|14,5,9|14,5,13,2,4,3,10|14,5,13,2,4,10|14,5,13,2,10|14,5,13,3,4,2,10|14,5,13,3,4,10|14,5,13,3,10|14,5,13,4,2,10|14,5,13,4,3,10|14,5,13,4,10|14,5,13,8|14,5,13,9|14,5,13,10|14,6,5,8|14,6,5,9|14,6,5,13,2,4,3,10|14,6,5,13,2,4,10|14,6,5,13,2,10|14,6,5,13,3,4,2,10|14,6,5,13,3,4,10|14,6,5,13,3,10|14,6,5,13,4,2,10|14,6,5,13,4,3,10|14,6,5,13,4,10|14,6,5,13,8|14,6,5,13,9|14,6,5,13,10|14,6,8|14,6,9|14,8|14,9|14,10
13,3,10|13,3,14,4,2,7|13,3,14,4,10|13,3,14,6,8|13,3,14,6,9|13,3,14,8|13,3,14,9|13,3,14,10|13,4,2,7|13,4,10|13,4,14,3,10|13,4,14,6,8|13,4,14,6,9|13,4,14,8|13,4,14,9|13,4,14,10|13,8|13,9|13,10|14,3,10|14,3,13,4,2,7|14,3,13,4,10|14,3,13,8|14,3,13,9|14,3,13,10|14,4,2,7|14,4,10|14,4,13,3,10|14,4,13,8|14,4,13,9|14,4,13,10|14,6,8|14,6,9|14,8|14,9|14,10
13,2,7|13,2,14,3,10|13,2,14,5,8|13,2,14,5,9|13,2,14,7|13,2,14,8|13,2,14,9|13,3,10|13,3,14,2,7|13,3,14,5,8|13,3,14,5,9|13,3,14,7|13,3,14,8|13,3,14,9|13,5,8|13,5,9|13,5,14,2,7|13,5,14,3,10|13,5,14,7|13,5,14,8|13,5,14,9|13,7|13,8|13,9|13,10|14,2,7|14,2,13,3,10|14,2,13,5,8|14,2,13,5,9|14,2,13,7|14,2,13,8|14,2,13,9|14,2,13,10|14,3,10|14,3,13,2,7|14,3,13,5,8|14,3,13,5,9|14,3,13,7|14,3,13,8|14,3,13,9|14,3,13,10|14,5,8|14,5,9|14,5,13,2,7|14,5,13,3,10|14,5,13,7|14,5,13,8|14,5,13,9|14,5,13,10|14,7|14,8|14,9
13,2,3,10|13,2,3,14,7|13,2,3,14,8|13,2,3,14,9|13,2,14,3,10|13,2,14,7|13,2,14,8|13,2,14,9|13,3,2,14,7|13,3,2,14,8|13,3,2,14,9|13,3,10|13,3,14,7|13,3,14,8|13,3,14,9|13,7|13,8|13,9|14,2,3,10|14,2,3,13,7|14,2,3,13,8|14,2,3,13,9|14,2,13,3,10|14,2,13,7|14,2,13,8|14,2,13,9|14,3,2,13,7|14,3,2,13,8|14,3,2,13,9|14,3,10|14,3,13,7|14,3,13,8|14,3,13,9|14,7|14,8|14,9
13,2,3,14,5,6,8|13,2,3,14,5,6,9|13,2,3,14,5,8|13,2,3,14,5,9|13,2,3,14,7|13,2,3,14,8|13,2,3,14,9|13,2,10|13,2,14,5,6,8|13,2,14,5,6,9|13,2,14,5,8|13,2,14,5,9|13,2,14,7|13,2,14,8|13,2,14,9|13,3,2,10|13,3,2,14,5,6,8|13,3,2,14,5,6,9|13,3,2,14,5,8|13,3,2,14,5,9|13,3,2,14,7|13,3,2,14,8|13,3,2,14,9|13,3,14,2,10|13,3,14,5,6,8|13,3,14,5,6,9|13,3,14,5,8|13,3,14,5,9|13,3,14,7|13,3,14,8|13,3,14,9|13,5,6,8|13,5,6,9|13,5,8|13,5,9|13,5,14,2,10|13,5,14,3,2,10|13,5,14,7|13,5,14,8|13,5,14,9|13,6,5,8|13,6,5,9|13,6,5,14,2,10|13,6,5,14,3,2,10|13,6,5,14,7|13,6,5,14,8|13,6,5,14,9|13,6,8|13,6,9|13,7|13,8|13,9|14,2,3,13,5,6,8|14,2,3,13,5,6,9|14,2,3,13,5,8|14,2,3,13,5,9|14,2,3,13,6,5,8|14,2,3,13,6,5,9|14,2,3,13,6,8|14,2,3,13,6,9|14,2,3,13,7|14,2,3,13,8|14,2,3,13,9|14,2,10|14,2,13,5,6,8|14,2,13,5,6,9|14,2,13,5,8|14,2,13,5,9|14,2,13,6,5,8|14,2,13,6,5,9|14,2,13,6,8|14,2,13,6,9|14,2,13,7|14,2,13,8|14,2,13,9|14,3,2,10|14,3,2,13,5,6,8|14,3,2,13,5,6,9|14,3,2,13,5,8|14,3,2,13,5,9|14,3,2,13,6,5,8|14,3,2,13,6,5,9|14,3,2,13,6,8|14,3,2,13,6,9|14,3,2,13,7|14,3,2,13,8|14,3,2,13,9|14,3,13,2,10|14,3,13,5,6,8|14,3,13,5,6,9|14,3,13,5,8|14,3,13,5,9|14,3,13,6,5,8|14,3,13,6,5,9|14,3,13,6,8|14,3,13,6,9|14,3,13,7|14,3,13,8|14,3,13,9|14,5,6,8|14,5,6,9|14,5,6,13,2,10|14,5,6,13,3,2,10|14,5,6,13,7|14,5,6,13,8|14,5,6,13,9|14,5,8|14,5,9|14,5,13,2,10|14,5,13,3,2,10|14,5,13,6,8|14,5,13,6,9|14,5,13,7|14,5,13,8|14,5,13,9|14,7|14,8|14,9
13,3,14,4,2,10|13,3,14,7|13,3,14,8|13,3,14,12|13,6,8|13,6,12|13,7|13,8|13,12|14,3,13,6,8|14,3,13,6,12|14,3,13,7|14,3,13,8|14,3,13,12|14,4,2,10|14,7|14,8|14,12
13,2,4,14,5,6,8|13,2,4,14,5,6,12|13,2,4,14,5,8|13,2,4,14,5,12|13,2,4,14,6,5,8|13,2,4,14,6,5,12|13,2,4,14,6,8|13,2,4,14,6,12|13,2,4,14,7|13,2,4,14,8|13,2,4,14,12|13,2,7|13,2,14,5,6,8|13,2,14,5,6,12|13,2,14,5,8|13,2,14,5,12|13,2,14,6,5,8|13,2,14,6,5,12|13,2,14,6,8|13,2,14,6,12|13,2,14,7|13,2,14,8|13,2,14,12|13,4,2,7|13,4,2,14,5,6,8|13,4,2,14,5,6,12|13,4,2,14,5,8|13,4,2,14,5,12|13,4,2,14,6,5,8|13,4,2,14,6,5,12|13,4,2,14,6,8|13,4,2,14,6,12|13,4,2,14,7|13,4,2,14,8|13,4,2,14,12|13,4,14,2,7|13,4,14,5,6,8|13,4,14,5,6,12|13,4,14,5,8|13,4,14,5,12|13,4,14,6,5,8|13,4,14,6,5,12|13,4,14,6,8|13,4,14,6,12|13,4,14,7|13,4,14,8|13,4,14,12|13,5,6,8|13,5,6,12|13,5,6,14,2,7|13,5,6,14,4,2,7|13,5,6,14,7|13,5,6,14,8|13,5,6,14,12|13,5,8|13,5,12|13,5,14,2,7|13,5,14,4,2,7|13,5,14,6,8|13,5,14,6,12|13,5,14,7|13,5,14,8|13,5,14,12|13,6,5,8|13,6,5,12|13,6,5,14,2,7|13,6,5,14,4,2,7|13,6,5,14,7|13,6,5,14,8|13,6,5,14,12|13,6,8|13,6,12|13,6,14,2,7|13,6,14,4,2,7|13,6,14,5,8|13,6,14,5,12|13,6,14,7|13,6,14,8|13,6,14,12|13,7|13,8|13,12|14,2,4,13,5,6,8|14,2,4,13,5,6,12|14,2,4,13,5,8|14,2,4,13,5,12|14,2,4,13,6,5,8|14,2,4,13,6,5,12|14,2,4,13,6,8|14,2,4,13,6,12|14,2,4,13,7|14,2,4,13,8|14,2,4,13,12|14,2,7|14,2,13,5,6,8|14,2,13,5,6,12|14,2,13,5,8|14,2,13,5,12|14,2,13,6,5,8|14,2,13,6,5,12|14,2,13,6,8|14,2,13,6,12|14,2,13,7|14,2,13,8|14,2,13,12|14,4,2,7|14,4,2,13,5,6,8|14,4,2,13,5,6,12|14,4,2,13,5,8|14,4,2,13,5,12|14,4,2,13,6,5,8|14,4,2,13,6,5,12|14,4,2,13,6,8|14,4,2,13,6,12|14,4,2,13,7|14,4,2,13,8|14,4,2,13,12|14,4,13,2,7|14,4,13,5,6,8|14,4,13,5,6,12|14,4,13,5,8|14,4,13,5,12|14,4,13,6,5,8|14,4,13,6,5,12|14,4,13,6,8|14,4,13,6,12|14,4,13,7|14,4,13,8|14,4,13,12|14,5,6,8|14,5,6,12|14,5,6,13,2,7|14,5,6,13,4,2,7|14,5,6,13,7|14,5,6,13,8|14,5,6,13,12|14,5,8|14,5,12|14,5,13,2,7|14,5,13,4,2,7|14,5,13,6,8|14,5,13,6,12|14,5,13,7|14,5,13,8|14,5,13,12|14,6,5,8|14,6,5,12|14,6,5,13,2,7|14,6,5,13,4,2,7|14,6,5,13,7|14,6,5,13,8|14,6,5,13,12|14,6,8|14,6,12|14,6,13,2,7|14,6,13,4,2,7|14,6,13,5,8|14,6,13,5,12|14,6,13,7|14,6,13,8|14,6,13,12|14,7|14,8|14,12
13,2,4,14,6,8|13,2,4,14,6,12|13,2,4,14,7|13,2,4,14,8|13,2,4,14,12|13,2,7|13,2,14,6,8|13,2,14,6,12|13,2,14,7|13,2,14,8|13,2,14,12|13,4,2,7|13,4,2,14,6,8|13,4,2,14,6,12|13,4,2,14,7|13,4,2,14,8|13,4,2,14,12|13,4,14,2,7|13,4,14,6,8|13,4,14,6,12|13,4,14,7|13,4,14,8|13,4,14,12|13,6,8|13,6,12|13,6,14,2,7|13,6,14,4,2,7|13,6,14,7|13,6,14,8|13,6,14,12|13,7|13,8|13,12|14,2,4,13,6,8|14,2,4,13,6,12|14,2,4,13,7|14,2,4,13,8|14,2,4,13,12|14,2,7|14,2,13,6,8|14,2,13,6,12|14,2,13,7|14,2,13,8|14,2,13,12|14,4,2,7|14,4,2,13,6,8|14,4,2,13,6,12|14,4,2,13,7|14,4,2,13,8|14,4,2,13,12|14,4,13,2,7|14,4,13,6,8|14,4,13,6,12|14,4,13,7|14,4,13,8|14,4,13,12|14,6,8|14,6,12|14,6,13,2,7|14,6,13,4,2,7|14,6,13,7|14,6,13,8|14,6,13,12|14,7|14,8|14,12
13,2,7|13,2,14,5,6,11|13,2,14,5,6,12|13,2,14,5,11|13,2,14,5,12|13,2,14,6,5,11|13,2,14,6,5,12|13,2,14,6,11|13,2,14,6,12|13,2,14,7|13,2,14,11|13,2,14,12|13,4,14,2,7|13,4,14,5,6,11|13,4,14,5,6,12|13,4,14,5,11|13,4,14,5,12|13,4,14,6,5,11|13,4,14,6,5,12|13,4,14,6,11|13,4,14,6,12|13,4,14,7|13,4,14,11|13,4,14,12|13,5,6,11|13,5,6,12|13,5,6,14,2,7|13,5,6,14,7|13,5,6,14,11|13,5,6,14,12|13,5,11|13,5,12|13,5,14,2,7|13,5,14,6,11|13,5,14,6,12|13,5,14,7|13,5,14,11|13,5,14,12|13,7|13,11|13,12|14,2,7|14,2,13,5,6,11|14,2,13,5,6,12|14,2,13,5,11|14,2,13,5,12|14,2,13,7|14,2,13,11|14,2,13,12|14,4,13,2,7|14,4,13,5,6,11|14,4,13,5,6,12|14,4,13,5,11|14,4,13,5,12|14,4,13,7|14,4,13,11|14,4,13,12|14,5,6,11|14,5,6,12|14,5,11|14,5,12|14,5,13,2,7|14,5,13,7|14,5,13,11|14,5,13,12|14,6,5,11|14,6,5,12|14,6,5,13,2,7|14,6,5,13,7|14,6,5,13,11|14,6,5,13,12|14,6,11|14,6,12|14,7|14,11|14,12
13,4,14,6,11|13,4,14,6,12|13,4,14,7|13,4,14,11|13,4,14,12|13,7|13,11|13,12|14,4,13,7|14,4,13,11|14,4,13,12|14,6,11|14,6,12|14,7|14,11|14,12
13,2,4,14,5,11|13,2,4,14,5,12|13,2,4,14,10|13,2,4,14,11|13,2,4,14,12|13,2,10|13,2,14,5,11|13,2,14,5,12|13,2,14,10|13,2,14,11|13,2,14,12|13,4,2,10|13,4,2,14,5,11|13,4,2,14,5,12|13,4,2,14,10|13,4,2,14,11|13,4,2,14,12|13,4,14,2,10|13,4,14,5,11|13,4,14,5,12|13,4,14,10|13,4,14,11|13,4,14,12|13,5,11|13,5,12|13,5,14,2,10|13,5,14,4,2,10|13,5,14,10|13,5,14,11|13,5,14,12|13,7|13,10|13,11|13,12|14,2,4,13,5,11|14,2,4,13,5,12|14,2,4,13,7|14,2,4,13,10|14,2,4,13,11|14,2,4,13,12|14,2,10|14,2,13,5,11|14,2,13,5,12|14,2,13,7|14,2,13,10|14,2,13,11|14,2,13,12|14,4,2,10|14,4,2,13,5,11|14,4,2,13,5,12|14,4,2,13,7|14,4,2,13,10|14,4,2,13,11|14,4,2,13,12|14,4,13,2,10|14,4,13,5,11|14,4,13,5,12|14,4,13,7|14,4,13,10|14,4,13,11|14,4,13,12|14,5,11|14,5,12|14,5,13,2,10|14,5,13,4,2,10|14,5,13,7|14,5,13,10|14,5,13,11|14,5,13,12|14,10|14,11|14,12
13,2,4,14,10|13,2,4,14,11|13,2,4,14,12|13,2,14,10|13,2,14,11|13,2,14,12|13,4,2,14,10|13,4,2,14,11|13,4,2,14,12|13,4,14,10|13,4,14,11|13,4,14,12|13,10|13,11|13,12|14,2,4,13,10|14,2,4,13,11|14,2,4,13,12|14,2,13,10|14,2,13,11|14,2,13,12|14,4,2,13,10|14,4,2,13,11|14,4,2,13,12|14,4,13,10|14,4,13,11|14,4,13,12|14,10|14,11|14,12
13,2,4,7|13,2,4,14,5,6,11|13,2,4,14,5,6,12|13,2,4,14,5,11|13,2,4,14,5,12|13,2,4,14,10|13,2,4,14,11|13,2,4,14,12|13,2,7|13,2,14,4,7|13,2,14,5,6,11|13,2,14,5,6,12|13,2,14,5,11|13,2,14,5,12|13,2,14,10|13,2,14,11|13,2,14,12|13,4,2,7|13,4,2,14,5,6,11|13,4,2,14,5,6,12|13,4,2,14,5,11|13,4,2,14,5,12|13,4,2,14,10|13,4,2,14,11|13,4,2,14,12|13,4,7|13,4,14,2,7|13,4,14,5,6,11|13,4,14,5,6,12|13,4,14,5,11|13,4,14,5,12|13,4,14,10|13,4,14,11|13,4,14,12|13,5,6,11|13,5,6,12|13,5,11|13,5,12|13,5,14,2,4,7|13,5,14,2,7|13,5,14,4,2,7|13,5,14,4,7|13,5,14,10|13,5,14,11|13,5,14,12|13,6,5,11|13,6,5,12|13,6,5,14,2,4,7|13,6,5,14,2,7|13,6,5,14,4,2,7|13,6,5,14,4,7|13,6,5,14,10|13,6,5,14,11|13,6,5,14,12|13,6,11|13,6,12|13,10|13,11|13,12|14,2,4,7|14,2,4,13,5,6,11|14,2,4,13,5,6,12|14,2,4,13,5,11|14,2,4,13,5,12|14,2,4,13,6,5,11|14,2,4,13,6,5,12|14,2,4,13,6,11|14,2,4,13,6,12|14,2,4,13,10|14,2,4,13,11|14,2,4,13,12|14,2,7|14,2,13,4,7|14,2,13,5,6,11|14,2,13,5,6,12|14,2,13,5,11|14,2,13,5,12|14,2,13,6,5,11|14,2,13,6,5,12|14,2,13,6,11|14,2,13,6,12|14,2,13,10|14,2,13,11|14,2,13,12|14,4,2,7|14,4,2,13,5,6,11|14,4,2,13,5,6,12|14,4,2,13,5,11|14,4,2,13,5,12|14,4,2,13,6,5,11|14,4,2,13,6,5,12|14,4,2,13,6,11|14,4,2,13,6,12|14,4,2,13,10|14,4,2,13,11|14,4,2,13,12|14,4,7|14,4,13,2,7|14,4,13,5,6,11|14,4,13,5,6,12|14,4,13,5,11|14,4,13,5,12|14,4,13,6,5,11|14,4,13,6,5,12|14,4,13,6,11|14,4,13,6,12|14,4,13,10|14,4,13,11|14,4,13,12|14,5,6,11|14,5,6,12|14,5,6,13,2,4,7|14,5,6,13,2,7|14,5,6,13,4,2,7|14,5,6,13,4,7|14,5,6,13,10|14,5,6,13,11|14,5,6,13,12|14,5,11|14,5,12|14,5,13,2,4,7|14,5,13,2,7|14,5,13,4,2,7|14,5,13,4,7|14,5,13,6,11|14,5,13,6,12|14,5,13,10|14,5,13,11|14,5,13,12|14,10|14,11|14,12
13,3,2,4,7|13,3,2,4,14,9|13,3,2,4,14,10|13,3,2,4,14,11|13,3,2,7|13,3,14,4,2,7|13,3,14,4,7|13,3,14,9|13,3,14,10|13,3,14,11|13,4,2,3,14,9|13,4,2,3,14,10|13,4,2,3,14,11|13,4,2,7|13,4,7|13,4,14,3,2,7|13,4,14,9|13,4,14,10|13,4,14,11|13,6,9|13,6,11|13,9|13,10|13,11|14,3,2,4,7|14,3,2,4,13,6,9|14,3,2,4,13,6,11|14,3,2,4,13,9|14,3,2,4,13,10|14,3,2,4,13,11|14,3,2,7|14,3,13,4,2,7|14,3,13,4,7|14,3,13,6,9|14,3,13,6,11|14,3,13,9|14,3,13,10|14,3,13,11|14,4,2,3,13,6,9|14,4,2,3,13,6,11|14,4,2,3,13,9|14,4,2,3,13,10|14,4,2,3,13,11|14,4,2,7|14,4,7|14,4,13,3,2,7|14,4,13,6,9|14,4,13,6,11|14,4,13,9|14,4,13,10|14,4,13,11|14,9|14,10|14,11
13,2,3,14,5,6,9|13,2,3,14,5,6,11|13,2,3,14,5,9|13,2,3,14,5,11|13,2,3,14,6,5,9|13,2,3,14,6,5,11|13,2,3,14,6,9|13,2,3,14,6,11|13,2,3,14,9|13,2,3,14,10|13,2,3,14,11|13,2,10|13,2,14,5,6,9|13,2,14,5,6,11|13,2,14,5,9|13,2,14,5,11|13,2,14,6,5,9|13,2,14,6,5,11|13,2,14,6,9|13,2,14,6,11|13,2,14,9|13,2,14,10|13,2,14,11|13,3,2,10|13,3,2,14,5,6,9|13,3,2,14,5,6,11|13,3,2,14,5,9|13,3,2,14,5,11|13,3,2,14,6,5,9|13,3,2,14,6,5,11|13,3,2,14,6,9|13,3,2,14,6,11|13,3,2,14,9|13,3,2,14,10|13,3,2,14,11|13,3,14,2,10|13,3,14,5,6,9|13,3,14,5,6,11|13,3,14,5,9|13,3,14,5,11|13,3,14,6,5,9|13,3,14,6,5,11|13,3,14,6,9|13,3,14,6,11|13,3,14,9|13,3,14,10|13,3,14,11|13,5,6,9|13,5,6,11|13,5,6,14,2,10|13,5,6,14,3,2,10|13,5,6,14,9|13,5,6,14,10|13,5,6,14,11|13,5,9|13,5,11|13,5,14,2,10|13,5,14,3,2,10|13,5,14,6,9|13,5,14,6,11|13,5,14,9|13,5,14,10|13,5,14,11|13,6,5,9|13,6,5,11|13,6,5,14,2,10|13,6,5,14,3,2,10|13,6,5,14,9|13,6,5,14,10|13,6,5,14,11|13,6,9|13,6,11|13,6,14,2,10|13,6,14,3,2,10|13,6,14,5,9|13,6,14,5,11|13,6,14,9|13,6,14,10|13,6,14,11|13,9|13,10|13,11|14,2,3,13,5,6,9|14,2,3,13,5,6,11|14,2,3,13,5,9|14,2,3,13,5,11|14,2,3,13,6,5,9|14,2,3,13,6,5,11|14,2,3,13,6,9|14,2,3,13,6,11|14,2,3,13,9|14,2,3,13,10|14,2,3,13,11|14,2,10|14,2,13,5,6,9|14,2,13,5,6,11|14,2,13,5,9|14,2,13,5,11|14,2,13,6,5,9|14,2,13,6,5,11|14,2,13,6,9|14,2,13,6,11|14,2,13,9|14,2,13,10|14,2,13,11|14,3,2,10|14,3,2,13,5,6,9|14,3,2,13,5,6,11|14,3,2,13,5,9|14,3,2,13,5,11|14,3,2,13,6,5,9|14,3,2,13,6,5,11|14,3,2,13,6,9|14,3,2,13,6,11|14,3,2,13,9|14,3,2,13,10|14,3,2,13,11|14,3,13,2,10|14,3,13,5,6,9|14,3,13,5,6,11|14,3,13,5,9|14,3,13,5,11|14,3,13,6,5,9|14,3,13,6,5,11|14,3,13,6,9|14,3,13,6,11|14,3,13,9|14,3,13,10|14,3,13,11|14,5,6,9|14,5,6,11|14,5,6,13,2,10|14,5,6,13,3,2,10|14,5,6,13,9|14,5,6,13,10|14,5,6,13,11|14,5,9|14,5,11|14,5,13,2,10|14,5,13,3,2,10|14,5,13,6,9|14,5,13,6,11|14,5,13,9|14,5,13,10|14,5,13,11|14,6,5,9|14,6,5,11|14,6,5,13,2,10|14,6,5,13,3,2,10|14,6,5,13,9|14,6,5,13,10|14,6,5,13,11|14,6,9|14,6,11|14,6,13,2,10|14,6,13,3,2,10|14,6,13,5,9|14,6,13,5,11|14,6,13,9|14,6,13,10|14,6,13,11|14,9|14,10|14,11
13,2,10|13,2,14,6,9|13,2,14,6,11|13,2,14,9|13,2,14,10|13,2,14,11|13,3,14,2,10|13,3,14,6,9|13,3,14,6,11|13,3,14,9|13,3,14,10|13,3,14,11|13,6,9|13,6,11|13,6,14,2,10|13,6,14,9|13,6,14,10|13,6,14,11|13,9|13,10|13,11|14,2,10|14,2,13,6,9|14,2,13,6,11|14,2,13,9|14,2,13,10|14,2,13,11|14,3,13,2,10|14,3,13,6,9|14,3,13,6,11|14,3,13,9|14,3,13,10|14,3,13,11|14,6,9|14,6,11|14,6,13,2,10|14,6,13,9|14,6,13,10|14,6,13,11|14,9|14,10|14,11
13,2,4,7|13,2,10|13,2,14,5,6,8|13,2,14,5,6,9|13,2,14,5,8|13,2,14,5,9|13,2,14,6,5,8|13,2,14,6,5,9|13,2,14,6,8|13,2,14,6,9|13,2,14,8|13,2,14,9|13,2,14,10|13,3,14,2,4,7|13,3,14,2,10|13,3,14,5,6,8|13,3,14,5,6,9|13,3,14,5,8|13,3,14,5,9|13,3,14,6,5,8|13,3,14,6,5,9|13,3,14,6,8|13,3,14,6,9|13,3,14,8|13,3,14,9|13,3,14,10|13,5,6,8|13,5,6,9|13,5,6,14,2,4,7|13,5,6,14,2,10|13,5,6,14,8|13,5,6,14,9|13,5,6,14,10|13,5,8|13,5,9|13,5,14,2,4,7|13,5,14,2,10|13,5,14,6,8|13,5,14,6,9|13,5,14,8|13,5,14,9|13,5,14,10|13,8|13,9|13,10|14,2,4,7|14,2,10|14,2,13,5,6,8|14,2,13,5,6,9|14,2,13,5,8|14,2,13,5,9|14,2,13,8|14,2,13,9|14,2,13,10|14,3,13,2,4,7|14,3,13,2,10|14,3,13,5,6,8|14,3,13,5,6,9|14,3,13,5,8|14,3,13,5,9|14,3,13,8|14,3,13,9|14,3,13,10|14,5,6,8|14,5,6,9|14,5,8|14,5,9|14,5,13,2,4,7|14,5,13,2,10|14,5,13,8|14,5,13,9|14,5,13,10|14,6,5,8|14,6,5,9|14,6,5,13,2,4,7|14,6,5,13,2,10|14,6,5,13,8|14,6,5,13,9|14,6,5,13,10|14,6,8|14,6,9|14,8|14,9|14,10
13,3,14,4,2,7|13,3,14,4,7|13,3,14,6,8|13,3,14,6,9|13,3,14,8|13,3,14,9|13,3,14,10|13,8|13,9|13,10|14,3,13,8|14,3,13,9|14,3,13,10|14,4,2,7|14,4,7|14,6,8|14,6,9|14,8|14,9|14,10
13,2,3,4,7|13,2,3,4,14,5,8|13,2,3,4,14,5,9|13,2,3,4,14,7|13,2,3,4,14,8|13,2,3,4,14,9|13,2,3,14,4,7|13,2,3,14,5,8|13,2,3,14,5,9|13,2,3,14,7|13,2,3,14,8|13,2,3,14,9|13,2,4,3,14,5,8|13,2,4,3,14,5,9|13,2,4,3,14,7|13,2,4,3,14,8|13,2,4,3,14,9|13,2,4,7|13,2,4,14,5,8|13,2,4,14,5,9|13,2,4,14,7|13,2,4,14,8|13,2,4,14,9|13,2,7|13,2,14,3,4,7|13,2,14,4,7|13,2,14,5,8|13,2,14,5,9|13,2,14,7|13,2,14,8|13,2,14,9|13,3,2,4,7|13,3,2,4,14,5,8|13,3,2,4,14,5,9|13,3,2,4,14,7|13,3,2,4,14,8|13,3,2,4,14,9|13,3,2,7|13,3,2,14,4,7|13,3,2,14,5,8|13,3,2,14,5,9|13,3,2,14,7|13,3,2,14,8|13,3,2,14,9|13,3,4,2,7|13,3,4,2,14,5,8|13,3,4,2,14,5,9|13,3,4,2,14,7|13,3,4,2,14,8|13,3,4,2,14,9|13,3,4,7|13,3,4,14,2,7|13,3,4,14,5,8|13,3,4,14,5,9|13,3,4,14,7|13,3,4,14,8|13,3,4,14,9|13,3,14,2,4,7|13,3,14,2,7|13,3,14,4,2,7|13,3,14,4,7|13,3,14,5,8|13,3,14,5,9|13,3,14,7|13,3,14,8|13,3,14,9|13,4,2,3,14,5,8|13,4,2,3,14,5,9|13,4,2,3,14,7|13,4,2,3,14,8|13,4,2,3,14,9|13,4,2,7|13,4,2,14,5,8|13,4,2,14,5,9|13,4,2,14,7|13,4,2,14,8|13,4,2,14,9|13,4,3,2,7|13,4,3,2,14,5,8|13,4,3,2,14,5,9|13,4,3,2,14,7|13,4,3,2,14,8|13,4,3,2,14,9|13,4,3,14,2,7|13,4,3,14,5,8|13,4,3,14,5,9|13,4,3,14,7|13,4,3,14,8|13,4,3,14,9|13,4,7|13,4,14,2,7|13,4,14,3,2,7|13,4,14,5,8|13,4,14,5,9|13,4,14,7|13,4,14,8|13,4,14,9|13,5,8|13,5,9|13,5,14,2,3,4,7|13,5,14,2,4,7|13,5,14,2,7|13,5,14,3,2,4,7|13,5,14,3,2,7|13,5,14,3,4,2,7|13,5,14,3,4,7|13,5,14,4,2,7|13,5,14,4,3,2,7|13,5,14,4,7|13,5,14,7|13,5,14,8|13,5,14,9|13,7|13,8|13,9|13,10|14,2,3,4,7|14,2,3,4,13,5,8|14,2,3,4,13,5,9|14,2,3,4,13,7|14,2,3,4,13,8|14,2,3,4,13,9|14,2,3,4,13,10|14,2,3,13,4,7|14,2,3,13,5,8|14,2,3,13,5,9|14,2,3,13,7|14,2,3,13,8|14,2,3,13,9|14,2,3,13,10|14,2,4,3,13,5,8|14,2,4,3,13,5,9|14,2,4,3,13,7|14,2,4,3,13,8|14,2,4,3,13,9|14,2,4,3,13,10|14,2,4,7|14,2,4,13,5,8|14,2,4,13,5,9|14,2,4,13,7|14,2,4,13,8|14,2,4,13,9|14,2,4,13,10|14,2,7|14,2,13,3,4,7|14,2,13,4,7|14,2,13,5,8|14,2,13,5,9|14,2,13,7|14,2,13,8|14,2,13,9|14,2,13,10|14,3,2,4,7|14,3,2,4,13,5,8|14,3,2,4,13,5,9|14,3,2,4,13,7|14,3,2,4,13,8|14,3,2,4,13,9|14,3,2,4,13,10|14,3,2,7|14,3,2,13,4,7|14,3,2,13,5,8|14,3,2,13,5,9|14,3,2,13,7|14,3,2,13,8|14,3,2,13,9|14,3,2,13,10|14,3,4,2,7|14,3,4,2,13,5,8|14,3,4,2,13,5,9|14,3,4,2,13,7|14,3,4,2,13,8|14,3,4,2,13,9|14,3,4,2,13,10|14,3,4,7|14,3,4,13,2,7|14,3,4,13,5,8|14,3,4,13,5,9|14,3,4,13,7|14,3,4,13,8|14,3,4,13,9|14,3,4,13,10|14,3,13,2,4,7|14,3,13,2,7|14,3,13,4,2,7|14,3,13,4,7|14,3,13,5,8|14,3,13,5,9|14,3,13,7|14,3,13,8|14,3,13,9|14,3,13,10|14,4,2,3,13,5,8|14,4,2,3,13,5,9|14,4,2,3,13,7|14,4,2,3,13,8|14,4,2,3,13,9|14,4,2,3,13,10|14,4,2,7|14,4,2,13,5,8|14,4,2,13,5,9|14,4,2,13,7|14,4,2,13,8|14,4,2,13,9|14,4,2,13,10|14,4,3,2,7|14,4,3,2,13,5,8|14,4,3,2,13,5,9|14,4,3,2,13,7|14,4,3,2,13,8|14,4,3,2,13,9|14,4,3,2,13,10|14,4,3,13,2,7|14,4,3,13,5,8|14,4,3,13,5,9|14,4,3,13,7|14,4,3,13,8|14,4,3,13,9|14,4,3,13,10|14,4,7|14,4,13,2,7|14,4,13,3,2,7|14,4,13,5,8|14,4,13,5,9|14,4,13,7|14,4,13,8|14,4,13,9|14,4,13,10|14,5,8|14,5,9|14,5,13,2,3,4,7|14,5,13,2,4,7|14,5,13,2,7|14,5,13,3,2,4,7|14,5,13,3,2,7|14,5,13,3,4,2,7|14,5,13,3,4,7|14,5,13,4,2,7|14,5,13,4,3,2,7|14,5,13,4,7|14,5,13,7|14,5,13,8|14,5,13,9|14,5,13,10|14,7|14,8|14,9
13,2,3,4,7|13,2,3,4,14,7|13,2,3,4,14,8|13,2,3,4,14,9|13,2,3,14,4,7|13,2,3,14,7|13,2,3,14,8|13,2,3,14,9|13,2,4,3,14,7|13,2,4,3,14,8|13,2,4,3,14,9|13,2,4,7|13,2,4,14,7|13,2,4,14,8|13,2,4,14,9|13,2,14,3,4,7|13,2,14,4,7|13,2,14,7|13,2,14,8|13,2,14,9|13,3,2,4,7|13,3,2,4,14,7|13,3,2,4,14,8|13,3,2,4,14,9|13,3,2,14,4,7|13,3,2,14,7|13,3,2,14,8|13,3,2,14,9|13,3,4,2,14,7|13,3,4,2,14,8|13,3,4,2,14,9|13,3,4,7|13,3,4,14,7|13,3,4,14,8|13,3,4,14,9|13,3,14,2,4,7|13,3,14,4,7|13,3,14,7|13,3,14,8|13,3,14,9|13,4,2,3,14,7|13,4,2,3,14,8|13,4,2,3,14,9|13,4,2,14,7|13,4,2,14,8|13,4,2,14,9|13,4,3,2,14,7|13,4,3,2,14,8|13,4,3,2,14,9|13,4,3,14,7|13,4,3,14,8|13,4,3,14,9|13,4,7|13,4,14,7|13,4,14,8|13,4,14,9|13,7|13,8|13,9|14,2,3,4,7|14,2,3,4,13,7|14,2,3,4,13,8|14,2,3,4,13,9|14,2,3,13,4,7|14,2,3,13,7|14,2,3,13,8|14,2,3,13,9|14,2,4,3,13,7|14,2,4,3,13,8|14,2,4,3,13,9|14,2,4,7|14,2,4,13,7|14,2,4,13,8|14,2,4,13,9|14,2,13,3,4,7|14,2,13,4,7|14,2,13,7|14,2,13,8|14,2,13,9|14,3,2,4,7|14,3,2,4,13,7|14,3,2,4,13,8|14,3,2,4,13,9|14,3,2,13,4,7|14,3,2,13,7|14,3,2,13,8|14,3,2,13,9|14,3,4,2,13,7|14,3,4,2,13,8|14,3,4,2,13,9|14,3,4,7|14,3,4,13,7|14,3,4,13,8|14,3,4,13,9|14,3,13,2,4,7|14,3,13,4,7|14,3,13,7|14,3,13,8|14,3,13,9|14,4,2,3,13,7|14,4,2,3,13,8|14,4,2,3,13,9|14,4,2,13,7|14,4,2,13,8|14,4,2,13,9|14,4,3,2,13,7|14,4,3,2,13,8|14,4,3,2,13,9|14,4,3,13,7|14,4,3,13,8|14,4,3,13,9|14,4,7|14,4,13,7|14,4,13,8|14,4,13,9|14,7|14,8|14,9
13,2,10|13,2,14,3,4,7|13,2,14,4,7|13,2,14,5,6,8|13,2,14,5,6,9|13,2,14,5,8|13,2,14,5,9|13,2,14,7|13,2,14,8|13,2,14,9|13,3,4,7|13,3,4,14,2,10|13,3,4,14,5,6,8|13,3,4,14,5,6,9|13,3,4,14,5,8|13,3,4,14,5,9|13,3,4,14,7|13,3,4,14,8|13,3,4,14,9|13,3,14,2,10|13,3,14,4,7|13,3,14,5,6,8|13,3,14,5,6,9|13,3,14,5,8|13,3,14,5,9|13,3,14,7|13,3,14,8|13,3,14,9|13,4,3,14,2,10|13,4,3,14,5,6,8|13,4,3,14,5,6,9|13,4,3,14,5,8|13,4,3,14,5,9|13,4,3,14,7|13,4,3,14,8|13,4,3,14,9|13,4,7|13,4,14,2,10|13,4,14,5,6,8|13,4,14,5,6,9|13,4,14,5,8|13,4,14,5,9|13,4,14,7|13,4,14,8|13,4,14,9|13,5,6,8|13,5,6,9|13,5,8|13,5,9|13,5,14,2,10|13,5,14,3,4,7|13,5,14,4,7|13,5,14,7|13,5,14,8|13,5,14,9|13,6,5,8|13,6,5,9|13,6,5,14,2,10|13,6,5,14,3,4,7|13,6,5,14,4,7|13,6,5,14,7|13,6,5,14,8|13,6,5,14,9|13,6,8|13,6,9|13,7|13,8|13,9|14,2,10|14,2,13,3,4,7|14,2,13,4,7|14,2,13,5,6,8|14,2,13,5,6,9|14,2,13,5,8|14,2,13,5,9|14,2,13,6,5,8|14,2,13,6,5,9|14,2,13,6,8|14,2,13,6,9|14,2,13,7|14,2,13,8|14,2,13,9|14,3,4,7|14,3,4,13,2,10|14,3,4,13,5,6,8|14,3,4,13,5,6,9|14,3,4,13,5,8|14,3,4,13,5,9|14,3,4,13,6,5,8|14,3,4,13,6,5,9|14,3,4,13,6,8|14,3,4,13,6,9|14,3,4,13,7|14,3,4,13,8|14,3,4,13,9|14,3,13,2,10|14,3,13,4,7|14,3,13,5,6,8|14,3,13,5,6,9|14,3,13,5,8|14,3,13,5,9|14,3,13,6,5,8|14,3,13,6,5,9|14,3,13,6,8|14,3,13,6,9|14,3,13,7|14,3,13,8|14,3,13,9|14,4,3,13,2,10|14,4,3,13,5,6,8|14,4,3,13,5,6,9|14,4,3,13,5,8|14,4,3,13,5,9|14,4,3,13,6,5,8|14,4,3,13,6,5,9|14,4,3,13,6,8|14,4,3,13,6,9|14,4,3,13,7|14,4,3,13,8|14,4,3,13,9|14,4,7|14,4,13,2,10|14,4,13,5,6,8|14,4,13,5,6,9|14,4,13,5,8|14,4,13,5,9|14,4,13,6,5,8|14,4,13,6,5,9|14,4,13,6,8|14,4,13,6,9|14,4,13,7|14,4,13,8|14,4,13,9|14,5,6,8|14,5,6,9|14,5,6,13,2,10|14,5,6,13,3,4,7|14,5,6,13,4,7|14,5,6,13,7|14,5,6,13,8|14,5,6,13,9|14,5,8|14,5,9|14,5,13,2,10|14,5,13,3,4,7|14,5,13,4,7|14,5,13,6,8|14,5,13,6,9|14,5,13,7|14,5,13,8|14,5,13,9|14,7|14,8|14,9
13,3,4,7|13,3,4,14,7|13,3,4,14,8|13,3,4,14,12|13,3,14,4,7|13,3,14,7|13,3,14,8|13,3,14,12|13,4,3,14,7|13,4,3,14,8|13,4,3,14,12|13,4,7|13,4,14,7|13,4,14,8|13,4,14,12|13,6,8|13,6,12|13,7|13,8|13,12|14,3,4,7|14,3,4,13,6,8|14,3,4,13,6,12|14,3,4,13,7|14,3,4,13,8|14,3,4,13,12|14,3,13,4,7|14,3,13,6,8|14,3,13,6,12|14,3,13,7|14,3,13,8|14,3,13,12|14,4,3,13,6,8|14,4,3,13,6,12|14,4,3,13,7|14,4,3,13,8|14,4,3,13,12|14,4,7|14,4,13,6,8|14,4,13,6,12|14,4,13,7|14,4,13,8|14,4,13,12|14,7|14,8|14,12
13,2,4,3,14,5,6,8|13,2,4,3,14,5,6,12|13,2,4,3,14,5,8|13,2,4,3,14,5,12|13,2,4,3,14,6,5,8|13,2,4,3,14,6,5,12|13,2,4,3,14,6,8|13,2,4,3,14,6,12|13,2,4,3,14,7|13,2,4,3,14,8|13,2,4,3,14,12|13,2,4,7|13,2,4,14,5,6,8|13,2,4,14,5,6,12|13,2,4,14,5,8|13,2,4,14,5,12|13,2,4,14,6,5,8|13,2,4,14,6,5,12|13,2,4,14,6,8|13,2,4,14,6,12|13,2,4,14,7|13,2,4,14,8|13,2,4,14,12|13,2,7|13,2,14,3,4,7|13,2,14,4,7|13,2,14,5,6,8|13,2,14,5,6,12|13,2,14,5,8|13,2,14,5,12|13,2,14,6,5,8|13,2,14,6,5,12|13,2,14,6,8|13,2,14,6,12|13,2,14,7|13,2,14,8|13,2,14,12|13,3,4,2,7|13,3,4,2,14,5,6,8|13,3,4,2,14,5,6,12|13,3,4,2,14,5,8|13,3,4,2,14,5,12|13,3,4,2,14,6,5,8|13,3,4,2,14,6,5,12|13,3,4,2,14,6,8|13,3,4,2,14,6,12|13,3,4,2,14,7|13,3,4,2,14,8|13,3,4,2,14,12|13,3,4,7|13,3,4,14,2,7|13,3,4,14,5,6,8|13,3,4,14,5,6,12|13,3,4,14,5,8|13,3,4,14,5,12|13,3,4,14,6,5,8|13,3,4,14,6,5,12|13,3,4,14,6,8|13,3,4,14,6,12|13,3,4,14,7|13,3,4,14,8|13,3,4,14,12|13,3,14,2,4,7|13,3,14,2,7|13,3,14,4,2,7|13,3,14,4,7|13,3,14,5,6,8|13,3,14,5,6,12|13,3,14,5,8|13,3,14,5,12|13,3,14,6,5,8|13,3,14,6,5,12|13,3,14,6,8|13,3,14,6,12|13,3,14,7|13,3,14,8|13,3,14,12|13,4,2,7|13,4,2,14,5,6,8|13,4,2,14,5,6,12|13,4,2,14,5,8|13,4,2,14,5,12|13,4,2,14,6,5,8|13,4,2,14,6,5,12|13,4,2,14,6,8|13,4,2,14,6,12|13,4,2,14,7|13,4,2,14,8|13,4,2,14,12|13,4,3,14,2,7|13,4,3,14,5,6,8|13,4,3,14,5,6,12|13,4,3,14,5,8|13,4,3,14,5,12|13,4,3,14,6,5,8|13,4,3,14,6,5,12|13,4,3,14,6,8|13,4,3,14,6,12|13,4,3,14,7|13,4,3,14,8|13,4,3,14,12|13,4,7|13,4,14,2,7|13,4,14,5,6,8|13,4,14,5,6,12|13,4,14,5,8|13,4,14,5,12|13,4,14,6,5,8|13,4,14,6,5,12|13,4,14,6,8|13,4,14,6,12|13,4,14,7|13,4,14,8|13,4,14,12|13,5,6,8|13,5,6,12|13,5,6,14,2,4,7|13,5,6,14,2,7|13,5,6,14,3,4,2,7|13,5,6,14,3,4,7|13,5,6,14,4,2,7|13,5,6,14,4,7|13,5,6,14,7|13,5,6,14,8|13,5,6,14,12|13,5,8|13,5,12|13,5,14,2,4,7|13,5,14,2,7|13,5,14,3,4,2,7|13,5,14,3,4,7|13,5,14,4,2,7|13,5,14,4,7|13,5,14,6,8|13,5,14,6,12|13,5,14,7|13,5,14,8|13,5,14,12|13,6,5,8|13,6,5,12|13,6,5,14,2,4,7|13,6,5,14,2,7|13,6,5,14,3,4,2,7|13,6,5,14,3,4,7|13,6,5,14,4,2,7|13,6,5,14,4,7|13,6,5,14,7|13,6,5,14,8|13,6,5,14,12|13,6,8|13,6,12|13,6,14,2,4,7|13,6,14,2,7|13,6,14,3,4,2,7|13,6,14,3,4,7|13,6,14,4,2,7|13,6,14,4,7|13,6,14,5,8|13,6,14,5,12|13,6,14,7|13,6,14,8|13,6,14,12|13,7|13,8|13,12|14,2,4,3,13,5,6,8|14,2,4,3,13,5,6,12|14,2,4,3,13,5,8|14,2,4,3,13,5,12|14,2,4,3,13,6,5,8|14,2,4,3,13,6,5,12|14,2,4,3,13,6,8|14,2,4,3,13,6,12|14,2,4,3,13,7|14,2,4,3,13,8|14,2,4,3,13,12|14,2,4,7|14,2,4,13,5,6,8|14,2,4,13,5,6,12|14,2,4,13,5,8|14,2,4,13,5,12|14,2,4,13,6,5,8|14,2,4,13,6,5,12|14,2,4,13,6,8|14,2,4,13,6,12|14,2,4,13,7|14,2,4,13,8|14,2,4,13,12|14,2,7|14,2,13,3,4,7|14,2,13,4,7|14,2,13,5,6,8|14,2,13,5,6,12|14,2,13,5,8|14,2,13,5,12|14,2,13,6,5,8|14,2,13,6,5,12|14,2,13,6,8|14,2,13,6,12|14,2,13,7|14,2,13,8|14,2,13,12|14,3,4,2,7|14,3,4,2,13,5,6,8|14,3,4,2,13,5,6,12|14,3,4,2,13,5,8|14,3,4,2,13,5,12|14,3,4,2,13,6,5,8|14,3,4,2,13,6,5,12|14,3,4,2,13,6,8|14,3,4,2,13,6,12|14,3,4,2,13,7|14,3,4,2,13,8|14,3,4,2,13,12|14,3,4,7|14,3,4,13,2,7|14,3,4,13,5,6,8|14,3,4,13,5,6,12|14,3,4,13,5,8|14,3,4,13,5,12|14,3,4,13,6,5,8|14,3,4,13,6,5,12|14,3,4,13,6,8|14,3,4,13,6,12|14,3,4,13,7|14,3,4,13,8|14,3,4,13,12|14,3,13,2,4,7|14,3,13,2,7|14,3,13,4,2,7|14,3,13,4,7|14,3,13,5,6,8|14,3,13,5,6,12|14,3,13,5,8|14,3,13,5,12|14,3,13,6,5,8|14,3,13,6,5,12|14,3,13,6,8|14,3,13,6,12|14,3,13,7|14,3,13,8|14,3,13,12|14,4,2,7|14,4,2,13,5,6,8|14,4,2,13,5,6,12|14,4,2,13,5,8|14,4,2,13,5,12|14,4,2,13,6,5,8|14,4,2,13,6,5,12|14,4,2,13,6,8|14,4,2,13,6,12|14,4,2,13,7|14,4,2,13,8|14,4,2,13,12|14,4,3,13,2,7|14,4,3,13,5,6,8|14,4,3,13,5,6,12|14,4,3,13,5,8|14,4,3,13,5,12|14,4,3,13,6,5,8|14,4,3,13,6,5,12|14,4,3,13,6,8|14,4,3,13,6,12|14,4,3,13,7|14,4,3,13,8|14,4,3,13,12|14,4,7|14,4,13,2,7|14,4,13,5,6,8|14,4,13,5,6,12|14,4,13,5,8|14,4,13,5,12|14,4,13,6,5,8|14,4,13,6,5,12|14,4,13,6,8|14,4,13,6,12|14,4,13,7|14,4,13,8|14,4,13,12|14,5,6,8|14,5,6,12|14,5,6,13,2,4,7|14,5,6,13,2,7|14,5,6,13,3,4,2,7|14,5,6,13,3,4,7|14,5,6,13,4,2,7|14,5,6,13,4,7|14,5,6,13,7|14,5,6,13,8|14,5,6,13,12|14,5,8|14,5,12|14,5,13,2,4,7|14,5,13,2,7|14,5,13,3,4,2,7|14,5,13,3,4,7|14,5,13,4,2,7|14,5,13,4,7|14,5,13,6,8|14,5,13,6,12|14,5,13,7|14,5,13,8|14,5,13,12|14,6,5,8|14,6,5,12|14,6,5,13,2,4,7|14,6,5,13,2,7|14,6,5,13,3,4,2,7|14,6,5,13,3,4,7|14,6,5,13,4,2,7|14,6,5,13,4,7|14,6,5,13,7|14,6,5,13,8|14,6,5,13,12|14,6,8|14,6,12|14,6,13,2,4,7|14,6,13,2,7|14,6,13,3,4,2,7|14,6,13,3,4,7|14,6,13,4,2,7|14,6,13,4,7|14,6,13,5,8|14,6,13,5,12|14,6,13,7|14,6,13,8|14,6,13,12|14,7|14,8|14,12
13,2,3,4,7|13,2,3,4,14,6,8|13,2,3,4,14,6,12|13,2,3,4,14,7|13,2,3,4,14,8|13,2,3,4,14,12|13,2,3,14,4,7|13,2,3,14,6,8|13,2,3,14,6,12|13,2,3,14,7|13,2,3,14,8|13,2,3,14,12|13,2,4,3,14,6,8|13,2,4,3,14,6,12|13,2,4,3,14,7|13,2,4,3,14,8|13,2,4,3,14,12|13,2,4,7|13,2,4,14,6,8|13,2,4,14,6,12|13,2,4,14,7|13,2,4,14,8|13,2,4,14,12|13,2,7|13,2,14,3,4,7|13,2,14,4,7|13,2,14,6,8|13,2,14,6,12|13,2,14,7|13,2,14,8|13,2,14,12|13,3,2,4,7|13,3,2,4,14,6,8|13,3,2,4,14,6,12|13,3,2,4,14,7|13,3,2,4,14,8|13,3,2,4,14,12|13,3,2,7|13,3,2,14,4,7|13,3,2,14,6,8|13,3,2,14,6,12|13,3,2,14,7|13,3,2,14,8|13,3,2,14,12|13,3,4,2,7|13,3,4,2,14,6,8|13,3,4,2,14,6,12|13,3,4,2,14,7|13,3,4,2,14,8|13,3,4,2,14,12|13,3,4,7|13,3,4,14,2,7|13,3,4,14,6,8|13,3,4,14,6,12|13,3,4,14,7|13,3,4,14,8|13,3,4,14,12|13,3,14,2,4,7|13,3,14,2,7|13,3,14,4,2,7|13,3,14,4,7|13,3,14,6,8|13,3,14,6,12|13,3,14,7|13,3,14,8|13,3,14,12|13,4,2,3,14,6,8|13,4,2,3,14,6,12|13,4,2,3,14,7|13,4,2,3,14,8|13,4,2,3,14,12|13,4,2,7|13,4,2,14,6,8|13,4,2,14,6,12|13,4,2,14,7|13,4,2,14,8|13,4,2,14,12|13,4,3,2,7|13,4,3,2,14,6,8|13,4,3,2,14,6,12|13,4,3,2,14,7|13,4,3,2,14,8|13,4,3,2,14,12|13,4,3,14,2,7|13,4,3,14,6,8|13,4,3,14,6,12|13,4,3,14,7|13,4,3,14,8|13,4,3,14,12|13,4,7|13,4,14,2,7|13,4,14,3,2,7|13,4,14,6,8|13,4,14,6,12|13,4,14,7|13,4,14,8|13,4,14,12|13,6,8|13,6,12|13,6,14,2,3,4,7|13,6,14,2,4,7|13,6,14,2,7|13,6,14,3,2,4,7|13,6,14,3,2,7|13,6,14,3,4,2,7|13,6,14,3,4,7|13,6,14,4,2,7|13,6,14,4,3,2,7|13,6,14,4,7|13,6,14,7|13,6,14,8|13,6,14,12|13,7|13,8|13,12|14,2,3,4,7|14,2,3,4,13,6,8|14,2,3,4,13,6,12|14,2,3,4,13,7|14,2,3,4,13,8|14,2,3,4,13,12|14,2,3,13,4,7|14,2,3,13,6,8|14,2,3,13,6,12|14,2,3,13,7|14,2,3,13,8|14,2,3,13,12|14,2,4,3,13,6,8|14,2,4,3,13,6,12|14,2,4,3,13,7|14,2,4,3,13,8|14,2,4,3,13,12|14,2,4,7|14,2,4,13,6,8|14,2,4,13,6,12|14,2,4,13,7|14,2,4,13,8|14,2,4,13,12|14,2,7|14,2,13,3,4,7|14,2,13,4,7|14,2,13,6,8|14,2,13,6,12|14,2,13,7|14,2,13,8|14,2,13,12|14,3,2,4,7|14,3,2,4,13,6,8|14,3,2,4,13,6,12|14,3,2,4,13,7|14,3,2,4,13,8|14,3,2,4,13,12|14,3,2,7|14,3,2,13,4,7|14,3,2,13,6,8|14,3,2,13,6,12|14,3,2,13,7|14,3,2,13,8|14,3,2,13,12|14,3,4,2,7|14,3,4,2,13,6,8|14,3,4,2,13,6,12|14,3,4,2,13,7|14,3,4,2,13,8|14,3,4,2,13,12|14,3,4,7|14,3,4,13,2,7|14,3,4,13,6,8|14,3,4,13,6,12|14,3,4,13,7|14,3,4,13,8|14,3,4,13,12|14,3,13,2,4,7|14,3,13,2,7|14,3,13,4,2,7|14,3,13,4,7|14,3,13,6,8|14,3,13,6,12|14,3,13,7|14,3,13,8|14,3,13,12|14,4,2,3,13,6,8|14,4,2,3,13,6,12|14,4,2,3,13,7|14,4,2,3,13,8|14,4,2,3,13,12|14,4,2,7|14,4,2,13,6,8|14,4,2,13,6,12|14,4,2,13,7|14,4,2,13,8|14,4,2,13,12|14,4,3,2,7|14,4,3,2,13,6,8|14,4,3,2,13,6,12|14,4,3,2,13,7|14,4,3,2,13,8|14,4,3,2,13,12|14,4,3,13,2,7|14,4,3,13,6,8|14,4,3,13,6,12|14,4,3,13,7|14,4,3,13,8|14,4,3,13,12|14,4,7|14,4,13,2,7|14,4,13,3,2,7|14,4,13,6,8|14,4,13,6,12|14,4,13,7|14,4,13,8|14,4,13,12|14,6,8|14,6,12|14,6,13,2,3,4,7|14,6,13,2,4,7|14,6,13,2,7|14,6,13,3,2,4,7|14,6,13,3,2,7|14,6,13,3,4,2,7|14,6,13,3,4,7|14,6,13,4,2,7|14,6,13,4,3,2,7|14,6,13,4,7|14,6,13,7|14,6,13,8|14,6,13,12|14,7|14,8|14,12
13,2,3,4,7|13,2,3,4,14,5,6,11|13,2,3,4,14,5,6,12|13,2,3,4,14,5,11|13,2,3,4,14,5,12|13,2,3,4,14,6,5,11|13,2,3,4,14,6,5,12|13,2,3,4,14,6,11|13,2,3,4,14,6,12|13,2,3,4,14,7|13,2,3,4,14,11|13,2,3,4,14,12|13,2,3,7|13,2,3,14,4,7|13,2,3,14,5,6,11|13,2,3,14,5,6,12|13,2,3,14,5,11|13,2,3,14,5,12|13,2,3,14,6,5,11|13,2,3,14,6,5,12|13,2,3,14,6,11|13,2,3,14,6,12|13,2,3,14,7|13,2,3,14,11|13,2,3,14,12|13,2,4,3,7|13,2,4,3,14,5,6,11|13,2,4,3,14,5,6,12|13,2,4,3,14,5,11|13,2,4,3,14,5,12|13,2,4,3,14,6,5,11|13,2,4,3,14,6,5,12|13,2,4,3,14,6,11|13,2,4,3,14,6,12|13,2,4,3,14,7|13,2,4,3,14,11|13,2,4,3,14,12|13,2,4,7|13,2,4,14,3,7|13,2,4,14,5,6,11|13,2,4,14,5,6,12|13,2,4,14,5,11|13,2,4,14,5,12|13,2,4,14,6,5,11|13,2,4,14,6,5,12|13,2,4,14,6,11|13,2,4,14,6,12|13,2,4,14,7|13,2,4,14,11|13,2,4,14,12|13,2,7|13,2,14,3,4,7|13,2,14,3,7|13,2,14,4,3,7|13,2,14,4,7|13,2,14,5,6,11|13,2,14,5,6,12|13,2,14,5,11|13,2,14,5,12|13,2,14,6,5,11|13,2,14,6,5,12|13,2,14,6,11|13,2,14,6,12|13,2,14,7|13,2,14,11|13,2,14,12|13,3,2,4,7|13,3,2,4,14,5,6,11|13,3,2,4,14,5,6,12|13,3,2,4,14,5,11|13,3,2,4,14,5,12|13,3,2,4,14,6,5,11|13,3,2,4,14,6,5,12|13,3,2,4,14,6,11|13,3,2,4,14,6,12|13,3,2,4,14,7|13,3,2,4,14,11|13,3,2,4,14,12|13,3,2,7|13,3,2,14,4,7|13,3,2,14,5,6,11|13,3,2,14,5,6,12|13,3,2,14,5,11|13,3,2,14,5,12|13,3,2,14,6,5,11|13,3,2,14,6,5,12|13,3,2,14,6,11|13,3,2,14,6,12|13,3,2,14,7|13,3,2,14,11|13,3,2,14,12|13,3,4,2,7|13,3,4,2,14,5,6,11|13,3,4,2,14,5,6,12|13,3,4,2,14,5,11|13,3,4,2,14,5,12|13,3,4,2,14,6,5,11|13,3,4,2,14,6,5,12|13,3,4,2,14,6,11|13,3,4,2,14,6,12|13,3,4,2,14,7|13,3,4,2,14,11|13,3,4,2,14,12|13,3,4,7|13,3,4,14,2,7|13,3,4,14,5,6,11|13,3,4,14,5,6,12|13,3,4,14,5,11|13,3,4,14,5,12|13,3,4,14,6,5,11|13,3,4,14,6,5,12|13,3,4,14,6,11|13,3,4,14,6,12|13,3,4,14,7|13,3,4,14,11|13,3,4,14,12|13,3,7|13,3,14,2,4,7|13,3,14,2,7|13,3,14,4,2,7|13,3,14,4,7|13,3,14,5,6,11|13,3,14,5,6,12|13,3,14,5,11|13,3,14,5,12|13,3,14,6,5,11|13,3,14,6,5,12|13,3,14,6,11|13,3,14,6,12|13,3,14,7|13,3,14,11|13,3,14,12|13,4,2,3,7|13,4,2,3,14,5,6,11|13,4,2,3,14,5,6,12|13,4,2,3,14,5,11|13,4,2,3,14,5,12|13,4,2,3,14,6,5,11|13,4,2,3,14,6,5,12|13,4,2,3,14,6,11|13,4,2,3,14,6,12|13,4,2,3,14,7|13,4,2,3,14,11|13,4,2,3,14,12|13,4,2,7|13,4,2,14,3,7|13,4,2,14,5,6,11|13,4,2,14,5,6,12|13,4,2,14,5,11|13,4,2,14,5,12|13,4,2,14,6,5,11|13,4,2,14,6,5,12|13,4,2,14,6,11|13,4,2,14,6,12|13,4,2,14,7|13,4,2,14,11|13,4,2,14,12|13,4,3,2,7|13,4,3,2,14,5,6,11|13,4,3,2,14,5,6,12|13,4,3,2,14,5,11|13,4,3,2,14,5,12|13,4,3,2,14,6,5,11|13,4,3,2,14,6,5,12|13,4,3,2,14,6,11|13,4,3,2,14,6,12|13,4,3,2,14,7|13,4,3,2,14,11|13,4,3,2,14,12|13,4,3,7|13,4,3,14,2,7|13,4,3,14,5,6,11|13,4,3,14,5,6,12|13,4,3,14,5,11|13,4,3,14,5,12|13,4,3,14,6,5,11|13,4,3,14,6,5,12|13,4,3,14,6,11|13,4,3,14,6,12|13,4,3,14,7|13,4,3,14,11|13,4,3,14,12|13,4,7|13,4,14,2,3,7|13,4,14,2,7|13,4,14,3,2,7|13,4,14,3,7|13,4,14,5,6,11|13,4,14,5,6,12|13,4,14,5,11|13,4,14,5,12|13,4,14,6,5,11|13,4,14,6,5,12|13,4,14,6,11|13,4,14,6,12|13,4,14,7|13,4,14,11|13,4,14,12|13,5,6,11|13,5,6,12|13,5,6,14,2,3,4,7|13,5,6,14,2,3,7|13,5,6,14,2,4,3,7|13,5,6,14,2,4,7|13,5,6,14,2,7|13,5,6,14,3,2,4,7|13,5,6,14,3,2,7|13,5,6,14,3,4,2,7|13,5,6,14,3,4,7|13,5,6,14,3,7|13,5,6,14,4,2,3,7|13,5,6,14,4,2,7|13,5,6,14,4,3,2,7|13,5,6,14,4,3,7|13,5,6,14,4,7|13,5,6,14,7|13,5,6,14,11|13,5,6,14,12|13,5,11|13,5,12|13,5,14,2,3,4,7|13,5,14,2,3,7|13,5,14,2,4,3,7|13,5,14,2,4,7|13,5,14,2,7|13,5,14,3,2,4,7|13,5,14,3,2,7|13,5,14,3,4,2,7|13,5,14,3,4,7|13,5,14,3,7|13,5,14,4,2,3,7|13,5,14,4,2,7|13,5,14,4,3,2,7|13,5,14,4,3,7|13,5,14,4,7|13,5,14,6,11|13,5,14,6,12|13,5,14,7|13,5,14,11|13,5,14,12|13,7|13,11|13,12|14,2,3,4,7|14,2,3,4,13,5,6,11|14,2,3,4,13,5,6,12|14,2,3,4,13,5,11|14,2,3,4,13,5,12|14,2,3,4,13,7|14,2,3,4,13,11|14,2,3,4,13,12|14,2,3,7|14,2,3,13,4,7|14,2,3,13,5,6,11|14,2,3,13,5,6,12|14,2,3,13,5,11|14,2,3,13,5,12|14,2,3,13,7|14,2,3,13,11|14,2,3,13,12|14,2,4,3,7|14,2,4,3,13,5,6,11|14,2,4,3,13,5,6,12|14,2,4,3,13,5,11|14,2,4,3,13,5,12|14,2,4,3,13,7|14,2,4,3,13,11|14,2,4,3,13,12|14,2,4,7|14,2,4,13,3,7|14,2,4,13,5,6,11|14,2,4,13,5,6,12|14,2,4,13,5,11|14,2,4,13,5,12|14,2,4,13,7|14,2,4,13,11|14,2,4,13,12|14,2,7|14,2,13,3,4,7|14,2,13,3,7|14,2,13,4,3,7|14,2,13,4,7|14,2,13,5,6,11|14,2,13,5,6,12|14,2,13,5,11|14,2,13,5,12|14,2,13,7|14,2,13,11|14,2,13,12|14,3,2,4,7|14,3,2,4,13,5,6,11|14,3,2,4,13,5,6,12|14,3,2,4,13,5,11|14,3,2,4,13,5,12|14,3,2,4,13,7|14,3,2,4,13,11|14,3,2,4,13,12|14,3,2,7|14,3,2,13,4,7|14,3,2,13,5,6,11|14,3,2,13,5,6,12|14,3,2,13,5,11|14,3,2,13,5,12|14,3,2,13,7|14,3,2,13,11|14,3,2,13,12|14,3,4,2,7|14,3,4,2,13,5,6,11|14,3,4,2,13,5,6,12|14,3,4,2,13,5,11|14,3,4,2,13,5,12|14,3,4,2,13,7|14,3,4,2,13,11|14,3,4,2,13,12|14,3,4,7|14,3,4,13,2,7|14,3,4,13,5,6,11|14,3,4,13,5,6,12|14,3,4,13,5,11|14,3,4,13,5,12|14,3,4,13,7|14,3,4,13,11|14,3,4,13,12|14,3,7|14,3,13,2,4,7|14,3,13,2,7|14,3,13,4,2,7|14,3,13,4,7|14,3,13,5,6,11|14,3,13,5,6,12|14,3,13,5,11|14,3,13,5,12|14,3,13,7|14,3,13,11|14,3,13,12|14,4,2,3,7|14,4,2,3,13,5,6,11|14,4,2,3,13,5,6,12|14,4,2,3,13,5,11|14,4,2,3,13,5,12|14,4,2,3,13,7|14,4,2,3,13,11|14,4,2,3,13,12|14,4,2,7|14,4,2,13,3,7|14,4,2,13,5,6,11|14,4,2,13,5,6,12|14,4,2,13,5,11|14,4,2,13,5,12|14,4,2,13,7|14,4,2,13,11|14,4,2,13,12|14,4,3,2,7|14,4,3,2,13,5,6,11|14,4,3,2,13,5,6,12|14,4,3,2,13,5,11|14,4,3,2,13,5,12|14,4,3,2,13,7|14,4,3,2,13,11|14,4,3,2,13,12|14,4,3,7|14,4,3,13,2,7|14,4,3,13,5,6,11|14,4,3,13,5,6,12|14,4,3,13,5,11|14,4,3,13,5,12|14,4,3,13,7|14,4,3,13,11|14,4,3,13,12|14,4,7|14,4,13,2,3,7|14,4,13,2,7|14,4,13,3,2,7|14,4,13,3,7|14,4,13,5,6,11|14,4,13,5,6,12|14,4,13,5,11|14,4,13,5,12|14,4,13,7|14,4,13,11|14,4,13,12|14,5,6,11|14,5,6,12|14,5,11|14,5,12|14,5,13,2,3,4,7|14,5,13,2,3,7|14,5,13,2,4,3,7|14,5,13,2,4,7|14,5,13,2,7|14,5,13,3,2,4,7|14,5,13,3,2,7|14,5,13,3,4,2,7|14,5,13,3,4,7|14,5,13,3,7|14,5,13,4,2,3,7|14,5,13,4,2,7|14,5,13,4,3,2,7|14,5,13,4,3,7|14,5,13,4,7|14,5,13,7|14,5,13,11|14,5,13,12|14,6,5,11|14,6,5,12|14,6,5,13,2,3,4,7|14,6,5,13,2,3,7|14,6,5,13,2,4,3,7|14,6,5,13,2,4,7|14,6,5,13,2,7|14,6,5,13,3,2,4,7|14,6,5,13,3,2,7|14,6,5,13,3,4,2,7|14,6,5,13,3,4,7|14,6,5,13,3,7|14,6,5,13,4,2,3,7|14,6,5,13,4,2,7|14,6,5,13,4,3,2,7|14,6,5,13,4,3,7|14,6,5,13,4,7|14,6,5,13,7|14,6,5,13,11|14,6,5,13,12|14,6,11|14,6,12|14,7|14,11|14,12
13,3,4,2,10|13,3,4,7|13,3,4,14,6,11|13,3,4,14,6,12|13,3,4,14,7|13,3,4,14,11|13,3,4,14,12|13,3,7|13,3,14,4,2,10|13,3,14,4,7|13,3,14,6,11|13,3,14,6,12|13,3,14,7|13,3,14,11|13,3,14,12|13,4,2,10|13,4,3,7|13,4,3,14,6,11|13,4,3,14,6,12|13,4,3,14,7|13,4,3,14,11|13,4,3,14,12|13,4,7|13,4,14,3,7|13,4,14,6,11|13,4,14,6,12|13,4,14,7|13,4,14,11|13,4,14,12|13,7|13,11|13,12|14,3,4,2,10|14,3,4,7|14,3,4,13,7|14,3,4,13,11|14,3,4,13,12|14,3,7|14,3,13,4,2,10|14,3,13,4,7|14,3,13,7|14,3,13,11|14,3,13,12|14,4,2,10|14,4,3,7|14,4,3,13,7|14,4,3,13,11|14,4,3,13,12|14,4,7|14,4,13,3,7|14,4,13,7|14,4,13,11|14,4,13,12|14,6,11|14,6,12|14,7|14,11|14,12
13,2,10|13,2,14,5,11|13,2,14,5,12|13,2,14,10|13,2,14,11|13,2,14,12|13,5,11|13,5,12|13,5,14,2,10|13,5,14,10|13,5,14,11|13,5,14,12|13,7|13,10|13,11|13,12|14,2,10|14,2,13,5,11|14,2,13,5,12|14,2,13,7|14,2,13,10|14,2,13,11|14,2,13,12|14,5,11|14,5,12|14,5,13,2,10|14,5,13,7|14,5,13,10|14,5,13,11|14,5,13,12|14,10|14,11|14,12
13,2,14,10|13,2,14,11|13,2,14,12|13,10|13,11|13,12|14,2,13,10|14,2,13,11|14,2,13,12|14,10|14,11|14,12
13,2,3,7|13,2,4,3,7|13,2,7|13,2,14,5,6,11|13,2,14,5,6,12|13,2,14,5,11|13,2,14,5,12|13,2,14,10|13,2,14,11|13,2,14,12|13,5,6,11|13,5,6,12|13,5,11|13,5,12|13,5,14,2,3,7|13,5,14,2,4,3,7|13,5,14,2,7|13,5,14,10|13,5,14,11|13,5,14,12|13,6,5,11|13,6,5,12|13,6,5,14,2,3,7|13,6,5,14,2,4,3,7|13,6,5,14,2,7|13,6,5,14,10|13,6,5,14,11|13,6,5,14,12|13,6,11|13,6,12|13,10|13,11|13,12|14,2,3,7|14,2,4,3,7|14,2,7|14,2,13,5,6,11|14,2,13,5,6,12|14,2,13,5,11|14,2,13,5,12|14,2,13,6,5,11|14,2,13,6,5,12|14,2,13,6,11|14,2,13,6,12|14,2,13,10|14,2,13,11|14,2,13,12|14,5,6,11|14,5,6,12|14,5,6,13,2,3,7|14,5,6,13,2,4,3,7|14,5,6,13,2,7|14,5,6,13,10|14,5,6,13,11|14,5,6,13,12|14,5,11|14,5,12|14,5,13,2,3,7|14,5,13,2,4,3,7|14,5,13,2,7|14,5,13,6,11|14,5,13,6,12|14,5,13,10|14,5,13,11|14,5,13,12|14,10|14,11|14,12
13,6,9|13,6,11|13,9|13,10|13,11|14,4,2,3,7|14,4,2,7|14,4,3,2,7|14,4,3,7|14,9|14,10|14,11
13,2,4,3,7|13,2,4,14,5,6,9|13,2,4,14,5,6,11|13,2,4,14,5,9|13,2,4,14,5,11|13,2,4,14,6,5,9|13,2,4,14,6,5,11|13,2,4,14,6,9|13,2,4,14,6,11|13,2,4,14,9|13,2,4,14,10|13,2,4,14,11|13,2,10|13,2,14,4,3,7|13,2,14,5,6,9|13,2,14,5,6,11|13,2,14,5,9|13,2,14,5,11|13,2,14,6,5,9|13,2,14,6,5,11|13,2,14,6,9|13,2,14,6,11|13,2,14,9|13,2,14,10|13,2,14,11|13,4,2,10|13,4,2,14,5,6,9|13,4,2,14,5,6,11|13,4,2,14,5,9|13,4,2,14,5,11|13,4,2,14,6,5,9|13,4,2,14,6,5,11|13,4,2,14,6,9|13,4,2,14,6,11|13,4,2,14,9|13,4,2,14,10|13,4,2,14,11|13,4,3,7|13,4,14,2,10|13,4,14,5,6,9|13,4,14,5,6,11|13,4,14,5,9|13,4,14,5,11|13,4,14,6,5,9|13,4,14,6,5,11|13,4,14,6,9|13,4,14,6,11|13,4,14,9|13,4,14,10|13,4,14,11|13,5,6,9|13,5,6,11|13,5,6,14,2,4,3,7|13,5,6,14,2,10|13,5,6,14,4,2,10|13,5,6,14,4,3,7|13,5,6,14,9|13,5,6,14,10|13,5,6,14,11|13,5,9|13,5,11|13,5,14,2,4,3,7|13,5,14,2,10|13,5,14,4,2,10|13,5,14,4,3,7|13,5,14,6,9|13,5,14,6,11|13,5,14,9|13,5,14,10|13,5,14,11|13,6,5,9|13,6,5,11|13,6,5,14,2,4,3,7|13,6,5,14,2,10|13,6,5,14,4,2,10|13,6,5,14,4,3,7|13,6,5,14,9|13,6,5,14,10|13,6,5,14,11|13,6,9|13,6,11|13,6,14,2,4,3,7|13,6,14,2,10|13,6,14,4,2,10|13,6,14,4,3,7|13,6,14,5,9|13,6,14,5,11|13,6,14,9|13,6,14,10|13,6,14,11|13,9|13,10|13,11|14,2,4,3,7|14,2,4,13,5,6,9|14,2,4,13,5,6,11|14,2,4,13,5,9|14,2,4,13,5,11|14,2,4,13,6,5,9|14,2,4,13,6,5,11|14,2,4,13,6,9|14,2,4,13,6,11|14,2,4,13,9|14,2,4,13,10|14,2,4,13,11|14,2,10|14,2,13,4,3,7|14,2,13,5,6,9|14,2,13,5,6,11|14,2,13,5,9|14,2,13,5,11|14,2,13,6,5,9|14,2,13,6,5,11|14,2,13,6,9|14,2,13,6,11|14,2,13,9|14,2,13,10|14,2,13,11|14,4,2,10|14,4,2,13,5,6,9|14,4,2,13,5,6,11|14,4,2,13,5,9|14,4,2,13,5,11|14,4,2,13,6,5,9|14,4,2,13,6,5,11|14,4,2,13,6,9|14,4,2,13,6,11|14,4,2,13,9|14,4,2,13,10|14,4,2,13,11|14,4,3,7|14,4,13,2,10|14,4,13,5,6,9|14,4,13,5,6,11|14,4,13,5,9|14,4,13,5,11|14,4,13,6,5,9|14,4,13,6,5,11|14,4,13,6,9|14,4,13,6,11|14,4,13,9|14,4,13,10|14,4,13,11|14,5,6,9|14,5,6,11|14,5,6,13,2,4,3,7|14,5,6,13,2,10|14,5,6,13,4,2,10|14,5,6,13,4,3,7|14,5,6,13,9|14,5,6,13,10|14,5,6,13,11|14,5,9|14,5,11|14,5,13,2,4,3,7|14,5,13,2,10|14,5,13,4,2,10|14,5,13,4,3,7|14,5,13,6,9|14,5,13,6,11|14,5,13,9|14,5,13,10|14,5,13,11|14,6,5,9|14,6,5,11|14,6,5,13,2,4,3,7|14,6,5,13,2,10|14,6,5,13,4,2,10|14,6,5,13,4,3,7|14,6,5,13,9|14,6,5,13,10|14,6,5,13,11|14,6,9|14,6,11|14,6,13,2,4,3,7|14,6,13,2,10|14,6,13,4,2,10|14,6,13,4,3,7|14,6,13,5,9|14,6,13,5,11|14,6,13,9|14,6,13,10|14,6,13,11|14,9|14,10|14,11
13,2,4,14,6,9|13,2,4,14,6,11|13,2,4,14,9|13,2,4,14,10|13,2,4,14,11|13,2,10|13,2,14,6,9|13,2,14,6,11|13,2,14,9|13,2,14,10|13,2,14,11|13,4,2,10|13,4,2,14,6,9|13,4,2,14,6,11|13,4,2,14,9|13,4,2,14,10|13,4,2,14,11|13,4,14,2,10|13,4,14,6,9|13,4,14,6,11|13,4,14,9|13,4,14,10|13,4,14,11|13,6,9|13,6,11|13,6,14,2,10|13,6,14,4,2,10|13,6,14,9|13,6,14,10|13,6,14,11|13,9|13,10|13,11|14,2,4,13,6,9|14,2,4,13,6,11|14,2,4,13,9|14,2,4,13,10|14,2,4,13,11|14,2,10|14,2,13,6,9|14,2,13,6,11|14,2,13,9|14,2,13,10|14,2,13,11|14,4,2,10|14,4,2,13,6,9|14,4,2,13,6,11|14,4,2,13,9|14,4,2,13,10|14,4,2,13,11|14,4,13,2,10|14,4,13,6,9|14,4,13,6,11|14,4,13,9|14,4,13,10|14,4,13,11|14,6,9|14,6,11|14,6,13,2,10|14,6,13,4,2,10|14,6,13,9|14,6,13,10|14,6,13,11|14,9|14,10|14,11
13,2,10|13,2,14,5,6,8|13,2,14,5,6,9|13,2,14,5,8|13,2,14,5,9|13,2,14,6,5,8|13,2,14,6,5,9|13,2,14,6,8|13,2,14,6,9|13,2,14,8|13,2,14,9|13,2,14,10|13,4,14,2,10|13,4,14,5,6,8|13,4,14,5,6,9|13,4,14,5,8|13,4,14,5,9|13,4,14,6,5,8|13,4,14,6,5,9|13,4,14,6,8|13,4,14,6,9|13,4,14,8|13,4,14,9|13,4,14,10|13,5,6,8|13,5,6,9|13,5,6,14,2,10|13,5,6,14,8|13,5,6,14,9|13,5,6,14,10|13,5,8|13,5,9|13,5,14,2,10|13,5,14,6,8|13,5,14,6,9|13,5,14,8|13,5,14,9|13,5,14,10|13,8|13,9|13,10|14,2,10|14,2,13,5,6,8|14,2,13,5,6,9|14,2,13,5,8|14,2,13,5,9|14,2,13,8|14,2,13,9|14,2,13,10|14,4,13,2,10|14,4,13,5,6,8|14,4,13,5,6,9|14,4,13,5,8|14,4,13,5,9|14,4,13,8|14,4,13,9|14,4,13,10|14,5,6,8|14,5,6,9|14,5,8|14,5,9|14,5,13,2,10|14,5,13,8|14,5,13,9|14,5,13,10|14,6,5,8|14,6,5,9|14,6,5,13,2,10|14,6,5,13,8|14,6,5,13,9|14,6,5,13,10|14,6,8|14,6,9|14,8|14,9|14,10
13,3,2,7|13,3,7|13,3,14,6,8|13,3,14,6,9|13,3,14,8|13,3,14,9|13,3,14,10|13,4,14,3,2,7|13,4,14,3,7|13,4,14,6,8|13,4,14,6,9|13,4,14,8|13,4,14,9|13,4,14,10|13,8|13,9|13,10|14,3,2,7|14,3,7|14,3,13,8|14,3,13,9|14,3,13,10|14,4,13,3,2,7|14,4,13,3,7|14,4,13,8|14,4,13,9|14,4,13,10|14,6,8|14,6,9|14,8|14,9|14,10
13,2,3,7|13,2,3,14,5,8|13,2,3,14,5,9|13,2,3,14,7|13,2,3,14,8|13,2,3,14,9|13,2,4,14,3,7|13,2,4,14,5,8|13,2,4,14,5,9|13,2,4,14,7|13,2,4,14,8|13,2,4,14,9|13,2,7|13,2,14,3,7|13,2,14,5,8|13,2,14,5,9|13,2,14,7|13,2,14,8|13,2,14,9|13,3,2,4,14,5,8|13,3,2,4,14,5,9|13,3,2,4,14,7|13,3,2,4,14,8|13,3,2,4,14,9|13,3,2,7|13,3,2,14,5,8|13,3,2,14,5,9|13,3,2,14,7|13,3,2,14,8|13,3,2,14,9|13,3,7|13,3,14,2,7|13,3,14,4,2,7|13,3,14,5,8|13,3,14,5,9|13,3,14,7|13,3,14,8|13,3,14,9|13,4,2,3,7|13,4,2,3,14,5,8|13,4,2,3,14,5,9|13,4,2,3,14,7|13,4,2,3,14,8|13,4,2,3,14,9|13,4,2,7|13,4,2,14,3,7|13,4,2,14,5,8|13,4,2,14,5,9|13,4,2,14,7|13,4,2,14,8|13,4,2,14,9|13,4,14,2,3,7|13,4,14,2,7|13,4,14,3,2,7|13,4,14,3,7|13,4,14,5,8|13,4,14,5,9|13,4,14,7|13,4,14,8|13,4,14,9|13,5,8|13,5,9|13,5,14,2,3,7|13,5,14,2,7|13,5,14,3,2,7|13,5,14,3,7|13,5,14,4,2,3,7|13,5,14,4,2,7|13,5,14,7|13,5,14,8|13,5,14,9|13,7|13,8|13,9|13,10|14,2,3,7|14,2,3,13,5,8|14,2,3,13,5,9|14,2,3,13,7|14,2,3,13,8|14,2,3,13,9|14,2,3,13,10|14,2,4,13,3,7|14,2,4,13,5,8|14,2,4,13,5,9|14,2,4,13,7|14,2,4,13,8|14,2,4,13,9|14,2,4,13,10|14,2,7|14,2,13,3,7|14,2,13,5,8|14,2,13,5,9|14,2,13,7|14,2,13,8|14,2,13,9|14,2,13,10|14,3,2,4,13,5,8|14,3,2,4,13,5,9|14,3,2,4,13,7|14,3,2,4,13,8|14,3,2,4,13,9|14,3,2,4,13,10|14,3,2,7|14,3,2,13,5,8|14,3,2,13,5,9|14,3,2,13,7|14,3,2,13,8|14,3,2,13,9|14,3,2,13,10|14,3,7|14,3,13,2,7|14,3,13,4,2,7|14,3,13,5,8|14,3,13,5,9|14,3,13,7|14,3,13,8|14,3,13,9|14,3,13,10|14,4,2,3,7|14,4,2,3,13,5,8|14,4,2,3,13,5,9|14,4,2,3,13,7|14,4,2,3,13,8|14,4,2,3,13,9|14,4,2,3,13,10|14,4,2,7|14,4,2,13,3,7|14,4,2,13,5,8|14,4,2,13,5,9|14,4,2,13,7|14,4,2,13,8|14,4,2,13,9|14,4,2,13,10|14,4,13,2,3,7|14,4,13,2,7|14,4,13,3,2,7|14,4,13,3,7|14,4,13,5,8|14,4,13,5,9|14,4,13,7|14,4,13,8|14,4,13,9|14,4,13,10|14,5,8|14,5,9|14,5,13,2,3,7|14,5,13,2,7|14,5,13,3,2,7|14,5,13,3,7|14,5,13,4,2,3,7|14,5,13,4,2,7|14,5,13,7|14,5,13,8|14,5,13,9|14,5,13,10|14,7|14,8|14,9
13,2,4,14,3,7|13,2,4,14,7|13,2,4,14,8|13,2,4,14,9|13,2,14,3,7|13,2,14,7|13,2,14,8|13,2,14,9|13,3,7|13,3,14,7|13,3,14,8|13,3,14,9|13,4,2,14,3,7|13,4,2,14,7|13,4,2,14,8|13,4,2,14,9|13,4,14,3,7|13,4,14,7|13,4,14,8|13,4,14,9|13,7|13,8|13,9|14,2,4,13,3,7|14,2,4,13,7|14,2,4,13,8|14,2,4,13,9|14,2,13,3,7|14,2,13,7|14,2,13,8|14,2,13,9|14,3,7|14,3,13,7|14,3,13,8|14,3,13,9|14,4,2,13,3,7|14,4,2,13,7|14,4,2,13,8|14,4,2,13,9|14,4,13,3,7|14,4,13,7|14,4,13,8|14,4,13,9|14,7|14,8|14,9
13,2,4,10|13,2,4,14,3,7|13,2,4,14,5,6,8|13,2,4,14,5,6,9|13,2,4,14,5,8|13,2,4,14,5,9|13,2,4,14,7|13,2,4,14,8|13,2,4,14,9|13,2,10|13,2,14,3,7|13,2,14,4,10|13,2,14,5,6,8|13,2,14,5,6,9|13,2,14,5,8|13,2,14,5,9|13,2,14,7|13,2,14,8|13,2,14,9|13,3,7|13,3,14,2,4,10|13,3,14,2,10|13,3,14,4,2,10|13,3,14,4,10|13,3,14,5,6,8|13,3,14,5,6,9|13,3,14,5,8|13,3,14,5,9|13,3,14,7|13,3,14,8|13,3,14,9|13,4,2,10|13,4,2,14,3,7|13,4,2,14,5,6,8|13,4,2,14,5,6,9|13,4,2,14,5,8|13,4,2,14,5,9|13,4,2,14,7|13,4,2,14,8|13,4,2,14,9|13,4,10|13,4,14,2,10|13,4,14,3,7|13,4,14,5,6,8|13,4,14,5,6,9|13,4,14,5,8|13,4,14,5,9|13,4,14,7|13,4,14,8|13,4,14,9|13,5,6,8|13,5,6,9|13,5,8|13,5,9|13,5,14,2,4,10|13,5,14,2,10|13,5,14,3,7|13,5,14,4,2,10|13,5,14,4,10|13,5,14,7|13,5,14,8|13,5,14,9|13,6,5,8|13,6,5,9|13,6,5,14,2,4,10|13,6,5,14,2,10|13,6,5,14,3,7|13,6,5,14,4,2,10|13,6,5,14,4,10|13,6,5,14,7|13,6,5,14,8|13,6,5,14,9|13,6,8|13,6,9|13,7|13,8|13,9|14,2,4,10|14,2,4,13,3,7|14,2,4,13,5,6,8|14,2,4,13,5,6,9|14,2,4,13,5,8|14,2,4,13,5,9|14,2,4,13,6,5,8|14,2,4,13,6,5,9|14,2,4,13,6,8|14,2,4,13,6,9|14,2,4,13,7|14,2,4,13,8|14,2,4,13,9|14,2,10|14,2,13,3,7|14,2,13,4,10|14,2,13,5,6,8|14,2,13,5,6,9|14,2,13,5,8|14,2,13,5,9|14,2,13,6,5,8|14,2,13,6,5,9|14,2,13,6,8|14,2,13,6,9|14,2,13,7|14,2,13,8|14,2,13,9|14,3,7|14,3,13,2,4,10|14,3,13,2,10|14,3,13,4,2,10|14,3,13,4,10|14,3,13,5,6,8|14,3,13,5,6,9|14,3,13,5,8|14,3,13,5,9|14,3,13,6,5,8|14,3,13,6,5,9|14,3,13,6,8|14,3,13,6,9|14,3,13,7|14,3,13,8|14,3,13,9|14,4,2,10|14,4,2,13,3,7|14,4,2,13,5,6,8|14,4,2,13,5,6,9|14,4,2,13,5,8|14,4,2,13,5,9|14,4,2,13,6,5,8|14,4,2,13,6,5,9|14,4,2,13,6,8|14,4,2,13,6,9|14,4,2,13,7|14,4,2,13,8|14,4,2,13,9|14,4,10|14,4,13,2,10|14,4,13,3,7|14,4,13,5,6,8|14,4,13,5,6,9|14,4,13,5,8|14,4,13,5,9|14,4,13,6,5,8|14,4,13,6,5,9|14,4,13,6,8|14,4,13,6,9|14,4,13,7|14,4,13,8|14,4,13,9|14,5,6,8|14,5,6,9|14,5,6,13,2,4,10|14,5,6,13,2,10|14,5,6,13,3,7|14,5,6,13,4,2,10|14,5,6,13,4,10|14,5,6,13,7|14,5,6,13,8|14,5,6,13,9|14,5,8|14,5,9|14,5,13,2,4,10|14,5,13,2,10|14,5,13,3,7|14,5,13,4,2,10|14,5,13,4,10|14,5,13,6,8|14,5,13,6,9|14,5,13,7|14,5,13,8|14,5,13,9|14,7|14,8|14,9
13,3,7|13,3,14,4,2,10|13,3,14,4,10|13,3,14,7|13,3,14,8|13,3,14,12|13,4,2,10|13,4,10|13,4,14,3,7|13,4,14,7|13,4,14,8|13,4,14,12|13,6,8|13,6,12|13,7|13,8|13,12|14,3,7|14,3,13,4,2,10|14,3,13,4,10|14,3,13,6,8|14,3,13,6,12|14,3,13,7|14,3,13,8|14,3,13,12|14,4,2,10|14,4,10|14,4,13,3,7|14,4,13,6,8|14,4,13,6,12|14,4,13,7|14,4,13,8|14,4,13,12|14,7|14,8|14,12
13,2,3,7|13,2,3,14,5,6,8|13,2,3,14,5,6,12|13,2,3,14,5,8|13,2,3,14,5,12|13,2,3,14,6,5,8|13,2,3,14,6,5,12|13,2,3,14,6,8|13,2,3,14,6,12|13,2,3,14,7|13,2,3,14,8|13,2,3,14,12|13,2,7|13,2,14,3,7|13,2,14,5,6,8|13,2,14,5,6,12|13,2,14,5,8|13,2,14,5,12|13,2,14,6,5,8|13,2,14,6,5,12|13,2,14,6,8|13,2,14,6,12|13,2,14,7|13,2,14,8|13,2,14,12|13,3,2,7|13,3,2,14,5,6,8|13,3,2,14,5,6,12|13,3,2,14,5,8|13,3,2,14,5,12|13,3,2,14,6,5,8|13,3,2,14,6,5,12|13,3,2,14,6,8|13,3,2,14,6,12|13,3,2,14,7|13,3,2,14,8|13,3,2,14,12|13,3,7|13,3,14,2,7|13,3,14,5,6,8|13,3,14,5,6,12|13,3,14,5,8|13,3,14,5,12|13,3,14,6,5,8|13,3,14,6,5,12|13,3,14,6,8|13,3,14,6,12|13,3,14,7|13,3,14,8|13,3,14,12|13,5,6,8|13,5,6,12|13,5,6,14,2,3,7|13,5,6,14,2,7|13,5,6,14,3,2,7|13,5,6,14,3,7|13,5,6,14,7|13,5,6,14,8|13,5,6,14,12|13,5,8|13,5,12|13,5,14,2,3,7|13,5,14,2,7|13,5,14,3,2,7|13,5,14,3,7|13,5,14,6,8|13,5,14,6,12|13,5,14,7|13,5,14,8|13,5,14,12|13,6,5,8|13,6,5,12|13,6,5,14,2,3,7|13,6,5,14,2,7|13,6,5,14,3,2,7|13,6,5,14,3,7|13,6,5,14,7|13,6,5,14,8|13,6,5,14,12|13,6,8|13,6,12|13,6,14,2,3,7|13,6,14,2,7|13,6,14,3,2,7|13,6,14,3,7|13,6,14,5,8|13,6,14,5,12|13,6,14,7|13,6,14,8|13,6,14,12|13,7|13,8|13,12|14,2,3,7|14,2,3,13,5,6,8|14,2,3,13,5,6,12|14,2,3,13,5,8|14,2,3,13,5,12|14,2,3,13,6,5,8|14,2,3,13,6,5,12|14,2,3,13,6,8|14,2,3,13,6,12|14,2,3,13,7|14,2,3,13,8|14,2,3,13,12|14,2,7|14,2,13,3,7|14,2,13,5,6,8|14,2,13,5,6,12|14,2,13,5,8|14,2,13,5,12|14,2,13,6,5,8|14,2,13,6,5,12|14,2,13,6,8|14,2,13,6,12|14,2,13,7|14,2,13,8|14,2,13,12|14,3,2,7|14,3,2,13,5,6,8|14,3,2,13,5,6,12|14,3,2,13,5,8|14,3,2,13,5,12|14,3,2,13,6,5,8|14,3,2,13,6,5,12|14,3,2,13,6,8|14,3,2,13,6,12|14,3,2,13,7|14,3,2,13,8|14,3,2,13,12|14,3,7|14,3,13,2,7|14,3,13,5,6,8|14,3,13,5,6,12|14,3,13,5,8|14,3,13,5,12|14,3,13,6,5,8|14,3,13,6,5,12|14,3,13,6,8|14,3,13,6,12|14,3,13,7|14,3,13,8|14,3,13,12|14,5,6,8|14,5,6,12|14,5,6,13,2,3,7|14,5,6,13,2,7|14,5,6,13,3,2,7|14,5,6,13,3,7|14,5,6,13,7|14,5,6,13,8|14,5,6,13,12|14,5,8|14,5,12|14,5,13,2,3,7|14,5,13,2,7|14,5,13,3,2,7|14,5,13,3,7|14,5,13,6,8|14,5,13,6,12|14,5,13,7|14,5,13,8|14,5,13,12|14,6,5,8|14,6,5,12|14,6,5,13,2,3,7|14,6,5,13,2,7|14,6,5,13,3,2,7|14,6,5,13,3,7|14,6,5,13,7|14,6,5,13,8|14,6,5,13,12|14,6,8|14,6,12|14,6,13,2,3,7|14,6,13,2,7|14,6,13,3,2,7|14,6,13,3,7|14,6,13,5,8|14,6,13,5,12|14,6,13,7|14,6,13,8|14,6,13,12|14,7|14,8|14,12
13,2,3,7|13,2,3,14,6,8|13,2,3,14,6,12|13,2,3,14,7|13,2,3,14,8|13,2,3,14,12|13,2,7|13,2,14,3,7|13,2,14,6,8|13,2,14,6,12|13,2,14,7|13,2,14,8|13,2,14,12|13,3,2,7|13,3,2,14,6,8|13,3,2,14,6,12|13,3,2,14,7|13,3,2,14,8|13,3,2,14,12|13,3,7|13,3,14,2,7|13,3,14,6,8|13,3,14,6,12|13,3,14,7|13,3,14,8|13,3,14,12|13,6,8|13,6,12|13,6,14,2,3,7|13,6,14,2,7|13,6,14,3,2,7|13,6,14,3,7|13,6,14,7|13,6,14,8|13,6,14,12|13,7|13,8|13,12|14,2,3,7|14,2,3,13,6,8|14,2,3,13,6,12|14,2,3,13,7|14,2,3,13,8|14,2,3,13,12|14,2,7|14,2,13,3,7|14,2,13,6,8|14,2,13,6,12|14,2,13,7|14,2,13,8|14,2,13,12|14,3,2,7|14,3,2,13,6,8|14,3,2,13,6,12|14,3,2,13,7|14,3,2,13,8|14,3,2,13,12|14,3,7|14,3,13,2,7|14,3,13,6,8|14,3,13,6,12|14,3,13,7|14,3,13,8|14,3,13,12|14,6,8|14,6,12|14,6,13,2,3,7|14,6,13,2,7|14,6,13,3,2,7|14,6,13,3,7|14,6,13,7|14,6,13,8|14,6,13,12|14,7|14,8|14,12
13,2,4,10|13,2,7|13,2,14,3,7|13,2,14,5,6,11|13,2,14,5,6,12|13,2,14,5,11|13,2,14,5,12|13,2,14,6,5,11|13,2,14,6,5,12|13,2,14,6,11|13,2,14,6,12|13,2,14,7|13,2,14,11|13,2,14,12|13,3,7|13,3,14,2,4,10|13,3,14,2,7|13,3,14,5,6,11|13,3,14,5,6,12|13,3,14,5,11|13,3,14,5,12|13,3,14,6,5,11|13,3,14,6,5,12|13,3,14,6,11|13,3,14,6,12|13,3,14,7|13,3,14,11|13,3,14,12|13,5,6,11|13,5,6,12|13,5,6,14,2,4,10|13,5,6,14,2,7|13,5,6,14,3,7|13,5,6,14,7|13,5,6,14,11|13,5,6,14,12|13,5,11|13,5,12|13,5,14,2,4,10|13,5,14,2,7|13,5,14,3,7|13,5,14,6,11|13,5,14,6,12|13,5,14,7|13,5,14,11|13,5,14,12|13,7|13,11|13,12|14,2,4,10|14,2,7|14,2,13,3,7|14,2,13,5,6,11|14,2,13,5,6,12|14,2,13,5,11|14,2,13,5,12|14,2,13,7|14,2,13,11|14,2,13,12|14,3,7|14,3,13,2,4,10|14,3,13,2,7|14,3,13,5,6,11|14,3,13,5,6,12|14,3,13,5,11|14,3,13,5,12|14,3,13,7|14,3,13,11|14,3,13,12|14,5,6,11|14,5,6,12|14,5,11|14,5,12|14,5,13,2,4,10|14,5,13,2,7|14,5,13,3,7|14,5,13,7|14,5,13,11|14,5,13,12|14,6,5,11|14,6,5,12|14,6,5,13,2,4,10|14,6,5,13,2,7|14,6,5,13,3,7|14,6,5,13,7|14,6,5,13,11|14,6,5,13,12|14,6,11|14,6,12|14,7|14,11|14,12
13,3,7|13,3,14,4,2,10|13,3,14,4,10|13,3,14,6,11|13,3,14,6,12|13,3,14,7|13,3,14,11|13,3,14,12|13,7|13,11|13,12|14,3,7|14,3,13,7|14,3,13,11|14,3,13,12|14,4,2,10|14,4,10|14,6,11|14,6,12|14,7|14,11|14,12
13,2,4,10|13,2,4,14,3,7|13,2,4,14,5,11|13,2,4,14,5,12|13,2,4,14,10|13,2,4,14,11|13,2,4,14,12|13,2,10|13,2,14,3,7|13,2,14,4,10|13,2,14,5,11|13,2,14,5,12|13,2,14,10|13,2,14,11|13,2,14,12|13,3,7|13,3,14,2,4,10|13,3,14,2,10|13,3,14,4,2,10|13,3,14,4,10|13,3,14,5,11|13,3,14,5,12|13,3,14,10|13,3,14,11|13,3,14,12|13,4,2,10|13,4,2,14,3,7|13,4,2,14,5,11|13,4,2,14,5,12|13,4,2,14,10|13,4,2,14,11|13,4,2,14,12|13,4,10|13,4,14,2,10|13,4,14,3,7|13,4,14,5,11|13,4,14,5,12|13,4,14,10|13,4,14,11|13,4,14,12|13,5,11|13,5,12|13,5,14,2,4,10|13,5,14,2,10|13,5,14,3,7|13,5,14,4,2,10|13,5,14,4,10|13,5,14,10|13,5,14,11|13,5,14,12|13,7|13,10|13,11|13,12|14,2,4,10|14,2,4,13,3,7|14,2,4,13,5,11|14,2,4,13,5,12|14,2,4,13,7|14,2,4,13,10|14,2,4,13,11|14,2,4,13,12|14,2,10|14,2,13,3,7|14,2,13,4,10|14,2,13,5,11|14,2,13,5,12|14,2,13,7|14,2,13,10|14,2,13,11|14,2,13,12|14,3,7|14,3,13,2,4,10|14,3,13,2,10|14,3,13,4,2,10|14,3,13,4,10|14,3,13,5,11|14,3,13,5,12|14,3,13,7|14,3,13,10|14,3,13,11|14,3,13,12|14,4,2,10|14,4,2,13,3,7|14,4,2,13,5,11|14,4,2,13,5,12|14,4,2,13,7|14,4,2,13,10|14,4,2,13,11|14,4,2,13,12|14,4,10|14,4,13,2,10|14,4,13,3,7|14,4,13,5,11|14,4,13,5,12|14,4,13,7|14,4,13,10|14,4,13,11|14,4,13,12|14,5,11|14,5,12|14,5,13,2,4,10|14,5,13,2,10|14,5,13,3,7|14,5,13,4,2,10|14,5,13,4,10|14,5,13,7|14,5,13,10|14,5,13,11|14,5,13,12|14,10|14,11|14,12
13,2,3,7|13,2,3,14,4,10|13,2,3,14,10|13,2,3,14,11|13,2,3,14,12|13,2,4,10|13,2,4,14,3,7|13,2,4,14,10|13,2,4,14,11|13,2,4,14,12|13,2,14,3,7|13,2,14,4,10|13,2,14,10|13,2,14,11|13,2,14,12|13,3,2,4,10|13,3,2,4,14,10|13,3,2,4,14,11|13,3,2,4,14,12|13,3,2,14,4,10|13,3,2,14,10|13,3,2,14,11|13,3,2,14,12|13,3,7|13,3,14,2,4,10|13,3,14,4,10|13,3,14,10|13,3,14,11|13,3,14,12|13,4,2,3,7|13,4,2,3,14,10|13,4,2,3,14,11|13,4,2,3,14,12|13,4,2,14,3,7|13,4,2,14,10|13,4,2,14,11|13,4,2,14,12|13,4,10|13,4,14,2,3,7|13,4,14,3,7|13,4,14,10|13,4,14,11|13,4,14,12|13,10|13,11|13,12|14,2,3,7|14,2,3,13,4,10|14,2,3,13,10|14,2,3,13,11|14,2,3,13,12|14,2,4,10|14,2,4,13,3,7|14,2,4,13,10|14,2,4,13,11|14,2,4,13,12|14,2,13,3,7|14,2,13,4,10|14,2,13,10|14,2,13,11|14,2,13,12|14,3,2,4,10|14,3,2,4,13,10|14,3,2,4,13,11|14,3,2,4,13,12|14,3,2,13,4,10|14,3,2,13,10|14,3,2,13,11|14,3,2,13,12|14,3,7|14,3,13,2,4,10|14,3,13,4,10|14,3,13,10|14,3,13,11|14,3,13,12|14,4,2,3,7|14,4,2,3,13,10|14,4,2,3,13,11|14,4,2,3,13,12|14,4,2,13,3,7|14,4,2,13,10|14,4,2,13,11|14,4,2,13,12|14,4,10|14,4,13,2,3,7|14,4,13,3,7|14,4,13,10|14,4,13,11|14,4,13,12|14,10|14,11|14,12
13,2,3,14,4,10|13,2,3,14,5,6,11|13,2,3,14,5,6,12|13,2,3,14,5,11|13,2,3,14,5,12|13,2,3,14,10|13,2,3,14,11|13,2,3,14,12|13,2,7|13,2,14,4,10|13,2,14,5,6,11|13,2,14,5,6,12|13,2,14,5,11|13,2,14,5,12|13,2,14,10|13,2,14,11|13,2,14,12|13,3,2,7|13,3,2,14,4,10|13,3,2,14,5,6,11|13,3,2,14,5,6,12|13,3,2,14,5,11|13,3,2,14,5,12|13,3,2,14,10|13,3,2,14,11|13,3,2,14,12|13,3,14,2,7|13,3,14,4,10|13,3,14,5,6,11|13,3,14,5,6,12|13,3,14,5,11|13,3,14,5,12|13,3,14,10|13,3,14,11|13,3,14,12|13,4,10|13,4,14,2,7|13,4,14,3,2,7|13,4,14,5,6,11|13,4,14,5,6,12|13,4,14,5,11|13,4,14,5,12|13,4,14,10|13,4,14,11|13,4,14,12|13,5,6,11|13,5,6,12|13,5,11|13,5,12|13,5,14,2,7|13,5,14,3,2,7|13,5,14,4,10|13,5,14,10|13,5,14,11|13,5,14,12|13,6,5,11|13,6,5,12|13,6,5,14,2,7|13,6,5,14,3,2,7|13,6,5,14,4,10|13,6,5,14,10|13,6,5,14,11|13,6,5,14,12|13,6,11|13,6,12|13,10|13,11|13,12|14,2,3,13,4,10|14,2,3,13,5,6,11|14,2,3,13,5,6,12|14,2,3,13,5,11|14,2,3,13,5,12|14,2,3,13,6,5,11|14,2,3,13,6,5,12|14,2,3,13,6,11|14,2,3,13,6,12|14,2,3,13,10|14,2,3,13,11|14,2,3,13,12|14,2,7|14,2,13,4,10|14,2,13,5,6,11|14,2,13,5,6,12|14,2,13,5,11|14,2,13,5,12|14,2,13,6,5,11|14,2,13,6,5,12|14,2,13,6,11|14,2,13,6,12|14,2,13,10|14,2,13,11|14,2,13,12|14,3,2,7|14,3,2,13,4,10|14,3,2,13,5,6,11|14,3,2,13,5,6,12|14,3,2,13,5,11|14,3,2,13,5,12|14,3,2,13,6,5,11|14,3,2,13,6,5,12|14,3,2,13,6,11|14,3,2,13,6,12|14,3,2,13,10|14,3,2,13,11|14,3,2,13,12|14,3,13,2,7|14,3,13,4,10|14,3,13,5,6,11|14,3,13,5,6,12|14,3,13,5,11|14,3,13,5,12|14,3,13,6,5,11|14,3,13,6,5,12|14,3,13,6,11|14,3,13,6,12|14,3,13,10|14,3,13,11|14,3,13,12|14,4,10|14,4,13,2,7|14,4,13,3,2,7|14,4,13,5,6,11|14,4,13,5,6,12|14,4,13,5,11|14,4,13,5,12|14,4,13,6,5,11|14,4,13,6,5,12|14,4,13,6,11|14,4,13,6,12|14,4,13,10|14,4,13,11|14,4,13,12|14,5,6,11|14,5,6,12|14,5,6,13,2,7|14,5,6,13,3,2,7|14,5,6,13,4,10|14,5,6,13,10|14,5,6,13,11|14,5,6,13,12|14,5,11|14,5,12|14,5,13,2,7|14,5,13,3,2,7|14,5,13,4,10|14,5,13,6,11|14,5,13,6,12|14,5,13,10|14,5,13,11|14,5,13,12|14,10|14,11|14,12
13,3,14,4,10|13,3,14,9|13,3,14,10|13,3,14,11|13,4,10|13,4,14,9|13,4,14,10|13,4,14,11|13,6,9|13,6,11|13,9|13,10|13,11|14,3,13,4,10|14,3,13,6,9|14,3,13,6,11|14,3,13,9|14,3,13,10|14,3,13,11|14,4,10|14,4,13,6,9|14,4,13,6,11|14,4,13,9|14,4,13,10|14,4,13,11|14,9|14,10|14,11
13,2,4,10|13,2,4,14,5,6,9|13,2,4,14,5,6,11|13,2,4,14,5,9|13,2,4,14,5,11|13,2,4,14,6,5,9|13,2,4,14,6,5,11|13,2,4,14,6,9|13,2,4,14,6,11|13,2,4,14,9|13,2,4,14,10|13,2,4,14,11|13,2,10|13,2,14,4,10|13,2,14,5,6,9|13,2,14,5,6,11|13,2,14,5,9|13,2,14,5,11|13,2,14,6,5,9|13,2,14,6,5,11|13,2,14,6,9|13,2,14,6,11|13,2,14,9|13,2,14,10|13,2,14,11|13,4,2,10|13,4,2,14,5,6,9|13,4,2,14,5,6,11|13,4,2,14,5,9|13,4,2,14,5,11|13,4,2,14,6,5,9|13,4,2,14,6,5,11|13,4,2,14,6,9|13,4,2,14,6,11|13,4,2,14,9|13,4,2,14,10|13,4,2,14,11|13,4,10|13,4,14,2,10|13,4,14,5,6,9|13,4,14,5,6,11|13,4,14,5,9|13,4,14,5,11|13,4,14,6,5,9|13,4,14,6,5,11|13,4,14,6,9|13,4,14,6,11|13,4,14,9|13,4,14,10|13,4,14,11|13,5,6,9|13,5,6,11|13,5,6,14,2,4,10|13,5,6,14,2,10|13,5,6,14,4,2,10|13,5,6,14,4,10|13,5,6,14,9|13,5,6,14,10|13,5,6,14,11|13,5,9|13,5,11|13,5,14,2,4,10|13,5,14,2,10|13,5,14,4,2,10|13,5,14,4,10|13,5,14,6,9|13,5,14,6,11|13,5,14,9|13,5,14,10|13,5,14,11|13,6,5,9|13,6,5,11|13,6,5,14,2,4,10|13,6,5,14,2,10|13,6,5,14,4,2,10|13,6,5,14,4,10|13,6,5,14,9|13,6,5,14,10|13,6,5,14,11|13,6,9|13,6,11|13,6,14,2,4,10|13,6,14,2,10|13,6,14,4,2,10|13,6,14,4,10|13,6,14,5,9|13,6,14,5,11|13,6,14,9|13,6,14,10|13,6,14,11|13,9|13,10|13,11|14,2,4,10|14,2,4,13,5,6,9|14,2,4,13,5,6,11|14,2,4,13,5,9|14,2,4,13,5,11|14,2,4,13,6,5,9|14,2,4,13,6,5,11|14,2,4,13,6,9|14,2,4,13,6,11|14,2,4,13,9|14,2,4,13,10|14,2,4,13,11|14,2,10|14,2,13,4,10|14,2,13,5,6,9|14,2,13,5,6,11|14,2,13,5,9|14,2,13,5,11|14,2,13,6,5,9|14,2,13,6,5,11|14,2,13,6,9|14,2,13,6,11|14,2,13,9|14,2,13,10|14,2,13,11|14,4,2,10|14,4,2,13,5,6,9|14,4,2,13,5,6,11|14,4,2,13,5,9|14,4,2,13,5,11|14,4,2,13,6,5,9|14,4,2,13,6,5,11|14,4,2,13,6,9|14,4,2,13,6,11|14,4,2,13,9|14,4,2,13,10|14,4,2,13,11|14,4,10|14,4,13,2,10|14,4,13,5,6,9|14,4,13,5,6,11|14,4,13,5,9|14,4,13,5,11|14,4,13,6,5,9|14,4,13,6,5,11|14,4,13,6,9|14,4,13,6,11|14,4,13,9|14,4,13,10|14,4,13,11|14,5,6,9|14,5,6,11|14,5,6,13,2,4,10|14,5,6,13,2,10|14,5,6,13,4,2,10|14,5,6,13,4,10|14,5,6,13,9|14,5,6,13,10|14,5,6,13,11|14,5,9|14,5,11|14,5,13,2,4,10|14,5,13,2,10|14,5,13,4,2,10|14,5,13,4,10|14,5,13,6,9|14,5,13,6,11|14,5,13,9|14,5,13,10|14,5,13,11|14,6,5,9|14,6,5,11|14,6,5,13,2,4,10|14,6,5,13,2,10|14,6,5,13,4,2,10|14,6,5,13,4,10|14,6,5,13,9|14,6,5,13,10|14,6,5,13,11|14,6,9|14,6,11|14,6,13,2,4,10|14,6,13,2,10|14,6,13,4,2,10|14,6,13,4,10|14,6,13,5,9|14,6,13,5,11|14,6,13,9|14,6,13,10|14,6,13,11|14,9|14,10|14,11
13,2,4,10|13,2,4,14,6,9|13,2,4,14,6,11|13,2,4,14,9|13,2,4,14,10|13,2,4,14,11|13,2,10|13,2,14,4,10|13,2,14,6,9|13,2,14,6,11|13,2,14,9|13,2,14,10|13,2,14,11|13,4,2,10|13,4,2,14,6,9|13,4,2,14,6,11|13,4,2,14,9|13,4,2,14,10|13,4,2,14,11|13,4,10|13,4,14,2,10|13,4,14,6,9|13,4,14,6,11|13,4,14,9|13,4,14,10|13,4,14,11|13,6,9|13,6,11|13,6,14,2,4,10|13,6,14,2,10|13,6,14,4,2,10|13,6,14,4,10|13,6,14,9|13,6,14,10|13,6,14,11|13,9|13,10|13,11|14,2,4,10|14,2,4,13,6,9|14,2,4,13,6,11|14,2,4,13,9|14,2,4,13,10|14,2,4,13,11|14,2,10|14,2,13,4,10|14,2,13,6,9|14,2,13,6,11|14,2,13,9|14,2,13,10|14,2,13,11|14,4,2,10|14,4,2,13,6,9|14,4,2,13,6,11|14,4,2,13,9|14,4,2,13,10|14,4,2,13,11|14,4,10|14,4,13,2,10|14,4,13,6,9|14,4,13,6,11|14,4,13,9|14,4,13,10|14,4,13,11|14,6,9|14,6,11|14,6,13,2,4,10|14,6,13,2,10|14,6,13,4,2,10|14,6,13,4,10|14,6,13,9|14,6,13,10|14,6,13,11|14,9|14,10|14,11
13,2,3,4,10|13,2,3,4,14,5,6,8|13,2,3,4,14,5,6,9|13,2,3,4,14,5,8|13,2,3,4,14,5,9|13,2,3,4,14,6,5,8|13,2,3,4,14,6,5,9|13,2,3,4,14,6,8|13,2,3,4,14,6,9|13,2,3,4,14,8|13,2,3,4,14,9|13,2,3,4,14,10|13,2,4,10|13,2,4,14,5,6,8|13,2,4,14,5,6,9|13,2,4,14,5,8|13,2,4,14,5,9|13,2,4,14,6,5,8|13,2,4,14,6,5,9|13,2,4,14,6,8|13,2,4,14,6,9|13,2,4,14,8|13,2,4,14,9|13,2,4,14,10|13,2,10|13,2,14,4,10|13,2,14,5,6,8|13,2,14,5,6,9|13,2,14,5,8|13,2,14,5,9|13,2,14,6,5,8|13,2,14,6,5,9|13,2,14,6,8|13,2,14,6,9|13,2,14,8|13,2,14,9|13,2,14,10|13,4,2,10|13,4,2,14,5,6,8|13,4,2,14,5,6,9|13,4,2,14,5,8|13,4,2,14,5,9|13,4,2,14,6,5,8|13,4,2,14,6,5,9|13,4,2,14,6,8|13,4,2,14,6,9|13,4,2,14,8|13,4,2,14,9|13,4,2,14,10|13,4,3,2,10|13,4,3,2,14,5,6,8|13,4,3,2,14,5,6,9|13,4,3,2,14,5,8|13,4,3,2,14,5,9|13,4,3,2,14,6,5,8|13,4,3,2,14,6,5,9|13,4,3,2,14,6,8|13,4,3,2,14,6,9|13,4,3,2,14,8|13,4,3,2,14,9|13,4,3,2,14,10|13,4,10|13,4,14,2,10|13,4,14,5,6,8|13,4,14,5,6,9|13,4,14,5,8|13,4,14,5,9|13,4,14,6,5,8|13,4,14,6,5,9|13,4,14,6,8|13,4,14,6,9|13,4,14,8|13,4,14,9|13,4,14,10|13,5,6,8|13,5,6,9|13,5,6,14,2,3,4,10|13,5,6,14,2,4,10|13,5,6,14,2,10|13,5,6,14,4,2,10|13,5,6,14,4,3,2,10|13,5,6,14,4,10|13,5,6,14,8|13,5,6,14,9|13,5,6,14,10|13,5,8|13,5,9|13,5,14,2,3,4,10|13,5,14,2,4,10|13,5,14,2,10|13,5,14,4,2,10|13,5,14,4,3,2,10|13,5,14,4,10|13,5,14,6,8|13,5,14,6,9|13,5,14,8|13,5,14,9|13,5,14,10|13,8|13,9|13,10|14,2,3,4,10|14,2,3,4,13,5,6,8|14,2,3,4,13,5,6,9|14,2,3,4,13,5,8|14,2,3,4,13,5,9|14,2,3,4,13,8|14,2,3,4,13,9|14,2,3,4,13,10|14,2,4,10|14,2,4,13,5,6,8|14,2,4,13,5,6,9|14,2,4,13,5,8|14,2,4,13,5,9|14,2,4,13,8|14,2,4,13,9|14,2,4,13,10|14,2,10|14,2,13,4,10|14,2,13,5,6,8|14,2,13,5,6,9|14,2,13,5,8|14,2,13,5,9|14,2,13,8|14,2,13,9|14,2,13,10|14,4,2,10|14,4,2,13,5,6,8|14,4,2,13,5,6,9|14,4,2,13,5,8|14,4,2,13,5,9|14,4,2,13,8|14,4,2,13,9|14,4,2,13,10|14,4,3,2,10|14,4,3,2,13,5,6,8|14,4,3,2,13,5,6,9|14,4,3,2,13,5,8|14,4,3,2,13,5,9|14,4,3,2,13,8|14,4,3,2,13,9|14,4,3,2,13,10|14,4,10|14,4,13,2,10|14,4,13,5,6,8|14,4,13,5,6,9|14,4,13,5,8|14,4,13,5,9|14,4,13,8|14,4,13,9|14,4,13,10|14,5,6,8|14,5,6,9|14,5,8|14,5,9|14,5,13,2,3,4,10|14,5,13,2,4,10|14,5,13,2,10|14,5,13,4,2,10|14,5,13,4,3,2,10|14,5,13,4,10|14,5,13,8|14,5,13,9|14,5,13,10|14,6,5,8|14,6,5,9|14,6,5,13,2,3,4,10|14,6,5,13,2,4,10|14,6,5,13,2,10|14,6,5,13,4,2,10|14,6,5,13,4,3,2,10|14,6,5,13,4,10|14,6,5,13,8|14,6,5,13,9|14,6,5,13,10|14,6,8|14,6,9|14,8|14,9|14,10
13,4,2,7|13,4,3,2,7|13,4,10|13,4,14,6,8|13,4,14,6,9|13,4,14,8|13,4,14,9|13,4,14,10|13,8|13,9|13,10|14,4,2,7|14,4,3,2,7|14,4,10|14,4,13,8|14,4,13,9|14,4,13,10|14,6,8|14,6,9|14,8|14,9|14,10
13,2,7|13,2,14,5,8|13,2,14,5,9|13,2,14,7|13,2,14,8|13,2,14,9|13,5,8|13,5,9|13,5,14,2,7|13,5,14,7|13,5,14,8|13,5,14,9|13,7|13,8|13,9|13,10|14,2,7|14,2,13,5,8|14,2,13,5,9|14,2,13,7|14,2,13,8|14,2,13,9|14,2,13,10|14,5,8|14,5,9|14,5,13,2,7|14,5,13,7|14,5,13,8|14,5,13,9|14,5,13,10|14,7|14,8|14,9
13,2,14,7|13,2,14,8|13,2,14,9|13,7|13,8|13,9|14,2,13,7|14,2,13,8|14,2,13,9|14,7|14,8|14,9
13,2,10|13,2,14,5,6,8|13,2,14,5,6,9|13,2,14,5,8|13,2,14,5,9|13,2,14,7|13,2,14,8|13,2,14,9|13,5,6,8|13,5,6,9|13,5,8|13,5,9|13,5,14,2,10|13,5,14,7|13,5,14,8|13,5,14,9|13,6,5,8|13,6,5,9|13,6,5,14,2,10|13,6,5,14,7|13,6,5,14,8|13,6,5,14,9|13,6,8|13,6,9|13,7|13,8|13,9|14,2,10|14,2,13,5,6,8|14,2,13,5,6,9|14,2,13,5,8|14,2,13,5,9|14,2,13,6,5,8|14,2,13,6,5,9|14,2,13,6,8|14,2,13,6,9|14,2,13,7|14,2,13,8|14,2,13,9|14,5,6,8|14,5,6,9|14,5,6,13,2,10|14,5,6,13,7|14,5,6,13,8|14,5,6,13,9|14,5,8|14,5,9|14,5,13,2,10|14,5,13,6,8|14,5,13,6,9|14,5,13,7|14,5,13,8|14,5,13,9|14,7|14,8|14,9
13,3,2,4,14,7|13,3,2,4,14,8|13,3,2,4,14,12|13,3,2,10|13,3,4,2,10|13,3,4,14,7|13,3,4,14,8|13,3,4,14,12|13,3,14,4,2,10|13,3,14,7|13,3,14,8|13,3,14,12|13,6,8|13,6,12|13,7|13,8|13,12|14,3,2,10|14,3,4,2,10|14,3,13,6,8|14,3,13,6,12|14,3,13,7|14,3,13,8|14,3,13,12|14,4,2,3,13,6,8|14,4,2,3,13,6,12|14,4,2,3,13,7|14,4,2,3,13,8|14,4,2,3,13,12|14,4,2,10|14,4,3,2,10|14,4,3,13,6,8|14,4,3,13,6,12|14,4,3,13,7|14,4,3,13,8|14,4,3,13,12|14,7|14,8|14,12
13,2,3,4,14,5,6,8|13,2,3,4,14,5,6,12|13,2,3,4,14,5,8|13,2,3,4,14,5,12|13,2,3,4,14,6,5,8|13,2,3,4,14,6,5,12|13,2,3,4,14,6,8|13,2,3,4,14,6,12|13,2,3,4,14,7|13,2,3,4,14,8|13,2,3,4,14,12|13,2,3,14,5,6,8|13,2,3,14,5,6,12|13,2,3,14,5,8|13,2,3,14,5,12|13,2,3,14,6,5,8|13,2,3,14,6,5,12|13,2,3,14,6,8|13,2,3,14,6,12|13,2,3,14,7|13,2,3,14,8|13,2,3,14,12|13,2,4,3,14,5,6,8|13,2,4,3,14,5,6,12|13,2,4,3,14,5,8|13,2,4,3,14,5,12|13,2,4,3,14,6,5,8|13,2,4,3,14,6,5,12|13,2,4,3,14,6,8|13,2,4,3,14,6,12|13,2,4,3,14,7|13,2,4,3,14,8|13,2,4,3,14,12|13,2,4,14,5,6,8|13,2,4,14,5,6,12|13,2,4,14,5,8|13,2,4,14,5,12|13,2,4,14,6,5,8|13,2,4,14,6,5,12|13,2,4,14,6,8|13,2,4,14,6,12|13,2,4,14,7|13,2,4,14,8|13,2,4,14,12|13,2,7|13,2,14,5,6,8|13,2,14,5,6,12|13,2,14,5,8|13,2,14,5,12|13,2,14,6,5,8|13,2,14,6,5,12|13,2,14,6,8|13,2,14,6,12|13,2,14,7|13,2,14,8|13,2,14,12|13,3,2,4,14,5,6,8|13,3,2,4,14,5,6,12|13,3,2,4,14,5,8|13,3,2,4,14,5,12|13,3,2,4,14,6,5,8|13,3,2,4,14,6,5,12|13,3,2,4,14,6,8|13,3,2,4,14,6,12|13,3,2,4,14,7|13,3,2,4,14,8|13,3,2,4,14,12|13,3,2,7|13,3,2,14,5,6,8|13,3,2,14,5,6,12|13,3,2,14,5,8|13,3,2,14,5,12|13,3,2,14,6,5,8|13,3,2,14,6,5,12|13,3,2,14,6,8|13,3,2,14,6,12|13,3,2,14,7|13,3,2,14,8|13,3,2,14,12|13,3,4,2,7|13,3,4,2,14,5,6,8|13,3,4,2,14,5,6,12|13,3,4,2,14,5,8|13,3,4,2,14,5,12|13,3,4,2,14,6,5,8|13,3,4,2,14,6,5,12|13,3,4,2,14,6,8|13,3,4,2,14,6,12|13,3,4,2,14,7|13,3,4,2,14,8|13,3,4,2,14,12|13,3,4,14,2,7|13,3,4,14,5,6,8|13,3,4,14,5,6,12|13,3,4,14,5,8|13,3,4,14,5,12|13,3,4,14,6,5,8|13,3,4,14,6,5,12|13,3,4,14,6,8|13,3,4,14,6,12|13,3,4,14,7|13,3,4,14,8|13,3,4,14,12|13,3,14,2,7|13,3,14,4,2,7|13,3,14,5,6,8|13,3,14,5,6,12|13,3,14,5,8|13,3,14,5,12|13,3,14,6,5,8|13,3,14,6,5,12|13,3,14,6,8|13,3,14,6,12|13,3,14,7|13,3,14,8|13,3,14,12|13,4,2,3,14,5,6,8|13,4,2,3,14,5,6,12|13,4,2,3,14,5,8|13,4,2,3,14,5,12|13,4,2,3,14,6,5,8|13,4,2,3,14,6,5,12|13,4,2,3,14,6,8|13,4,2,3,14,6,12|13,4,2,3,14,7|13,4,2,3,14,8|13,4,2,3,14,12|13,4,2,7|13,4,2,14,5,6,8|13,4,2,14,5,6,12|13,4,2,14,5,8|13,4,2,14,5,12|13,4,2,14,6,5,8|13,4,2,14,6,5,12|13,4,2,14,6,8|13,4,2,14,6,12|13,4,2,14,7|13,4,2,14,8|13,4,2,14,12|13,4,3,2,7|13,4,3,2,14,5,6,8|13,4,3,2,14,5,6,12|13,4,3,2,14,5,8|13,4,3,2,14,5,12|13,4,3,2,14,6,5,8|13,4,3,2,14,6,5,12|13,4,3,2,14,6,8|13,4,3,2,14,6,12|13,4,3,2,14,7|13,4,3,2,14,8|13,4,3,2,14,12|13,4,3,14,2,7|13,4,3,14,5,6,8|13,4,3,14,5,6,12|13,4,3,14,5,8|13,4,3,14,5,12|13,4,3,14,6,5,8|13,4,3,14,6,5,12|13,4,3,14,6,8|13,4,3,14,6,12|13,4,3,14,7|13,4,3,14,8|13,4,3,14,12|13,4,14,2,7|13,4,14,3,2,7|13,4,14,5,6,8|13,4,14,5,6,12|13,4,14,5,8|13,4,14,5,12|13,4,14,6,5,8|13,4,14,6,5,12|13,4,14,6,8|13,4,14,6,12|13,4,14,7|13,4,14,8|13,4,14,12|13,5,6,8|13,5,6,12|13,5,6,14,2,7|13,5,6,14,3,2,7|13,5,6,14,3,4,2,7|13,5,6,14,4,2,7|13,5,6,14,4,3,2,7|13,5,6,14,7|13,5,6,14,8|13,5,6,14,12|13,5,8|13,5,12|13,5,14,2,7|13,5,14,3,2,7|13,5,14,3,4,2,7|13,5,14,4,2,7|13,5,14,4,3,2,7|13,5,14,6,8|13,5,14,6,12|13,5,14,7|13,5,14,8|13,5,14,12|13,6,5,8|13,6,5,12|13,6,5,14,2,7|13,6,5,14,3,2,7|13,6,5,14,3,4,2,7|13,6,5,14,4,2,7|13,6,5,14,4,3,2,7|13,6,5,14,7|13,6,5,14,8|13,6,5,14,12|13,6,8|13,6,12|13,6,14,2,7|13,6,14,3,2,7|13,6,14,3,4,2,7|13,6,14,4,2,7|13,6,14,4,3,2,7|13,6,14,5,8|13,6,14,5,12|13,6,14,7|13,6,14,8|13,6,14,12|13,7|13,8|13,12|14,2,3,4,13,5,6,8|14,2,3,4,13,5,6,12|14,2,3,4,13,5,8|14,2,3,4,13,5,12|14,2,3,4,13,6,5,8|14,2,3,4,13,6,5,12|14,2,3,4,13,6,8|14,2,3,4,13,6,12|14,2,3,4,13,7|14,2,3,4,13,8|14,2,3,4,13,12|14,2,3,13,5,6,8|14,2,3,13,5,6,12|14,2,3,13,5,8|14,2,3,13,5,12|14,2,3,13,6,5,8|14,2,3,13,6,5,12|14,2,3,13,6,8|14,2,3,13,6,12|14,2,3,13,7|14,2,3,13,8|14,2,3,13,12|14,2,4,3,13,5,6,8|14,2,4,3,13,5,6,12|14,2,4,3,13,5,8|14,2,4,3,13,5,12|14,2,4,3,13,6,5,8|14,2,4,3,13,6,5,12|14,2,4,3,13,6,8|14,2,4,3,13,6,12|14,2,4,3,13,7|14,2,4,3,13,8|14,2,4,3,13,12|14,2,4,13,5,6,8|14,2,4,13,5,6,12|14,2,4,13,5,8|14,2,4,13,5,12|14,2,4,13,6,5,8|14,2,4,13,6,5,12|14,2,4,13,6,8|14,2,4,13,6,12|14,2,4,13,7|14,2,4,13,8|14,2,4,13,12|14,2,7|14,2,13,5,6,8|14,2,13,5,6,12|14,2,13,5,8|14,2,13,5,12|14,2,13,6,5,8|14,2,13,6,5,12|14,2,13,6,8|14,2,13,6,12|14,2,13,7|14,2,13,8|14,2,13,12|14,3,2,4,13,5,6,8|14,3,2,4,13,5,6,12|14,3,2,4,13,5,8|14,3,2,4,13,5,12|14,3,2,4,13,6,5,8|14,3,2,4,13,6,5,12|14,3,2,4,13,6,8|14,3,2,4,13,6,12|14,3,2,4,13,7|14,3,2,4,13,8|14,3,2,4,13,12|14,3,2,7|14,3,2,13,5,6,8|14,3,2,13,5,6,12|14,3,2,13,5,8|14,3,2,13,5,12|14,3,2,13,6,5,8|14,3,2,13,6,5,12|14,3,2,13,6,8|14,3,2,13,6,12|14,3,2,13,7|14,3,2,13,8|14,3,2,13,12|14,3,4,2,7|14,3,4,2,13,5,6,8|14,3,4,2,13,5,6,12|14,3,4,2,13,5,8|14,3,4,2,13,5,12|14,3,4,2,13,6,5,8|14,3,4,2,13,6,5,12|14,3,4,2,13,6,8|14,3,4,2,13,6,12|14,3,4,2,13,7|14,3,4,2,13,8|14,3,4,2,13,12|14,3,4,13,2,7|14,3,4,13,5,6,8|14,3,4,13,5,6,12|14,3,4,13,5,8|14,3,4,13,5,12|14,3,4,13,6,5,8|14,3,4,13,6,5,12|14,3,4,13,6,8|14,3,4,13,6,12|14,3,4,13,7|14,3,4,13,8|14,3,4,13,12|14,3,13,2,7|14,3,13,4,2,7|14,3,13,5,6,8|14,3,13,5,6,12|14,3,13,5,8|14,3,13,5,12|14,3,13,6,5,8|14,3,13,6,5,12|14,3,13,6,8|14,3,13,6,12|14,3,13,7|14,3,13,8|14,3,13,12|14,4,2,3,13,5,6,8|14,4,2,3,13,5,6,12|14,4,2,3,13,5,8|14,4,2,3,13,5,12|14,4,2,3,13,6,5,8|14,4,2,3,13,6,5,12|14,4,2,3,13,6,8|14,4,2,3,13,6,12|14,4,2,3,13,7|14,4,2,3,13,8|14,4,2,3,13,12|14,4,2,7|14,4,2,13,5,6,8|14,4,2,13,5,6,12|14,4,2,13,5,8|14,4,2,13,5,12|14,4,2,13,6,5,8|14,4,2,13,6,5,12|14,4,2,13,6,8|14,4,2,13,6,12|14,4,2,13,7|14,4,2,13,8|14,4,2,13,12|14,4,3,2,7|14,4,3,2,13,5,6,8|14,4,3,2,13,5,6,12|14,4,3,2,13,5,8|14,4,3,2,13,5,12|14,4,3,2,13,6,5,8|14,4,3,2,13,6,5,12|14,4,3,2,13,6,8|14,4,3,2,13,6,12|14,4,3,2,13,7|14,4,3,2,13,8|14,4,3,2,13,12|14,4,3,13,2,7|14,4,3,13,5,6,8|14,4,3,13,5,6,12|14,4,3,13,5,8|14,4,3,13,5,12|14,4,3,13,6,5,8|14,4,3,13,6,5,12|14,4,3,13,6,8|14,4,3,13,6,12|14,4,3,13,7|14,4,3,13,8|14,4,3,13,12|14,4,13,2,7|14,4,13,3,2,7|14,4,13,5,6,8|14,4,13,5,6,12|14,4,13,5,8|14,4,13,5,12|14,4,13,6,5,8|14,4,13,6,5,12|14,4,13,6,8|14,4,13,6,12|14,4,13,7|14,4,13,8|14,4,13,12|14,5,6,8|14,5,6,12|14,5,6,13,2,7|14,5,6,13,3,2,7|14,5,6,13,3,4,2,7|14,5,6,13,4,2,7|14,5,6,13,4,3,2,7|14,5,6,13,7|14,5,6,13,8|14,5,6,13,12|14,5,8|14,5,12|14,5,13,2,7|14,5,13,3,2,7|14,5,13,3,4,2,7|14,5,13,4,2,7|14,5,13,4,3,2,7|14,5,13,6,8|14,5,13,6,12|14,5,13,7|14,5,13,8|14,5,13,12|14,6,5,8|14,6,5,12|14,6,5,13,2,7|14,6,5,13,3,2,7|14,6,5,13,3,4,2,7|14,6,5,13,4,2,7|14,6,5,13,4,3,2,7|14,6,5,13,7|14,6,5,13,8|14,6,5,13,12|14,6,8|14,6,12|14,6,13,2,7|14,6,13,3,2,7|14,6,13,3,4,2,7|14,6,13,4,2,7|14,6,13,4,3,2,7|14,6,13,5,8|14,6,13,5,12|14,6,13,7|14,6,13,8|14,6,13,12|14,7|14,8|14,12
13,2,4,3,14,6,8|13,2,4,3,14,6,12|13,2,4,3,14,7|13,2,4,3,14,8|13,2,4,3,14,12|13,2,4,14,6,8|13,2,4,14,6,12|13,2,4,14,7|13,2,4,14,8|13,2,4,14,12|13,2,7|13,2,14,6,8|13,2,14,6,12|13,2,14,7|13,2,14,8|13,2,14,12|13,3,4,2,7|13,3,4,2,14,6,8|13,3,4,2,14,6,12|13,3,4,2,14,7|13,3,4,2,14,8|13,3,4,2,14,12|13,3,4,14,2,7|13,3,4,14,6,8|13,3,4,14,6,12|13,3,4,14,7|13,3,4,14,8|13,3,4,14,12|13,3,14,2,7|13,3,14,4,2,7|13,3,14,6,8|13,3,14,6,12|13,3,14,7|13,3,14,8|13,3,14,12|13,4,2,7|13,4,2,14,6,8|13,4,2,14,6,12|13,4,2,14,7|13,4,2,14,8|13,4,2,14,12|13,4,3,14,2,7|13,4,3,14,6,8|13,4,3,14,6,12|13,4,3,14,7|13,4,3,14,8|13,4,3,14,12|13,4,14,2,7|13,4,14,6,8|13,4,14,6,12|13,4,14,7|13,4,14,8|13,4,14,12|13,6,8|13,6,12|13,6,14,2,7|13,6,14,3,4,2,7|13,6,14,4,2,7|13,6,14,7|13,6,14,8|13,6,14,12|13,7|13,8|13,12|14,2,4,3,13,6,8|14,2,4,3,13,6,12|14,2,4,3,13,7|14,2,4,3,13,8|14,2,4,3,13,12|14,2,4,13,6,8|14,2,4,13,6,12|14,2,4,13,7|14,2,4,13,8|14,2,4,13,12|14,2,7|14,2,13,6,8|14,2,13,6,12|14,2,13,7|14,2,13,8|14,2,13,12|14,3,4,2,7|14,3,4,2,13,6,8|14,3,4,2,13,6,12|14,3,4,2,13,7|14,3,4,2,13,8|14,3,4,2,13,12|14,3,4,13,2,7|14,3,4,13,6,8|14,3,4,13,6,12|14,3,4,13,7|14,3,4,13,8|14,3,4,13,12|14,3,13,2,7|14,3,13,4,2,7|14,3,13,6,8|14,3,13,6,12|14,3,13,7|14,3,13,8|14,3,13,12|14,4,2,7|14,4,2,13,6,8|14,4,2,13,6,12|14,4,2,13,7|14,4,2,13,8|14,4,2,13,12|14,4,3,13,2,7|14,4,3,13,6,8|14,4,3,13,6,12|14,4,3,13,7|14,4,3,13,8|14,4,3,13,12|14,4,13,2,7|14,4,13,6,8|14,4,13,6,12|14,4,13,7|14,4,13,8|14,4,13,12|14,6,8|14,6,12|14,6,13,2,7|14,6,13,3,4,2,7|14,6,13,4,2,7|14,6,13,7|14,6,13,8|14,6,13,12|14,7|14,8|14,12
13,2,7|13,2,14,5,6,11|13,2,14,5,6,12|13,2,14,5,11|13,2,14,5,12|13,2,14,6,5,11|13,2,14,6,5,12|13,2,14,6,11|13,2,14,6,12|13,2,14,7|13,2,14,11|13,2,14,12|13,3,4,14,2,7|13,3,4,14,5,6,11|13,3,4,14,5,6,12|13,3,4,14,5,11|13,3,4,14,5,12|13,3,4,14,6,5,11|13,3,4,14,6,5,12|13,3,4,14,6,11|13,3,4,14,6,12|13,3,4,14,7|13,3,4,14,11|13,3,4,14,12|13,3,14,2,7|13,3,14,5,6,11|13,3,14,5,6,12|13,3,14,5,11|13,3,14,5,12|13,3,14,6,5,11|13,3,14,6,5,12|13,3,14,6,11|13,3,14,6,12|13,3,14,7|13,3,14,11|13,3,14,12|13,4,3,14,2,7|13,4,3,14,5,6,11|13,4,3,14,5,6,12|13,4,3,14,5,11|13,4,3,14,5,12|13,4,3,14,6,5,11|13,4,3,14,6,5,12|13,4,3,14,6,11|13,4,3,14,6,12|13,4,3,14,7|13,4,3,14,11|13,4,3,14,12|13,4,14,2,7|13,4,14,5,6,11|13,4,14,5,6,12|13,4,14,5,11|13,4,14,5,12|13,4,14,6,5,11|13,4,14,6,5,12|13,4,14,6,11|13,4,14,6,12|13,4,14,7|13,4,14,11|13,4,14,12|13,5,6,11|13,5,6,12|13,5,6,14,2,7|13,5,6,14,7|13,5,6,14,11|13,5,6,14,12|13,5,11|13,5,12|13,5,14,2,7|13,5,14,6,11|13,5,14,6,12|13,5,14,7|13,5,14,11|13,5,14,12|13,7|13,11|13,12|14,2,7|14,2,13,5,6,11|14,2,13,5,6,12|14,2,13,5,11|14,2,13,5,12|14,2,13,7|14,2,13,11|14,2,13,12|14,3,4,13,2,7|14,3,4,13,5,6,11|14,3,4,13,5,6,12|14,3,4,13,5,11|14,3,4,13,5,12|14,3,4,13,7|14,3,4,13,11|14,3,4,13,12|14,3,13,2,7|14,3,13,5,6,11|14,3,13,5,6,12|14,3,13,5,11|14,3,13,5,12|14,3,13,7|14,3,13,11|14,3,13,12|14,4,3,13,2,7|14,4,3,13,5,6,11|14,4,3,13,5,6,12|14,4,3,13,5,11|14,4,3,13,5,12|14,4,3,13,7|14,4,3,13,11|14,4,3,13,12|14,4,13,2,7|14,4,13,5,6,11|14,4,13,5,6,12|14,4,13,5,11|14,4,13,5,12|14,4,13,7|14,4,13,11|14,4,13,12|14,5,6,11|14,5,6,12|14,5,11|14,5,12|14,5,13,2,7|14,5,13,7|14,5,13,11|14,5,13,12|14,6,5,11|14,6,5,12|14,6,5,13,2,7|14,6,5,13,7|14,6,5,13,11|14,6,5,13,12|14,6,11|14,6,12|14,7|14,11|14,12
13,3,4,14,6,11|13,3,4,14,6,12|13,3,4,14,7|13,3,4,14,11|13,3,4,14,12|13,3,14,6,11|13,3,14,6,12|13,3,14,7|13,3,14,11|13,3,14,12|13,4,3,14,6,11|13,4,3,14,6,12|13,4,3,14,7|13,4,3,14,11|13,4,3,14,12|13,4,14,6,11|13,4,14,6,12|13,4,14,7|13,4,14,11|13,4,14,12|13,7|13,11|13,12|14,3,4,13,7|14,3,4,13,11|14,3,4,13,12|14,3,13,7|14,3,13,11|14,3,13,12|14,4,3,13,7|14,4,3,13,11|14,4,3,13,12|14,4,13,7|14,4,13,11|14,4,13,12|14,6,11|14,6,12|14,7|14,11|14,12
13,2,3,4,14,5,11|13,2,3,4,14,5,12|13,2,3,4,14,10|13,2,3,4,14,11|13,2,3,4,14,12|13,2,3,14,5,11|13,2,3,14,5,12|13,2,3,14,10|13,2,3,14,11|13,2,3,14,12|13,2,4,3,14,5,11|13,2,4,3,14,5,12|13,2,4,3,14,10|13,2,4,3,14,11|13,2,4,3,14,12|13,2,4,14,5,11|13,2,4,14,5,12|13,2,4,14,10|13,2,4,14,11|13,2,4,14,12|13,2,10|13,2,14,5,11|13,2,14,5,12|13,2,14,10|13,2,14,11|13,2,14,12|13,3,2,4,14,5,11|13,3,2,4,14,5,12|13,3,2,4,14,10|13,3,2,4,14,11|13,3,2,4,14,12|13,3,2,10|13,3,2,14,5,11|13,3,2,14,5,12|13,3,2,14,10|13,3,2,14,11|13,3,2,14,12|13,3,4,2,10|13,3,4,2,14,5,11|13,3,4,2,14,5,12|13,3,4,2,14,10|13,3,4,2,14,11|13,3,4,2,14,12|13,3,4,14,2,10|13,3,4,14,5,11|13,3,4,14,5,12|13,3,4,14,10|13,3,4,14,11|13,3,4,14,12|13,3,14,2,10|13,3,14,4,2,10|13,3,14,5,11|13,3,14,5,12|13,3,14,10|13,3,14,11|13,3,14,12|13,4,2,3,14,5,11|13,4,2,3,14,5,12|13,4,2,3,14,10|13,4,2,3,14,11|13,4,2,3,14,12|13,4,2,10|13,4,2,14,5,11|13,4,2,14,5,12|13,4,2,14,10|13,4,2,14,11|13,4,2,14,12|13,4,3,2,10|13,4,3,2,14,5,11|13,4,3,2,14,5,12|13,4,3,2,14,10|13,4,3,2,14,11|13,4,3,2,14,12|13,4,3,14,2,10|13,4,3,14,5,11|13,4,3,14,5,12|13,4,3,14,10|13,4,3,14,11|13,4,3,14,12|13,4,14,2,10|13,4,14,3,2,10|13,4,14,5,11|13,4,14,5,12|13,4,14,10|13,4,14,11|13,4,14,12|13,5,11|13,5,12|13,5,14,2,10|13,5,14,3,2,10|13,5,14,3,4,2,10|13,5,14,4,2,10|13,5,14,4,3,2,10|13,5,14,10|13,5,14,11|13,5,14,12|13,7|13,10|13,11|13,12|14,2,3,4,13,5,11|14,2,3,4,13,5,12|14,2,3,4,13,7|14,2,3,4,13,10|14,2,3,4,13,11|14,2,3,4,13,12|14,2,3,13,5,11|14,2,3,13,5,12|14,2,3,13,7|14,2,3,13,10|14,2,3,13,11|14,2,3,13,12|14,2,4,3,13,5,11|14,2,4,3,13,5,12|14,2,4,3,13,7|14,2,4,3,13,10|14,2,4,3,13,11|14,2,4,3,13,12|14,2,4,13,5,11|14,2,4,13,5,12|14,2,4,13,7|14,2,4,13,10|14,2,4,13,11|14,2,4,13,12|14,2,10|14,2,13,5,11|14,2,13,5,12|14,2,13,7|14,2,13,10|14,2,13,11|14,2,13,12|14,3,2,4,13,5,11|14,3,2,4,13,5,12|14,3,2,4,13,7|14,3,2,4,13,10|14,3,2,4,13,11|14,3,2,4,13,12|14,3,2,10|14,3,2,13,5,11|14,3,2,13,5,12|14,3,2,13,7|14,3,2,13,10|14,3,2,13,11|14,3,2,13,12|14,3,4,2,10|14,3,4,2,13,5,11|14,3,4,2,13,5,12|14,3,4,2,13,7|14,3,4,2,13,10|14,3,4,2,13,11|14,3,4,2,13,12|14,3,4,13,2,10|14,3,4,13,5,11|14,3,4,13,5,12|14,3,4,13,7|14,3,4,13,10|14,3,4,13,11|14,3,4,13,12|14,3,13,2,10|14,3,13,4,2,10|14,3,13,5,11|14,3,13,5,12|14,3,13,7|14,3,13,10|14,3,13,11|14,3,13,12|14,4,2,3,13,5,11|14,4,2,3,13,5,12|14,4,2,3,13,7|14,4,2,3,13,10|14,4,2,3,13,11|14,4,2,3,13,12|14,4,2,10|14,4,2,13,5,11|14,4,2,13,5,12|14,4,2,13,7|14,4,2,13,10|14,4,2,13,11|14,4,2,13,12|14,4,3,2,10|14,4,3,2,13,5,11|14,4,3,2,13,5,12|14,4,3,2,13,7|14,4,3,2,13,10|14,4,3,2,13,11|14,4,3,2,13,12|14,4,3,13,2,10|14,4,3,13,5,11|14,4,3,13,5,12|14,4,3,13,7|14,4,3,13,10|14,4,3,13,11|14,4,3,13,12|14,4,13,2,10|14,4,13,3,2,10|14,4,13,5,11|14,4,13,5,12|14,4,13,7|14,4,13,10|14,4,13,11|14,4,13,12|14,5,11|14,5,12|14,5,13,2,10|14,5,13,3,2,10|14,5,13,3,4,2,10|14,5,13,4,2,10|14,5,13,4,3,2,10|14,5,13,7|14,5,13,10|14,5,13,11|14,5,13,12|14,10|14,11|14,12
13,2,3,4,14,10|13,2,3,4,14,11|13,2,3,4,14,12|13,2,3,14,10|13,2,3,14,11|13,2,3,14,12|13,2,4,3,14,10|13,2,4,3,14,11|13,2,4,3,14,12|13,2,4,14,10|13,2,4,14,11|13,2,4,14,12|13,2,14,10|13,2,14,11|13,2,14,12|13,3,2,4,14,10|13,3,2,4,14,11|13,3,2,4,14,12|13,3,2,14,10|13,3,2,14,11|13,3,2,14,12|13,3,4,2,14,10|13,3,4,2,14,11|13,3,4,2,14,12|13,3,4,14,10|13,3,4,14,11|13,3,4,14,12|13,3,14,10|13,3,14,11|13,3,14,12|13,4,2,3,14,10|13,4,2,3,14,11|13,4,2,3,14,12|13,4,2,14,10|13,4,2,14,11|13,4,2,14,12|13,4,3,2,14,10|13,4,3,2,14,11|13,4,3,2,14,12|13,4,3,14,10|13,4,3,14,11|13,4,3,14,12|13,4,14,10|13,4,14,11|13,4,14,12|13,10|13,11|13,12|14,2,3,4,13,10|14,2,3,4,13,11|14,2,3,4,13,12|14,2,3,13,10|14,2,3,13,11|14,2,3,13,12|14,2,4,3,13,10|14,2,4,3,13,11|14,2,4,3,13,12|14,2,4,13,10|14,2,4,13,11|14,2,4,13,12|14,2,13,10|14,2,13,11|14,2,13,12|14,3,2,4,13,10|14,3,2,4,13,11|14,3,2,4,13,12|14,3,2,13,10|14,3,2,13,11|14,3,2,13,12|14,3,4,2,13,10|14,3,4,2,13,11|14,3,4,2,13,12|14,3,4,13,10|14,3,4,13,11|14,3,4,13,12|14,3,13,10|14,3,13,11|14,3,13,12|14,4,2,3,13,10|14,4,2,3,13,11|14,4,2,3,13,12|14,4,2,13,10|14,4,2,13,11|14,4,2,13,12|14,4,3,2,13,10|14,4,3,2,13,11|14,4,3,2,13,12|14,4,3,13,10|14,4,3,13,11|14,4,3,13,12|14,4,13,10|14,4,13,11|14,4,13,12|14,10|14,11|14,12
13,2,4,3,14,5,6,11|13,2,4,3,14,5,6,12|13,2,4,3,14,5,11|13,2,4,3,14,5,12|13,2,4,3,14,10|13,2,4,3,14,11|13,2,4,3,14,12|13,2,4,7|13,2,4,14,5,6,11|13,2,4,14,5,6,12|13,2,4,14,5,11|13,2,4,14,5,12|13,2,4,14,10|13,2,4,14,11|13,2,4,14,12|13,2,7|13,2,14,3,4,7|13,2,14,4,7|13,2,14,5,6,11|13,2,14,5,6,12|13,2,14,5,11|13,2,14,5,12|13,2,14,10|13,2,14,11|13,2,14,12|13,3,4,2,7|13,3,4,2,14,5,6,11|13,3,4,2,14,5,6,12|13,3,4,2,14,5,11|13,3,4,2,14,5,12|13,3,4,2,14,10|13,3,4,2,14,11|13,3,4,2,14,12|13,3,4,7|13,3,4,14,2,7|13,3,4,14,5,6,11|13,3,4,14,5,6,12|13,3,4,14,5,11|13,3,4,14,5,12|13,3,4,14,10|13,3,4,14,11|13,3,4,14,12|13,3,14,2,4,7|13,3,14,2,7|13,3,14,4,2,7|13,3,14,4,7|13,3,14,5,6,11|13,3,14,5,6,12|13,3,14,5,11|13,3,14,5,12|13,3,14,10|13,3,14,11|13,3,14,12|13,4,2,7|13,4,2,14,5,6,11|13,4,2,14,5,6,12|13,4,2,14,5,11|13,4,2,14,5,12|13,4,2,14,10|13,4,2,14,11|13,4,2,14,12|13,4,3,14,2,7|13,4,3,14,5,6,11|13,4,3,14,5,6,12|13,4,3,14,5,11|13,4,3,14,5,12|13,4,3,14,10|13,4,3,14,11|13,4,3,14,12|13,4,7|13,4,14,2,7|13,4,14,5,6,11|13,4,14,5,6,12|13,4,14,5,11|13,4,14,5,12|13,4,14,10|13,4,14,11|13,4,14,12|13,5,6,11|13,5,6,12|13,5,11|13,5,12|13,5,14,2,4,7|13,5,14,2,7|13,5,14,3,4,2,7|13,5,14,3,4,7|13,5,14,4,2,7|13,5,14,4,7|13,5,14,10|13,5,14,11|13,5,14,12|13,6,5,11|13,6,5,12|13,6,5,14,2,4,7|13,6,5,14,2,7|13,6,5,14,3,4,2,7|13,6,5,14,3,4,7|13,6,5,14,4,2,7|13,6,5,14,4,7|13,6,5,14,10|13,6,5,14,11|13,6,5,14,12|13,6,11|13,6,12|13,10|13,11|13,12|14,2,4,3,13,5,6,11|14,2,4,3,13,5,6,12|14,2,4,3,13,5,11|14,2,4,3,13,5,12|14,2,4,3,13,6,5,11|14,2,4,3,13,6,5,12|14,2,4,3,13,6,11|14,2,4,3,13,6,12|14,2,4,3,13,10|14,2,4,3,13,11|14,2,4,3,13,12|14,2,4,7|14,2,4,13,5,6,11|14,2,4,13,5,6,12|14,2,4,13,5,11|14,2,4,13,5,12|14,2,4,13,6,5,11|14,2,4,13,6,5,12|14,2,4,13,6,11|14,2,4,13,6,12|14,2,4,13,10|14,2,4,13,11|14,2,4,13,12|14,2,7|14,2,13,3,4,7|14,2,13,4,7|14,2,13,5,6,11|14,2,13,5,6,12|14,2,13,5,11|14,2,13,5,12|14,2,13,6,5,11|14,2,13,6,5,12|14,2,13,6,11|14,2,13,6,12|14,2,13,10|14,2,13,11|14,2,13,12|14,3,4,2,7|14,3,4,2,13,5,6,11|14,3,4,2,13,5,6,12|14,3,4,2,13,5,11|14,3,4,2,13,5,12|14,3,4,2,13,6,5,11|14,3,4,2,13,6,5,12|14,3,4,2,13,6,11|14,3,4,2,13,6,12|14,3,4,2,13,10|14,3,4,2,13,11|14,3,4,2,13,12|14,3,4,7|14,3,4,13,2,7|14,3,4,13,5,6,11|14,3,4,13,5,6,12|14,3,4,13,5,11|14,3,4,13,5,12|14,3,4,13,6,5,11|14,3,4,13,6,5,12|14,3,4,13,6,11|14,3,4,13,6,12|14,3,4,13,10|14,3,4,13,11|14,3,4,13,12|14,3,13,2,4,7|14,3,13,2,7|14,3,13,4,2,7|14,3,13,4,7|14,3,13,5,6,11|14,3,13,5,6,12|14,3,13,5,11|14,3,13,5,12|14,3,13,6,5,11|14,3,13,6,5,12|14,3,13,6,11|14,3,13,6,12|14,3,13,10|14,3,13,11|14,3,13,12|14,4,2,7|14,4,2,13,5,6,11|14,4,2,13,5,6,12|14,4,2,13,5,11|14,4,2,13,5,12|14,4,2,13,6,5,11|14,4,2,13,6,5,12|14,4,2,13,6,11|14,4,2,13,6,12|14,4,2,13,10|14,4,2,13,11|14,4,2,13,12|14,4,3,13,2,7|14,4,3,13,5,6,11|14,4,3,13,5,6,12|14,4,3,13,5,11|14,4,3,13,5,12|14,4,3,13,6,5,11|14,4,3,13,6,5,12|14,4,3,13,6,11|14,4,3,13,6,12|14,4,3,13,10|14,4,3,13,11|14,4,3,13,12|14,4,7|14,4,13,2,7|14,4,13,5,6,11|14,4,13,5,6,12|14,4,13,5,11|14,4,13,5,12|14,4,13,6,5,11|14,4,13,6,5,12|14,4,13,6,11|14,4,13,6,12|14,4,13,10|14,4,13,11|14,4,13,12|14,5,6,11|14,5,6,12|14,5,6,13,2,4,7|14,5,6,13,2,7|14,5,6,13,3,4,2,7|14,5,6,13,3,4,7|14,5,6,13,4,2,7|14,5,6,13,4,7|14,5,6,13,10|14,5,6,13,11|14,5,6,13,12|14,5,11|14,5,12|14,5,13,2,4,7|14,5,13,2,7|14,5,13,3,4,2,7|14,5,13,3,4,7|14,5,13,4,2,7|14,5,13,4,7|14,5,13,6,11|14,5,13,6,12|14,5,13,10|14,5,13,11|14,5,13,12|14,10|14,11|14,12
13,3,14,4,2,7|13,3,14,4,7|13,3,14,9|13,3,14,10|13,3,14,11|13,4,2,7|13,4,7|13,4,14,9|13,4,14,10|13,4,14,11|13,6,9|13,6,11|13,9|13,10|13,11|14,3,13,4,2,7|14,3,13,4,7|14,3,13,6,9|14,3,13,6,11|14,3,13,9|14,3,13,10|14,3,13,11|14,4,2,7|14,4,7|14,4,13,6,9|14,4,13,6,11|14,4,13,9|14,4,13,10|14,4,13,11|14,9|14,10|14,11
13,2,10|13,2,14,5,6,9|13,2,14,5,6,11|13,2,14,5,9|13,2,14,5,11|13,2,14,6,5,9|13,2,14,6,5,11|13,2,14,6,9|13,2,14,6,11|13,2,14,9|13,2,14,10|13,2,14,11|13,3,14,2,10|13,3,14,5,6,9|13,3,14,5,6,11|13,3,14,5,9|13,3,14,5,11|13,3,14,6,5,9|13,3,14,6,5,11|13,3,14,6,9|13,3,14,6,11|13,3,14,9|13,3,14,10|13,3,14,11|13,5,6,9|13,5,6,11|13,5,6,14,2,10|13,5,6,14,9|13,5,6,14,10|13,5,6,14,11|13,5,9|13,5,11|13,5,14,2,10|13,5,14,6,9|13,5,14,6,11|13,5,14,9|13,5,14,10|13,5,14,11|13,6,5,9|13,6,5,11|13,6,5,14,2,10|13,6,5,14,9|13,6,5,14,10|13,6,5,14,11|13,6,9|13,6,11|13,6,14,2,10|13,6,14,5,9|13,6,14,5,11|13,6,14,9|13,6,14,10|13,6,14,11|13,9|13,10|13,11|14,2,10|14,2,13,5,6,9|14,2,13,5,6,11|14,2,13,5,9|14,2,13,5,11|14,2,13,6,5,9|14,2,13,6,5,11|14,2,13,6,9|14,2,13,6,11|14,2,13,9|14,2,13,10|14,2,13,11|14,3,13,2,10|14,3,13,5,6,9|14,3,13,5,6,11|14,3,13,5,9|14,3,13,5,11|14,3,13,6,5,9|14,3,13,6,5,11|14,3,13,6,9|14,3,13,6,11|14,3,13,9|14,3,13,10|14,3,13,11|14,5,6,9|14,5,6,11|14,5,6,13,2,10|14,5,6,13,9|14,5,6,13,10|14,5,6,13,11|14,5,9|14,5,11|14,5,13,2,10|14,5,13,6,9|14,5,13,6,11|14,5,13,9|14,5,13,10|14,5,13,11|14,6,5,9|14,6,5,11|14,6,5,13,2,10|14,6,5,13,9|14,6,5,13,10|14,6,5,13,11|14,6,9|14,6,11|14,6,13,2,10|14,6,13,5,9|14,6,13,5,11|14,6,13,9|14,6,13,10|14,6,13,11|14,9|14,10|14,11
13,2,3,14,6,9|13,2,3,14,6,11|13,2,3,14,9|13,2,3,14,10|13,2,3,14,11|13,2,10|13,2,14,6,9|13,2,14,6,11|13,2,14,9|13,2,14,10|13,2,14,11|13,3,2,10|13,3,2,14,6,9|13,3,2,14,6,11|13,3,2,14,9|13,3,2,14,10|13,3,2,14,11|13,3,14,2,10|13,3,14,6,9|13,3,14,6,11|13,3,14,9|13,3,14,10|13,3,14,11|13,6,9|13,6,11|13,6,14,2,10|13,6,14,3,2,10|13,6,14,9|13,6,14,10|13,6,14,11|13,9|13,10|13,11|14,2,3,13,6,9|14,2,3,13,6,11|14,2,3,13,9|14,2,3,13,10|14,2,3,13,11|14,2,10|14,2,13,6,9|14,2,13,6,11|14,2,13,9|14,2,13,10|14,2,13,11|14,3,2,10|14,3,2,13,6,9|14,3,2,13,6,11|14,3,2,13,9|14,3,2,13,10|14,3,2,13,11|14,3,13,2,10|14,3,13,6,9|14,3,13,6,11|14,3,13,9|14,3,13,10|14,3,13,11|14,6,9|14,6,11|14,6,13,2,10|14,6,13,3,2,10|14,6,13,9|14,6,13,10|14,6,13,11|14,9|14,10|14,11
13,2,3,10|13,2,3,14,5,6,8|13,2,3,14,5,6,9|13,2,3,14,5,8|13,2,3,14,5,9|13,2,3,14,6,5,8|13,2,3,14,6,5,9|13,2,3,14,6,8|13,2,3,14,6,9|13,2,3,14,8|13,2,3,14,9|13,2,3,14,10|13,2,4,7|13,2,10|13,2,14,3,10|13,2,14,5,6,8|13,2,14,5,6,9|13,2,14,5,8|13,2,14,5,9|13,2,14,6,5,8|13,2,14,6,5,9|13,2,14,6,8|13,2,14,6,9|13,2,14,8|13,2,14,9|13,2,14,10|13,3,2,4,7|13,3,2,10|13,3,2,14,5,6,8|13,3,2,14,5,6,9|13,3,2,14,5,8|13,3,2,14,5,9|13,3,2,14,6,5,8|13,3,2,14,6,5,9|13,3,2,14,6,8|13,3,2,14,6,9|13,3,2,14,8|13,3,2,14,9|13,3,2,14,10|13,3,10|13,3,14,2,4,7|13,3,14,2,10|13,3,14,5,6,8|13,3,14,5,6,9|13,3,14,5,8|13,3,14,5,9|13,3,14,6,5,8|13,3,14,6,5,9|13,3,14,6,8|13,3,14,6,9|13,3,14,8|13,3,14,9|13,3,14,10|13,5,6,8|13,5,6,9|13,5,6,14,2,3,10|13,5,6,14,2,4,7|13,5,6,14,2,10|13,5,6,14,3,2,4,7|13,5,6,14,3,2,10|13,5,6,14,3,10|13,5,6,14,8|13,5,6,14,9|13,5,6,14,10|13,5,8|13,5,9|13,5,14,2,3,10|13,5,14,2,4,7|13,5,14,2,10|13,5,14,3,2,4,7|13,5,14,3,2,10|13,5,14,3,10|13,5,14,6,8|13,5,14,6,9|13,5,14,8|13,5,14,9|13,5,14,10|13,8|13,9|13,10|14,2,3,10|14,2,3,13,5,6,8|14,2,3,13,5,6,9|14,2,3,13,5,8|14,2,3,13,5,9|14,2,3,13,8|14,2,3,13,9|14,2,3,13,10|14,2,4,7|14,2,10|14,2,13,3,10|14,2,13,5,6,8|14,2,13,5,6,9|14,2,13,5,8|14,2,13,5,9|14,2,13,8|14,2,13,9|14,2,13,10|14,3,2,4,7|14,3,2,10|14,3,2,13,5,6,8|14,3,2,13,5,6,9|14,3,2,13,5,8|14,3,2,13,5,9|14,3,2,13,8|14,3,2,13,9|14,3,2,13,10|14,3,10|14,3,13,2,4,7|14,3,13,2,10|14,3,13,5,6,8|14,3,13,5,6,9|14,3,13,5,8|14,3,13,5,9|14,3,13,8|14,3,13,9|14,3,13,10|14,5,6,8|14,5,6,9|14,5,8|14,5,9|14,5,13,2,3,10|14,5,13,2,4,7|14,5,13,2,10|14,5,13,3,2,4,7|14,5,13,3,2,10|14,5,13,3,10|14,5,13,8|14,5,13,9|14,5,13,10|14,6,5,8|14,6,5,9|14,6,5,13,2,3,10|14,6,5,13,2,4,7|14,6,5,13,2,10|14,6,5,13,3,2,4,7|14,6,5,13,3,2,10|14,6,5,13,3,10|14,6,5,13,8|14,6,5,13,9|14,6,5,13,10|14,6,8|14,6,9|14,8|14,9|14,10
13,3,10|13,3,14,4,2,7|13,3,14,4,7|13,3,14,6,8|13,3,14,6,9|13,3,14,8|13,3,14,9|13,3,14,10|13,8|13,9|13,10|14,3,10|14,3,13,8|14,3,13,9|14,3,13,10|14,4,2,7|14,4,7|14,6,8|14,6,9|14,8|14,9|14,10
13,2,4,7|13,2,4,14,5,8|13,2,4,14,5,9|13,2,4,14,7|13,2,4,14,8|13,2,4,14,9|13,2,7|13,2,14,4,7|13,2,14,5,8|13,2,14,5,9|13,2,14,7|13,2,14,8|13,2,14,9|13,4,2,7|13,4,2,14,5,8|13,4,2,14,5,9|13,4,2,14,7|13,4,2,14,8|13,4,2,14,9|13,4,7|13,4,14,2,7|13,4,14,5,8|13,4,14,5,9|13,4,14,7|13,4,14,8|13,4,14,9|13,5,8|13,5,9|13,5,14,2,4,7|13,5,14,2,7|13,5,14,4,2,7|13,5,14,4,7|13,5,14,7|13,5,14,8|13,5,14,9|13,7|13,8|13,9|13,10|14,2,4,7|14,2,4,13,5,8|14,2,4,13,5,9|14,2,4,13,7|14,2,4,13,8|14,2,4,13,9|14,2,4,13,10|14,2,7|14,2,13,4,7|14,2,13,5,8|14,2,13,5,9|14,2,13,7|14,2,13,8|14,2,13,9|14,2,13,10|14,4,2,7|14,4,2,13,5,8|14,4,2,13,5,9|14,4,2,13,7|14,4,2,13,8|14,4,2,13,9|14,4,2,13,10|14,4,7|14,4,13,2,7|14,4,13,5,8|14,4,13,5,9|14,4,13,7|14,4,13,8|14,4,13,9|14,4,13,10|14,5,8|14,5,9|14,5,13,2,4,7|14,5,13,2,7|14,5,13,4,2,7|14,5,13,4,7|14,5,13,7|14,5,13,8|14,5,13,9|14,5,13,10|14,7|14,8|14,9
13,2,4,7|13,2,4,14,7|13,2,4,14,8|13,2,4,14,9|13,2,14,4,7|13,2,14,7|13,2,14,8|13,2,14,9|13,4,2,14,7|13,4,2,14,8|13,4,2,14,9|13,4,7|13,4,14,7|13,4,14,8|13,4,14,9|13,7|13,8|13,9|14,2,4,7|14,2,4,13,7|14,2,4,13,8|14,2,4,13,9|14,2,13,4,7|14,2,13,7|14,2,13,8|14,2,13,9|14,4,2,13,7|14,4,2,13,8|14,4,2,13,9|14,4,7|14,4,13,7|14,4,13,8|14,4,13,9|14,7|14,8|14,9
13,2,3,10|13,2,10|13,2,14,4,7|13,2,14,5,6,8|13,2,14,5,6,9|13,2,14,5,8|13,2,14,5,9|13,2,14,7|13,2,14,8|13,2,14,9|13,4,7|13,4,14,2,3,10|13,4,14,2,10|13,4,14,5,6,8|13,4,14,5,6,9|13,4,14,5,8|13,4,14,5,9|13,4,14,7|13,4,14,8|13,4,14,9|13,5,6,8|13,5,6,9|13,5,8|13,5,9|13,5,14,2,3,10|13,5,14,2,10|13,5,14,4,7|13,5,14,7|13,5,14,8|13,5,14,9|13,6,5,8|13,6,5,9|13,6,5,14,2,3,10|13,6,5,14,2,10|13,6,5,14,4,7|13,6,5,14,7|13,6,5,14,8|13,6,5,14,9|13,6,8|13,6,9|13,7|13,8|13,9|14,2,3,10|14,2,10|14,2,13,4,7|14,2,13,5,6,8|14,2,13,5,6,9|14,2,13,5,8|14,2,13,5,9|14,2,13,6,5,8|14,2,13,6,5,9|14,2,13,6,8|14,2,13,6,9|14,2,13,7|14,2,13,8|14,2,13,9|14,4,7|14,4,13,2,3,10|14,4,13,2,10|14,4,13,5,6,8|14,4,13,5,6,9|14,4,13,5,8|14,4,13,5,9|14,4,13,6,5,8|14,4,13,6,5,9|14,4,13,6,8|14,4,13,6,9|14,4,13,7|14,4,13,8|14,4,13,9|14,5,6,8|14,5,6,9|14,5,6,13,2,3,10|14,5,6,13,2,10|14,5,6,13,4,7|14,5,6,13,7|14,5,6,13,8|14,5,6,13,9|14,5,8|14,5,9|14,5,13,2,3,10|14,5,13,2,10|14,5,13,4,7|14,5,13,6,8|14,5,13,6,9|14,5,13,7|14,5,13,8|14,5,13,9|14,7|14,8|14,9
13,4,7|13,4,14,7|13,4,14,8|13,4,14,12|13,6,8|13,6,12|13,7|13,8|13,12|14,4,7|14,4,13,6,8|14,4,13,6,12|14,4,13,7|14,4,13,8|14,4,13,12|14,7|14,8|14,12
13,2,4,7|13,2,4,14,5,6,8|13,2,4,14,5,6,12|13,2,4,14,5,8|13,2,4,14,5,12|13,2,4,14,6,5,8|13,2,4,14,6,5,12|13,2,4,14,6,8|13,2,4,14,6,12|13,2,4,14,7|13,2,4,14,8|13,2,4,14,12|13,2,7|13,2,14,4,7|13,2,14,5,6,8|13,2,14,5,6,12|13,2,14,5,8|13,2,14,5,12|13,2,14,6,5,8|13,2,14,6,5,12|13,2,14,6,8|13,2,14,6,12|13,2,14,7|13,2,14,8|13,2,14,12|13,4,2,7|13,4,2,14,5,6,8|13,4,2,14,5,6,12|13,4,2,14,5,8|13,4,2,14,5,12|13,4,2,14,6,5,8|13,4,2,14,6,5,12|13,4,2,14,6,8|13,4,2,14,6,12|13,4,2,14,7|13,4,2,14,8|13,4,2,14,12|13,4,7|13,4,14,2,7|13,4,14,5,6,8|13,4,14,5,6,12|13,4,14,5,8|13,4,14,5,12|13,4,14,6,5,8|13,4,14,6,5,12|13,4,14,6,8|13,4,14,6,12|13,4,14,7|13,4,14,8|13,4,14,12|13,5,6,8|13,5,6,12|13,5,6,14,2,4,7|13,5,6,14,2,7|13,5,6,14,4,2,7|13,5,6,14,4,7|13,5,6,14,7|13,5,6,14,8|13,5,6,14,12|13,5,8|13,5,12|13,5,14,2,4,7|13,5,14,2,7|13,5,14,4,2,7|13,5,14,4,7|13,5,14,6,8|13,5,14,6,12|13,5,14,7|13,5,14,8|13,5,14,12|13,6,5,8|13,6,5,12|13,6,5,14,2,4,7|13,6,5,14,2,7|13,6,5,14,4,2,7|13,6,5,14,4,7|13,6,5,14,7|13,6,5,14,8|13,6,5,14,12|13,6,8|13,6,12|13,6,14,2,4,7|13,6,14,2,7|13,6,14,4,2,7|13,6,14,4,7|13,6,14,5,8|13,6,14,5,12|13,6,14,7|13,6,14,8|13,6,14,12|13,7|13,8|13,12|14,2,4,7|14,2,4,13,5,6,8|14,2,4,13,5,6,12|14,2,4,13,5,8|14,2,4,13,5,12|14,2,4,13,6,5,8|14,2,4,13,6,5,12|14,2,4,13,6,8|14,2,4,13,6,12|14,2,4,13,7|14,2,4,13,8|14,2,4,13,12|14,2,7|14,2,13,4,7|14,2,13,5,6,8|14,2,13,5,6,12|14,2,13,5,8|14,2,13,5,12|14,2,13,6,5,8|14,2,13,6,5,12|14,2,13,6,8|14,2,13,6,12|14,2,13,7|14,2,13,8|14,2,13,12|14,4,2,7|14,4,2,13,5,6,8|14,4,2,13,5,6,12|14,4,2,13,5,8|14,4,2,13,5,12|14,4,2,13,6,5,8|14,4,2,13,6,5,12|14,4,2,13,6,8|14,4,2,13,6,12|14,4,2,13,7|14,4,2,13,8|14,4,2,13,12|14,4,7|14,4,13,2,7|14,4,13,5,6,8|14,4,13,5,6,12|14,4,13,5,8|14,4,13,5,12|14,4,13,6,5,8|14,4,13,6,5,12|14,4,13,6,8|14,4,13,6,12|14,4,13,7|14,4,13,8|14,4,13,12|14,5,6,8|14,5,6,12|14,5,6,13,2,4,7|14,5,6,13,2,7|14,5,6,13,4,2,7|14,5,6,13,4,7|14,5,6,13,7|14,5,6,13,8|14,5,6,13,12|14,5,8|14,5,12|14,5,13,2,4,7|14,5,13,2,7|14,5,13,4,2,7|14,5,13,4,7|14,5,13,6,8|14,5,13,6,12|14,5,13,7|14,5,13,8|14,5,13,12|14,6,5,8|14,6,5,12|14,6,5,13,2,4,7|14,6,5,13,2,7|14,6,5,13,4,2,7|14,6,5,13,4,7|14,6,5,13,7|14,6,5,13,8|14,6,5,13,12|14,6,8|14,6,12|14,6,13,2,4,7|14,6,13,2,7|14,6,13,4,2,7|14,6,13,4,7|14,6,13,5,8|14,6,13,5,12|14,6,13,7|14,6,13,8|14,6,13,12|14,7|14,8|14,12
13,2,4,7|13,2,4,14,6,8|13,2,4,14,6,12|13,2,4,14,7|13,2,4,14,8|13,2,4,14,12|13,2,7|13,2,14,4,7|13,2,14,6,8|13,2,14,6,12|13,2,14,7|13,2,14,8|13,2,14,12|13,4,2,7|13,4,2,14,6,8|13,4,2,14,6,12|13,4,2,14,7|13,4,2,14,8|13,4,2,14,12|13,4,7|13,4,14,2,7|13,4,14,6,8|13,4,14,6,12|13,4,14,7|13,4,14,8|13,4,14,12|13,6,8|13,6,12|13,6,14,2,4,7|13,6,14,2,7|13,6,14,4,2,7|13,6,14,4,7|13,6,14,7|13,6,14,8|13,6,14,12|13,7|13,8|13,12|14,2,4,7|14,2,4,13,6,8|14,2,4,13,6,12|14,2,4,13,7|14,2,4,13,8|14,2,4,13,12|14,2,7|14,2,13,4,7|14,2,13,6,8|14,2,13,6,12|14,2,13,7|14,2,13,8|14,2,13,12|14,4,2,7|14,4,2,13,6,8|14,4,2,13,6,12|14,4,2,13,7|14,4,2,13,8|14,4,2,13,12|14,4,7|14,4,13,2,7|14,4,13,6,8|14,4,13,6,12|14,4,13,7|14,4,13,8|14,4,13,12|14,6,8|14,6,12|14,6,13,2,4,7|14,6,13,2,7|14,6,13,4,2,7|14,6,13,4,7|14,6,13,7|14,6,13,8|14,6,13,12|14,7|14,8|14,12
13,2,4,7|13,2,4,14,5,6,11|13,2,4,14,5,6,12|13,2,4,14,5,11|13,2,4,14,5,12|13,2,4,14,6,5,11|13,2,4,14,6,5,12|13,2,4,14,6,11|13,2,4,14,6,12|13,2,4,14,7|13,2,4,14,11|13,2,4,14,12|13,2,7|13,2,14,4,7|13,2,14,5,6,11|13,2,14,5,6,12|13,2,14,5,11|13,2,14,5,12|13,2,14,6,5,11|13,2,14,6,5,12|13,2,14,6,11|13,2,14,6,12|13,2,14,7|13,2,14,11|13,2,14,12|13,4,2,7|13,4,2,14,5,6,11|13,4,2,14,5,6,12|13,4,2,14,5,11|13,4,2,14,5,12|13,4,2,14,6,5,11|13,4,2,14,6,5,12|13,4,2,14,6,11|13,4,2,14,6,12|13,4,2,14,7|13,4,2,14,11|13,4,2,14,12|13,4,7|13,4,14,2,7|13,4,14,5,6,11|13,4,14,5,6,12|13,4,14,5,11|13,4,14,5,12|13,4,14,6,5,11|13,4,14,6,5,12|13,4,14,6,11|13,4,14,6,12|13,4,14,7|13,4,14,11|13,4,14,12|13,5,6,11|13,5,6,12|13,5,6,14,2,4,7|13,5,6,14,2,7|13,5,6,14,4,2,7|13,5,6,14,4,7|13,5,6,14,7|13,5,6,14,11|13,5,6,14,12|13,5,11|13,5,12|13,5,14,2,4,7|13,5,14,2,7|13,5,14,4,2,7|13,5,14,4,7|13,5,14,6,11|13,5,14,6,12|13,5,14,7|13,5,14,11|13,5,14,12|13,7|13,11|13,12|14,2,4,7|14,2,4,13,5,6,11|14,2,4,13,5,6,12|14,2,4,13,5,11|14,2,4,13,5,12|14,2,4,13,7|14,2,4,13,11|14,2,4,13,12|14,2,7|14,2,13,4,7|14,2,13,5,6,11|14,2,13,5,6,12|14,2,13,5,11|14,2,13,5,12|14,2,13,7|14,2,13,11|14,2,13,12|14,4,2,7|14,4,2,13,5,6,11|14,4,2,13,5,6,12|14,4,2,13,5,11|14,4,2,13,5,12|14,4,2,13,7|14,4,2,13,11|14,4,2,13,12|14,4,7|14,4,13,2,7|14,4,13,5,6,11|14,4,13,5,6,12|14,4,13,5,11|14,4,13,5,12|14,4,13,7|14,4,13,11|14,4,13,12|14,5,6,11|14,5,6,12|14,5,11|14,5,12|14,5,13,2,4,7|14,5,13,2,7|14,5,13,4,2,7|14,5,13,4,7|14,5,13,7|14,5,13,11|14,5,13,12|14,6,5,11|14,6,5,12|14,6,5,13,2,4,7|14,6,5,13,2,7|14,6,5,13,4,2,7|14,6,5,13,4,7|14,6,5,13,7|14,6,5,13,11|14,6,5,13,12|14,6,11|14,6,12|14,7|14,11|14,12
13,3,2,4,7|13,3,2,4,14,6,11|13,3,2,4,14,6,12|13,3,2,4,14,7|13,3,2,4,14,11|13,3,2,4,14,12|13,3,2,10|13,3,10|13,3,14,4,2,10|13,3,14,4,7|13,3,14,6,11|13,3,14,6,12|13,3,14,7|13,3,14,11|13,3,14,12|13,4,2,3,10|13,4,2,3,14,6,11|13,4,2,3,14,6,12|13,4,2,3,14,7|13,4,2,3,14,11|13,4,2,3,14,12|13,4,2,10|13,4,7|13,4,14,3,2,10|13,4,14,3,10|13,4,14,6,11|13,4,14,6,12|13,4,14,7|13,4,14,11|13,4,14,12|13,7|13,11|13,12|14,3,2,4,7|14,3,2,4,13,7|14,3,2,4,13,11|14,3,2,4,13,12|14,3,2,10|14,3,10|14,3,13,4,2,10|14,3,13,4,7|14,3,13,7|14,3,13,11|14,3,13,12|14,4,2,3,10|14,4,2,3,13,7|14,4,2,3,13,11|14,4,2,3,13,12|14,4,2,10|14,4,7|14,4,13,3,2,10|14,4,13,3,10|14,4,13,7|14,4,13,11|14,4,13,12|14,6,11|14,6,12|14,7|14,11|14,12
13,2,3,10|13,2,3,14,5,11|13,2,3,14,5,12|13,2,3,14,10|13,2,3,14,11|13,2,3,14,12|13,2,10|13,2,14,3,10|13,2,14,5,11|13,2,14,5,12|13,2,14,10|13,2,14,11|13,2,14,12|13,3,2,10|13,3,2,14,5,11|13,3,2,14,5,12|13,3,2,14,10|13,3,2,14,11|13,3,2,14,12|13,3,10|13,3,14,2,10|13,3,14,5,11|13,3,14,5,12|13,3,14,10|13,3,14,11|13,3,14,12|13,5,11|13,5,12|13,5,14,2,3,10|13,5,14,2,10|13,5,14,3,2,10|13,5,14,3,10|13,5,14,10|13,5,14,11|13,5,14,12|13,7|13,10|13,11|13,12|14,2,3,10|14,2,3,13,5,11|14,2,3,13,5,12|14,2,3,13,7|14,2,3,13,10|14,2,3,13,11|14,2,3,13,12|14,2,10|14,2,13,3,10|14,2,13,5,11|14,2,13,5,12|14,2,13,7|14,2,13,10|14,2,13,11|14,2,13,12|14,3,2,10|14,3,2,13,5,11|14,3,2,13,5,12|14,3,2,13,7|14,3,2,13,10|14,3,2,13,11|14,3,2,13,12|14,3,10|14,3,13,2,10|14,3,13,5,11|14,3,13,5,12|14,3,13,7|14,3,13,10|14,3,13,11|14,3,13,12|14,5,11|14,5,12|14,5,13,2,3,10|14,5,13,2,10|14,5,13,3,2,10|14,5,13,3,10|14,5,13,7|14,5,13,10|14,5,13,11|14,5,13,12|14,10|14,11|14,12
13,2,14,3,10|13,2,14,10|13,2,14,11|13,2,14,12|13,3,10|13,3,14,10|13,3,14,11|13,3,14,12|13,10|13,11|13,12|14,2,13,3,10|14,2,13,10|14,2,13,11|14,2,13,12|14,3,10|14,3,13,10|14,3,13,11|14,3,13,12|14,10|14,11|14,12
13,2,7|13,2,14,3,10|13,2,14,5,6,11|13,2,14,5,6,12|13,2,14,5,11|13,2,14,5,12|13,2,14,10|13,2,14,11|13,2,14,12|13,3,10|13,3,14,2,7|13,3,14,5,6,11|13,3,14,5,6,12|13,3,14,5,11|13,3,14,5,12|13,3,14,10|13,3,14,11|13,3,14,12|13,5,6,11|13,5,6,12|13,5,11|13,5,12|13,5,14,2,7|13,5,14,3,10|13,5,14,10|13,5,14,11|13,5,14,12|13,6,5,11|13,6,5,12|13,6,5,14,2,7|13,6,5,14,3,10|13,6,5,14,10|13,6,5,14,11|13,6,5,14,12|13,6,11|13,6,12|13,10|13,11|13,12|14,2,7|14,2,13,3,10|14,2,13,5,6,11|14,2,13,5,6,12|14,2,13,5,11|14,2,13,5,12|14,2,13,6,5,11|14,2,13,6,5,12|14,2,13,6,11|14,2,13,6,12|14,2,13,10|14,2,13,11|14,2,13,12|14,3,10|14,3,13,2,7|14,3,13,5,6,11|14,3,13,5,6,12|14,3,13,5,11|14,3,13,5,12|14,3,13,6,5,11|14,3,13,6,5,12|14,3,13,6,11|14,3,13,6,12|14,3,13,10|14,3,13,11|14,3,13,12|14,5,6,11|14,5,6,12|14,5,6,13,2,7|14,5,6,13,3,10|14,5,6,13,10|14,5,6,13,11|14,5,6,13,12|14,5,11|14,5,12|14,5,13,2,7|14,5,13,3,10|14,5,13,6,11|14,5,13,6,12|14,5,13,10|14,5,13,11|14,5,13,12|14,10|14,11|14,12
13,3,10|13,3,14,4,2,7|13,3,14,9|13,3,14,10|13,3,14,11|13,6,9|13,6,11|13,9|13,10|13,11|14,3,10|14,3,13,6,9|14,3,13,6,11|14,3,13,9|14,3,13,10|14,3,13,11|14,4,2,7|14,9|14,10|14,11
13,2,3,4,14,5,6,9|13,2,3,4,14,5,6,11|13,2,3,4,14,5,9|13,2,3,4,14,5,11|13,2,3,4,14,6,5,9|13,2,3,4,14,6,5,11|13,2,3,4,14,6,9|13,2,3,4,14,6,11|13,2,3,4,14,9|13,2,3,4,14,10|13,2,3,4,14,11|13,2,3,10|13,2,3,14,5,6,9|13,2,3,14,5,6,11|13,2,3,14,5,9|13,2,3,14,5,11|13,2,3,14,6,5,9|13,2,3,14,6,5,11|13,2,3,14,6,9|13,2,3,14,6,11|13,2,3,14,9|13,2,3,14,10|13,2,3,14,11|13,2,4,3,10|13,2,4,3,14,5,6,9|13,2,4,3,14,5,6,11|13,2,4,3,14,5,9|13,2,4,3,14,5,11|13,2,4,3,14,6,5,9|13,2,4,3,14,6,5,11|13,2,4,3,14,6,9|13,2,4,3,14,6,11|13,2,4,3,14,9|13,2,4,3,14,10|13,2,4,3,14,11|13,2,4,14,3,10|13,2,4,14,5,6,9|13,2,4,14,5,6,11|13,2,4,14,5,9|13,2,4,14,5,11|13,2,4,14,6,5,9|13,2,4,14,6,5,11|13,2,4,14,6,9|13,2,4,14,6,11|13,2,4,14,9|13,2,4,14,10|13,2,4,14,11|13,2,10|13,2,14,3,10|13,2,14,4,3,10|13,2,14,5,6,9|13,2,14,5,6,11|13,2,14,5,9|13,2,14,5,11|13,2,14,6,5,9|13,2,14,6,5,11|13,2,14,6,9|13,2,14,6,11|13,2,14,9|13,2,14,10|13,2,14,11|13,3,2,4,14,5,6,9|13,3,2,4,14,5,6,11|13,3,2,4,14,5,9|13,3,2,4,14,5,11|13,3,2,4,14,6,5,9|13,3,2,4,14,6,5,11|13,3,2,4,14,6,9|13,3,2,4,14,6,11|13,3,2,4,14,9|13,3,2,4,14,10|13,3,2,4,14,11|13,3,2,10|13,3,2,14,5,6,9|13,3,2,14,5,6,11|13,3,2,14,5,9|13,3,2,14,5,11|13,3,2,14,6,5,9|13,3,2,14,6,5,11|13,3,2,14,6,9|13,3,2,14,6,11|13,3,2,14,9|13,3,2,14,10|13,3,2,14,11|13,3,4,2,10|13,3,4,2,14,5,6,9|13,3,4,2,14,5,6,11|13,3,4,2,14,5,9|13,3,4,2,14,5,11|13,3,4,2,14,6,5,9|13,3,4,2,14,6,5,11|13,3,4,2,14,6,9|13,3,4,2,14,6,11|13,3,4,2,14,9|13,3,4,2,14,10|13,3,4,2,14,11|13,3,4,14,2,10|13,3,4,14,5,6,9|13,3,4,14,5,6,11|13,3,4,14,5,9|13,3,4,14,5,11|13,3,4,14,6,5,9|13,3,4,14,6,5,11|13,3,4,14,6,9|13,3,4,14,6,11|13,3,4,14,9|13,3,4,14,10|13,3,4,14,11|13,3,10|13,3,14,2,10|13,3,14,4,2,10|13,3,14,5,6,9|13,3,14,5,6,11|13,3,14,5,9|13,3,14,5,11|13,3,14,6,5,9|13,3,14,6,5,11|13,3,14,6,9|13,3,14,6,11|13,3,14,9|13,3,14,10|13,3,14,11|13,4,2,3,10|13,4,2,3,14,5,6,9|13,4,2,3,14,5,6,11|13,4,2,3,14,5,9|13,4,2,3,14,5,11|13,4,2,3,14,6,5,9|13,4,2,3,14,6,5,11|13,4,2,3,14,6,9|13,4,2,3,14,6,11|13,4,2,3,14,9|13,4,2,3,14,10|13,4,2,3,14,11|13,4,2,10|13,4,2,14,3,10|13,4,2,14,5,6,9|13,4,2,14,5,6,11|13,4,2,14,5,9|13,4,2,14,5,11|13,4,2,14,6,5,9|13,4,2,14,6,5,11|13,4,2,14,6,9|13,4,2,14,6,11|13,4,2,14,9|13,4,2,14,10|13,4,2,14,11|13,4,3,2,10|13,4,3,2,14,5,6,9|13,4,3,2,14,5,6,11|13,4,3,2,14,5,9|13,4,3,2,14,5,11|13,4,3,2,14,6,5,9|13,4,3,2,14,6,5,11|13,4,3,2,14,6,9|13,4,3,2,14,6,11|13,4,3,2,14,9|13,4,3,2,14,10|13,4,3,2,14,11|13,4,3,10|13,4,3,14,2,10|13,4,3,14,5,6,9|13,4,3,14,5,6,11|13,4,3,14,5,9|13,4,3,14,5,11|13,4,3,14,6,5,9|13,4,3,14,6,5,11|13,4,3,14,6,9|13,4,3,14,6,11|13,4,3,14,9|13,4,3,14,10|13,4,3,14,11|13,4,14,2,3,10|13,4,14,2,10|13,4,14,3,2,10|13,4,14,3,10|13,4,14,5,6,9|13,4,14,5,6,11|13,4,14,5,9|13,4,14,5,11|13,4,14,6,5,9|13,4,14,6,5,11|13,4,14,6,9|13,4,14,6,11|13,4,14,9|13,4,14,10|13,4,14,11|13,5,6,9|13,5,6,11|13,5,6,14,2,3,10|13,5,6,14,2,4,3,10|13,5,6,14,2,10|13,5,6,14,3,2,10|13,5,6,14,3,4,2,10|13,5,6,14,3,10|13,5,6,14,4,2,3,10|13,5,6,14,4,2,10|13,5,6,14,4,3,2,10|13,5,6,14,4,3,10|13,5,6,14,9|13,5,6,14,10|13,5,6,14,11|13,5,9|13,5,11|13,5,14,2,3,10|13,5,14,2,4,3,10|13,5,14,2,10|13,5,14,3,2,10|13,5,14,3,4,2,10|13,5,14,3,10|13,5,14,4,2,3,10|13,5,14,4,2,10|13,5,14,4,3,2,10|13,5,14,4,3,10|13,5,14,6,9|13,5,14,6,11|13,5,14,9|13,5,14,10|13,5,14,11|13,6,5,9|13,6,5,11|13,6,5,14,2,3,10|13,6,5,14,2,4,3,10|13,6,5,14,2,10|13,6,5,14,3,2,10|13,6,5,14,3,4,2,10|13,6,5,14,3,10|13,6,5,14,4,2,3,10|13,6,5,14,4,2,10|13,6,5,14,4,3,2,10|13,6,5,14,4,3,10|13,6,5,14,9|13,6,5,14,10|13,6,5,14,11|13,6,9|13,6,11|13,6,14,2,3,10|13,6,14,2,4,3,10|13,6,14,2,10|13,6,14,3,2,10|13,6,14,3,4,2,10|13,6,14,3,10|13,6,14,4,2,3,10|13,6,14,4,2,10|13,6,14,4,3,2,10|13,6,14,4,3,10|13,6,14,5,9|13,6,14,5,11|13,6,14,9|13,6,14,10|13,6,14,11|13,9|13,10|13,11|14,2,3,4,13,5,6,9|14,2,3,4,13,5,6,11|14,2,3,4,13,5,9|14,2,3,4,13,5,11|14,2,3,4,13,6,5,9|14,2,3,4,13,6,5,11|14,2,3,4,13,6,9|14,2,3,4,13,6,11|14,2,3,4,13,9|14,2,3,4,13,10|14,2,3,4,13,11|14,2,3,10|14,2,3,13,5,6,9|14,2,3,13,5,6,11|14,2,3,13,5,9|14,2,3,13,5,11|14,2,3,13,6,5,9|14,2,3,13,6,5,11|14,2,3,13,6,9|14,2,3,13,6,11|14,2,3,13,9|14,2,3,13,10|14,2,3,13,11|14,2,4,3,10|14,2,4,3,13,5,6,9|14,2,4,3,13,5,6,11|14,2,4,3,13,5,9|14,2,4,3,13,5,11|14,2,4,3,13,6,5,9|14,2,4,3,13,6,5,11|14,2,4,3,13,6,9|14,2,4,3,13,6,11|14,2,4,3,13,9|14,2,4,3,13,10|14,2,4,3,13,11|14,2,4,13,3,10|14,2,4,13,5,6,9|14,2,4,13,5,6,11|14,2,4,13,5,9|14,2,4,13,5,11|14,2,4,13,6,5,9|14,2,4,13,6,5,11|14,2,4,13,6,9|14,2,4,13,6,11|14,2,4,13,9|14,2,4,13,10|14,2,4,13,11|14,2,10|14,2,13,3,10|14,2,13,4,3,10|14,2,13,5,6,9|14,2,13,5,6,11|14,2,13,5,9|14,2,13,5,11|14,2,13,6,5,9|14,2,13,6,5,11|14,2,13,6,9|14,2,13,6,11|14,2,13,9|14,2,13,10|14,2,13,11|14,3,2,4,13,5,6,9|14,3,2,4,13,5,6,11|14,3,2,4,13,5,9|14,3,2,4,13,5,11|14,3,2,4,13,6,5,9|14,3,2,4,13,6,5,11|14,3,2,4,13,6,9|14,3,2,4,13,6,11|14,3,2,4,13,9|14,3,2,4,13,10|14,3,2,4,13,11|14,3,2,10|14,3,2,13,5,6,9|14,3,2,13,5,6,11|14,3,2,13,5,9|14,3,2,13,5,11|14,3,2,13,6,5,9|14,3,2,13,6,5,11|14,3,2,13,6,9|14,3,2,13,6,11|14,3,2,13,9|14,3,2,13,10|14,3,2,13,11|14,3,4,2,10|14,3,4,2,13,5,6,9|14,3,4,2,13,5,6,11|14,3,4,2,13,5,9|14,3,4,2,13,5,11|14,3,4,2,13,6,5,9|14,3,4,2,13,6,5,11|14,3,4,2,13,6,9|14,3,4,2,13,6,11|14,3,4,2,13,9|14,3,4,2,13,10|14,3,4,2,13,11|14,3,4,13,2,10|14,3,4,13,5,6,9|14,3,4,13,5,6,11|14,3,4,13,5,9|14,3,4,13,5,11|14,3,4,13,6,5,9|14,3,4,13,6,5,11|14,3,4,13,6,9|14,3,4,13,6,11|14,3,4,13,9|14,3,4,13,10|14,3,4,13,11|14,3,10|14,3,13,2,10|14,3,13,4,2,10|14,3,13,5,6,9|14,3,13,5,6,11|14,3,13,5,9|14,3,13,5,11|14,3,13,6,5,9|14,3,13,6,5,11|14,3,13,6,9|14,3,13,6,11|14,3,13,9|14,3,13,10|14,3,13,11|14,4,2,3,10|14,4,2,3,13,5,6,9|14,4,2,3,13,5,6,11|14,4,2,3,13,5,9|14,4,2,3,13,5,11|14,4,2,3,13,6,5,9|14,4,2,3,13,6,5,11|14,4,2,3,13,6,9|14,4,2,3,13,6,11|14,4,2,3,13,9|14,4,2,3,13,10|14,4,2,3,13,11|14,4,2,10|14,4,2,13,3,10|14,4,2,13,5,6,9|14,4,2,13,5,6,11|14,4,2,13,5,9|14,4,2,13,5,11|14,4,2,13,6,5,9|14,4,2,13,6,5,11|14,4,2,13,6,9|14,4,2,13,6,11|14,4,2,13,9|14,4,2,13,10|14,4,2,13,11|14,4,3,2,10|14,4,3,2,13,5,6,9|14,4,3,2,13,5,6,11|14,4,3,2,13,5,9|14,4,3,2,13,5,11|14,4,3,2,13,6,5,9|14,4,3,2,13,6,5,11|14,4,3,2,13,6,9|14,4,3,2,13,6,11|14,4,3,2,13,9|14,4,3,2,13,10|14,4,3,2,13,11|14,4,3,10|14,4,3,13,2,10|14,4,3,13,5,6,9|14,4,3,13,5,6,11|14,4,3,13,5,9|14,4,3,13,5,11|14,4,3,13,6,5,9|14,4,3,13,6,5,11|14,4,3,13,6,9|14,4,3,13,6,11|14,4,3,13,9|14,4,3,13,10|14,4,3,13,11|14,4,13,2,3,10|14,4,13,2,10|14,4,13,3,2,10|14,4,13,3,10|14,4,13,5,6,9|14,4,13,5,6,11|14,4,13,5,9|14,4,13,5,11|14,4,13,6,5,9|14,4,13,6,5,11|14,4,13,6,9|14,4,13,6,11|14,4,13,9|14,4,13,10|14,4,13,11|14,5,6,9|14,5,6,11|14,5,6,13,2,3,10|14,5,6,13,2,4,3,10|14,5,6,13,2,10|14,5,6,13,3,2,10|14,5,6,13,3,4,2,10|14,5,6,13,3,10|14,5,6,13,4,2,3,10|14,5,6,13,4,2,10|14,5,6,13,4,3,2,10|14,5,6,13,4,3,10|14,5,6,13,9|14,5,6,13,10|14,5,6,13,11|14,5,9|14,5,11|14,5,13,2,3,10|14,5,13,2,4,3,10|14,5,13,2,10|14,5,13,3,2,10|14,5,13,3,4,2,10|14,5,13,3,10|14,5,13,4,2,3,10|14,5,13,4,2,10|14,5,13,4,3,2,10|14,5,13,4,3,10|14,5,13,6,9|14,5,13,6,11|14,5,13,9|14,5,13,10|14,5,13,11|14,6,5,9|14,6,5,11|14,6,5,13,2,3,10|14,6,5,13,2,4,3,10|14,6,5,13,2,10|14,6,5,13,3,2,10|14,6,5,13,3,4,2,10|14,6,5,13,3,10|14,6,5,13,4,2,3,10|14,6,5,13,4,2,10|14,6,5,13,4,3,2,10|14,6,5,13,4,3,10|14,6,5,13,9|14,6,5,13,10|14,6,5,13,11|14,6,9|14,6,11|14,6,13,2,3,10|14,6,13,2,4,3,10|14,6,13,2,10|14,6,13,3,2,10|14,6,13,3,4,2,10|14,6,13,3,10|14,6,13,4,2,3,10|14,6,13,4,2,10|14,6,13,4,3,2,10|14,6,13,4,3,10|14,6,13,5,9|14,6,13,5,11|14,6,13,9|14,6,13,10|14,6,13,11|14,9|14,10|14,11
13,2,3,4,14,6,9|13,2,3,4,14,6,11|13,2,3,4,14,9|13,2,3,4,14,10|13,2,3,4,14,11|13,2,3,10|13,2,3,14,6,9|13,2,3,14,6,11|13,2,3,14,9|13,2,3,14,10|13,2,3,14,11|13,2,4,3,10|13,2,4,3,14,6,9|13,2,4,3,14,6,11|13,2,4,3,14,9|13,2,4,3,14,10|13,2,4,3,14,11|13,2,4,14,3,10|13,2,4,14,6,9|13,2,4,14,6,11|13,2,4,14,9|13,2,4,14,10|13,2,4,14,11|13,2,10|13,2,14,3,10|13,2,14,4,3,10|13,2,14,6,9|13,2,14,6,11|13,2,14,9|13,2,14,10|13,2,14,11|13,3,2,4,14,6,9|13,3,2,4,14,6,11|13,3,2,4,14,9|13,3,2,4,14,10|13,3,2,4,14,11|13,3,2,10|13,3,2,14,6,9|13,3,2,14,6,11|13,3,2,14,9|13,3,2,14,10|13,3,2,14,11|13,3,4,2,10|13,3,4,2,14,6,9|13,3,4,2,14,6,11|13,3,4,2,14,9|13,3,4,2,14,10|13,3,4,2,14,11|13,3,4,14,2,10|13,3,4,14,6,9|13,3,4,14,6,11|13,3,4,14,9|13,3,4,14,10|13,3,4,14,11|13,3,10|13,3,14,2,10|13,3,14,4,2,10|13,3,14,6,9|13,3,14,6,11|13,3,14,9|13,3,14,10|13,3,14,11|13,4,2,3,10|13,4,2,3,14,6,9|13,4,2,3,14,6,11|13,4,2,3,14,9|13,4,2,3,14,10|13,4,2,3,14,11|13,4,2,10|13,4,2,14,3,10|13,4,2,14,6,9|13,4,2,14,6,11|13,4,2,14,9|13,4,2,14,10|13,4,2,14,11|13,4,3,2,10|13,4,3,2,14,6,9|13,4,3,2,14,6,11|13,4,3,2,14,9|13,4,3,2,14,10|13,4,3,2,14,11|13,4,3,10|13,4,3,14,2,10|13,4,3,14,6,9|13,4,3,14,6,11|13,4,3,14,9|13,4,3,14,10|13,4,3,14,11|13,4,14,2,3,10|13,4,14,2,10|13,4,14,3,2,10|13,4,14,3,10|13,4,14,6,9|13,4,14,6,11|13,4,14,9|13,4,14,10|13,4,14,11|13,6,9|13,6,11|13,6,14,2,3,10|13,6,14,2,4,3,10|13,6,14,2,10|13,6,14,3,2,10|13,6,14,3,4,2,10|13,6,14,3,10|13,6,14,4,2,3,10|13,6,14,4,2,10|13,6,14,4,3,2,10|13,6,14,4,3,10|13,6,14,9|13,6,14,10|13,6,14,11|13,9|13,10|13,11|14,2,3,4,13,6,9|14,2,3,4,13,6,11|14,2,3,4,13,9|14,2,3,4,13,10|14,2,3,4,13,11|14,2,3,10|14,2,3,13,6,9|14,2,3,13,6,11|14,2,3,13,9|14,2,3,13,10|14,2,3,13,11|14,2,4,3,10|14,2,4,3,13,6,9|14,2,4,3,13,6,11|14,2,4,3,13,9|14,2,4,3,13,10|14,2,4,3,13,11|14,2,4,13,3,10|14,2,4,13,6,9|14,2,4,13,6,11|14,2,4,13,9|14,2,4,13,10|14,2,4,13,11|14,2,10|14,2,13,3,10|14,2,13,4,3,10|14,2,13,6,9|14,2,13,6,11|14,2,13,9|14,2,13,10|14,2,13,11|14,3,2,4,13,6,9|14,3,2,4,13,6,11|14,3,2,4,13,9|14,3,2,4,13,10|14,3,2,4,13,11|14,3,2,10|14,3,2,13,6,9|14,3,2,13,6,11|14,3,2,13,9|14,3,2,13,10|14,3,2,13,11|14,3,4,2,10|14,3,4,2,13,6,9|14,3,4,2,13,6,11|14,3,4,2,13,9|14,3,4,2,13,10|14,3,4,2,13,11|14,3,4,13,2,10|14,3,4,13,6,9|14,3,4,13,6,11|14,3,4,13,9|14,3,4,13,10|14,3,4,13,11|14,3,10|14,3,13,2,10|14,3,13,4,2,10|14,3,13,6,9|14,3,13,6,11|14,3,13,9|14,3,13,10|14,3,13,11|14,4,2,3,10|14,4,2,3,13,6,9|14,4,2,3,13,6,11|14,4,2,3,13,9|14,4,2,3,13,10|14,4,2,3,13,11|14,4,2,10|14,4,2,13,3,10|14,4,2,13,6,9|14,4,2,13,6,11|14,4,2,13,9|14,4,2,13,10|14,4,2,13,11|14,4,3,2,10|14,4,3,2,13,6,9|14,4,3,2,13,6,11|14,4,3,2,13,9|14,4,3,2,13,10|14,4,3,2,13,11|14,4,3,10|14,4,3,13,2,10|14,4,3,13,6,9|14,4,3,13,6,11|14,4,3,13,9|14,4,3,13,10|14,4,3,13,11|14,4,13,2,3,10|14,4,13,2,10|14,4,13,3,2,10|14,4,13,3,10|14,4,13,6,9|14,4,13,6,11|14,4,13,9|14,4,13,10|14,4,13,11|14,6,9|14,6,11|14,6,13,2,3,10|14,6,13,2,4,3,10|14,6,13,2,10|14,6,13,3,2,10|14,6,13,3,4,2,10|14,6,13,3,10|14,6,13,4,2,3,10|14,6,13,4,2,10|14,6,13,4,3,2,10|14,6,13,4,3,10|14,6,13,9|14,6,13,10|14,6,13,11|14,9|14,10|14,11
13,2,10|13,2,14,3,10|13,2,14,4,3,10|13,2,14,5,6,8|13,2,14,5,6,9|13,2,14,5,8|13,2,14,5,9|13,2,14,6,5,8|13,2,14,6,5,9|13,2,14,6,8|13,2,14,6,9|13,2,14,8|13,2,14,9|13,2,14,10|13,3,4,14,2,10|13,3,4,14,5,6,8|13,3,4,14,5,6,9|13,3,4,14,5,8|13,3,4,14,5,9|13,3,4,14,6,5,8|13,3,4,14,6,5,9|13,3,4,14,6,8|13,3,4,14,6,9|13,3,4,14,8|13,3,4,14,9|13,3,4,14,10|13,3,10|13,3,14,2,10|13,3,14,5,6,8|13,3,14,5,6,9|13,3,14,5,8|13,3,14,5,9|13,3,14,6,5,8|13,3,14,6,5,9|13,3,14,6,8|13,3,14,6,9|13,3,14,8|13,3,14,9|13,3,14,10|13,4,3,10|13,4,3,14,2,10|13,4,3,14,5,6,8|13,4,3,14,5,6,9|13,4,3,14,5,8|13,4,3,14,5,9|13,4,3,14,6,5,8|13,4,3,14,6,5,9|13,4,3,14,6,8|13,4,3,14,6,9|13,4,3,14,8|13,4,3,14,9|13,4,3,14,10|13,4,14,2,10|13,4,14,3,10|13,4,14,5,6,8|13,4,14,5,6,9|13,4,14,5,8|13,4,14,5,9|13,4,14,6,5,8|13,4,14,6,5,9|13,4,14,6,8|13,4,14,6,9|13,4,14,8|13,4,14,9|13,4,14,10|13,5,6,8|13,5,6,9|13,5,6,14,2,10|13,5,6,14,3,10|13,5,6,14,4,3,10|13,5,6,14,8|13,5,6,14,9|13,5,6,14,10|13,5,8|13,5,9|13,5,14,2,10|13,5,14,3,10|13,5,14,4,3,10|13,5,14,6,8|13,5,14,6,9|13,5,14,8|13,5,14,9|13,5,14,10|13,8|13,9|13,10|14,2,10|14,2,13,3,10|14,2,13,4,3,10|14,2,13,5,6,8|14,2,13,5,6,9|14,2,13,5,8|14,2,13,5,9|14,2,13,8|14,2,13,9|14,2,13,10|14,3,4,13,2,10|14,3,4,13,5,6,8|14,3,4,13,5,6,9|14,3,4,13,5,8|14,3,4,13,5,9|14,3,4,13,8|14,3,4,13,9|14,3,4,13,10|14,3,10|14,3,13,2,10|14,3,13,5,6,8|14,3,13,5,6,9|14,3,13,5,8|14,3,13,5,9|14,3,13,8|14,3,13,9|14,3,13,10|14,4,3,10|14,4,3,13,2,10|14,4,3,13,5,6,8|14,4,3,13,5,6,9|14,4,3,13,5,8|14,4,3,13,5,9|14,4,3,13,8|14,4,3,13,9|14,4,3,13,10|14,4,13,2,10|14,4,13,3,10|14,4,13,5,6,8|14,4,13,5,6,9|14,4,13,5,8|14,4,13,5,9|14,4,13,8|14,4,13,9|14,4,13,10|14,5,6,8|14,5,6,9|14,5,8|14,5,9|14,5,13,2,10|14,5,13,3,10|14,5,13,4,3,10|14,5,13,8|14,5,13,9|14,5,13,10|14,6,5,8|14,6,5,9|14,6,5,13,2,10|14,6,5,13,3,10|14,6,5,13,4,3,10|14,6,5,13,8|14,6,5,13,9|14,6,5,13,10|14,6,8|14,6,9|14,8|14,9|14,10
13,3,4,14,6,8|13,3,4,14,6,9|13,3,4,14,8|13,3,4,14,9|13,3,4,14,10|13,3,10|13,3,14,6,8|13,3,14,6,9|13,3,14,8|13,3,14,9|13,3,14,10|13,4,3,10|13,4,3,14,6,8|13,4,3,14,6,9|13,4,3,14,8|13,4,3,14,9|13,4,3,14,10|13,4,14,3,10|13,4,14,6,8|13,4,14,6,9|13,4,14,8|13,4,14,9|13,4,14,10|13,8|13,9|13,10|14,3,4,13,8|14,3,4,13,9|14,3,4,13,10|14,3,10|14,3,13,8|14,3,13,9|14,3,13,10|14,4,3,10|14,4,3,13,8|14,4,3,13,9|14,4,3,13,10|14,4,13,3,10|14,4,13,8|14,4,13,9|14,4,13,10|14,6,8|14,6,9|14,8|14,9|14,10
13,2,4,3,10|13,2,4,3,14,5,8|13,2,4,3,14,5,9|13,2,4,3,14,7|13,2,4,3,14,8|13,2,4,3,14,9|13,2,4,14,3,10|13,2,4,14,5,8|13,2,4,14,5,9|13,2,4,14,7|13,2,4,14,8|13,2,4,14,9|13,2,7|13,2,14,3,10|13,2,14,4,3,10|13,2,14,5,8|13,2,14,5,9|13,2,14,7|13,2,14,8|13,2,14,9|13,3,4,2,7|13,3,4,2,14,5,8|13,3,4,2,14,5,9|13,3,4,2,14,7|13,3,4,2,14,8|13,3,4,2,14,9|13,3,4,14,2,7|13,3,4,14,5,8|13,3,4,14,5,9|13,3,4,14,7|13,3,4,14,8|13,3,4,14,9|13,3,10|13,3,14,2,7|13,3,14,4,2,7|13,3,14,5,8|13,3,14,5,9|13,3,14,7|13,3,14,8|13,3,14,9|13,4,2,7|13,4,2,14,3,10|13,4,2,14,5,8|13,4,2,14,5,9|13,4,2,14,7|13,4,2,14,8|13,4,2,14,9|13,4,3,10|13,4,3,14,2,7|13,4,3,14,5,8|13,4,3,14,5,9|13,4,3,14,7|13,4,3,14,8|13,4,3,14,9|13,4,14,2,7|13,4,14,3,10|13,4,14,5,8|13,4,14,5,9|13,4,14,7|13,4,14,8|13,4,14,9|13,5,8|13,5,9|13,5,14,2,4,3,10|13,5,14,2,7|13,5,14,3,4,2,7|13,5,14,3,10|13,5,14,4,2,7|13,5,14,4,3,10|13,5,14,7|13,5,14,8|13,5,14,9|13,7|13,8|13,9|13,10|14,2,4,3,10|14,2,4,3,13,5,8|14,2,4,3,13,5,9|14,2,4,3,13,7|14,2,4,3,13,8|14,2,4,3,13,9|14,2,4,3,13,10|14,2,4,13,3,10|14,2,4,13,5,8|14,2,4,13,5,9|14,2,4,13,7|14,2,4,13,8|14,2,4,13,9|14,2,4,13,10|14,2,7|14,2,13,3,10|14,2,13,4,3,10|14,2,13,5,8|14,2,13,5,9|14,2,13,7|14,2,13,8|14,2,13,9|14,2,13,10|14,3,4,2,7|14,3,4,2,13,5,8|14,3,4,2,13,5,9|14,3,4,2,13,7|14,3,4,2,13,8|14,3,4,2,13,9|14,3,4,2,13,10|14,3,4,13,2,7|14,3,4,13,5,8|14,3,4,13,5,9|14,3,4,13,7|14,3,4,13,8|14,3,4,13,9|14,3,4,13,10|14,3,10|14,3,13,2,7|14,3,13,4,2,7|14,3,13,5,8|14,3,13,5,9|14,3,13,7|14,3,13,8|14,3,13,9|14,3,13,10|14,4,2,7|14,4,2,13,3,10|14,4,2,13,5,8|14,4,2,13,5,9|14,4,2,13,7|14,4,2,13,8|14,4,2,13,9|14,4,2,13,10|14,4,3,10|14,4,3,13,2,7|14,4,3,13,5,8|14,4,3,13,5,9|14,4,3,13,7|14,4,3,13,8|14,4,3,13,9|14,4,3,13,10|14,4,13,2,7|14,4,13,3,10|14,4,13,5,8|14,4,13,5,9|14,4,13,7|14,4,13,8|14,4,13,9|14,4,13,10|14,5,8|14,5,9|14,5,13,2,4,3,10|14,5,13,2,7|14,5,13,3,4,2,7|14,5,13,3,10|14,5,13,4,2,7|14,5,13,4,3,10|14,5,13,7|14,5,13,8|14,5,13,9|14,5,13,10|14,7|14,8|14,9
13,2,3,4,14,7|13,2,3,4,14,8|13,2,3,4,14,9|13,2,3,10|13,2,3,14,7|13,2,3,14,8|13,2,3,14,9|13,2,4,3,10|13,2,4,3,14,7|13,2,4,3,14,8|13,2,4,3,14,9|13,2,4,14,3,10|13,2,4,14,7|13,2,4,14,8|13,2,4,14,9|13,2,14,3,10|13,2,14,4,3,10|13,2,14,7|13,2,14,8|13,2,14,9|13,3,2,4,14,7|13,3,2,4,14,8|13,3,2,4,14,9|13,3,2,14,7|13,3,2,14,8|13,3,2,14,9|13,3,4,2,14,7|13,3,4,2,14,8|13,3,4,2,14,9|13,3,4,14,7|13,3,4,14,8|13,3,4,14,9|13,3,10|13,3,14,7|13,3,14,8|13,3,14,9|13,4,2,3,10|13,4,2,3,14,7|13,4,2,3,14,8|13,4,2,3,14,9|13,4,2,14,3,10|13,4,2,14,7|13,4,2,14,8|13,4,2,14,9|13,4,3,2,14,7|13,4,3,2,14,8|13,4,3,2,14,9|13,4,3,10|13,4,3,14,7|13,4,3,14,8|13,4,3,14,9|13,4,14,2,3,10|13,4,14,3,10|13,4,14,7|13,4,14,8|13,4,14,9|13,7|13,8|13,9|14,2,3,4,13,7|14,2,3,4,13,8|14,2,3,4,13,9|14,2,3,10|14,2,3,13,7|14,2,3,13,8|14,2,3,13,9|14,2,4,3,10|14,2,4,3,13,7|14,2,4,3,13,8|14,2,4,3,13,9|14,2,4,13,3,10|14,2,4,13,7|14,2,4,13,8|14,2,4,13,9|14,2,13,3,10|14,2,13,4,3,10|14,2,13,7|14,2,13,8|14,2,13,9|14,3,2,4,13,7|14,3,2,4,13,8|14,3,2,4,13,9|14,3,2,13,7|14,3,2,13,8|14,3,2,13,9|14,3,4,2,13,7|14,3,4,2,13,8|14,3,4,2,13,9|14,3,4,13,7|14,3,4,13,8|14,3,4,13,9|14,3,10|14,3,13,7|14,3,13,8|14,3,13,9|14,4,2,3,10|14,4,2,3,13,7|14,4,2,3,13,8|14,4,2,3,13,9|14,4,2,13,3,10|14,4,2,13,7|14,4,2,13,8|14,4,2,13,9|14,4,3,2,13,7|14,4,3,2,13,8|14,4,3,2,13,9|14,4,3,10|14,4,3,13,7|14,4,3,13,8|14,4,3,13,9|14,4,13,2,3,10|14,4,13,3,10|14,4,13,7|14,4,13,8|14,4,13,9|14,7|14,8|14,9
13,2,3,4,10|13,2,3,4,14,5,6,8|13,2,3,4,14,5,6,9|13,2,3,4,14,5,8|13,2,3,4,14,5,9|13,2,3,4,14,7|13,2,3,4,14,8|13,2,3,4,14,9|13,2,3,14,4,10|13,2,3,14,5,6,8|13,2,3,14,5,6,9|13,2,3,14,5,8|13,2,3,14,5,9|13,2,3,14,7|13,2,3,14,8|13,2,3,14,9|13,2,4,3,14,5,6,8|13,2,4,3,14,5,6,9|13,2,4,3,14,5,8|13,2,4,3,14,5,9|13,2,4,3,14,7|13,2,4,3,14,8|13,2,4,3,14,9|13,2,4,10|13,2,4,14,5,6,8|13,2,4,14,5,6,9|13,2,4,14,5,8|13,2,4,14,5,9|13,2,4,14,7|13,2,4,14,8|13,2,4,14,9|13,2,10|13,2,14,3,4,10|13,2,14,4,10|13,2,14,5,6,8|13,2,14,5,6,9|13,2,14,5,8|13,2,14,5,9|13,2,14,7|13,2,14,8|13,2,14,9|13,3,2,4,10|13,3,2,4,14,5,6,8|13,3,2,4,14,5,6,9|13,3,2,4,14,5,8|13,3,2,4,14,5,9|13,3,2,4,14,7|13,3,2,4,14,8|13,3,2,4,14,9|13,3,2,10|13,3,2,14,4,10|13,3,2,14,5,6,8|13,3,2,14,5,6,9|13,3,2,14,5,8|13,3,2,14,5,9|13,3,2,14,7|13,3,2,14,8|13,3,2,14,9|13,3,4,2,10|13,3,4,2,14,5,6,8|13,3,4,2,14,5,6,9|13,3,4,2,14,5,8|13,3,4,2,14,5,9|13,3,4,2,14,7|13,3,4,2,14,8|13,3,4,2,14,9|13,3,4,10|13,3,4,14,2,10|13,3,4,14,5,6,8|13,3,4,14,5,6,9|13,3,4,14,5,8|13,3,4,14,5,9|13,3,4,14,7|13,3,4,14,8|13,3,4,14,9|13,3,14,2,4,10|13,3,14,2,10|13,3,14,4,2,10|13,3,14,4,10|13,3,14,5,6,8|13,3,14,5,6,9|13,3,14,5,8|13,3,14,5,9|13,3,14,7|13,3,14,8|13,3,14,9|13,4,2,3,14,5,6,8|13,4,2,3,14,5,6,9|13,4,2,3,14,5,8|13,4,2,3,14,5,9|13,4,2,3,14,7|13,4,2,3,14,8|13,4,2,3,14,9|13,4,2,10|13,4,2,14,5,6,8|13,4,2,14,5,6,9|13,4,2,14,5,8|13,4,2,14,5,9|13,4,2,14,7|13,4,2,14,8|13,4,2,14,9|13,4,3,2,10|13,4,3,2,14,5,6,8|13,4,3,2,14,5,6,9|13,4,3,2,14,5,8|13,4,3,2,14,5,9|13,4,3,2,14,7|13,4,3,2,14,8|13,4,3,2,14,9|13,4,3,14,2,10|13,4,3,14,5,6,8|13,4,3,14,5,6,9|13,4,3,14,5,8|13,4,3,14,5,9|13,4,3,14,7|13,4,3,14,8|13,4,3,14,9|13,4,10|13,4,14,2,10|13,4,14,3,2,10|13,4,14,5,6,8|13,4,14,5,6,9|13,4,14,5,8|13,4,14,5,9|13,4,14,7|13,4,14,8|13,4,14,9|13,5,6,8|13,5,6,9|13,5,8|13,5,9|13,5,14,2,3,4,10|13,5,14,2,4,10|13,5,14,2,10|13,5,14,3,2,4,10|13,5,14,3,2,10|13,5,14,3,4,2,10|13,5,14,3,4,10|13,5,14,4,2,10|13,5,14,4,3,2,10|13,5,14,4,10|13,5,14,7|13,5,14,8|13,5,14,9|13,6,5,8|13,6,5,9|13,6,5,14,2,3,4,10|13,6,5,14,2,4,10|13,6,5,14,2,10|13,6,5,14,3,2,4,10|13,6,5,14,3,2,10|13,6,5,14,3,4,2,10|13,6,5,14,3,4,10|13,6,5,14,4,2,10|13,6,5,14,4,3,2,10|13,6,5,14,4,10|13,6,5,14,7|13,6,5,14,8|13,6,5,14,9|13,6,8|13,6,9|13,7|13,8|13,9|14,2,3,4,10|14,2,3,4,13,5,6,8|14,2,3,4,13,5,6,9|14,2,3,4,13,5,8|14,2,3,4,13,5,9|14,2,3,4,13,6,5,8|14,2,3,4,13,6,5,9|14,2,3,4,13,6,8|14,2,3,4,13,6,9|14,2,3,4,13,7|14,2,3,4,13,8|14,2,3,4,13,9|14,2,3,13,4,10|14,2,3,13,5,6,8|14,2,3,13,5,6,9|14,2,3,13,5,8|14,2,3,13,5,9|14,2,3,13,6,5,8|14,2,3,13,6,5,9|14,2,3,13,6,8|14,2,3,13,6,9|14,2,3,13,7|14,2,3,13,8|14,2,3,13,9|14,2,4,3,13,5,6,8|14,2,4,3,13,5,6,9|14,2,4,3,13,5,8|14,2,4,3,13,5,9|14,2,4,3,13,6,5,8|14,2,4,3,13,6,5,9|14,2,4,3,13,6,8|14,2,4,3,13,6,9|14,2,4,3,13,7|14,2,4,3,13,8|14,2,4,3,13,9|14,2,4,10|14,2,4,13,5,6,8|14,2,4,13,5,6,9|14,2,4,13,5,8|14,2,4,13,5,9|14,2,4,13,6,5,8|14,2,4,13,6,5,9|14,2,4,13,6,8|14,2,4,13,6,9|14,2,4,13,7|14,2,4,13,8|14,2,4,13,9|14,2,10|14,2,13,3,4,10|14,2,13,4,10|14,2,13,5,6,8|14,2,13,5,6,9|14,2,13,5,8|14,2,13,5,9|14,2,13,6,5,8|14,2,13,6,5,9|14,2,13,6,8|14,2,13,6,9|14,2,13,7|14,2,13,8|14,2,13,9|14,3,2,4,10|14,3,2,4,13,5,6,8|14,3,2,4,13,5,6,9|14,3,2,4,13,5,8|14,3,2,4,13,5,9|14,3,2,4,13,6,5,8|14,3,2,4,13,6,5,9|14,3,2,4,13,6,8|14,3,2,4,13,6,9|14,3,2,4,13,7|14,3,2,4,13,8|14,3,2,4,13,9|14,3,2,10|14,3,2,13,4,10|14,3,2,13,5,6,8|14,3,2,13,5,6,9|14,3,2,13,5,8|14,3,2,13,5,9|14,3,2,13,6,5,8|14,3,2,13,6,5,9|14,3,2,13,6,8|14,3,2,13,6,9|14,3,2,13,7|14,3,2,13,8|14,3,2,13,9|14,3,4,2,10|14,3,4,2,13,5,6,8|14,3,4,2,13,5,6,9|14,3,4,2,13,5,8|14,3,4,2,13,5,9|14,3,4,2,13,6,5,8|14,3,4,2,13,6,5,9|14,3,4,2,13,6,8|14,3,4,2,13,6,9|14,3,4,2,13,7|14,3,4,2,13,8|14,3,4,2,13,9|14,3,4,10|14,3,4,13,2,10|14,3,4,13,5,6,8|14,3,4,13,5,6,9|14,3,4,13,5,8|14,3,4,13,5,9|14,3,4,13,6,5,8|14,3,4,13,6,5,9|14,3,4,13,6,8|14,3,4,13,6,9|14,3,4,13,7|14,3,4,13,8|14,3,4,13,9|14,3,13,2,4,10|14,3,13,2,10|14,3,13,4,2,10|14,3,13,4,10|14,3,13,5,6,8|14,3,13,5,6,9|14,3,13,5,8|14,3,13,5,9|14,3,13,6,5,8|14,3,13,6,5,9|14,3,13,6,8|14,3,13,6,9|14,3,13,7|14,3,13,8|14,3,13,9|14,4,2,3,13,5,6,8|14,4,2,3,13,5,6,9|14,4,2,3,13,5,8|14,4,2,3,13,5,9|14,4,2,3,13,6,5,8|14,4,2,3,13,6,5,9|14,4,2,3,13,6,8|14,4,2,3,13,6,9|14,4,2,3,13,7|14,4,2,3,13,8|14,4,2,3,13,9|14,4,2,10|14,4,2,13,5,6,8|14,4,2,13,5,6,9|14,4,2,13,5,8|14,4,2,13,5,9|14,4,2,13,6,5,8|14,4,2,13,6,5,9|14,4,2,13,6,8|14,4,2,13,6,9|14,4,2,13,7|14,4,2,13,8|14,4,2,13,9|14,4,3,2,10|14,4,3,2,13,5,6,8|14,4,3,2,13,5,6,9|14,4,3,2,13,5,8|14,4,3,2,13,5,9|14,4,3,2,13,6,5,8|14,4,3,2,13,6,5,9|14,4,3,2,13,6,8|14,4,3,2,13,6,9|14,4,3,2,13,7|14,4,3,2,13,8|14,4,3,2,13,9|14,4,3,13,2,10|14,4,3,13,5,6,8|14,4,3,13,5,6,9|14,4,3,13,5,8|14,4,3,13,5,9|14,4,3,13,6,5,8|14,4,3,13,6,5,9|14,4,3,13,6,8|14,4,3,13,6,9|14,4,3,13,7|14,4,3,13,8|14,4,3,13,9|14,4,10|14,4,13,2,10|14,4,13,3,2,10|14,4,13,5,6,8|14,4,13,5,6,9|14,4,13,5,8|14,4,13,5,9|14,4,13,6,5,8|14,4,13,6,5,9|14,4,13,6,8|14,4,13,6,9|14,4,13,7|14,4,13,8|14,4,13,9|14,5,6,8|14,5,6,9|14,5,6,13,2,3,4,10|14,5,6,13,2,4,10|14,5,6,13,2,10|14,5,6,13,3,2,4,10|14,5,6,13,3,2,10|14,5,6,13,3,4,2,10|14,5,6,13,3,4,10|14,5,6,13,4,2,10|14,5,6,13,4,3,2,10|14,5,6,13,4,10|14,5,6,13,7|14,5,6,13,8|14,5,6,13,9|14,5,8|14,5,9|14,5,13,2,3,4,10|14,5,13,2,4,10|14,5,13,2,10|14,5,13,3,2,4,10|14,5,13,3,2,10|14,5,13,3,4,2,10|14,5,13,3,4,10|14,5,13,4,2,10|14,5,13,4,3,2,10|14,5,13,4,10|14,5,13,6,8|14,5,13,6,9|14,5,13,7|14,5,13,8|14,5,13,9|14,7|14,8|14,9
13,3,4,2,10|13,3,4,10|13,3,4,14,7|13,3,4,14,8|13,3,4,14,12|13,3,14,4,2,10|13,3,14,4,10|13,3,14,7|13,3,14,8|13,3,14,12|13,4,2,10|13,4,3,14,7|13,4,3,14,8|13,4,3,14,12|13,4,10|13,4,14,7|13,4,14,8|13,4,14,12|13,6,8|13,6,12|13,7|13,8|13,12|14,3,4,2,10|14,3,4,10|14,3,4,13,6,8|14,3,4,13,6,12|14,3,4,13,7|14,3,4,13,8|14,3,4,13,12|14,3,13,4,2,10|14,3,13,4,10|14,3,13,6,8|14,3,13,6,12|14,3,13,7|14,3,13,8|14,3,13,12|14,4,2,10|14,4,3,13,6,8|14,4,3,13,6,12|14,4,3,13,7|14,4,3,13,8|14,4,3,13,12|14,4,10|14,4,13,6,8|14,4,13,6,12|14,4,13,7|14,4,13,8|14,4,13,12|14,7|14,8|14,12
13,2,7|13,2,14,5,6,8|13,2,14,5,6,12|13,2,14,5,8|13,2,14,5,12|13,2,14,6,5,8|13,2,14,6,5,12|13,2,14,6,8|13,2,14,6,12|13,2,14,7|13,2,14,8|13,2,14,12|13,5,6,8|13,5,6,12|13,5,6,14,2,7|13,5,6,14,7|13,5,6,14,8|13,5,6,14,12|13,5,8|13,5,12|13,5,14,2,7|13,5,14,6,8|13,5,14,6,12|13,5,14,7|13,5,14,8|13,5,14,12|13,6,5,8|13,6,5,12|13,6,5,14,2,7|13,6,5,14,7|13,6,5,14,8|13,6,5,14,12|13,6,8|13,6,12|13,6,14,2,7|13,6,14,5,8|13,6,14,5,12|13,6,14,7|13,6,14,8|13,6,14,12|13,7|13,8|13,12|14,2,7|14,2,13,5,6,8|14,2,13,5,6,12|14,2,13,5,8|14,2,13,5,12|14,2,13,6,5,8|14,2,13,6,5,12|14,2,13,6,8|14,2,13,6,12|14,2,13,7|14,2,13,8|14,2,13,12|14,5,6,8|14,5,6,12|14,5,6,13,2,7|14,5,6,13,7|14,5,6,13,8|14,5,6,13,12|14,5,8|14,5,12|14,5,13,2,7|14,5,13,6,8|14,5,13,6,12|14,5,13,7|14,5,13,8|14,5,13,12|14,6,5,8|14,6,5,12|14,6,5,13,2,7|14,6,5,13,7|14,6,5,13,8|14,6,5,13,12|14,6,8|14,6,12|14,6,13,2,7|14,6,13,5,8|14,6,13,5,12|14,6,13,7|14,6,13,8|14,6,13,12|14,7|14,8|14,12
13,2,7|13,2,14,6,8|13,2,14,6,12|13,2,14,7|13,2,14,8|13,2,14,12|13,6,8|13,6,12|13,6,14,2,7|13,6,14,7|13,6,14,8|13,6,14,12|13,7|13,8|13,12|14,2,7|14,2,13,6,8|14,2,13,6,12|14,2,13,7|14,2,13,8|14,2,13,12|14,6,8|14,6,12|14,6,13,2,7|14,6,13,7|14,6,13,8|14,6,13,12|14,7|14,8|14,12
13,2,3,4,10|13,2,4,10|13,2,7|13,2,14,5,6,11|13,2,14,5,6,12|13,2,14,5,11|13,2,14,5,12|13,2,14,6,5,11|13,2,14,6,5,12|13,2,14,6,11|13,2,14,6,12|13,2,14,7|13,2,14,11|13,2,14,12|13,5,6,11|13,5,6,12|13,5,6,14,2,3,4,10|13,5,6,14,2,4,10|13,5,6,14,2,7|13,5,6,14,7|13,5,6,14,11|13,5,6,14,12|13,5,11|13,5,12|13,5,14,2,3,4,10|13,5,14,2,4,10|13,5,14,2,7|13,5,14,6,11|13,5,14,6,12|13,5,14,7|13,5,14,11|13,5,14,12|13,7|13,11|13,12|14,2,3,4,10|14,2,4,10|14,2,7|14,2,13,5,6,11|14,2,13,5,6,12|14,2,13,5,11|14,2,13,5,12|14,2,13,7|14,2,13,11|14,2,13,12|14,5,6,11|14,5,6,12|14,5,11|14,5,12|14,5,13,2,3,4,10|14,5,13,2,4,10|14,5,13,2,7|14,5,13,7|14,5,13,11|14,5,13,12|14,6,5,11|14,6,5,12|14,6,5,13,2,3,4,10|14,6,5,13,2,4,10|14,6,5,13,2,7|14,6,5,13,7|14,6,5,13,11|14,6,5,13,12|14,6,11|14,6,12|14,7|14,11|14,12
13,7|13,11|13,12|14,4,2,10|14,4,3,2,10|14,4,10|14,6,11|14,6,12|14,7|14,11|14,12
13,2,4,10|13,2,4,14,5,11|13,2,4,14,5,12|13,2,4,14,10|13,2,4,14,11|13,2,4,14,12|13,2,10|13,2,14,4,10|13,2,14,5,11|13,2,14,5,12|13,2,14,10|13,2,14,11|13,2,14,12|13,4,2,10|13,4,2,14,5,11|13,4,2,14,5,12|13,4,2,14,10|13,4,2,14,11|13,4,2,14,12|13,4,10|13,4,14,2,10|13,4,14,5,11|13,4,14,5,12|13,4,14,10|13,4,14,11|13,4,14,12|13,5,11|13,5,12|13,5,14,2,4,10|13,5,14,2,10|13,5,14,4,2,10|13,5,14,4,10|13,5,14,10|13,5,14,11|13,5,14,12|13,7|13,10|13,11|13,12|14,2,4,10|14,2,4,13,5,11|14,2,4,13,5,12|14,2,4,13,7|14,2,4,13,10|14,2,4,13,11|14,2,4,13,12|14,2,10|14,2,13,4,10|14,2,13,5,11|14,2,13,5,12|14,2,13,7|14,2,13,10|14,2,13,11|14,2,13,12|14,4,2,10|14,4,2,13,5,11|14,4,2,13,5,12|14,4,2,13,7|14,4,2,13,10|14,4,2,13,11|14,4,2,13,12|14,4,10|14,4,13,2,10|14,4,13,5,11|14,4,13,5,12|14,4,13,7|14,4,13,10|14,4,13,11|14,4,13,12|14,5,11|14,5,12|14,5,13,2,4,10|14,5,13,2,10|14,5,13,4,2,10|14,5,13,4,10|14,5,13,7|14,5,13,10|14,5,13,11|14,5,13,12|14,10|14,11|14,12
13,2,4,10|13,2,4,14,10|13,2,4,14,11|13,2,4,14,12|13,2,14,4,10|13,2,14,10|13,2,14,11|13,2,14,12|13,4,2,14,10|13,4,2,14,11|13,4,2,14,12|13,4,10|13,4,14,10|13,4,14,11|13,4,14,12|13,10|13,11|13,12|14,2,4,10|14,2,4,13,10|14,2,4,13,11|14,2,4,13,12|14,2,13,4,10|14,2,13,10|14,2,13,11|14,2,13,12|14,4,2,13,10|14,4,2,13,11|14,4,2,13,12|14,4,10|14,4,13,10|14,4,13,11|14,4,13,12|14,10|14,11|14,12
13,2,7|13,2,14,4,10|13,2,14,5,6,11|13,2,14,5,6,12|13,2,14,5,11|13,2,14,5,12|13,2,14,10|13,2,14,11|13,2,14,12|13,4,10|13,4,14,2,7|13,4,14,5,6,11|13,4,14,5,6,12|13,4,14,5,11|13,4,14,5,12|13,4,14,10|13,4,14,11|13,4,14,12|13,5,6,11|13,5,6,12|13,5,11|13,5,12|13,5,14,2,7|13,5,14,4,10|13,5,14,10|13,5,14,11|13,5,14,12|13,6,5,11|13,6,5,12|13,6,5,14,2,7|13,6,5,14,4,10|13,6,5,14,10|13,6,5,14,11|13,6,5,14,12|13,6,11|13,6,12|13,10|13,11|13,12|14,2,7|14,2,13,4,10|14,2,13,5,6,11|14,2,13,5,6,12|14,2,13,5,11|14,2,13,5,12|14,2,13,6,5,11|14,2,13,6,5,12|14,2,13,6,11|14,2,13,6,12|14,2,13,10|14,2,13,11|14,2,13,12|14,4,10|14,4,13,2,7|14,4,13,5,6,11|14,4,13,5,6,12|14,4,13,5,11|14,4,13,5,12|14,4,13,6,5,11|14,4,13,6,5,12|14,4,13,6,11|14,4,13,6,12|14,4,13,10|14,4,13,11|14,4,13,12|14,5,6,11|14,5,6,12|14,5,6,13,2,7|14,5,6,13,4,10|14,5,6,13,10|14,5,6,13,11|14,5,6,13,12|14,5,11|14,5,12|14,5,13,2,7|14,5,13,4,10|14,5,13,6,11|14,5,13,6,12|14,5,13,10|14,5,13,11|14,5,13,12|14,10|14,11|14,12
13,3,2,7|13,3,14,4,10|13,3,14,9|13,3,14,10|13,3,14,11|13,4,10|13,4,14,3,2,7|13,4,14,9|13,4,14,10|13,4,14,11|13,6,9|13,6,11|13,9|13,10|13,11|14,3,2,7|14,3,13,4,10|14,3,13,6,9|14,3,13,6,11|14,3,13,9|14,3,13,10|14,3,13,11|14,4,10|14,4,13,3,2,7|14,4,13,6,9|14,4,13,6,11|14,4,13,9|14,4,13,10|14,4,13,11|14,9|14,10|14,11
13,2,3,14,4,10|13,2,3,14,5,6,9|13,2,3,14,5,6,11|13,2,3,14,5,9|13,2,3,14,5,11|13,2,3,14,6,5,9|13,2,3,14,6,5,11|13,2,3,14,6,9|13,2,3,14,6,11|13,2,3,14,9|13,2,3,14,10|13,2,3,14,11|13,2,4,10|13,2,4,14,5,6,9|13,2,4,14,5,6,11|13,2,4,14,5,9|13,2,4,14,5,11|13,2,4,14,6,5,9|13,2,4,14,6,5,11|13,2,4,14,6,9|13,2,4,14,6,11|13,2,4,14,9|13,2,4,14,10|13,2,4,14,11|13,2,10|13,2,14,4,10|13,2,14,5,6,9|13,2,14,5,6,11|13,2,14,5,9|13,2,14,5,11|13,2,14,6,5,9|13,2,14,6,5,11|13,2,14,6,9|13,2,14,6,11|13,2,14,9|13,2,14,10|13,2,14,11|13,3,2,4,10|13,3,2,4,14,5,6,9|13,3,2,4,14,5,6,11|13,3,2,4,14,5,9|13,3,2,4,14,5,11|13,3,2,4,14,6,5,9|13,3,2,4,14,6,5,11|13,3,2,4,14,6,9|13,3,2,4,14,6,11|13,3,2,4,14,9|13,3,2,4,14,10|13,3,2,4,14,11|13,3,2,10|13,3,2,14,4,10|13,3,2,14,5,6,9|13,3,2,14,5,6,11|13,3,2,14,5,9|13,3,2,14,5,11|13,3,2,14,6,5,9|13,3,2,14,6,5,11|13,3,2,14,6,9|13,3,2,14,6,11|13,3,2,14,9|13,3,2,14,10|13,3,2,14,11|13,3,14,2,4,10|13,3,14,2,10|13,3,14,4,2,10|13,3,14,4,10|13,3,14,5,6,9|13,3,14,5,6,11|13,3,14,5,9|13,3,14,5,11|13,3,14,6,5,9|13,3,14,6,5,11|13,3,14,6,9|13,3,14,6,11|13,3,14,9|13,3,14,10|13,3,14,11|13,4,2,3,14,5,6,9|13,4,2,3,14,5,6,11|13,4,2,3,14,5,9|13,4,2,3,14,5,11|13,4,2,3,14,6,5,9|13,4,2,3,14,6,5,11|13,4,2,3,14,6,9|13,4,2,3,14,6,11|13,4,2,3,14,9|13,4,2,3,14,10|13,4,2,3,14,11|13,4,2,10|13,4,2,14,5,6,9|13,4,2,14,5,6,11|13,4,2,14,5,9|13,4,2,14,5,11|13,4,2,14,6,5,9|13,4,2,14,6,5,11|13,4,2,14,6,9|13,4,2,14,6,11|13,4,2,14,9|13,4,2,14,10|13,4,2,14,11|13,4,10|13,4,14,2,10|13,4,14,3,2,10|13,4,14,5,6,9|13,4,14,5,6,11|13,4,14,5,9|13,4,14,5,11|13,4,14,6,5,9|13,4,14,6,5,11|13,4,14,6,9|13,4,14,6,11|13,4,14,9|13,4,14,10|13,4,14,11|13,5,6,9|13,5,6,11|13,5,6,14,2,4,10|13,5,6,14,2,10|13,5,6,14,3,2,4,10|13,5,6,14,3,2,10|13,5,6,14,4,2,10|13,5,6,14,4,10|13,5,6,14,9|13,5,6,14,10|13,5,6,14,11|13,5,9|13,5,11|13,5,14,2,4,10|13,5,14,2,10|13,5,14,3,2,4,10|13,5,14,3,2,10|13,5,14,4,2,10|13,5,14,4,10|13,5,14,6,9|13,5,14,6,11|13,5,14,9|13,5,14,10|13,5,14,11|13,6,5,9|13,6,5,11|13,6,5,14,2,4,10|13,6,5,14,2,10|13,6,5,14,3,2,4,10|13,6,5,14,3,2,10|13,6,5,14,4,2,10|13,6,5,14,4,10|13,6,5,14,9|13,6,5,14,10|13,6,5,14,11|13,6,9|13,6,11|13,6,14,2,4,10|13,6,14,2,10|13,6,14,3,2,4,10|13,6,14,3,2,10|13,6,14,4,2,10|13,6,14,4,10|13,6,14,5,9|13,6,14,5,11|13,6,14,9|13,6,14,10|13,6,14,11|13,9|13,10|13,11|14,2,3,13,4,10|14,2,3,13,5,6,9|14,2,3,13,5,6,11|14,2,3,13,5,9|14,2,3,13,5,11|14,2,3,13,6,5,9|14,2,3,13,6,5,11|14,2,3,13,6,9|14,2,3,13,6,11|14,2,3,13,9|14,2,3,13,10|14,2,3,13,11|14,2,4,10|14,2,4,13,5,6,9|14,2,4,13,5,6,11|14,2,4,13,5,9|14,2,4,13,5,11|14,2,4,13,6,5,9|14,2,4,13,6,5,11|14,2,4,13,6,9|14,2,4,13,6,11|14,2,4,13,9|14,2,4,13,10|14,2,4,13,11|14,2,10|14,2,13,4,10|14,2,13,5,6,9|14,2,13,5,6,11|14,2,13,5,9|14,2,13,5,11|14,2,13,6,5,9|14,2,13,6,5,11|14,2,13,6,9|14,2,13,6,11|14,2,13,9|14,2,13,10|14,2,13,11|14,3,2,4,10|14,3,2,4,13,5,6,9|14,3,2,4,13,5,6,11|14,3,2,4,13,5,9|14,3,2,4,13,5,11|14,3,2,4,13,6,5,9|14,3,2,4,13,6,5,11|14,3,2,4,13,6,9|14,3,2,4,13,6,11|14,3,2,4,13,9|14,3,2,4,13,10|14,3,2,4,13,11|14,3,2,10|14,3,2,13,4,10|14,3,2,13,5,6,9|14,3,2,13,5,6,11|14,3,2,13,5,9|14,3,2,13,5,11|14,3,2,13,6,5,9|14,3,2,13,6,5,11|14,3,2,13,6,9|14,3,2,13,6,11|14,3,2,13,9|14,3,2,13,10|14,3,2,13,11|14,3,13,2,4,10|14,3,13,2,10|14,3,13,4,2,10|14,3,13,4,10|14,3,13,5,6,9|14,3,13,5,6,11|14,3,13,5,9|14,3,13,5,11|14,3,13,6,5,9|14,3,13,6,5,11|14,3,13,6,9|14,3,13,6,11|14,3,13,9|14,3,13,10|14,3,13,11|14,4,2,3,13,5,6,9|14,4,2,3,13,5,6,11|14,4,2,3,13,5,9|14,4,2,3,13,5,11|14,4,2,3,13,6,5,9|14,4,2,3,13,6,5,11|14,4,2,3,13,6,9|14,4,2,3,13,6,11|14,4,2,3,13,9|14,4,2,3,13,10|14,4,2,3,13,11|14,4,2,10|14,4,2,13,5,6,9|14,4,2,13,5,6,11|14,4,2,13,5,9|14,4,2,13,5,11|14,4,2,13,6,5,9|14,4,2,13,6,5,11|14,4,2,13,6,9|14,4,2,13,6,11|14,4,2,13,9|14,4,2,13,10|14,4,2,13,11|14,4,10|14,4,13,2,10|14,4,13,3,2,10|14,4,13,5,6,9|14,4,13,5,6,11|14,4,13,5,9|14,4,13,5,11|14,4,13,6,5,9|14,4,13,6,5,11|14,4,13,6,9|14,4,13,6,11|14,4,13,9|14,4,13,10|14,4,13,11|14,5,6,9|14,5,6,11|14,5,6,13,2,4,10|14,5,6,13,2,10|14,5,6,13,3,2,4,10|14,5,6,13,3,2,10|14,5,6,13,4,2,10|14,5,6,13,4,10|14,5,6,13,9|14,5,6,13,10|14,5,6,13,11|14,5,9|14,5,11|14,5,13,2,4,10|14,5,13,2,10|14,5,13,3,2,4,10|14,5,13,3,2,10|14,5,13,4,2,10|14,5,13,4,10|14,5,13,6,9|14,5,13,6,11|14,5,13,9|14,5,13,10|14,5,13,11|14,6,5,9|14,6,5,11|14,6,5,13,2,4,10|14,6,5,13,2,10|14,6,5,13,3,2,4,10|14,6,5,13,3,2,10|14,6,5,13,4,2,10|14,6,5,13,4,10|14,6,5,13,9|14,6,5,13,10|14,6,5,13,11|14,6,9|14,6,11|14,6,13,2,4,10|14,6,13,2,10|14,6,13,3,2,4,10|14,6,13,3,2,10|14,6,13,4,2,10|14,6,13,4,10|14,6,13,5,9|14,6,13,5,11|14,6,13,9|14,6,13,10|14,6,13,11|14,9|14,10|14,11
13,2,4,10|13,2,4,14,6,9|13,2,4,14,6,11|13,2,4,14,9|13,2,4,14,10|13,2,4,14,11|13,2,10|13,2,14,4,10|13,2,14,6,9|13,2,14,6,11|13,2,14,9|13,2,14,10|13,2,14,11|13,3,14,2,4,10|13,3,14,2,10|13,3,14,4,2,10|13,3,14,4,10|13,3,14,6,9|13,3,14,6,11|13,3,14,9|13,3,14,10|13,3,14,11|13,4,2,10|13,4,2,14,6,9|13,4,2,14,6,11|13,4,2,14,9|13,4,2,14,10|13,4,2,14,11|13,4,10|13,4,14,2,10|13,4,14,6,9|13,4,14,6,11|13,4,14,9|13,4,14,10|13,4,14,11|13,6,9|13,6,11|13,6,14,2,4,10|13,6,14,2,10|13,6,14,4,2,10|13,6,14,4,10|13,6,14,9|13,6,14,10|13,6,14,11|13,9|13,10|13,11|14,2,4,10|14,2,4,13,6,9|14,2,4,13,6,11|14,2,4,13,9|14,2,4,13,10|14,2,4,13,11|14,2,10|14,2,13,4,10|14,2,13,6,9|14,2,13,6,11|14,2,13,9|14,2,13,10|14,2,13,11|14,3,13,2,4,10|14,3,13,2,10|14,3,13,4,2,10|14,3,13,4,10|14,3,13,6,9|14,3,13,6,11|14,3,13,9|14,3,13,10|14,3,13,11|14,4,2,10|14,4,2,13,6,9|14,4,2,13,6,11|14,4,2,13,9|14,4,2,13,10|14,4,2,13,11|14,4,10|14,4,13,2,10|14,4,13,6,9|14,4,13,6,11|14,4,13,9|14,4,13,10|14,4,13,11|14,6,9|14,6,11|14,6,13,2,4,10|14,6,13,2,10|14,6,13,4,2,10|14,6,13,4,10|14,6,13,9|14,6,13,10|14,6,13,11|14,9|14,10|14,11
13,2,4,10|13,2,4,14,5,6,8|13,2,4,14,5,6,9|13,2,4,14,5,8|13,2,4,14,5,9|13,2,4,14,6,5,8|13,2,4,14,6,5,9|13,2,4,14,6,8|13,2,4,14,6,9|13,2,4,14,8|13,2,4,14,9|13,2,4,14,10|13,2,10|13,2,14,4,10|13,2,14,5,6,8|13,2,14,5,6,9|13,2,14,5,8|13,2,14,5,9|13,2,14,6,5,8|13,2,14,6,5,9|13,2,14,6,8|13,2,14,6,9|13,2,14,8|13,2,14,9|13,2,14,10|13,3,14,2,4,10|13,3,14,2,10|13,3,14,4,2,10|13,3,14,4,10|13,3,14,5,6,8|13,3,14,5,6,9|13,3,14,5,8|13,3,14,5,9|13,3,14,6,5,8|13,3,14,6,5,9|13,3,14,6,8|13,3,14,6,9|13,3,14,8|13,3,14,9|13,3,14,10|13,4,2,10|13,4,2,14,5,6,8|13,4,2,14,5,6,9|13,4,2,14,5,8|13,4,2,14,5,9|13,4,2,14,6,5,8|13,4,2,14,6,5,9|13,4,2,14,6,8|13,4,2,14,6,9|13,4,2,14,8|13,4,2,14,9|13,4,2,14,10|13,4,10|13,4,14,2,10|13,4,14,5,6,8|13,4,14,5,6,9|13,4,14,5,8|13,4,14,5,9|13,4,14,6,5,8|13,4,14,6,5,9|13,4,14,6,8|13,4,14,6,9|13,4,14,8|13,4,14,9|13,4,14,10|13,5,6,8|13,5,6,9|13,5,6,14,2,4,10|13,5,6,14,2,10|13,5,6,14,4,2,10|13,5,6,14,4,10|13,5,6,14,8|13,5,6,14,9|13,5,6,14,10|13,5,8|13,5,9|13,5,14,2,4,10|13,5,14,2,10|13,5,14,4,2,10|13,5,14,4,10|13,5,14,6,8|13,5,14,6,9|13,5,14,8|13,5,14,9|13,5,14,10|13,8|13,9|13,10|14,2,4,10|14,2,4,13,5,6,8|14,2,4,13,5,6,9|14,2,4,13,5,8|14,2,4,13,5,9|14,2,4,13,8|14,2,4,13,9|14,2,4,13,10|14,2,10|14,2,13,4,10|14,2,13,5,6,8|14,2,13,5,6,9|14,2,13,5,8|14,2,13,5,9|14,2,13,8|14,2,13,9|14,2,13,10|14,3,13,2,4,10|14,3,13,2,10|14,3,13,4,2,10|14,3,13,4,10|14,3,13,5,6,8|14,3,13,5,6,9|14,3,13,5,8|14,3,13,5,9|14,3,13,8|14,3,13,9|14,3,13,10|14,4,2,10|14,4,2,13,5,6,8|14,4,2,13,5,6,9|14,4,2,13,5,8|14,4,2,13,5,9|14,4,2,13,8|14,4,2,13,9|14,4,2,13,10|14,4,10|14,4,13,2,10|14,4,13,5,6,8|14,4,13,5,6,9|14,4,13,5,8|14,4,13,5,9|14,4,13,8|14,4,13,9|14,4,13,10|14,5,6,8|14,5,6,9|14,5,8|14,5,9|14,5,13,2,4,10|14,5,13,2,10|14,5,13,4,2,10|14,5,13,4,10|14,5,13,8|14,5,13,9|14,5,13,10|14,6,5,8|14,6,5,9|14,6,5,13,2,4,10|14,6,5,13,2,10|14,6,5,13,4,2,10|14,6,5,13,4,10|14,6,5,13,8|14,6,5,13,9|14,6,5,13,10|14,6,8|14,6,9|14,8|14,9|14,10
13,3,14,4,2,7|13,3,14,4,10|13,3,14,6,8|13,3,14,6,9|13,3,14,8|13,3,14,9|13,3,14,10|13,4,2,7|13,4,10|13,4,14,6,8|13,4,14,6,9|13,4,14,8|13,4,14,9|13,4,14,10|13,8|13,9|13,10|14,3,13,4,2,7|14,3,13,4,10|14,3,13,8|14,3,13,9|14,3,13,10|14,4,2,7|14,4,10|14,4,13,8|14,4,13,9|14,4,13,10|14,6,8|14,6,9|14,8|14,9|14,10
13,2,3,14,5,8|13,2,3,14,5,9|13,2,3,14,7|13,2,3,14,8|13,2,3,14,9|13,2,7|13,2,14,5,8|13,2,14,5,9|13,2,14,7|13,2,14,8|13,2,14,9|13,3,2,7|13,3,2,14,5,8|13,3,2,14,5,9|13,3,2,14,7|13,3,2,14,8|13,3,2,14,9|13,3,14,2,7|13,3,14,5,8|13,3,14,5,9|13,3,14,7|13,3,14,8|13,3,14,9|13,5,8|13,5,9|13,5,14,2,7|13,5,14,3,2,7|13,5,14,7|13,5,14,8|13,5,14,9|13,7|13,8|13,9|13,10|14,2,3,13,5,8|14,2,3,13,5,9|14,2,3,13,7|14,2,3,13,8|14,2,3,13,9|14,2,3,13,10|14,2,7|14,2,13,5,8|14,2,13,5,9|14,2,13,7|14,2,13,8|14,2,13,9|14,2,13,10|14,3,2,7|14,3,2,13,5,8|14,3,2,13,5,9|14,3,2,13,7|14,3,2,13,8|14,3,2,13,9|14,3,2,13,10|14,3,13,2,7|14,3,13,5,8|14,3,13,5,9|14,3,13,7|14,3,13,8|14,3,13,9|14,3,13,10|14,5,8|14,5,9|14,5,13,2,7|14,5,13,3,2,7|14,5,13,7|14,5,13,8|14,5,13,9|14,5,13,10|14,7|14,8|14,9
