14,6,5,7,10|14,6,5,7,12|14,6,5,10|14,6,5,12|14,6,7,5,10|14,6,7,5,12|14,6,7,10|14,6,7,12|14,6,10|14,6,12|15,0,1,2,9|15,0,1,2,10|15,0,1,10|15,1,2,9|15,1,2,10|15,1,10|15,2,1,10|15,2,9|15,2,10|15,10|15,12
14,5,6,7,10|14,5,6,7,12|14,5,10|14,5,12|14,5,15,0,1,2,9|14,5,15,0,1,2,10|14,5,15,0,1,10|14,5,15,1,2,9|14,5,15,1,2,10|14,5,15,1,10|14,5,15,2,1,10|14,5,15,2,9|14,5,15,2,10|14,5,15,10|14,5,15,12|14,6,5,10|14,6,5,12|14,6,5,15,0,1,2,9|14,6,5,15,0,1,2,10|14,6,5,15,0,1,10|14,6,5,15,1,2,9|14,6,5,15,1,2,10|14,6,5,15,1,10|14,6,5,15,2,1,10|14,6,5,15,2,9|14,6,5,15,2,10|14,6,5,15,10|14,6,5,15,12|14,6,7,10|14,6,7,12|15,0,1,2,9|15,0,1,2,10|15,0,1,10|15,1,2,9|15,1,2,10|15,1,10|15,2,1,10|15,2,9|15,2,10|15,5,6,7,10|15,5,6,7,12|15,5,10|15,5,12|15,5,14,6,7,10|15,5,14,6,7,12|15,10|15,12
14,6,7,5,9|14,6,7,5,10|14,6,7,9|14,6,7,10|14,6,9|14,6,10|14,6,15,0,1,2,9|14,6,15,0,1,2,10|14,6,15,0,1,10|14,6,15,1,2,9|14,6,15,1,2,10|14,6,15,1,10|14,6,15,2,1,10|14,6,15,2,9|14,6,15,2,10|14,6,15,9|14,6,15,10|14,7,5,9|14,7,5,10|14,7,6,9|14,7,6,10|14,7,6,15,0,1,2,9|14,7,6,15,0,1,2,10|14,7,6,15,0,1,10|14,7,6,15,1,2,9|14,7,6,15,1,2,10|14,7,6,15,1,10|14,7,6,15,2,1,10|14,7,6,15,2,9|14,7,6,15,2,10|14,7,6,15,9|14,7,6,15,10|14,7,9|14,7,10|15,0,1,2,9|15,0,1,2,10|15,0,1,10|15,1,2,9|15,1,2,10|15,1,10|15,2,1,10|15,2,9|15,2,10|15,6,7,5,9|15,6,7,5,10|15,6,7,9|15,6,7,10|15,6,9|15,6,10|15,6,14,7,5,9|15,6,14,7,5,10|15,6,14,7,9|15,6,14,7,10|15,9|15,10
14,5,6,9|14,5,6,10|14,5,6,15,0,1,2,9|14,5,6,15,0,1,2,10|14,5,6,15,0,1,10|14,5,6,15,1,2,9|14,5,6,15,1,2,10|14,5,6,15,1,10|14,5,6,15,2,1,10|14,5,6,15,2,9|14,5,6,15,2,10|14,5,6,15,9|14,5,6,15,10|14,5,7,6,9|14,5,7,6,10|14,5,7,6,15,0,1,2,9|14,5,7,6,15,0,1,2,10|14,5,7,6,15,0,1,10|14,5,7,6,15,1,2,9|14,5,7,6,15,1,2,10|14,5,7,6,15,1,10|14,5,7,6,15,2,1,10|14,5,7,6,15,2,9|14,5,7,6,15,2,10|14,5,7,6,15,9|14,5,7,6,15,10|14,5,9|14,5,10|14,5,15,0,1,2,9|14,5,15,0,1,2,10|14,5,15,0,1,10|14,5,15,1,2,9|14,5,15,1,2,10|14,5,15,1,10|14,5,15,2,1,10|14,5,15,2,9|14,5,15,2,10|14,5,15,6,9|14,5,15,6,10|14,5,15,9|14,5,15,10|14,7,5,6,9|14,7,5,6,10|14,7,5,6,15,0,1,2,9|14,7,5,6,15,0,1,2,10|14,7,5,6,15,0,1,10|14,7,5,6,15,1,2,9|14,7,5,6,15,1,2,10|14,7,5,6,15,1,10|14,7,5,6,15,2,1,10|14,7,5,6,15,2,9|14,7,5,6,15,2,10|14,7,5,6,15,9|14,7,5,6,15,10|14,7,5,9|14,7,5,10|14,7,5,15,0,1,2,9|14,7,5,15,0,1,2,10|14,7,5,15,0,1,10|14,7,5,15,1,2,9|14,7,5,15,1,2,10|14,7,5,15,1,10|14,7,5,15,2,1,10|14,7,5,15,2,9|14,7,5,15,2,10|14,7,5,15,6,9|14,7,5,15,6,10|14,7,5,15,9|14,7,5,15,10|14,7,6,5,9|14,7,6,5,10|14,7,6,5,15,0,1,2,9|14,7,6,5,15,0,1,2,10|14,7,6,5,15,0,1,10|14,7,6,5,15,1,2,9|14,7,6,5,15,1,2,10|14,7,6,5,15,1,10|14,7,6,5,15,2,1,10|14,7,6,5,15,2,9|14,7,6,5,15,2,10|14,7,6,5,15,9|14,7,6,5,15,10|14,7,6,9|14,7,6,10|14,7,6,15,0,1,2,9|14,7,6,15,0,1,2,10|14,7,6,15,0,1,10|14,7,6,15,1,2,9|14,7,6,15,1,2,10|14,7,6,15,1,10|14,7,6,15,2,1,10|14,7,6,15,2,9|14,7,6,15,2,10|14,7,6,15,5,9|14,7,6,15,5,10|14,7,6,15,9|14,7,6,15,10|15,0,1,2,9|15,0,1,2,10|15,0,1,10|15,1,2,9|15,1,2,10|15,1,10|15,2,1,10|15,2,9|15,2,10|15,5,6,9|15,5,6,10|15,5,7,6,9|15,5,7,6,10|15,5,9|15,5,10|15,5,14,7,6,9|15,5,14,7,6,10|15,6,5,9|15,6,5,10|15,6,7,5,9|15,6,7,5,10|15,6,7,14,5,9|15,6,7,14,5,10|15,6,9|15,6,10|15,9|15,10
14,7,9|14,7,10|14,7,15,0,1,2,9|14,7,15,0,1,2,10|14,7,15,0,1,10|14,7,15,1,2,9|14,7,15,1,2,10|14,7,15,1,10|14,7,15,2,1,10|14,7,15,2,9|14,7,15,2,10|14,7,15,9|14,7,15,10|15,0,1,2,9|15,0,1,2,10|15,0,1,10|15,1,2,9|15,1,2,10|15,1,10|15,2,1,10|15,2,9|15,2,10|15,7,9|15,7,10|15,9|15,10
14,5,7,9|14,5,7,10|14,5,7,15,0,1,2,9|14,5,7,15,0,1,2,10|14,5,7,15,0,1,10|14,5,7,15,1,2,9|14,5,7,15,1,2,10|14,5,7,15,1,10|14,5,7,15,2,1,10|14,5,7,15,2,9|14,5,7,15,2,10|14,5,7,15,9|14,5,7,15,10|14,5,9|14,5,10|14,5,15,0,1,2,9|14,5,15,0,1,2,10|14,5,15,0,1,10|14,5,15,1,2,9|14,5,15,1,2,10|14,5,15,1,10|14,5,15,2,1,10|14,5,15,2,9|14,5,15,2,10|14,5,15,7,9|14,5,15,7,10|14,5,15,9|14,5,15,10|14,7,5,9|14,7,5,10|14,7,5,15,0,1,2,9|14,7,5,15,0,1,2,10|14,7,5,15,0,1,10|14,7,5,15,1,2,9|14,7,5,15,1,2,10|14,7,5,15,1,10|14,7,5,15,2,1,10|14,7,5,15,2,9|14,7,5,15,2,10|14,7,5,15,9|14,7,5,15,10|14,7,9|14,7,10|14,7,15,0,1,2,9|14,7,15,0,1,2,10|14,7,15,0,1,10|14,7,15,1,2,9|14,7,15,1,2,10|14,7,15,1,10|14,7,15,2,1,10|14,7,15,2,9|14,7,15,2,10|14,7,15,5,9|14,7,15,5,10|14,7,15,9|14,7,15,10|15,0,1,2,9|15,0,1,2,10|15,0,1,10|15,1,2,9|15,1,2,10|15,1,10|15,2,1,10|15,2,9|15,2,10|15,5,7,9|15,5,7,10|15,5,9|15,5,10|15,5,14,7,9|15,5,14,7,10|15,7,5,9|15,7,5,10|15,7,9|15,7,10|15,7,14,5,9|15,7,14,5,10|15,9|15,10
14,6,5,7,9|14,6,5,7,10|14,6,5,7,15,1,2,9|14,6,5,7,15,1,10|14,6,5,7,15,2,1,10|14,6,5,7,15,2,9|14,6,5,7,15,9|14,6,5,7,15,10|14,6,5,9|14,6,5,10|14,6,9|14,6,10|15,1,2,9|15,1,10|15,2,1,10|15,2,9|15,7,5,6,9|15,7,5,6,10|15,7,5,9|15,7,5,10|15,7,9|15,7,10|15,9|15,10
14,5,7,9|14,5,7,13|14,5,7,15,1,2,9|14,5,7,15,1,10|14,5,7,15,2,1,10|14,5,7,15,2,9|14,5,7,15,9|14,5,7,15,13|14,5,9|14,5,10|14,5,13|14,5,15,1,2,9|14,5,15,1,10|14,5,15,2,1,10|14,5,15,2,9|14,5,15,7,9|14,5,15,7,13|14,5,15,9|14,5,15,13|14,6,5,7,9|14,6,5,7,13|14,6,5,7,15,1,2,9|14,6,5,7,15,1,10|14,6,5,7,15,2,1,10|14,6,5,7,15,2,9|14,6,5,7,15,9|14,6,5,7,15,13|14,6,5,9|14,6,5,10|14,6,5,13|14,6,5,15,1,2,9|14,6,5,15,1,10|14,6,5,15,2,1,10|14,6,5,15,2,9|14,6,5,15,7,9|14,6,5,15,7,13|14,6,5,15,9|14,6,5,15,13|15,1,2,9|15,1,10|15,2,1,10|15,2,9|15,5,7,9|15,5,7,13|15,5,9|15,5,10|15,5,13|15,7,5,9|15,7,5,10|15,7,5,13|15,7,9|15,7,13|15,9|15,13
14,6,9|14,6,13|14,6,15,1,2,9|14,6,15,1,10|14,6,15,2,1,10|14,6,15,2,9|14,6,15,9|14,6,15,13|15,1,2,9|15,1,10|15,2,1,10|15,2,9|15,6,9|15,6,13|15,9|15,13
14,5,6,9|14,5,6,13|14,5,6,15,2,1,9|14,5,6,15,2,1,10|14,5,6,15,2,9|14,5,6,15,9|14,5,6,15,13|14,5,9|14,5,13|14,5,15,2,1,9|14,5,15,2,1,10|14,5,15,2,9|14,5,15,6,9|14,5,15,6,13|14,5,15,9|14,5,15,13|15,2,1,9|15,2,1,10|15,2,9|15,5,6,9|15,5,6,13|15,5,9|15,5,13|15,6,5,9|15,6,5,13|15,6,9|15,6,13|15,9|15,13
14,7,5,6,12|14,7,5,6,13|14,7,5,12|14,7,5,13|14,7,12|14,7,13|15,2,1,9|15,2,1,10|15,2,9|15,12|15,13
14,5,7,6,12|14,5,7,6,13|14,5,12|14,5,13|14,5,15,12|14,5,15,13|14,7,5,12|14,7,5,13|14,7,5,15,12|14,7,5,15,13|14,7,6,12|14,7,6,13|15,5,7,6,12|15,5,7,6,13|15,5,12|15,5,13|15,5,14,7,6,12|15,5,14,7,6,13|15,12|15,13
14,6,5,12|14,6,5,13|14,6,7,12|14,6,7,13|14,6,7,15,12|14,6,7,15,13|14,6,12|14,6,13|14,7,6,5,12|14,7,6,5,13|14,7,6,12|14,7,6,13|14,7,12|14,7,13|14,7,15,12|14,7,15,13|15,7,6,5,12|15,7,6,5,13|15,7,6,12|15,7,6,13|15,7,12|15,7,13|15,7,14,6,5,12|15,7,14,6,5,13|15,7,14,6,12|15,7,14,6,13|15,12|15,13
14,5,6,7,12|14,5,6,7,13|14,5,6,7,15,12|14,5,6,7,15,13|14,5,7,12|14,5,7,13|14,5,7,15,12|14,5,7,15,13|14,5,12|14,5,13|14,5,15,7,12|14,5,15,7,13|14,5,15,12|14,5,15,13|14,6,5,7,12|14,6,5,7,13|14,6,5,7,15,12|14,6,5,7,15,13|14,6,5,12|14,6,5,13|14,6,5,15,7,12|14,6,5,15,7,13|14,6,5,15,12|14,6,5,15,13|14,6,7,5,12|14,6,7,5,13|14,6,7,5,15,12|14,6,7,5,15,13|14,6,7,12|14,6,7,13|14,6,7,15,5,12|14,6,7,15,5,13|14,6,7,15,12|14,6,7,15,13|14,7,5,12|14,7,5,13|14,7,5,15,12|14,7,5,15,13|14,7,6,5,12|14,7,6,5,13|14,7,6,5,15,12|14,7,6,5,15,13|14,7,12|14,7,13|14,7,15,5,12|14,7,15,5,13|14,7,15,12|14,7,15,13|15,5,6,7,12|15,5,6,7,13|15,5,6,14,7,12|15,5,6,14,7,13|15,5,7,12|15,5,7,13|15,5,12|15,5,13|15,5,14,6,7,12|15,5,14,6,7,13|15,5,14,7,12|15,5,14,7,13|15,7,5,12|15,7,5,13|15,7,6,5,12|15,7,6,5,13|15,7,6,14,5,12|15,7,6,14,5,13|15,7,12|15,7,13|15,7,14,5,12|15,7,14,5,13|15,7,14,6,5,12|15,7,14,6,5,13|15,12|15,13
14,6,7,5,12|14,6,7,5,13|14,6,7,12|14,6,7,13|14,6,7,15,12|14,6,7,15,13|14,6,12|14,6,13|14,6,15,7,5,12|14,6,15,7,5,13|14,6,15,7,12|14,6,15,7,13|14,6,15,12|14,6,15,13|15,6,7,5,12|15,6,7,5,13|15,6,7,12|15,6,7,13|15,6,12|15,6,13|15,7,5,12|15,7,5,13|15,7,6,12|15,7,6,13|15,7,12|15,7,13|15,12|15,13
14,5,6,7,10|14,5,6,7,12|14,5,6,7,15,10|14,5,6,7,15,12|14,5,6,10|14,5,6,12|14,5,6,15,7,10|14,5,6,15,7,12|14,5,6,15,10|14,5,6,15,12|14,5,7,6,10|14,5,7,6,12|14,5,7,6,15,10|14,5,7,6,15,12|14,5,7,10|14,5,7,12|14,5,7,15,6,10|14,5,7,15,6,12|14,5,7,15,10|14,5,7,15,12|14,5,10|14,5,12|14,5,13|14,5,15,6,7,10|14,5,15,6,7,12|14,5,15,6,10|14,5,15,6,12|14,5,15,7,6,10|14,5,15,7,6,12|14,5,15,7,10|14,5,15,7,12|14,5,15,10|14,5,15,12|15,5,6,7,10|15,5,6,7,12|15,5,6,10|15,5,6,12|15,5,7,6,10|15,5,7,6,12|15,5,7,10|15,5,7,12|15,5,10|15,5,12|15,5,13|15,6,5,7,10|15,6,5,7,12|15,6,5,10|15,6,5,12|15,6,5,13|15,6,7,5,10|15,6,7,5,12|15,6,7,5,13|15,6,7,10|15,6,7,12|15,6,10|15,6,12|15,7,5,6,10|15,7,5,6,12|15,7,5,10|15,7,5,12|15,7,5,13|15,7,6,5,10|15,7,6,5,12|15,7,6,5,13|15,7,6,10|15,7,6,12|15,7,10|15,7,12|15,10|15,12
15,1,2,9|15,1,9|15,10|15,12
14,5,10|14,5,12|14,5,15,1,2,9|14,5,15,1,9|14,5,15,10|14,5,15,12|15,1,2,9|15,1,9|15,5,10|15,5,12|15,10|15,12
14,6,5,7,9|14,6,5,7,10|14,6,5,9|14,6,5,10|14,6,7,5,9|14,6,7,5,10|14,6,7,9|14,6,7,10|14,6,9|14,6,10|14,7,5,6,9|14,7,5,6,10|14,7,5,9|14,7,5,10|14,7,6,5,9|14,7,6,5,10|14,7,6,9|14,7,6,10|14,7,9|14,7,10|15,1,2,9|15,1,9|15,9|15,10
14,5,9|14,5,10|14,5,15,1,9|14,5,15,2,1,9|14,5,15,9|14,5,15,10|14,6,5,9|14,6,5,10|14,6,5,15,1,9|14,6,5,15,2,1,9|14,6,5,15,9|14,6,5,15,10|14,6,7,5,9|14,6,7,5,10|14,6,7,5,15,1,9|14,6,7,5,15,2,1,9|14,6,7,5,15,9|14,6,7,5,15,10|14,7,5,9|14,7,5,10|14,7,5,15,1,9|14,7,5,15,2,1,9|14,7,5,15,9|14,7,5,15,10|14,7,6,5,9|14,7,6,5,10|14,7,6,5,15,1,9|14,7,6,5,15,2,1,9|14,7,6,5,15,9|14,7,6,5,15,10|15,1,9|15,2,1,9|15,5,9|15,5,10|15,9|15,10
14,6,7,9|14,6,7,10|14,6,7,15,1,9|14,6,7,15,2,1,9|14,6,7,15,9|14,6,7,15,10|14,6,9|14,6,10|14,6,15,1,9|14,6,15,2,1,9|14,6,15,7,9|14,6,15,7,10|14,6,15,9|14,6,15,10|14,7,6,9|14,7,6,10|14,7,6,15,1,9|14,7,6,15,2,1,9|14,7,6,15,9|14,7,6,15,10|14,7,9|14,7,10|14,7,15,1,9|14,7,15,2,1,9|14,7,15,6,9|14,7,15,6,10|14,7,15,9|14,7,15,10|15,1,9|15,2,1,9|15,6,7,9|15,6,7,10|15,6,9|15,6,10|15,6,14,7,9|15,6,14,7,10|15,7,6,9|15,7,6,10|15,7,9|15,7,10|15,7,14,6,9|15,7,14,6,10|15,9|15,10
14,5,6,7,9|14,5,6,7,10|14,5,6,7,15,1,9|14,5,6,7,15,2,1,9|14,5,6,7,15,9|14,5,6,7,15,10|14,5,6,9|14,5,6,10|14,5,6,15,1,9|14,5,6,15,2,1,9|14,5,6,15,7,9|14,5,6,15,7,10|14,5,6,15,9|14,5,6,15,10|14,5,7,6,9|14,5,7,6,10|14,5,7,6,15,1,9|14,5,7,6,15,2,1,9|14,5,7,6,15,9|14,5,7,6,15,10|14,5,7,9|14,5,7,10|14,5,7,15,1,9|14,5,7,15,2,1,9|14,5,7,15,6,9|14,5,7,15,6,10|14,5,7,15,9|14,5,7,15,10|14,5,9|14,5,10|14,5,15,1,9|14,5,15,2,1,9|14,5,15,6,7,9|14,5,15,6,7,10|14,5,15,6,9|14,5,15,6,10|14,5,15,7,6,9|14,5,15,7,6,10|14,5,15,7,9|14,5,15,7,10|14,5,15,9|14,5,15,10|14,7,5,6,9|14,7,5,6,10|14,7,5,6,15,1,9|14,7,5,6,15,2,1,9|14,7,5,6,15,9|14,7,5,6,15,10|14,7,5,9|14,7,5,10|14,7,5,15,1,9|14,7,5,15,2,1,9|14,7,5,15,6,9|14,7,5,15,6,10|14,7,5,15,9|14,7,5,15,10|14,7,6,5,9|14,7,6,5,10|14,7,6,5,15,1,9|14,7,6,5,15,2,1,9|14,7,6,5,15,9|14,7,6,5,15,10|14,7,6,9|14,7,6,10|14,7,6,15,1,9|14,7,6,15,2,1,9|14,7,6,15,5,9|14,7,6,15,5,10|14,7,6,15,9|14,7,6,15,10|14,7,9|14,7,10|14,7,15,1,9|14,7,15,2,1,9|14,7,15,5,6,9|14,7,15,5,6,10|14,7,15,5,9|14,7,15,5,10|14,7,15,6,5,9|14,7,15,6,5,10|14,7,15,6,9|14,7,15,6,10|14,7,15,9|14,7,15,10|15,1,9|15,2,1,9|15,5,6,7,9|15,5,6,7,10|15,5,6,9|15,5,6,10|15,5,7,6,9|15,5,7,6,10|15,5,7,9|15,5,7,10|15,5,9|15,5,10|15,5,14,7,6,9|15,5,14,7,6,10|15,5,14,7,9|15,5,14,7,10|15,6,5,7,9|15,6,5,7,10|15,6,5,9|15,6,5,10|15,6,5,14,7,9|15,6,5,14,7,10|15,6,7,5,9|15,6,7,5,10|15,6,7,9|15,6,7,10|15,6,7,14,5,9|15,6,7,14,5,10|15,6,9|15,6,10|15,7,5,6,9|15,7,5,6,10|15,7,5,9|15,7,5,10|15,7,6,5,9|15,7,6,5,10|15,7,6,9|15,7,6,10|15,7,9|15,7,10|15,7,14,5,6,9|15,7,14,5,6,10|15,7,14,5,9|15,7,14,5,10|15,9|15,10
15,1,9|15,2,1,9|15,7,5,6,9|15,7,5,6,10|15,7,5,9|15,7,5,10|15,7,6,5,9|15,7,6,5,10|15,7,6,9|15,7,6,10|15,7,9|15,7,10|15,9|15,10
14,5,7,6,9|14,5,7,6,13|14,5,7,9|14,5,7,13|14,5,7,15,1,9|14,5,7,15,2,1,9|14,5,7,15,9|14,5,7,15,13|14,5,9|14,5,10|14,5,13|14,5,15,1,9|14,5,15,2,1,9|14,5,15,7,6,9|14,5,15,7,6,13|14,5,15,7,9|14,5,15,7,13|14,5,15,9|14,5,15,13|15,1,9|15,2,1,9|15,5,7,6,9|15,5,7,6,13|15,5,7,9|15,5,7,13|15,5,9|15,5,10|15,5,13|15,7,5,9|15,7,5,10|15,7,5,13|15,7,6,9|15,7,6,13|15,7,9|15,7,13|15,9|15,13
14,6,5,7,9|14,6,5,7,13|14,6,5,9|14,6,5,13|14,6,7,5,9|14,6,7,5,13|14,6,7,9|14,6,7,13|14,6,9|14,6,13|15,1,9|15,2,1,9|15,9|15,13
14,5,6,7,9|14,5,6,7,13|14,5,9|14,5,13|14,5,15,1,9|14,5,15,2,1,9|14,5,15,9|14,5,15,13|14,6,5,9|14,6,5,13|14,6,5,15,1,9|14,6,5,15,2,1,9|14,6,5,15,9|14,6,5,15,13|14,6,7,9|14,6,7,13|15,1,9|15,2,1,9|15,5,6,7,9|15,5,6,7,13|15,5,9|15,5,13|15,5,14,6,7,9|15,5,14,6,7,13|15,9|15,13
14,6,7,5,12|14,6,7,5,13|14,6,7,12|14,6,7,13|14,6,12|14,6,13|14,6,15,1,2,13|14,6,15,1,9|14,6,15,2,1,9|14,6,15,2,13|14,6,15,12|14,6,15,13|14,7,5,12|14,7,5,13|14,7,6,12|14,7,6,13|14,7,6,15,1,2,13|14,7,6,15,1,9|14,7,6,15,2,1,9|14,7,6,15,2,13|14,7,6,15,12|14,7,6,15,13|14,7,12|14,7,13|15,1,2,13|15,1,9|15,2,1,9|15,2,13|15,6,7,5,12|15,6,7,5,13|15,6,7,12|15,6,7,13|15,6,12|15,6,13|15,6,14,7,5,12|15,6,14,7,5,13|15,6,14,7,12|15,6,14,7,13|15,12|15,13
14,5,6,12|14,5,6,13|14,5,6,15,1,2,13|14,5,6,15,1,9|14,5,6,15,2,1,9|14,5,6,15,2,13|14,5,6,15,12|14,5,6,15,13|14,5,7,6,12|14,5,7,6,13|14,5,7,6,15,1,2,13|14,5,7,6,15,1,9|14,5,7,6,15,2,1,9|14,5,7,6,15,2,13|14,5,7,6,15,12|14,5,7,6,15,13|14,5,12|14,5,13|14,5,15,1,2,13|14,5,15,1,9|14,5,15,2,1,9|14,5,15,2,13|14,5,15,6,12|14,5,15,6,13|14,5,15,12|14,5,15,13|14,7,5,6,12|14,7,5,6,13|14,7,5,6,15,1,2,13|14,7,5,6,15,1,9|14,7,5,6,15,2,1,9|14,7,5,6,15,2,13|14,7,5,6,15,12|14,7,5,6,15,13|14,7,5,12|14,7,5,13|14,7,5,15,1,2,13|14,7,5,15,1,9|14,7,5,15,2,1,9|14,7,5,15,2,13|14,7,5,15,6,12|14,7,5,15,6,13|14,7,5,15,12|14,7,5,15,13|14,7,6,5,12|14,7,6,5,13|14,7,6,5,15,1,2,13|14,7,6,5,15,1,9|14,7,6,5,15,2,1,9|14,7,6,5,15,2,13|14,7,6,5,15,12|14,7,6,5,15,13|14,7,6,12|14,7,6,13|14,7,6,15,1,2,13|14,7,6,15,1,9|14,7,6,15,2,1,9|14,7,6,15,2,13|14,7,6,15,5,12|14,7,6,15,5,13|14,7,6,15,12|14,7,6,15,13|15,1,2,13|15,1,9|15,2,1,9|15,2,13|15,5,6,12|15,5,6,13|15,5,7,6,12|15,5,7,6,13|15,5,12|15,5,13|15,5,14,7,6,12|15,5,14,7,6,13|15,6,5,12|15,6,5,13|15,6,7,5,12|15,6,7,5,13|15,6,7,14,5,12|15,6,7,14,5,13|15,6,12|15,6,13|15,12|15,13
14,7,12|14,7,13|14,7,15,1,2,13|14,7,15,2,13|14,7,15,12|14,7,15,13|15,1,2,13|15,2,13|15,7,12|15,7,13|15,12|15,13
14,5,7,12|14,5,7,13|14,5,7,15,2,13|14,5,7,15,12|14,5,7,15,13|14,5,12|14,5,13|14,5,15,2,13|14,5,15,7,12|14,5,15,7,13|14,5,15,12|14,5,15,13|14,7,5,12|14,7,5,13|14,7,5,15,2,13|14,7,5,15,12|14,7,5,15,13|14,7,12|14,7,13|14,7,15,2,13|14,7,15,5,12|14,7,15,5,13|14,7,15,12|14,7,15,13|15,2,13|15,5,7,12|15,5,7,13|15,5,12|15,5,13|15,5,14,7,12|15,5,14,7,13|15,7,5,12|15,7,5,13|15,7,12|15,7,13|15,7,14,5,12|15,7,14,5,13|15,12|15,13
14,6,5,7,12|14,6,5,7,13|14,6,5,7,15,2,13|14,6,5,7,15,12|14,6,5,7,15,13|14,6,5,12|14,6,5,13|14,6,12|14,6,13|15,2,13|15,7,5,6,12|15,7,5,6,13|15,7,5,12|15,7,5,13|15,7,12|15,7,13|15,12|15,13
14,5,7,10|14,5,7,12|14,5,7,15,10|14,5,7,15,12|14,5,10|14,5,12|14,5,13|14,5,15,7,10|14,5,15,7,12|14,5,15,10|14,5,15,12|14,6,5,7,10|14,6,5,7,12|14,6,5,7,15,10|14,6,5,7,15,12|14,6,5,10|14,6,5,12|14,6,5,13|14,6,5,15,7,10|14,6,5,15,7,12|14,6,5,15,10|14,6,5,15,12|15,5,7,10|15,5,7,12|15,5,10|15,5,12|15,5,13|15,7,5,10|15,7,5,12|15,7,5,13|15,7,10|15,7,12|15,10|15,12
14,6,10|14,6,12|14,6,15,10|14,6,15,12|15,6,10|15,6,12|15,10|15,12
14,5,6,10|14,5,6,12|14,5,6,15,10|14,5,6,15,12|14,5,10|14,5,12|14,5,15,6,10|14,5,15,6,12|14,5,15,10|14,5,15,12|15,5,6,10|15,5,6,12|15,5,10|15,5,12|15,6,5,10|15,6,5,12|15,6,10|15,6,12|15,10|15,12
14,7,5,6,9|14,7,5,6,10|14,7,5,9|14,7,5,10|14,7,9|14,7,10|15,9|15,10
14,5,7,6,9|14,5,7,6,10|14,5,9|14,5,10|14,5,15,9|14,5,15,10|14,7,5,9|14,7,5,10|14,7,5,15,9|14,7,5,15,10|14,7,6,9|14,7,6,10|15,5,7,6,9|15,5,7,6,10|15,5,9|15,5,10|15,5,14,7,6,9|15,5,14,7,6,10|15,9|15,10
14,6,5,9|14,6,5,10|14,6,7,9|14,6,7,10|14,6,7,15,1,2,13|14,6,7,15,1,13|14,6,7,15,9|14,6,7,15,10|14,6,9|14,6,10|14,7,6,5,9|14,7,6,5,10|14,7,6,9|14,7,6,10|14,7,9|14,7,10|14,7,15,1,2,13|14,7,15,1,13|14,7,15,9|14,7,15,10|15,1,2,13|15,1,13|15,7,6,5,9|15,7,6,5,10|15,7,6,9|15,7,6,10|15,7,9|15,7,10|15,7,14,6,5,9|15,7,14,6,5,10|15,7,14,6,9|15,7,14,6,10|15,9|15,10
14,5,6,7,9|14,5,6,7,10|14,5,6,7,15,1,2,13|14,5,6,7,15,1,13|14,5,6,7,15,9|14,5,6,7,15,10|14,5,7,9|14,5,7,10|14,5,7,15,1,2,13|14,5,7,15,1,13|14,5,7,15,9|14,5,7,15,10|14,5,9|14,5,10|14,5,15,1,2,13|14,5,15,1,13|14,5,15,7,9|14,5,15,7,10|14,5,15,9|14,5,15,10|14,6,5,7,9|14,6,5,7,10|14,6,5,7,15,1,2,13|14,6,5,7,15,1,13|14,6,5,7,15,9|14,6,5,7,15,10|14,6,5,9|14,6,5,10|14,6,5,15,1,2,13|14,6,5,15,1,13|14,6,5,15,7,9|14,6,5,15,7,10|14,6,5,15,9|14,6,5,15,10|14,6,7,5,9|14,6,7,5,10|14,6,7,5,15,1,2,13|14,6,7,5,15,1,13|14,6,7,5,15,9|14,6,7,5,15,10|14,6,7,9|14,6,7,10|14,6,7,15,1,2,13|14,6,7,15,1,13|14,6,7,15,5,9|14,6,7,15,5,10|14,6,7,15,9|14,6,7,15,10|14,7,5,9|14,7,5,10|14,7,5,15,1,2,13|14,7,5,15,1,13|14,7,5,15,9|14,7,5,15,10|14,7,6,5,9|14,7,6,5,10|14,7,6,5,15,1,2,13|14,7,6,5,15,1,13|14,7,6,5,15,9|14,7,6,5,15,10|14,7,9|14,7,10|14,7,15,1,2,13|14,7,15,1,13|14,7,15,5,9|14,7,15,5,10|14,7,15,9|14,7,15,10|15,1,2,13|15,1,13|15,5,6,7,9|15,5,6,7,10|15,5,6,14,7,9|15,5,6,14,7,10|15,5,7,9|15,5,7,10|15,5,9|15,5,10|15,5,14,6,7,9|15,5,14,6,7,10|15,5,14,7,9|15,5,14,7,10|15,7,5,9|15,7,5,10|15,7,6,5,9|15,7,6,5,10|15,7,6,14,5,9|15,7,6,14,5,10|15,7,9|15,7,10|15,7,14,5,9|15,7,14,5,10|15,7,14,6,5,9|15,7,14,6,5,10|15,9|15,10
14,6,7,5,9|14,6,7,5,10|14,6,7,9|14,6,7,10|14,6,7,15,1,2,13|14,6,7,15,1,13|14,6,7,15,9|14,6,7,15,10|14,6,9|14,6,10|14,6,15,1,2,13|14,6,15,1,13|14,6,15,7,5,9|14,6,15,7,5,10|14,6,15,7,9|14,6,15,7,10|14,6,15,9|14,6,15,10|15,1,2,13|15,1,13|15,6,7,5,9|15,6,7,5,10|15,6,7,9|15,6,7,10|15,6,9|15,6,10|15,7,5,9|15,7,5,10|15,7,6,9|15,7,6,10|15,7,9|15,7,10|15,9|15,10
14,5,6,7,9|14,5,6,7,13|14,5,6,7,15,1,2,13|14,5,6,7,15,1,13|14,5,6,7,15,2,1,13|14,5,6,7,15,2,13|14,5,6,7,15,9|14,5,6,7,15,13|14,5,6,9|14,5,6,13|14,5,6,15,1,2,13|14,5,6,15,1,13|14,5,6,15,2,1,13|14,5,6,15,2,13|14,5,6,15,7,9|14,5,6,15,7,13|14,5,6,15,9|14,5,6,15,13|14,5,7,6,9|14,5,7,6,13|14,5,7,6,15,1,2,13|14,5,7,6,15,1,13|14,5,7,6,15,2,1,13|14,5,7,6,15,2,13|14,5,7,6,15,9|14,5,7,6,15,13|14,5,7,9|14,5,7,13|14,5,7,15,1,2,13|14,5,7,15,1,13|14,5,7,15,2,1,13|14,5,7,15,2,13|14,5,7,15,6,9|14,5,7,15,6,13|14,5,7,15,9|14,5,7,15,13|14,5,9|14,5,10|14,5,13|14,5,15,1,2,13|14,5,15,1,13|14,5,15,2,1,13|14,5,15,2,13|14,5,15,6,7,9|14,5,15,6,7,13|14,5,15,6,9|14,5,15,6,13|14,5,15,7,6,9|14,5,15,7,6,13|14,5,15,7,9|14,5,15,7,13|14,5,15,9|14,5,15,13|15,1,2,13|15,1,13|15,2,1,13|15,2,13|15,5,6,7,9|15,5,6,7,13|15,5,6,9|15,5,6,13|15,5,7,6,9|15,5,7,6,13|15,5,7,9|15,5,7,13|15,5,9|15,5,10|15,5,13|15,6,5,7,9|15,6,5,7,13|15,6,5,9|15,6,5,10|15,6,5,13|15,6,7,5,9|15,6,7,5,10|15,6,7,5,13|15,6,7,9|15,6,7,13|15,6,9|15,6,13|15,7,5,6,9|15,7,5,6,13|15,7,5,9|15,7,5,10|15,7,5,13|15,7,6,5,9|15,7,6,5,10|15,7,6,5,13|15,7,6,9|15,7,6,13|15,7,9|15,7,13|15,9|15,13
15,1,2,12|15,1,2,13|15,1,13|15,2,1,13|15,2,12|15,2,13|15,9|15,13
14,5,9|14,5,13|14,5,15,1,2,12|14,5,15,1,2,13|14,5,15,1,13|14,5,15,2,1,13|14,5,15,2,12|14,5,15,2,13|14,5,15,9|14,5,15,13|15,1,2,12|15,1,2,13|15,1,13|15,2,1,13|15,2,12|15,2,13|15,5,9|15,5,13|15,9|15,13
14,6,5,7,12|14,6,5,7,13|14,6,5,12|14,6,5,13|14,6,7,5,12|14,6,7,5,13|14,6,7,12|14,6,7,13|14,6,12|14,6,13|14,7,5,6,12|14,7,5,6,13|14,7,5,12|14,7,5,13|14,7,6,5,12|14,7,6,5,13|14,7,6,12|14,7,6,13|14,7,12|14,7,13|15,1,2,12|15,1,2,13|15,1,13|15,2,1,13|15,2,12|15,2,13|15,12|15,13
14,5,12|14,5,13|14,5,15,1,2,12|14,5,15,1,2,13|14,5,15,1,13|14,5,15,2,1,13|14,5,15,2,12|14,5,15,2,13|14,5,15,12|14,5,15,13|14,6,5,12|14,6,5,13|14,6,5,15,1,2,12|14,6,5,15,1,2,13|14,6,5,15,1,13|14,6,5,15,2,1,13|14,6,5,15,2,12|14,6,5,15,2,13|14,6,5,15,12|14,6,5,15,13|14,6,7,5,12|14,6,7,5,13|14,6,7,5,15,1,2,12|14,6,7,5,15,1,2,13|14,6,7,5,15,1,13|14,6,7,5,15,2,1,13|14,6,7,5,15,2,12|14,6,7,5,15,2,13|14,6,7,5,15,12|14,6,7,5,15,13|14,7,5,12|14,7,5,13|14,7,5,15,1,2,12|14,7,5,15,1,2,13|14,7,5,15,1,13|14,7,5,15,2,1,13|14,7,5,15,2,12|14,7,5,15,2,13|14,7,5,15,12|14,7,5,15,13|14,7,6,5,12|14,7,6,5,13|14,7,6,5,15,1,2,12|14,7,6,5,15,1,2,13|14,7,6,5,15,1,13|14,7,6,5,15,2,1,13|14,7,6,5,15,2,12|14,7,6,5,15,2,13|14,7,6,5,15,12|14,7,6,5,15,13|15,1,2,12|15,1,2,13|15,1,13|15,2,1,13|15,2,12|15,2,13|15,5,12|15,5,13|15,12|15,13
14,6,7,12|14,6,7,13|14,6,7,15,1,2,12|14,6,7,15,1,2,13|14,6,7,15,1,13|14,6,7,15,2,1,13|14,6,7,15,2,12|14,6,7,15,2,13|14,6,7,15,12|14,6,7,15,13|14,6,12|14,6,13|14,6,15,1,2,12|14,6,15,1,2,13|14,6,15,1,13|14,6,15,2,1,13|14,6,15,2,12|14,6,15,2,13|14,6,15,7,12|14,6,15,7,13|14,6,15,12|14,6,15,13|14,7,6,12|14,7,6,13|14,7,6,15,1,2,12|14,7,6,15,1,2,13|14,7,6,15,1,13|14,7,6,15,2,1,13|14,7,6,15,2,12|14,7,6,15,2,13|14,7,6,15,12|14,7,6,15,13|14,7,12|14,7,13|14,7,15,1,2,12|14,7,15,1,2,13|14,7,15,1,13|14,7,15,2,1,13|14,7,15,2,12|14,7,15,2,13|14,7,15,6,12|14,7,15,6,13|14,7,15,12|14,7,15,13|15,1,2,12|15,1,2,13|15,1,13|15,2,1,13|15,2,12|15,2,13|15,6,7,12|15,6,7,13|15,6,12|15,6,13|15,6,14,7,12|15,6,14,7,13|15,7,6,12|15,7,6,13|15,7,12|15,7,13|15,7,14,6,12|15,7,14,6,13|15,12|15,13
14,5,6,7,12|14,5,6,7,13|14,5,6,7,15,1,2,12|14,5,6,7,15,1,2,13|14,5,6,7,15,1,13|14,5,6,7,15,2,1,13|14,5,6,7,15,2,12|14,5,6,7,15,2,13|14,5,6,7,15,12|14,5,6,7,15,13|14,5,6,12|14,5,6,13|14,5,6,15,1,2,12|14,5,6,15,1,2,13|14,5,6,15,1,13|14,5,6,15,2,1,13|14,5,6,15,2,12|14,5,6,15,2,13|14,5,6,15,7,12|14,5,6,15,7,13|14,5,6,15,12|14,5,6,15,13|14,5,7,6,12|14,5,7,6,13|14,5,7,6,15,1,2,12|14,5,7,6,15,1,2,13|14,5,7,6,15,1,13|14,5,7,6,15,2,1,13|14,5,7,6,15,2,12|14,5,7,6,15,2,13|14,5,7,6,15,12|14,5,7,6,15,13|14,5,7,12|14,5,7,13|14,5,7,15,1,2,12|14,5,7,15,1,2,13|14,5,7,15,1,13|14,5,7,15,2,1,13|14,5,7,15,2,12|14,5,7,15,2,13|14,5,7,15,6,12|14,5,7,15,6,13|14,5,7,15,12|14,5,7,15,13|14,5,12|14,5,13|14,5,15,1,2,12|14,5,15,1,2,13|14,5,15,1,13|14,5,15,2,1,13|14,5,15,2,12|14,5,15,2,13|14,5,15,6,7,12|14,5,15,6,7,13|14,5,15,6,12|14,5,15,6,13|14,5,15,7,6,12|14,5,15,7,6,13|14,5,15,7,12|14,5,15,7,13|14,5,15,12|14,5,15,13|14,7,5,6,12|14,7,5,6,13|14,7,5,6,15,1,2,12|14,7,5,6,15,1,2,13|14,7,5,6,15,1,13|14,7,5,6,15,2,1,13|14,7,5,6,15,2,12|14,7,5,6,15,2,13|14,7,5,6,15,12|14,7,5,6,15,13|14,7,5,12|14,7,5,13|14,7,5,15,1,2,12|14,7,5,15,1,2,13|14,7,5,15,1,13|14,7,5,15,2,1,13|14,7,5,15,2,12|14,7,5,15,2,13|14,7,5,15,6,12|14,7,5,15,6,13|14,7,5,15,12|14,7,5,15,13|14,7,6,5,12|14,7,6,5,13|14,7,6,5,15,1,2,12|14,7,6,5,15,1,2,13|14,7,6,5,15,1,13|14,7,6,5,15,2,1,13|14,7,6,5,15,2,12|14,7,6,5,15,2,13|14,7,6,5,15,12|14,7,6,5,15,13|14,7,6,12|14,7,6,13|14,7,6,15,1,2,12|14,7,6,15,1,2,13|14,7,6,15,1,13|14,7,6,15,2,1,13|14,7,6,15,2,12|14,7,6,15,2,13|14,7,6,15,5,12|14,7,6,15,5,13|14,7,6,15,12|14,7,6,15,13|14,7,12|14,7,13|14,7,15,1,2,12|14,7,15,1,2,13|14,7,15,1,13|14,7,15,2,1,13|14,7,15,2,12|14,7,15,2,13|14,7,15,5,6,12|14,7,15,5,6,13|14,7,15,5,12|14,7,15,5,13|14,7,15,6,5,12|14,7,15,6,5,13|14,7,15,6,12|14,7,15,6,13|14,7,15,12|14,7,15,13|15,1,2,12|15,1,2,13|15,1,13|15,2,1,13|15,2,12|15,2,13|15,5,6,7,12|15,5,6,7,13|15,5,6,12|15,5,6,13|15,5,7,6,12|15,5,7,6,13|15,5,7,12|15,5,7,13|15,5,12|15,5,13|15,5,14,7,6,12|15,5,14,7,6,13|15,5,14,7,12|15,5,14,7,13|15,6,5,7,12|15,6,5,7,13|15,6,5,12|15,6,5,13|15,6,5,14,7,12|15,6,5,14,7,13|15,6,7,5,12|15,6,7,5,13|15,6,7,12|15,6,7,13|15,6,7,14,5,12|15,6,7,14,5,13|15,6,12|15,6,13|15,7,5,6,12|15,7,5,6,13|15,7,5,12|15,7,5,13|15,7,6,5,12|15,7,6,5,13|15,7,6,12|15,7,6,13|15,7,12|15,7,13|15,7,14,5,6,12|15,7,14,5,6,13|15,7,14,5,12|15,7,14,5,13|15,12|15,13
15,1,2,12|15,1,13|15,2,1,13|15,2,12|15,7,5,6,12|15,7,5,6,13|15,7,5,12|15,7,5,13|15,7,6,5,12|15,7,6,5,13|15,7,6,12|15,7,6,13|15,7,12|15,7,13|15,12|15,13
14,5,7,6,10|14,5,7,6,12|14,5,7,10|14,5,7,12|14,5,7,15,0,2,1,13|14,5,7,15,0,2,12|14,5,7,15,1,2,12|14,5,7,15,1,13|14,5,7,15,2,1,13|14,5,7,15,2,12|14,5,7,15,10|14,5,7,15,12|14,5,10|14,5,12|14,5,13|14,5,15,0,2,1,13|14,5,15,0,2,12|14,5,15,1,2,12|14,5,15,1,13|14,5,15,2,1,13|14,5,15,2,12|14,5,15,7,6,10|14,5,15,7,6,12|14,5,15,7,10|14,5,15,7,12|14,5,15,10|14,5,15,12|15,0,2,1,13|15,0,2,12|15,1,2,12|15,1,13|15,2,1,13|15,2,12|15,5,7,6,10|15,5,7,6,12|15,5,7,10|15,5,7,12|15,5,10|15,5,12|15,5,13|15,7,5,10|15,7,5,12|15,7,5,13|15,7,6,10|15,7,6,12|15,7,10|15,7,12|15,10|15,12
14,6,5,7,10|14,6,5,7,12|14,6,5,10|14,6,5,12|14,6,7,5,10|14,6,7,5,12|14,6,7,10|14,6,7,12|14,6,10|14,6,12|15,0,2,1,13|15,0,2,12|15,1,2,12|15,1,13|15,2,1,13|15,2,12|15,10|15,12
14,5,6,7,10|14,5,6,7,12|14,5,10|14,5,12|14,5,15,0,2,1,12|14,5,15,0,2,1,13|14,5,15,0,2,12|14,5,15,2,1,12|14,5,15,2,1,13|14,5,15,2,12|14,5,15,10|14,5,15,12|14,6,5,10|14,6,5,12|14,6,5,15,0,2,1,12|14,6,5,15,0,2,1,13|14,6,5,15,0,2,12|14,6,5,15,2,1,12|14,6,5,15,2,1,13|14,6,5,15,2,12|14,6,5,15,10|14,6,5,15,12|14,6,7,10|14,6,7,12|15,0,2,1,12|15,0,2,1,13|15,0,2,12|15,2,1,12|15,2,1,13|15,2,12|15,5,6,7,10|15,5,6,7,12|15,5,10|15,5,12|15,5,14,6,7,10|15,5,14,6,7,12|15,10|15,12
14,6,7,5,9|14,6,7,5,10|14,6,7,9|14,6,7,10|14,6,9|14,6,10|14,6,15,0,2,1,12|14,6,15,0,2,1,13|14,6,15,0,2,12|14,6,15,2,1,12|14,6,15,2,1,13|14,6,15,2,12|14,6,15,9|14,6,15,10|14,7,5,9|14,7,5,10|14,7,6,9|14,7,6,10|14,7,6,15,0,2,1,12|14,7,6,15,0,2,1,13|14,7,6,15,0,2,12|14,7,6,15,2,1,12|14,7,6,15,2,1,13|14,7,6,15,2,12|14,7,6,15,9|14,7,6,15,10|14,7,9|14,7,10|15,0,2,1,12|15,0,2,1,13|15,0,2,12|15,2,1,12|15,2,1,13|15,2,12|15,6,7,5,9|15,6,7,5,10|15,6,7,9|15,6,7,10|15,6,9|15,6,10|15,6,14,7,5,9|15,6,14,7,5,10|15,6,14,7,9|15,6,14,7,10|15,9|15,10
14,5,6,9|14,5,6,10|14,5,6,15,0,2,1,12|14,5,6,15,0,2,1,13|14,5,6,15,0,2,12|14,5,6,15,9|14,5,6,15,10|14,5,7,6,9|14,5,7,6,10|14,5,7,6,15,0,2,1,12|14,5,7,6,15,0,2,1,13|14,5,7,6,15,0,2,12|14,5,7,6,15,9|14,5,7,6,15,10|14,5,9|14,5,10|14,5,15,0,2,1,12|14,5,15,0,2,1,13|14,5,15,0,2,12|14,5,15,6,9|14,5,15,6,10|14,5,15,9|14,5,15,10|14,7,5,6,9|14,7,5,6,10|14,7,5,6,15,0,2,1,12|14,7,5,6,15,0,2,1,13|14,7,5,6,15,0,2,12|14,7,5,6,15,9|14,7,5,6,15,10|14,7,5,9|14,7,5,10|14,7,5,15,0,2,1,12|14,7,5,15,0,2,1,13|14,7,5,15,0,2,12|14,7,5,15,6,9|14,7,5,15,6,10|14,7,5,15,9|14,7,5,15,10|14,7,6,5,9|14,7,6,5,10|14,7,6,5,15,0,2,1,12|14,7,6,5,15,0,2,1,13|14,7,6,5,15,0,2,12|14,7,6,5,15,9|14,7,6,5,15,10|14,7,6,9|14,7,6,10|14,7,6,15,0,2,1,12|14,7,6,15,0,2,1,13|14,7,6,15,0,2,12|14,7,6,15,5,9|14,7,6,15,5,10|14,7,6,15,9|14,7,6,15,10|15,0,2,1,12|15,0,2,1,13|15,0,2,12|15,5,6,9|15,5,6,10|15,5,7,6,9|15,5,7,6,10|15,5,9|15,5,10|15,5,14,7,6,9|15,5,14,7,6,10|15,6,5,9|15,6,5,10|15,6,7,5,9|15,6,7,5,10|15,6,7,14,5,9|15,6,7,14,5,10|15,6,9|15,6,10|15,9|15,10
14,7,9|14,7,10|14,7,15,0,2,1,12|14,7,15,0,2,1,13|14,7,15,0,2,12|14,7,15,9|14,7,15,10|15,0,2,1,12|15,0,2,1,13|15,0,2,12|15,7,9|15,7,10|15,9|15,10
14,5,7,9|14,5,7,10|14,5,7,15,0,2,1,12|14,5,7,15,0,2,1,13|14,5,7,15,0,2,12|14,5,7,15,9|14,5,7,15,10|14,5,9|14,5,10|14,5,15,0,2,1,12|14,5,15,0,2,1,13|14,5,15,0,2,12|14,5,15,7,9|14,5,15,7,10|14,5,15,9|14,5,15,10|14,7,5,9|14,7,5,10|14,7,5,15,0,2,1,12|14,7,5,15,0,2,1,13|14,7,5,15,0,2,12|14,7,5,15,9|14,7,5,15,10|14,7,9|14,7,10|14,7,15,0,2,1,12|14,7,15,0,2,1,13|14,7,15,0,2,12|14,7,15,5,9|14,7,15,5,10|14,7,15,9|14,7,15,10|15,0,2,1,12|15,0,2,1,13|15,0,2,12|15,5,7,9|15,5,7,10|15,5,9|15,5,10|15,5,14,7,9|15,5,14,7,10|15,7,5,9|15,7,5,10|15,7,9|15,7,10|15,7,14,5,9|15,7,14,5,10|15,9|15,10
14,6,5,7,9|14,6,5,7,10|14,6,5,7,15,9|14,6,5,7,15,10|14,6,5,9|14,6,5,10|14,6,9|14,6,10|15,7,5,6,9|15,7,5,6,10|15,7,5,9|15,7,5,10|15,7,9|15,7,10|15,9|15,10
14,5,7,9|14,5,7,13|14,5,7,15,9|14,5,7,15,13|14,5,9|14,5,10|14,5,13|14,5,15,7,9|14,5,15,7,13|14,5,15,9|14,5,15,13|14,6,5,7,9|14,6,5,7,13|14,6,5,7,15,9|14,6,5,7,15,13|14,6,5,9|14,6,5,10|14,6,5,13|14,6,5,15,7,9|14,6,5,15,7,13|14,6,5,15,9|14,6,5,15,13|15,5,7,9|15,5,7,13|15,5,9|15,5,10|15,5,13|15,7,5,9|15,7,5,10|15,7,5,13|15,7,9|15,7,13|15,9|15,13
14,6,9|14,6,13|14,6,15,1,0,2,12|14,6,15,1,2,12|14,6,15,1,12|14,6,15,9|14,6,15,13|15,1,0,2,12|15,1,2,12|15,1,12|15,6,9|15,6,13|15,9|15,13
14,5,6,9|14,5,6,13|14,5,6,15,1,0,2,12|14,5,6,15,1,2,12|14,5,6,15,1,12|14,5,6,15,9|14,5,6,15,13|14,5,9|14,5,13|14,5,15,1,0,2,12|14,5,15,1,2,12|14,5,15,1,12|14,5,15,6,9|14,5,15,6,13|14,5,15,9|14,5,15,13|15,1,0,2,12|15,1,2,12|15,1,12|15,5,6,9|15,5,6,13|15,5,9|15,5,13|15,6,5,9|15,6,5,13|15,6,9|15,6,13|15,9|15,13
14,7,5,6,12|14,7,5,6,13|14,7,5,12|14,7,5,13|14,7,12|14,7,13|15,1,0,2,12|15,1,2,12|15,1,12|15,12|15,13
14,5,7,6,12|14,5,7,6,13|14,5,12|14,5,13|14,5,15,0,1,12|14,5,15,0,2,1,12|14,5,15,1,12|14,5,15,2,0,1,12|14,5,15,2,1,12|14,5,15,12|14,5,15,13|14,7,5,12|14,7,5,13|14,7,5,15,0,1,12|14,7,5,15,0,2,1,12|14,7,5,15,1,12|14,7,5,15,2,0,1,12|14,7,5,15,2,1,12|14,7,5,15,12|14,7,5,15,13|14,7,6,12|14,7,6,13|15,0,1,12|15,0,2,1,12|15,1,12|15,2,0,1,12|15,2,1,12|15,5,7,6,12|15,5,7,6,13|15,5,12|15,5,13|15,5,14,7,6,12|15,5,14,7,6,13|15,12|15,13
14,6,5,12|14,6,5,13|14,6,7,12|14,6,7,13|14,6,7,15,0,1,12|14,6,7,15,0,2,1,12|14,6,7,15,1,12|14,6,7,15,2,0,1,12|14,6,7,15,2,1,12|14,6,7,15,12|14,6,7,15,13|14,6,12|14,6,13|14,7,6,5,12|14,7,6,5,13|14,7,6,12|14,7,6,13|14,7,12|14,7,13|14,7,15,0,1,12|14,7,15,0,2,1,12|14,7,15,1,12|14,7,15,2,0,1,12|14,7,15,2,1,12|14,7,15,12|14,7,15,13|15,0,1,12|15,0,2,1,12|15,1,12|15,2,0,1,12|15,2,1,12|15,7,6,5,12|15,7,6,5,13|15,7,6,12|15,7,6,13|15,7,12|15,7,13|15,7,14,6,5,12|15,7,14,6,5,13|15,7,14,6,12|15,7,14,6,13|15,12|15,13
14,5,6,7,12|14,5,6,7,13|14,5,6,7,15,0,1,12|14,5,6,7,15,0,2,1,12|14,5,6,7,15,1,12|14,5,6,7,15,2,0,1,12|14,5,6,7,15,2,1,12|14,5,6,7,15,12|14,5,6,7,15,13|14,5,7,12|14,5,7,13|14,5,7,15,0,1,12|14,5,7,15,0,2,1,12|14,5,7,15,1,12|14,5,7,15,2,0,1,12|14,5,7,15,2,1,12|14,5,7,15,12|14,5,7,15,13|14,5,12|14,5,13|14,5,15,0,1,12|14,5,15,0,2,1,12|14,5,15,1,12|14,5,15,2,0,1,12|14,5,15,2,1,12|14,5,15,7,12|14,5,15,7,13|14,5,15,12|14,5,15,13|14,6,5,7,12|14,6,5,7,13|14,6,5,7,15,0,1,12|14,6,5,7,15,0,2,1,12|14,6,5,7,15,1,12|14,6,5,7,15,2,0,1,12|14,6,5,7,15,2,1,12|14,6,5,7,15,12|14,6,5,7,15,13|14,6,5,12|14,6,5,13|14,6,5,15,0,1,12|14,6,5,15,0,2,1,12|14,6,5,15,1,12|14,6,5,15,2,0,1,12|14,6,5,15,2,1,12|14,6,5,15,7,12|14,6,5,15,7,13|14,6,5,15,12|14,6,5,15,13|14,6,7,5,12|14,6,7,5,13|14,6,7,5,15,0,1,12|14,6,7,5,15,0,2,1,12|14,6,7,5,15,1,12|14,6,7,5,15,2,0,1,12|14,6,7,5,15,2,1,12|14,6,7,5,15,12|14,6,7,5,15,13|14,6,7,12|14,6,7,13|14,6,7,15,0,1,12|14,6,7,15,0,2,1,12|14,6,7,15,1,12|14,6,7,15,2,0,1,12|14,6,7,15,2,1,12|14,6,7,15,5,12|14,6,7,15,5,13|14,6,7,15,12|14,6,7,15,13|14,7,5,12|14,7,5,13|14,7,5,15,0,1,12|14,7,5,15,0,2,1,12|14,7,5,15,1,12|14,7,5,15,2,0,1,12|14,7,5,15,2,1,12|14,7,5,15,12|14,7,5,15,13|14,7,6,5,12|14,7,6,5,13|14,7,6,5,15,0,1,12|14,7,6,5,15,0,2,1,12|14,7,6,5,15,1,12|14,7,6,5,15,2,0,1,12|14,7,6,5,15,2,1,12|14,7,6,5,15,12|14,7,6,5,15,13|14,7,12|14,7,13|14,7,15,0,1,12|14,7,15,0,2,1,12|14,7,15,1,12|14,7,15,2,0,1,12|14,7,15,2,1,12|14,7,15,5,12|14,7,15,5,13|14,7,15,12|14,7,15,13|15,0,1,12|15,0,2,1,12|15,1,12|15,2,0,1,12|15,2,1,12|15,5,6,7,12|15,5,6,7,13|15,5,6,14,7,12|15,5,6,14,7,13|15,5,7,12|15,5,7,13|15,5,12|15,5,13|15,5,14,6,7,12|15,5,14,6,7,13|15,5,14,7,12|15,5,14,7,13|15,7,5,12|15,7,5,13|15,7,6,5,12|15,7,6,5,13|15,7,6,14,5,12|15,7,6,14,5,13|15,7,12|15,7,13|15,7,14,5,12|15,7,14,5,13|15,7,14,6,5,12|15,7,14,6,5,13|15,12|15,13
14,6,7,5,12|14,6,7,5,13|14,6,7,12|14,6,7,13|14,6,7,15,0,1,12|14,6,7,15,0,2,1,12|14,6,7,15,1,12|14,6,7,15,2,0,1,12|14,6,7,15,2,1,12|14,6,7,15,12|14,6,7,15,13|14,6,12|14,6,13|14,6,15,0,1,12|14,6,15,0,2,1,12|14,6,15,1,12|14,6,15,2,0,1,12|14,6,15,2,1,12|14,6,15,7,5,12|14,6,15,7,5,13|14,6,15,7,12|14,6,15,7,13|14,6,15,12|14,6,15,13|15,0,1,12|15,0,2,1,12|15,1,12|15,2,0,1,12|15,2,1,12|15,6,7,5,12|15,6,7,5,13|15,6,7,12|15,6,7,13|15,6,12|15,6,13|15,7,5,12|15,7,5,13|15,7,6,12|15,7,6,13|15,7,12|15,7,13|15,12|15,13
14,5,6,7,10|14,5,6,7,12|14,5,6,7,15,0,1,12|14,5,6,7,15,0,2,1,12|14,5,6,7,15,1,12|14,5,6,7,15,2,0,1,12|14,5,6,7,15,2,1,12|14,5,6,7,15,10|14,5,6,7,15,12|14,5,6,10|14,5,6,12|14,5,6,15,0,1,12|14,5,6,15,0,2,1,12|14,5,6,15,1,12|14,5,6,15,2,0,1,12|14,5,6,15,2,1,12|14,5,6,15,7,10|14,5,6,15,7,12|14,5,6,15,10|14,5,6,15,12|14,5,7,6,10|14,5,7,6,12|14,5,7,6,15,0,1,12|14,5,7,6,15,0,2,1,12|14,5,7,6,15,1,12|14,5,7,6,15,2,0,1,12|14,5,7,6,15,2,1,12|14,5,7,6,15,10|14,5,7,6,15,12|14,5,7,10|14,5,7,12|14,5,7,15,0,1,12|14,5,7,15,0,2,1,12|14,5,7,15,1,12|14,5,7,15,2,0,1,12|14,5,7,15,2,1,12|14,5,7,15,6,10|14,5,7,15,6,12|14,5,7,15,10|14,5,7,15,12|14,5,10|14,5,12|14,5,13|14,5,15,0,1,12|14,5,15,0,2,1,12|14,5,15,1,12|14,5,15,2,0,1,12|14,5,15,2,1,12|14,5,15,6,7,10|14,5,15,6,7,12|14,5,15,6,10|14,5,15,6,12|14,5,15,7,6,10|14,5,15,7,6,12|14,5,15,7,10|14,5,15,7,12|14,5,15,10|14,5,15,12|15,0,1,12|15,0,2,1,12|15,1,12|15,2,0,1,12|15,2,1,12|15,5,6,7,10|15,5,6,7,12|15,5,6,10|15,5,6,12|15,5,7,6,10|15,5,7,6,12|15,5,7,10|15,5,7,12|15,5,10|15,5,12|15,5,13|15,6,5,7,10|15,6,5,7,12|15,6,5,10|15,6,5,12|15,6,5,13|15,6,7,5,10|15,6,7,5,12|15,6,7,5,13|15,6,7,10|15,6,7,12|15,6,10|15,6,12|15,7,5,6,10|15,7,5,6,12|15,7,5,10|15,7,5,12|15,7,5,13|15,7,6,5,10|15,7,6,5,12|15,7,6,5,13|15,7,6,10|15,7,6,12|15,7,10|15,7,12|15,10|15,12
15,0,1,12|15,0,2,1,12|15,1,12|15,2,0,1,12|15,2,1,12|15,10|15,12
14,5,10|14,5,12|14,5,15,0,1,12|14,5,15,0,2,1,12|14,5,15,1,12|14,5,15,2,0,1,12|14,5,15,2,1,12|14,5,15,10|14,5,15,12|15,0,1,12|15,0,2,1,12|15,1,12|15,2,0,1,12|15,2,1,12|15,5,10|15,5,12|15,10|15,12
14,6,5,7,9|14,6,5,7,10|14,6,5,9|14,6,5,10|14,6,7,5,9|14,6,7,5,10|14,6,7,9|14,6,7,10|14,6,9|14,6,10|14,7,5,6,9|14,7,5,6,10|14,7,5,9|14,7,5,10|14,7,6,5,9|14,7,6,5,10|14,7,6,9|14,7,6,10|14,7,9|14,7,10|15,0,1,2,10|15,0,1,12|15,0,2,1,12|15,0,2,10|15,1,0,2,10|15,1,2,10|15,1,12|15,2,0,1,12|15,2,1,12|15,2,10|15,9|15,10
14,5,9|14,5,10|14,5,15,0,1,2,10|14,5,15,0,1,12|14,5,15,0,2,1,12|14,5,15,0,2,10|14,5,15,1,0,2,10|14,5,15,1,2,10|14,5,15,1,12|14,5,15,2,0,1,12|14,5,15,2,1,12|14,5,15,2,10|14,5,15,9|14,5,15,10|14,6,5,9|14,6,5,10|14,6,5,15,0,1,2,10|14,6,5,15,0,1,12|14,6,5,15,0,2,1,12|14,6,5,15,0,2,10|14,6,5,15,1,0,2,10|14,6,5,15,1,2,10|14,6,5,15,1,12|14,6,5,15,2,0,1,12|14,6,5,15,2,1,12|14,6,5,15,2,10|14,6,5,15,9|14,6,5,15,10|14,6,7,5,9|14,6,7,5,10|14,6,7,5,15,0,1,2,10|14,6,7,5,15,0,1,12|14,6,7,5,15,0,2,1,12|14,6,7,5,15,0,2,10|14,6,7,5,15,1,0,2,10|14,6,7,5,15,1,2,10|14,6,7,5,15,1,12|14,6,7,5,15,2,0,1,12|14,6,7,5,15,2,1,12|14,6,7,5,15,2,10|14,6,7,5,15,9|14,6,7,5,15,10|14,7,5,9|14,7,5,10|14,7,5,15,0,1,2,10|14,7,5,15,0,1,12|14,7,5,15,0,2,1,12|14,7,5,15,0,2,10|14,7,5,15,1,0,2,10|14,7,5,15,1,2,10|14,7,5,15,1,12|14,7,5,15,2,0,1,12|14,7,5,15,2,1,12|14,7,5,15,2,10|14,7,5,15,9|14,7,5,15,10|14,7,6,5,9|14,7,6,5,10|14,7,6,5,15,0,1,2,10|14,7,6,5,15,0,1,12|14,7,6,5,15,0,2,1,12|14,7,6,5,15,0,2,10|14,7,6,5,15,1,0,2,10|14,7,6,5,15,1,2,10|14,7,6,5,15,1,12|14,7,6,5,15,2,0,1,12|14,7,6,5,15,2,1,12|14,7,6,5,15,2,10|14,7,6,5,15,9|14,7,6,5,15,10|15,0,1,2,10|15,0,1,12|15,0,2,1,12|15,0,2,10|15,1,0,2,10|15,1,2,10|15,1,12|15,2,0,1,12|15,2,1,12|15,2,10|15,5,9|15,5,10|15,9|15,10
14,6,7,9|14,6,7,10|14,6,7,15,0,1,2,10|14,6,7,15,0,2,10|14,6,7,15,1,0,2,10|14,6,7,15,1,2,10|14,6,7,15,2,10|14,6,7,15,9|14,6,7,15,10|14,6,9|14,6,10|14,6,15,0,1,2,10|14,6,15,0,2,10|14,6,15,1,0,2,10|14,6,15,1,2,10|14,6,15,2,10|14,6,15,7,9|14,6,15,7,10|14,6,15,9|14,6,15,10|14,7,6,9|14,7,6,10|14,7,6,15,0,1,2,10|14,7,6,15,0,2,10|14,7,6,15,1,0,2,10|14,7,6,15,1,2,10|14,7,6,15,2,10|14,7,6,15,9|14,7,6,15,10|14,7,9|14,7,10|14,7,15,0,1,2,10|14,7,15,0,2,10|14,7,15,1,0,2,10|14,7,15,1,2,10|14,7,15,2,10|14,7,15,6,9|14,7,15,6,10|14,7,15,9|14,7,15,10|15,0,1,2,10|15,0,2,10|15,1,0,2,10|15,1,2,10|15,2,10|15,6,7,9|15,6,7,10|15,6,9|15,6,10|15,6,14,7,9|15,6,14,7,10|15,7,6,9|15,7,6,10|15,7,9|15,7,10|15,7,14,6,9|15,7,14,6,10|15,9|15,10
14,5,6,7,9|14,5,6,7,10|14,5,6,7,15,0,1,2,10|14,5,6,7,15,0,2,10|14,5,6,7,15,2,10|14,5,6,7,15,9|14,5,6,7,15,10|14,5,6,9|14,5,6,10|14,5,6,15,0,1,2,10|14,5,6,15,0,2,10|14,5,6,15,2,10|14,5,6,15,7,9|14,5,6,15,7,10|14,5,6,15,9|14,5,6,15,10|14,5,7,6,9|14,5,7,6,10|14,5,7,6,15,0,1,2,10|14,5,7,6,15,0,2,10|14,5,7,6,15,2,10|14,5,7,6,15,9|14,5,7,6,15,10|14,5,7,9|14,5,7,10|14,5,7,15,0,1,2,10|14,5,7,15,0,2,10|14,5,7,15,2,10|14,5,7,15,6,9|14,5,7,15,6,10|14,5,7,15,9|14,5,7,15,10|14,5,9|14,5,10|14,5,15,0,1,2,10|14,5,15,0,2,10|14,5,15,2,10|14,5,15,6,7,9|14,5,15,6,7,10|14,5,15,6,9|14,5,15,6,10|14,5,15,7,6,9|14,5,15,7,6,10|14,5,15,7,9|14,5,15,7,10|14,5,15,9|14,5,15,10|14,7,5,6,9|14,7,5,6,10|14,7,5,6,15,0,1,2,10|14,7,5,6,15,0,2,10|14,7,5,6,15,2,10|14,7,5,6,15,9|14,7,5,6,15,10|14,7,5,9|14,7,5,10|14,7,5,15,0,1,2,10|14,7,5,15,0,2,10|14,7,5,15,2,10|14,7,5,15,6,9|14,7,5,15,6,10|14,7,5,15,9|14,7,5,15,10|14,7,6,5,9|14,7,6,5,10|14,7,6,5,15,0,1,2,10|14,7,6,5,15,0,2,10|14,7,6,5,15,2,10|14,7,6,5,15,9|14,7,6,5,15,10|14,7,6,9|14,7,6,10|14,7,6,15,0,1,2,10|14,7,6,15,0,2,10|14,7,6,15,2,10|14,7,6,15,5,9|14,7,6,15,5,10|14,7,6,15,9|14,7,6,15,10|14,7,9|14,7,10|14,7,15,0,1,2,10|14,7,15,0,2,10|14,7,15,2,10|14,7,15,5,6,9|14,7,15,5,6,10|14,7,15,5,9|14,7,15,5,10|14,7,15,6,5,9|14,7,15,6,5,10|14,7,15,6,9|14,7,15,6,10|14,7,15,9|14,7,15,10|15,0,1,2,10|15,0,2,10|15,2,10|15,5,6,7,9|15,5,6,7,10|15,5,6,9|15,5,6,10|15,5,7,6,9|15,5,7,6,10|15,5,7,9|15,5,7,10|15,5,9|15,5,10|15,5,14,7,6,9|15,5,14,7,6,10|15,5,14,7,9|15,5,14,7,10|15,6,5,7,9|15,6,5,7,10|15,6,5,9|15,6,5,10|15,6,5,14,7,9|15,6,5,14,7,10|15,6,7,5,9|15,6,7,5,10|15,6,7,9|15,6,7,10|15,6,7,14,5,9|15,6,7,14,5,10|15,6,9|15,6,10|15,7,5,6,9|15,7,5,6,10|15,7,5,9|15,7,5,10|15,7,6,5,9|15,7,6,5,10|15,7,6,9|15,7,6,10|15,7,9|15,7,10|15,7,14,5,6,9|15,7,14,5,6,10|15,7,14,5,9|15,7,14,5,10|15,9|15,10
15,2,10|15,7,5,6,9|15,7,5,6,10|15,7,5,9|15,7,5,10|15,7,6,5,9|15,7,6,5,10|15,7,6,9|15,7,6,10|15,7,9|15,7,10|15,9|15,10
14,5,7,6,9|14,5,7,6,13|14,5,7,9|14,5,7,13|14,5,7,15,9|14,5,7,15,13|14,5,9|14,5,10|14,5,13|14,5,15,7,6,9|14,5,15,7,6,13|14,5,15,7,9|14,5,15,7,13|14,5,15,9|14,5,15,13|15,5,7,6,9|15,5,7,6,13|15,5,7,9|15,5,7,13|15,5,9|15,5,10|15,5,13|15,7,5,9|15,7,5,10|15,7,5,13|15,7,6,9|15,7,6,13|15,7,9|15,7,13|15,9|15,13
14,6,5,7,9|14,6,5,7,13|14,6,5,9|14,6,5,13|14,6,7,5,9|14,6,7,5,13|14,6,7,9|14,6,7,13|14,6,9|14,6,13|15,9|15,13
14,5,6,7,9|14,5,6,7,13|14,5,9|14,5,13|14,5,15,9|14,5,15,13|14,6,5,9|14,6,5,13|14,6,5,15,9|14,6,5,15,13|14,6,7,9|14,6,7,13|15,5,6,7,9|15,5,6,7,13|15,5,9|15,5,13|15,5,14,6,7,9|15,5,14,6,7,13|15,9|15,13
14,6,7,5,12|14,6,7,5,13|14,6,7,12|14,6,7,13|14,6,12|14,6,13|14,6,15,12|14,6,15,13|14,7,5,12|14,7,5,13|14,7,6,12|14,7,6,13|14,7,6,15,12|14,7,6,15,13|14,7,12|14,7,13|15,6,7,5,12|15,6,7,5,13|15,6,7,12|15,6,7,13|15,6,12|15,6,13|15,6,14,7,5,12|15,6,14,7,5,13|15,6,14,7,12|15,6,14,7,13|15,12|15,13
14,5,6,12|14,5,6,13|14,5,6,15,0,1,2,10|14,5,6,15,0,2,10|14,5,6,15,12|14,5,6,15,13|14,5,7,6,12|14,5,7,6,13|14,5,7,6,15,0,1,2,10|14,5,7,6,15,0,2,10|14,5,7,6,15,12|14,5,7,6,15,13|14,5,12|14,5,13|14,5,15,0,1,2,10|14,5,15,0,2,10|14,5,15,6,12|14,5,15,6,13|14,5,15,12|14,5,15,13|14,7,5,6,12|14,7,5,6,13|14,7,5,6,15,0,1,2,10|14,7,5,6,15,0,2,10|14,7,5,6,15,12|14,7,5,6,15,13|14,7,5,12|14,7,5,13|14,7,5,15,0,1,2,10|14,7,5,15,0,2,10|14,7,5,15,6,12|14,7,5,15,6,13|14,7,5,15,12|14,7,5,15,13|14,7,6,5,12|14,7,6,5,13|14,7,6,5,15,0,1,2,10|14,7,6,5,15,0,2,10|14,7,6,5,15,12|14,7,6,5,15,13|14,7,6,12|14,7,6,13|14,7,6,15,0,1,2,10|14,7,6,15,0,2,10|14,7,6,15,5,12|14,7,6,15,5,13|14,7,6,15,12|14,7,6,15,13|15,0,1,2,10|15,0,2,10|15,5,6,12|15,5,6,13|15,5,7,6,12|15,5,7,6,13|15,5,12|15,5,13|15,5,14,7,6,12|15,5,14,7,6,13|15,6,5,12|15,6,5,13|15,6,7,5,12|15,6,7,5,13|15,6,7,14,5,12|15,6,7,14,5,13|15,6,12|15,6,13|15,12|15,13
14,7,12|14,7,13|14,7,15,0,1,2,10|14,7,15,0,1,10|14,7,15,0,2,1,10|14,7,15,0,2,10|14,7,15,1,0,2,10|14,7,15,1,2,10|14,7,15,1,10|14,7,15,12|14,7,15,13|15,0,1,2,10|15,0,1,10|15,0,2,1,10|15,0,2,10|15,1,0,2,10|15,1,2,10|15,1,10|15,7,12|15,7,13|15,12|15,13
14,5,7,12|14,5,7,13|14,5,7,15,0,1,2,10|14,5,7,15,0,1,10|14,5,7,15,0,2,1,10|14,5,7,15,0,2,10|14,5,7,15,1,0,2,10|14,5,7,15,1,2,10|14,5,7,15,1,10|14,5,7,15,12|14,5,7,15,13|14,5,12|14,5,13|14,5,15,0,1,2,10|14,5,15,0,1,10|14,5,15,0,2,1,10|14,5,15,0,2,10|14,5,15,1,0,2,10|14,5,15,1,2,10|14,5,15,1,10|14,5,15,7,12|14,5,15,7,13|14,5,15,12|14,5,15,13|14,7,5,12|14,7,5,13|14,7,5,15,0,1,2,10|14,7,5,15,0,1,10|14,7,5,15,0,2,1,10|14,7,5,15,0,2,10|14,7,5,15,1,0,2,10|14,7,5,15,1,2,10|14,7,5,15,1,10|14,7,5,15,12|14,7,5,15,13|14,7,12|14,7,13|14,7,15,0,1,2,10|14,7,15,0,1,10|14,7,15,0,2,1,10|14,7,15,0,2,10|14,7,15,1,0,2,10|14,7,15,1,2,10|14,7,15,1,10|14,7,15,5,12|14,7,15,5,13|14,7,15,12|14,7,15,13|15,0,1,2,10|15,0,1,10|15,0,2,1,10|15,0,2,10|15,1,0,2,10|15,1,2,10|15,1,10|15,5,7,12|15,5,7,13|15,5,12|15,5,13|15,5,14,7,12|15,5,14,7,13|15,7,5,12|15,7,5,13|15,7,12|15,7,13|15,7,14,5,12|15,7,14,5,13|15,12|15,13
14,6,5,7,12|14,6,5,7,13|14,6,5,7,15,0,1,2,10|14,6,5,7,15,0,1,10|14,6,5,7,15,1,2,10|14,6,5,7,15,1,10|14,6,5,7,15,12|14,6,5,7,15,13|14,6,5,12|14,6,5,13|14,6,12|14,6,13|15,0,1,2,10|15,0,1,10|15,1,2,10|15,1,10|15,7,5,6,12|15,7,5,6,13|15,7,5,12|15,7,5,13|15,7,12|15,7,13|15,12|15,13
14,5,7,10|14,5,7,12|14,5,7,15,0,1,2,10|14,5,7,15,0,1,10|14,5,7,15,1,2,10|14,5,7,15,1,10|14,5,7,15,2,1,10|14,5,7,15,2,10|14,5,7,15,10|14,5,7,15,12|14,5,10|14,5,12|14,5,13|14,5,15,0,1,2,10|14,5,15,0,1,10|14,5,15,1,2,10|14,5,15,1,10|14,5,15,2,1,10|14,5,15,2,10|14,5,15,7,10|14,5,15,7,12|14,5,15,10|14,5,15,12|14,6,5,7,10|14,6,5,7,12|14,6,5,7,15,0,1,2,10|14,6,5,7,15,0,1,10|14,6,5,7,15,1,2,10|14,6,5,7,15,1,10|14,6,5,7,15,2,1,10|14,6,5,7,15,2,10|14,6,5,7,15,10|14,6,5,7,15,12|14,6,5,10|14,6,5,12|14,6,5,13|14,6,5,15,0,1,2,10|14,6,5,15,0,1,10|14,6,5,15,1,2,10|14,6,5,15,1,10|14,6,5,15,2,1,10|14,6,5,15,2,10|14,6,5,15,7,10|14,6,5,15,7,12|14,6,5,15,10|14,6,5,15,12|15,0,1,2,10|15,0,1,10|15,1,2,10|15,1,10|15,2,1,10|15,2,10|15,5,7,10|15,5,7,12|15,5,10|15,5,12|15,5,13|15,7,5,10|15,7,5,12|15,7,5,13|15,7,10|15,7,12|15,10|15,12
14,6,10|14,6,12|14,6,15,0,1,2,9|14,6,15,0,1,2,10|14,6,15,0,1,10|14,6,15,1,2,9|14,6,15,1,2,10|14,6,15,1,10|14,6,15,2,1,10|14,6,15,2,9|14,6,15,2,10|14,6,15,10|14,6,15,12|15,0,1,2,9|15,0,1,2,10|15,0,1,10|15,1,2,9|15,1,2,10|15,1,10|15,2,1,10|15,2,9|15,2,10|15,6,10|15,6,12|15,10|15,12
14,5,6,10|14,5,6,12|14,5,6,15,0,1,2,9|14,5,6,15,0,1,2,10|14,5,6,15,0,1,10|14,5,6,15,1,2,9|14,5,6,15,1,2,10|14,5,6,15,1,10|14,5,6,15,2,1,10|14,5,6,15,2,9|14,5,6,15,2,10|14,5,6,15,10|14,5,6,15,12|14,5,10|14,5,12|14,5,15,0,1,2,9|14,5,15,0,1,2,10|14,5,15,0,1,10|14,5,15,1,2,9|14,5,15,1,2,10|14,5,15,1,10|14,5,15,2,1,10|14,5,15,2,9|14,5,15,2,10|14,5,15,6,10|14,5,15,6,12|14,5,15,10|14,5,15,12|15,0,1,2,9|15,0,1,2,10|15,0,1,10|15,1,2,9|15,1,2,10|15,1,10|15,2,1,10|15,2,9|15,2,10|15,5,6,10|15,5,6,12|15,5,10|15,5,12|15,6,5,10|15,6,5,12|15,6,10|15,6,12|15,10|15,12
14,7,5,6,9|14,7,5,6,10|14,7,5,9|14,7,5,10|14,7,9|14,7,10|15,0,1,2,9|15,0,1,2,10|15,0,1,10|15,1,2,9|15,1,2,10|15,1,10|15,2,1,10|15,2,9|15,2,10|15,9|15,10
14,5,7,6,9|14,5,7,6,10|14,5,9|14,5,10|14,5,15,0,1,2,9|14,5,15,0,1,2,10|14,5,15,0,1,10|14,5,15,1,2,9|14,5,15,1,2,10|14,5,15,1,10|14,5,15,2,1,10|14,5,15,2,9|14,5,15,2,10|14,5,15,9|14,5,15,10|14,7,5,9|14,7,5,10|14,7,5,15,0,1,2,9|14,7,5,15,0,1,2,10|14,7,5,15,0,1,10|14,7,5,15,1,2,9|14,7,5,15,1,2,10|14,7,5,15,1,10|14,7,5,15,2,1,10|14,7,5,15,2,9|14,7,5,15,2,10|14,7,5,15,9|14,7,5,15,10|14,7,6,9|14,7,6,10|15,0,1,2,9|15,0,1,2,10|15,0,1,10|15,1,2,9|15,1,2,10|15,1,10|15,2,1,10|15,2,9|15,2,10|15,5,7,6,9|15,5,7,6,10|15,5,9|15,5,10|15,5,14,7,6,9|15,5,14,7,6,10|15,9|15,10
14,6,5,9|14,6,5,10|14,6,7,9|14,6,7,10|14,6,7,15,0,1,2,9|14,6,7,15,0,1,2,10|14,6,7,15,0,1,10|14,6,7,15,1,2,9|14,6,7,15,1,2,10|14,6,7,15,1,10|14,6,7,15,2,1,10|14,6,7,15,2,9|14,6,7,15,2,10|14,6,7,15,9|14,6,7,15,10|14,6,9|14,6,10|14,7,6,5,9|14,7,6,5,10|14,7,6,9|14,7,6,10|14,7,9|14,7,10|14,7,15,0,1,2,9|14,7,15,0,1,2,10|14,7,15,0,1,10|14,7,15,1,2,9|14,7,15,1,2,10|14,7,15,1,10|14,7,15,2,1,10|14,7,15,2,9|14,7,15,2,10|14,7,15,9|14,7,15,10|15,0,1,2,9|15,0,1,2,10|15,0,1,10|15,1,2,9|15,1,2,10|15,1,10|15,2,1,10|15,2,9|15,2,10|15,7,6,5,9|15,7,6,5,10|15,7,6,9|15,7,6,10|15,7,9|15,7,10|15,7,14,6,5,9|15,7,14,6,5,10|15,7,14,6,9|15,7,14,6,10|15,9|15,10
14,5,6,7,9|14,5,6,7,10|14,5,6,7,15,0,1,2,9|14,5,6,7,15,0,1,2,10|14,5,6,7,15,0,1,10|14,5,6,7,15,1,2,9|14,5,6,7,15,1,2,10|14,5,6,7,15,1,10|14,5,6,7,15,2,1,10|14,5,6,7,15,2,9|14,5,6,7,15,2,10|14,5,6,7,15,9|14,5,6,7,15,10|14,5,7,9|14,5,7,10|14,5,7,15,0,1,2,9|14,5,7,15,0,1,2,10|14,5,7,15,0,1,10|14,5,7,15,1,2,9|14,5,7,15,1,2,10|14,5,7,15,1,10|14,5,7,15,2,1,10|14,5,7,15,2,9|14,5,7,15,2,10|14,5,7,15,9|14,5,7,15,10|14,5,9|14,5,10|14,5,15,0,1,2,9|14,5,15,0,1,2,10|14,5,15,0,1,10|14,5,15,1,2,9|14,5,15,1,2,10|14,5,15,1,10|14,5,15,2,1,10|14,5,15,2,9|14,5,15,2,10|14,5,15,7,9|14,5,15,7,10|14,5,15,9|14,5,15,10|14,6,5,7,9|14,6,5,7,10|14,6,5,7,15,0,1,2,9|14,6,5,7,15,0,1,2,10|14,6,5,7,15,0,1,10|14,6,5,7,15,1,2,9|14,6,5,7,15,1,2,10|14,6,5,7,15,1,10|14,6,5,7,15,2,1,10|14,6,5,7,15,2,9|14,6,5,7,15,2,10|14,6,5,7,15,9|14,6,5,7,15,10|14,6,5,9|14,6,5,10|14,6,5,15,0,1,2,9|14,6,5,15,0,1,2,10|14,6,5,15,0,1,10|14,6,5,15,1,2,9|14,6,5,15,1,2,10|14,6,5,15,1,10|14,6,5,15,2,1,10|14,6,5,15,2,9|14,6,5,15,2,10|14,6,5,15,7,9|14,6,5,15,7,10|14,6,5,15,9|14,6,5,15,10|14,6,7,5,9|14,6,7,5,10|14,6,7,5,15,0,1,2,9|14,6,7,5,15,0,1,2,10|14,6,7,5,15,0,1,10|14,6,7,5,15,1,2,9|14,6,7,5,15,1,2,10|14,6,7,5,15,1,10|14,6,7,5,15,2,1,10|14,6,7,5,15,2,9|14,6,7,5,15,2,10|14,6,7,5,15,9|14,6,7,5,15,10|14,6,7,9|14,6,7,10|14,6,7,15,0,1,2,9|14,6,7,15,0,1,2,10|14,6,7,15,0,1,10|14,6,7,15,1,2,9|14,6,7,15,1,2,10|14,6,7,15,1,10|14,6,7,15,2,1,10|14,6,7,15,2,9|14,6,7,15,2,10|14,6,7,15,5,9|14,6,7,15,5,10|14,6,7,15,9|14,6,7,15,10|14,7,5,9|14,7,5,10|14,7,5,15,0,1,2,9|14,7,5,15,0,1,2,10|14,7,5,15,0,1,10|14,7,5,15,1,2,9|14,7,5,15,1,2,10|14,7,5,15,1,10|14,7,5,15,2,1,10|14,7,5,15,2,9|14,7,5,15,2,10|14,7,5,15,9|14,7,5,15,10|14,7,6,5,9|14,7,6,5,10|14,7,6,5,15,0,1,2,9|14,7,6,5,15,0,1,2,10|14,7,6,5,15,0,1,10|14,7,6,5,15,1,2,9|14,7,6,5,15,1,2,10|14,7,6,5,15,1,10|14,7,6,5,15,2,1,10|14,7,6,5,15,2,9|14,7,6,5,15,2,10|14,7,6,5,15,9|14,7,6,5,15,10|14,7,9|14,7,10|14,7,15,0,1,2,9|14,7,15,0,1,2,10|14,7,15,0,1,10|14,7,15,1,2,9|14,7,15,1,2,10|14,7,15,1,10|14,7,15,2,1,10|14,7,15,2,9|14,7,15,2,10|14,7,15,5,9|14,7,15,5,10|14,7,15,9|14,7,15,10|15,0,1,2,9|15,0,1,2,10|15,0,1,10|15,1,2,9|15,1,2,10|15,1,10|15,2,1,10|15,2,9|15,2,10|15,5,6,7,9|15,5,6,7,10|15,5,6,14,7,9|15,5,6,14,7,10|15,5,7,9|15,5,7,10|15,5,9|15,5,10|15,5,14,6,7,9|15,5,14,6,7,10|15,5,14,7,9|15,5,14,7,10|15,7,5,9|15,7,5,10|15,7,6,5,9|15,7,6,5,10|15,7,6,14,5,9|15,7,6,14,5,10|15,7,9|15,7,10|15,7,14,5,9|15,7,14,5,10|15,7,14,6,5,9|15,7,14,6,5,10|15,9|15,10
14,6,7,5,9|14,6,7,5,10|14,6,7,9|14,6,7,10|14,6,7,15,1,2,9|14,6,7,15,1,10|14,6,7,15,2,1,10|14,6,7,15,2,9|14,6,7,15,9|14,6,7,15,10|14,6,9|14,6,10|14,6,15,1,2,9|14,6,15,1,10|14,6,15,2,1,10|14,6,15,2,9|14,6,15,7,5,9|14,6,15,7,5,10|14,6,15,7,9|14,6,15,7,10|14,6,15,9|14,6,15,10|15,1,2,9|15,1,10|15,2,1,10|15,2,9|15,6,7,5,9|15,6,7,5,10|15,6,7,9|15,6,7,10|15,6,9|15,6,10|15,7,5,9|15,7,5,10|15,7,6,9|15,7,6,10|15,7,9|15,7,10|15,9|15,10
14,5,6,7,9|14,5,6,7,13|14,5,6,7,15,1,2,9|14,5,6,7,15,1,10|14,5,6,7,15,2,1,10|14,5,6,7,15,2,9|14,5,6,7,15,9|14,5,6,7,15,13|14,5,6,9|14,5,6,13|14,5,6,15,1,2,9|14,5,6,15,1,10|14,5,6,15,2,1,10|14,5,6,15,2,9|14,5,6,15,7,9|14,5,6,15,7,13|14,5,6,15,9|14,5,6,15,13|14,5,7,6,9|14,5,7,6,13|14,5,7,6,15,1,2,9|14,5,7,6,15,1,10|14,5,7,6,15,2,1,10|14,5,7,6,15,2,9|14,5,7,6,15,9|14,5,7,6,15,13|14,5,7,9|14,5,7,13|14,5,7,15,1,2,9|14,5,7,15,1,10|14,5,7,15,2,1,10|14,5,7,15,2,9|14,5,7,15,6,9|14,5,7,15,6,13|14,5,7,15,9|14,5,7,15,13|14,5,9|14,5,10|14,5,13|14,5,15,1,2,9|14,5,15,1,10|14,5,15,2,1,10|14,5,15,2,9|14,5,15,6,7,9|14,5,15,6,7,13|14,5,15,6,9|14,5,15,6,13|14,5,15,7,6,9|14,5,15,7,6,13|14,5,15,7,9|14,5,15,7,13|14,5,15,9|14,5,15,13|15,1,2,9|15,1,10|15,2,1,10|15,2,9|15,5,6,7,9|15,5,6,7,13|15,5,6,9|15,5,6,13|15,5,7,6,9|15,5,7,6,13|15,5,7,9|15,5,7,13|15,5,9|15,5,10|15,5,13|15,6,5,7,9|15,6,5,7,13|15,6,5,9|15,6,5,10|15,6,5,13|15,6,7,5,9|15,6,7,5,10|15,6,7,5,13|15,6,7,9|15,6,7,13|15,6,9|15,6,13|15,7,5,6,9|15,7,5,6,13|15,7,5,9|15,7,5,10|15,7,5,13|15,7,6,5,9|15,7,6,5,10|15,7,6,5,13|15,7,6,9|15,7,6,13|15,7,9|15,7,13|15,9|15,13
15,1,2,9|15,1,10|15,2,1,10|15,2,9|15,9|15,13
14,5,9|14,5,13|14,5,15,2,1,9|14,5,15,2,1,10|14,5,15,2,9|14,5,15,9|14,5,15,13|15,2,1,9|15,2,1,10|15,2,9|15,5,9|15,5,13|15,9|15,13
14,6,5,7,12|14,6,5,7,13|14,6,5,12|14,6,5,13|14,6,7,5,12|14,6,7,5,13|14,6,7,12|14,6,7,13|14,6,12|14,6,13|14,7,5,6,12|14,7,5,6,13|14,7,5,12|14,7,5,13|14,7,6,5,12|14,7,6,5,13|14,7,6,12|14,7,6,13|14,7,12|14,7,13|15,2,1,9|15,2,1,10|15,2,9|15,12|15,13
14,5,12|14,5,13|14,5,15,12|14,5,15,13|14,6,5,12|14,6,5,13|14,6,5,15,12|14,6,5,15,13|14,6,7,5,12|14,6,7,5,13|14,6,7,5,15,12|14,6,7,5,15,13|14,7,5,12|14,7,5,13|14,7,5,15,12|14,7,5,15,13|14,7,6,5,12|14,7,6,5,13|14,7,6,5,15,12|14,7,6,5,15,13|15,5,12|15,5,13|15,12|15,13
14,6,7,12|14,6,7,13|14,6,7,15,12|14,6,7,15,13|14,6,12|14,6,13|14,6,15,7,12|14,6,15,7,13|14,6,15,12|14,6,15,13|14,7,6,12|14,7,6,13|14,7,6,15,12|14,7,6,15,13|14,7,12|14,7,13|14,7,15,6,12|14,7,15,6,13|14,7,15,12|14,7,15,13|15,6,7,12|15,6,7,13|15,6,12|15,6,13|15,6,14,7,12|15,6,14,7,13|15,7,6,12|15,7,6,13|15,7,12|15,7,13|15,7,14,6,12|15,7,14,6,13|15,12|15,13
14,5,6,7,12|14,5,6,7,13|14,5,6,7,15,12|14,5,6,7,15,13|14,5,6,12|14,5,6,13|14,5,6,15,7,12|14,5,6,15,7,13|14,5,6,15,12|14,5,6,15,13|14,5,7,6,12|14,5,7,6,13|14,5,7,6,15,12|14,5,7,6,15,13|14,5,7,12|14,5,7,13|14,5,7,15,6,12|14,5,7,15,6,13|14,5,7,15,12|14,5,7,15,13|14,5,12|14,5,13|14,5,15,6,7,12|14,5,15,6,7,13|14,5,15,6,12|14,5,15,6,13|14,5,15,7,6,12|14,5,15,7,6,13|14,5,15,7,12|14,5,15,7,13|14,5,15,12|14,5,15,13|14,7,5,6,12|14,7,5,6,13|14,7,5,6,15,12|14,7,5,6,15,13|14,7,5,12|14,7,5,13|14,7,5,15,6,12|14,7,5,15,6,13|14,7,5,15,12|14,7,5,15,13|14,7,6,5,12|14,7,6,5,13|14,7,6,5,15,12|14,7,6,5,15,13|14,7,6,12|14,7,6,13|14,7,6,15,5,12|14,7,6,15,5,13|14,7,6,15,12|14,7,6,15,13|14,7,12|14,7,13|14,7,15,5,6,12|14,7,15,5,6,13|14,7,15,5,12|14,7,15,5,13|14,7,15,6,5,12|14,7,15,6,5,13|14,7,15,6,12|14,7,15,6,13|14,7,15,12|14,7,15,13|15,5,6,7,12|15,5,6,7,13|15,5,6,12|15,5,6,13|15,5,7,6,12|15,5,7,6,13|15,5,7,12|15,5,7,13|15,5,12|15,5,13|15,5,14,7,6,12|15,5,14,7,6,13|15,5,14,7,12|15,5,14,7,13|15,6,5,7,12|15,6,5,7,13|15,6,5,12|15,6,5,13|15,6,5,14,7,12|15,6,5,14,7,13|15,6,7,5,12|15,6,7,5,13|15,6,7,12|15,6,7,13|15,6,7,14,5,12|15,6,7,14,5,13|15,6,12|15,6,13|15,7,5,6,12|15,7,5,6,13|15,7,5,12|15,7,5,13|15,7,6,5,12|15,7,6,5,13|15,7,6,12|15,7,6,13|15,7,12|15,7,13|15,7,14,5,6,12|15,7,14,5,6,13|15,7,14,5,12|15,7,14,5,13|15,12|15,13
15,7,5,6,12|15,7,5,6,13|15,7,5,12|15,7,5,13|15,7,6,5,12|15,7,6,5,13|15,7,6,12|15,7,6,13|15,7,12|15,7,13|15,12|15,13
14,5,7,6,10|14,5,7,6,12|14,5,7,10|14,5,7,12|14,5,7,15,10|14,5,7,15,12|14,5,10|14,5,12|14,5,13|14,5,15,7,6,10|14,5,15,7,6,12|14,5,15,7,10|14,5,15,7,12|14,5,15,10|14,5,15,12|15,5,7,6,10|15,5,7,6,12|15,5,7,10|15,5,7,12|15,5,10|15,5,12|15,5,13|15,7,5,10|15,7,5,12|15,7,5,13|15,7,6,10|15,7,6,12|15,7,10|15,7,12|15,10|15,12
14,6,5,7,10|14,6,5,7,12|14,6,5,10|14,6,5,12|14,6,7,5,10|14,6,7,5,12|14,6,7,10|14,6,7,12|14,6,10|14,6,12|15,1,2,9|15,1,9|15,10|15,12
14,5,6,7,10|14,5,6,7,12|14,5,10|14,5,12|14,5,15,1,2,9|14,5,15,1,9|14,5,15,10|14,5,15,12|14,6,5,10|14,6,5,12|14,6,5,15,1,2,9|14,6,5,15,1,9|14,6,5,15,10|14,6,5,15,12|14,6,7,10|14,6,7,12|15,1,2,9|15,1,9|15,5,6,7,10|15,5,6,7,12|15,5,10|15,5,12|15,5,14,6,7,10|15,5,14,6,7,12|15,10|15,12
14,6,7,5,9|14,6,7,5,10|14,6,7,9|14,6,7,10|14,6,9|14,6,10|14,6,15,1,2,9|14,6,15,1,9|14,6,15,9|14,6,15,10|14,7,5,9|14,7,5,10|14,7,6,9|14,7,6,10|14,7,6,15,1,2,9|14,7,6,15,1,9|14,7,6,15,9|14,7,6,15,10|14,7,9|14,7,10|15,1,2,9|15,1,9|15,6,7,5,9|15,6,7,5,10|15,6,7,9|15,6,7,10|15,6,9|15,6,10|15,6,14,7,5,9|15,6,14,7,5,10|15,6,14,7,9|15,6,14,7,10|15,9|15,10
14,5,6,9|14,5,6,10|14,5,6,15,1,9|14,5,6,15,2,1,9|14,5,6,15,9|14,5,6,15,10|14,5,7,6,9|14,5,7,6,10|14,5,7,6,15,1,9|14,5,7,6,15,2,1,9|14,5,7,6,15,9|14,5,7,6,15,10|14,5,9|14,5,10|14,5,15,1,9|14,5,15,2,1,9|14,5,15,6,9|14,5,15,6,10|14,5,15,9|14,5,15,10|14,7,5,6,9|14,7,5,6,10|14,7,5,6,15,1,9|14,7,5,6,15,2,1,9|14,7,5,6,15,9|14,7,5,6,15,10|14,7,5,9|14,7,5,10|14,7,5,15,1,9|14,7,5,15,2,1,9|14,7,5,15,6,9|14,7,5,15,6,10|14,7,5,15,9|14,7,5,15,10|14,7,6,5,9|14,7,6,5,10|14,7,6,5,15,1,9|14,7,6,5,15,2,1,9|14,7,6,5,15,9|14,7,6,5,15,10|14,7,6,9|14,7,6,10|14,7,6,15,1,9|14,7,6,15,2,1,9|14,7,6,15,5,9|14,7,6,15,5,10|14,7,6,15,9|14,7,6,15,10|15,1,9|15,2,1,9|15,5,6,9|15,5,6,10|15,5,7,6,9|15,5,7,6,10|15,5,9|15,5,10|15,5,14,7,6,9|15,5,14,7,6,10|15,6,5,9|15,6,5,10|15,6,7,5,9|15,6,7,5,10|15,6,7,14,5,9|15,6,7,14,5,10|15,6,9|15,6,10|15,9|15,10
14,7,9|14,7,10|14,7,15,1,9|14,7,15,2,1,9|14,7,15,9|14,7,15,10|15,1,9|15,2,1,9|15,7,9|15,7,10|15,9|15,10
14,5,7,9|14,5,7,10|14,5,7,15,1,9|14,5,7,15,2,1,9|14,5,7,15,9|14,5,7,15,10|14,5,9|14,5,10|14,5,15,1,9|14,5,15,2,1,9|14,5,15,7,9|14,5,15,7,10|14,5,15,9|14,5,15,10|14,7,5,9|14,7,5,10|14,7,5,15,1,9|14,7,5,15,2,1,9|14,7,5,15,9|14,7,5,15,10|14,7,9|14,7,10|14,7,15,1,9|14,7,15,2,1,9|14,7,15,5,9|14,7,15,5,10|14,7,15,9|14,7,15,10|15,1,9|15,2,1,9|15,5,7,9|15,5,7,10|15,5,9|15,5,10|15,5,14,7,9|15,5,14,7,10|15,7,5,9|15,7,5,10|15,7,9|15,7,10|15,7,14,5,9|15,7,14,5,10|15,9|15,10
14,6,5,7,9|14,6,5,7,10|14,6,5,7,15,1,9|14,6,5,7,15,2,1,9|14,6,5,7,15,9|14,6,5,7,15,10|14,6,5,9|14,6,5,10|14,6,9|14,6,10|15,1,9|15,2,1,9|15,7,5,6,9|15,7,5,6,10|15,7,5,9|15,7,5,10|15,7,9|15,7,10|15,9|15,10
14,5,7,9|14,5,7,13|14,5,7,15,1,9|14,5,7,15,2,1,9|14,5,7,15,9|14,5,7,15,13|14,5,9|14,5,10|14,5,13|14,5,15,1,9|14,5,15,2,1,9|14,5,15,7,9|14,5,15,7,13|14,5,15,9|14,5,15,13|14,6,5,7,9|14,6,5,7,13|14,6,5,7,15,1,9|14,6,5,7,15,2,1,9|14,6,5,7,15,9|14,6,5,7,15,13|14,6,5,9|14,6,5,10|14,6,5,13|14,6,5,15,1,9|14,6,5,15,2,1,9|14,6,5,15,7,9|14,6,5,15,7,13|14,6,5,15,9|14,6,5,15,13|15,1,9|15,2,1,9|15,5,7,9|15,5,7,13|15,5,9|15,5,10|15,5,13|15,7,5,9|15,7,5,10|15,7,5,13|15,7,9|15,7,13|15,9|15,13
14,6,9|14,6,13|14,6,15,1,9|14,6,15,2,1,9|14,6,15,9|14,6,15,13|15,1,9|15,2,1,9|15,6,9|15,6,13|15,9|15,13
14,5,6,9|14,5,6,13|14,5,6,15,1,9|14,5,6,15,2,1,9|14,5,6,15,9|14,5,6,15,13|14,5,9|14,5,13|14,5,15,1,9|14,5,15,2,1,9|14,5,15,6,9|14,5,15,6,13|14,5,15,9|14,5,15,13|15,1,9|15,2,1,9|15,5,6,9|15,5,6,13|15,5,9|15,5,13|15,6,5,9|15,6,5,13|15,6,9|15,6,13|15,9|15,13
14,7,5,6,12|14,7,5,6,13|14,7,5,12|14,7,5,13|14,7,12|14,7,13|15,1,2,13|15,1,9|15,2,1,9|15,2,13|15,12|15,13
14,5,7,6,12|14,5,7,6,13|14,5,12|14,5,13|14,5,15,1,2,13|14,5,15,1,9|14,5,15,2,1,9|14,5,15,2,13|14,5,15,12|14,5,15,13|14,7,5,12|14,7,5,13|14,7,5,15,1,2,13|14,7,5,15,1,9|14,7,5,15,2,1,9|14,7,5,15,2,13|14,7,5,15,12|14,7,5,15,13|14,7,6,12|14,7,6,13|15,1,2,13|15,1,9|15,2,1,9|15,2,13|15,5,7,6,12|15,5,7,6,13|15,5,12|15,5,13|15,5,14,7,6,12|15,5,14,7,6,13|15,12|15,13
14,6,5,12|14,6,5,13|14,6,7,12|14,6,7,13|14,6,7,15,1,2,13|14,6,7,15,2,13|14,6,7,15,12|14,6,7,15,13|14,6,12|14,6,13|14,7,6,5,12|14,7,6,5,13|14,7,6,12|14,7,6,13|14,7,12|14,7,13|14,7,15,1,2,13|14,7,15,2,13|14,7,15,12|14,7,15,13|15,1,2,13|15,2,13|15,7,6,5,12|15,7,6,5,13|15,7,6,12|15,7,6,13|15,7,12|15,7,13|15,7,14,6,5,12|15,7,14,6,5,13|15,7,14,6,12|15,7,14,6,13|15,12|15,13
14,5,6,7,12|14,5,6,7,13|14,5,6,7,15,2,13|14,5,6,7,15,12|14,5,6,7,15,13|14,5,7,12|14,5,7,13|14,5,7,15,2,13|14,5,7,15,12|14,5,7,15,13|14,5,12|14,5,13|14,5,15,2,13|14,5,15,7,12|14,5,15,7,13|14,5,15,12|14,5,15,13|14,6,5,7,12|14,6,5,7,13|14,6,5,7,15,2,13|14,6,5,7,15,12|14,6,5,7,15,13|14,6,5,12|14,6,5,13|14,6,5,15,2,13|14,6,5,15,7,12|14,6,5,15,7,13|14,6,5,15,12|14,6,5,15,13|14,6,7,5,12|14,6,7,5,13|14,6,7,5,15,2,13|14,6,7,5,15,12|14,6,7,5,15,13|14,6,7,12|14,6,7,13|14,6,7,15,2,13|14,6,7,15,5,12|14,6,7,15,5,13|14,6,7,15,12|14,6,7,15,13|14,7,5,12|14,7,5,13|14,7,5,15,2,13|14,7,5,15,12|14,7,5,15,13|14,7,6,5,12|14,7,6,5,13|14,7,6,5,15,2,13|14,7,6,5,15,12|14,7,6,5,15,13|14,7,12|14,7,13|14,7,15,2,13|14,7,15,5,12|14,7,15,5,13|14,7,15,12|14,7,15,13|15,2,13|15,5,6,7,12|15,5,6,7,13|15,5,6,14,7,12|15,5,6,14,7,13|15,5,7,12|15,5,7,13|15,5,12|15,5,13|15,5,14,6,7,12|15,5,14,6,7,13|15,5,14,7,12|15,5,14,7,13|15,7,5,12|15,7,5,13|15,7,6,5,12|15,7,6,5,13|15,7,6,14,5,12|15,7,6,14,5,13|15,7,12|15,7,13|15,7,14,5,12|15,7,14,5,13|15,7,14,6,5,12|15,7,14,6,5,13|15,12|15,13
14,6,7,5,12|14,6,7,5,13|14,6,7,12|14,6,7,13|14,6,7,15,2,13|14,6,7,15,12|14,6,7,15,13|14,6,12|14,6,13|14,6,15,2,13|14,6,15,7,5,12|14,6,15,7,5,13|14,6,15,7,12|14,6,15,7,13|14,6,15,12|14,6,15,13|15,2,13|15,6,7,5,12|15,6,7,5,13|15,6,7,12|15,6,7,13|15,6,12|15,6,13|15,7,5,12|15,7,5,13|15,7,6,12|15,7,6,13|15,7,12|15,7,13|15,12|15,13
14,5,6,7,10|14,5,6,7,12|14,5,6,7,15,10|14,5,6,7,15,12|14,5,6,10|14,5,6,12|14,5,6,15,7,10|14,5,6,15,7,12|14,5,6,15,10|14,5,6,15,12|14,5,7,6,10|14,5,7,6,12|14,5,7,6,15,10|14,5,7,6,15,12|14,5,7,10|14,5,7,12|14,5,7,15,6,10|14,5,7,15,6,12|14,5,7,15,10|14,5,7,15,12|14,5,10|14,5,12|14,5,13|14,5,15,6,7,10|14,5,15,6,7,12|14,5,15,6,10|14,5,15,6,12|14,5,15,7,6,10|14,5,15,7,6,12|14,5,15,7,10|14,5,15,7,12|14,5,15,10|14,5,15,12|15,5,6,7,10|15,5,6,7,12|15,5,6,10|15,5,6,12|15,5,7,6,10|15,5,7,6,12|15,5,7,10|15,5,7,12|15,5,10|15,5,12|15,5,13|15,6,5,7,10|15,6,5,7,12|15,6,5,10|15,6,5,12|15,6,5,13|15,6,7,5,10|15,6,7,5,12|15,6,7,5,13|15,6,7,10|15,6,7,12|15,6,10|15,6,12|15,7,5,6,10|15,7,5,6,12|15,7,5,10|15,7,5,12|15,7,5,13|15,7,6,5,10|15,7,6,5,12|15,7,6,5,13|15,7,6,10|15,7,6,12|15,7,10|15,7,12|15,10|15,12
15,10|15,12
14,5,10|14,5,12|14,5,15,10|14,5,15,12|15,5,10|15,5,12|15,10|15,12
14,6,5,7,9|14,6,5,7,10|14,6,5,9|14,6,5,10|14,6,7,5,9|14,6,7,5,10|14,6,7,9|14,6,7,10|14,6,9|14,6,10|14,7,5,6,9|14,7,5,6,10|14,7,5,9|14,7,5,10|14,7,6,5,9|14,7,6,5,10|14,7,6,9|14,7,6,10|14,7,9|14,7,10|15,9|15,10
14,5,9|14,5,10|14,5,15,9|14,5,15,10|14,6,5,9|14,6,5,10|14,6,5,15,9|14,6,5,15,10|14,6,7,5,9|14,6,7,5,10|14,6,7,5,15,9|14,6,7,5,15,10|14,7,5,9|14,7,5,10|14,7,5,15,9|14,7,5,15,10|14,7,6,5,9|14,7,6,5,10|14,7,6,5,15,9|14,7,6,5,15,10|15,5,9|15,5,10|15,9|15,10
14,6,7,9|14,6,7,10|14,6,7,15,1,2,13|14,6,7,15,1,13|14,6,7,15,9|14,6,7,15,10|14,6,9|14,6,10|14,6,15,1,2,13|14,6,15,1,13|14,6,15,7,9|14,6,15,7,10|14,6,15,9|14,6,15,10|14,7,6,9|14,7,6,10|14,7,6,15,1,2,13|14,7,6,15,1,13|14,7,6,15,9|14,7,6,15,10|14,7,9|14,7,10|14,7,15,1,2,13|14,7,15,1,13|14,7,15,6,9|14,7,15,6,10|14,7,15,9|14,7,15,10|15,1,2,13|15,1,13|15,6,7,9|15,6,7,10|15,6,9|15,6,10|15,6,14,7,9|15,6,14,7,10|15,7,6,9|15,7,6,10|15,7,9|15,7,10|15,7,14,6,9|15,7,14,6,10|15,9|15,10
14,5,6,7,9|14,5,6,7,10|14,5,6,7,15,1,2,13|14,5,6,7,15,1,13|14,5,6,7,15,9|14,5,6,7,15,10|14,5,6,9|14,5,6,10|14,5,6,15,1,2,13|14,5,6,15,1,13|14,5,6,15,7,9|14,5,6,15,7,10|14,5,6,15,9|14,5,6,15,10|14,5,7,6,9|14,5,7,6,10|14,5,7,6,15,1,2,13|14,5,7,6,15,1,13|14,5,7,6,15,9|14,5,7,6,15,10|14,5,7,9|14,5,7,10|14,5,7,15,1,2,13|14,5,7,15,1,13|14,5,7,15,6,9|14,5,7,15,6,10|14,5,7,15,9|14,5,7,15,10|14,5,9|14,5,10|14,5,15,1,2,13|14,5,15,1,13|14,5,15,6,7,9|14,5,15,6,7,10|14,5,15,6,9|14,5,15,6,10|14,5,15,7,6,9|14,5,15,7,6,10|14,5,15,7,9|14,5,15,7,10|14,5,15,9|14,5,15,10|14,7,5,6,9|14,7,5,6,10|14,7,5,6,15,1,2,13|14,7,5,6,15,1,13|14,7,5,6,15,9|14,7,5,6,15,10|14,7,5,9|14,7,5,10|14,7,5,15,1,2,13|14,7,5,15,1,13|14,7,5,15,6,9|14,7,5,15,6,10|14,7,5,15,9|14,7,5,15,10|14,7,6,5,9|14,7,6,5,10|14,7,6,5,15,1,2,13|14,7,6,5,15,1,13|14,7,6,5,15,9|14,7,6,5,15,10|14,7,6,9|14,7,6,10|14,7,6,15,1,2,13|14,7,6,15,1,13|14,7,6,15,5,9|14,7,6,15,5,10|14,7,6,15,9|14,7,6,15,10|14,7,9|14,7,10|14,7,15,1,2,13|14,7,15,1,13|14,7,15,5,6,9|14,7,15,5,6,10|14,7,15,5,9|14,7,15,5,10|14,7,15,6,5,9|14,7,15,6,5,10|14,7,15,6,9|14,7,15,6,10|14,7,15,9|14,7,15,10|15,1,2,13|15,1,13|15,5,6,7,9|15,5,6,7,10|15,5,6,9|15,5,6,10|15,5,7,6,9|15,5,7,6,10|15,5,7,9|15,5,7,10|15,5,9|15,5,10|15,5,14,7,6,9|15,5,14,7,6,10|15,5,14,7,9|15,5,14,7,10|15,6,5,7,9|15,6,5,7,10|15,6,5,9|15,6,5,10|15,6,5,14,7,9|15,6,5,14,7,10|15,6,7,5,9|15,6,7,5,10|15,6,7,9|15,6,7,10|15,6,7,14,5,9|15,6,7,14,5,10|15,6,9|15,6,10|15,7,5,6,9|15,7,5,6,10|15,7,5,9|15,7,5,10|15,7,6,5,9|15,7,6,5,10|15,7,6,9|15,7,6,10|15,7,9|15,7,10|15,7,14,5,6,9|15,7,14,5,6,10|15,7,14,5,9|15,7,14,5,10|15,9|15,10
15,1,2,13|15,1,13|15,7,5,6,9|15,7,5,6,10|15,7,5,9|15,7,5,10|15,7,6,5,9|15,7,6,5,10|15,7,6,9|15,7,6,10|15,7,9|15,7,10|15,9|15,10
14,5,7,6,9|14,5,7,6,13|14,5,7,9|14,5,7,13|14,5,7,15,1,2,13|14,5,7,15,1,13|14,5,7,15,2,1,13|14,5,7,15,2,13|14,5,7,15,9|14,5,7,15,13|14,5,9|14,5,10|14,5,13|14,5,15,1,2,13|14,5,15,1,13|14,5,15,2,1,13|14,5,15,2,13|14,5,15,7,6,9|14,5,15,7,6,13|14,5,15,7,9|14,5,15,7,13|14,5,15,9|14,5,15,13|15,1,2,13|15,1,13|15,2,1,13|15,2,13|15,5,7,6,9|15,5,7,6,13|15,5,7,9|15,5,7,13|15,5,9|15,5,10|15,5,13|15,7,5,9|15,7,5,10|15,7,5,13|15,7,6,9|15,7,6,13|15,7,9|15,7,13|15,9|15,13
14,6,5,7,9|14,6,5,7,13|14,6,5,9|14,6,5,13|14,6,7,5,9|14,6,7,5,13|14,6,7,9|14,6,7,13|14,6,9|14,6,13|15,1,2,12|15,1,2,13|15,1,13|15,2,1,13|15,2,12|15,2,13|15,9|15,13
14,5,6,7,9|14,5,6,7,13|14,5,9|14,5,13|14,5,15,1,2,12|14,5,15,1,2,13|14,5,15,1,13|14,5,15,2,1,13|14,5,15,2,12|14,5,15,2,13|14,5,15,9|14,5,15,13|14,6,5,9|14,6,5,13|14,6,5,15,1,2,12|14,6,5,15,1,2,13|14,6,5,15,1,13|14,6,5,15,2,1,13|14,6,5,15,2,12|14,6,5,15,2,13|14,6,5,15,9|14,6,5,15,13|14,6,7,9|14,6,7,13|15,1,2,12|15,1,2,13|15,1,13|15,2,1,13|15,2,12|15,2,13|15,5,6,7,9|15,5,6,7,13|15,5,9|15,5,13|15,5,14,6,7,9|15,5,14,6,7,13|15,9|15,13
14,6,7,5,12|14,6,7,5,13|14,6,7,12|14,6,7,13|14,6,12|14,6,13|14,6,15,1,2,12|14,6,15,1,2,13|14,6,15,1,13|14,6,15,2,1,13|14,6,15,2,12|14,6,15,2,13|14,6,15,12|14,6,15,13|14,7,5,12|14,7,5,13|14,7,6,12|14,7,6,13|14,7,6,15,1,2,12|14,7,6,15,1,2,13|14,7,6,15,1,13|14,7,6,15,2,1,13|14,7,6,15,2,12|14,7,6,15,2,13|14,7,6,15,12|14,7,6,15,13|14,7,12|14,7,13|15,1,2,12|15,1,2,13|15,1,13|15,2,1,13|15,2,12|15,2,13|15,6,7,5,12|15,6,7,5,13|15,6,7,12|15,6,7,13|15,6,12|15,6,13|15,6,14,7,5,12|15,6,14,7,5,13|15,6,14,7,12|15,6,14,7,13|15,12|15,13
14,5,6,12|14,5,6,13|14,5,6,15,1,2,12|14,5,6,15,1,2,13|14,5,6,15,1,13|14,5,6,15,2,1,13|14,5,6,15,2,12|14,5,6,15,2,13|14,5,6,15,12|14,5,6,15,13|14,5,7,6,12|14,5,7,6,13|14,5,7,6,15,1,2,12|14,5,7,6,15,1,2,13|14,5,7,6,15,1,13|14,5,7,6,15,2,1,13|14,5,7,6,15,2,12|14,5,7,6,15,2,13|14,5,7,6,15,12|14,5,7,6,15,13|14,5,12|14,5,13|14,5,15,1,2,12|14,5,15,1,2,13|14,5,15,1,13|14,5,15,2,1,13|14,5,15,2,12|14,5,15,2,13|14,5,15,6,12|14,5,15,6,13|14,5,15,12|14,5,15,13|14,7,5,6,12|14,7,5,6,13|14,7,5,6,15,1,2,12|14,7,5,6,15,1,2,13|14,7,5,6,15,1,13|14,7,5,6,15,2,1,13|14,7,5,6,15,2,12|14,7,5,6,15,2,13|14,7,5,6,15,12|14,7,5,6,15,13|14,7,5,12|14,7,5,13|14,7,5,15,1,2,12|14,7,5,15,1,2,13|14,7,5,15,1,13|14,7,5,15,2,1,13|14,7,5,15,2,12|14,7,5,15,2,13|14,7,5,15,6,12|14,7,5,15,6,13|14,7,5,15,12|14,7,5,15,13|14,7,6,5,12|14,7,6,5,13|14,7,6,5,15,1,2,12|14,7,6,5,15,1,2,13|14,7,6,5,15,1,13|14,7,6,5,15,2,1,13|14,7,6,5,15,2,12|14,7,6,5,15,2,13|14,7,6,5,15,12|14,7,6,5,15,13|14,7,6,12|14,7,6,13|14,7,6,15,1,2,12|14,7,6,15,1,2,13|14,7,6,15,1,13|14,7,6,15,2,1,13|14,7,6,15,2,12|14,7,6,15,2,13|14,7,6,15,5,12|14,7,6,15,5,13|14,7,6,15,12|14,7,6,15,13|15,1,2,12|15,1,2,13|15,1,13|15,2,1,13|15,2,12|15,2,13|15,5,6,12|15,5,6,13|15,5,7,6,12|15,5,7,6,13|15,5,12|15,5,13|15,5,14,7,6,12|15,5,14,7,6,13|15,6,5,12|15,6,5,13|15,6,7,5,12|15,6,7,5,13|15,6,7,14,5,12|15,6,7,14,5,13|15,6,12|15,6,13|15,12|15,13
14,7,12|14,7,13|14,7,15,1,2,12|14,7,15,1,2,13|14,7,15,1,13|14,7,15,2,1,13|14,7,15,2,12|14,7,15,2,13|14,7,15,12|14,7,15,13|15,1,2,12|15,1,2,13|15,1,13|15,2,1,13|15,2,12|15,2,13|15,7,12|15,7,13|15,12|15,13
14,5,7,12|14,5,7,13|14,5,7,15,1,2,12|14,5,7,15,1,2,13|14,5,7,15,1,13|14,5,7,15,2,1,13|14,5,7,15,2,12|14,5,7,15,2,13|14,5,7,15,12|14,5,7,15,13|14,5,12|14,5,13|14,5,15,1,2,12|14,5,15,1,2,13|14,5,15,1,13|14,5,15,2,1,13|14,5,15,2,12|14,5,15,2,13|14,5,15,7,12|14,5,15,7,13|14,5,15,12|14,5,15,13|14,7,5,12|14,7,5,13|14,7,5,15,1,2,12|14,7,5,15,1,2,13|14,7,5,15,1,13|14,7,5,15,2,1,13|14,7,5,15,2,12|14,7,5,15,2,13|14,7,5,15,12|14,7,5,15,13|14,7,12|14,7,13|14,7,15,1,2,12|14,7,15,1,2,13|14,7,15,1,13|14,7,15,2,1,13|14,7,15,2,12|14,7,15,2,13|14,7,15,5,12|14,7,15,5,13|14,7,15,12|14,7,15,13|15,1,2,12|15,1,2,13|15,1,13|15,2,1,13|15,2,12|15,2,13|15,5,7,12|15,5,7,13|15,5,12|15,5,13|15,5,14,7,12|15,5,14,7,13|15,7,5,12|15,7,5,13|15,7,12|15,7,13|15,7,14,5,12|15,7,14,5,13|15,12|15,13
14,6,5,7,12|14,6,5,7,13|14,6,5,7,15,1,2,12|14,6,5,7,15,1,13|14,6,5,7,15,2,1,13|14,6,5,7,15,2,12|14,6,5,7,15,12|14,6,5,7,15,13|14,6,5,12|14,6,5,13|14,6,12|14,6,13|15,1,2,12|15,1,13|15,2,1,13|15,2,12|15,7,5,6,12|15,7,5,6,13|15,7,5,12|15,7,5,13|15,7,12|15,7,13|15,12|15,13
14,5,7,10|14,5,7,12|14,5,7,15,0,2,1,13|14,5,7,15,0,2,12|14,5,7,15,1,2,12|14,5,7,15,1,13|14,5,7,15,2,1,13|14,5,7,15,2,12|14,5,7,15,10|14,5,7,15,12|14,5,10|14,5,12|14,5,13|14,5,15,0,2,1,13|14,5,15,0,2,12|14,5,15,1,2,12|14,5,15,1,13|14,5,15,2,1,13|14,5,15,2,12|14,5,15,7,10|14,5,15,7,12|14,5,15,10|14,5,15,12|14,6,5,7,10|14,6,5,7,12|14,6,5,7,15,0,2,1,13|14,6,5,7,15,0,2,12|14,6,5,7,15,1,2,12|14,6,5,7,15,1,13|14,6,5,7,15,2,1,13|14,6,5,7,15,2,12|14,6,5,7,15,10|14,6,5,7,15,12|14,6,5,10|14,6,5,12|14,6,5,13|14,6,5,15,0,2,1,13|14,6,5,15,0,2,12|14,6,5,15,1,2,12|14,6,5,15,1,13|14,6,5,15,2,1,13|14,6,5,15,2,12|14,6,5,15,7,10|14,6,5,15,7,12|14,6,5,15,10|14,6,5,15,12|15,0,2,1,13|15,0,2,12|15,1,2,12|15,1,13|15,2,1,13|15,2,12|15,5,7,10|15,5,7,12|15,5,10|15,5,12|15,5,13|15,7,5,10|15,7,5,12|15,7,5,13|15,7,10|15,7,12|15,10|15,12
14,6,10|14,6,12|14,6,15,0,2,1,13|14,6,15,0,2,12|14,6,15,1,2,12|14,6,15,1,13|14,6,15,2,1,13|14,6,15,2,12|14,6,15,10|14,6,15,12|15,0,2,1,13|15,0,2,12|15,1,2,12|15,1,13|15,2,1,13|15,2,12|15,6,10|15,6,12|15,10|15,12
14,5,6,10|14,5,6,12|14,5,6,15,0,2,1,12|14,5,6,15,0,2,1,13|14,5,6,15,0,2,12|14,5,6,15,2,1,12|14,5,6,15,2,1,13|14,5,6,15,2,12|14,5,6,15,10|14,5,6,15,12|14,5,10|14,5,12|14,5,15,0,2,1,12|14,5,15,0,2,1,13|14,5,15,0,2,12|14,5,15,2,1,12|14,5,15,2,1,13|14,5,15,2,12|14,5,15,6,10|14,5,15,6,12|14,5,15,10|14,5,15,12|15,0,2,1,12|15,0,2,1,13|15,0,2,12|15,2,1,12|15,2,1,13|15,2,12|15,5,6,10|15,5,6,12|15,5,10|15,5,12|15,6,5,10|15,6,5,12|15,6,10|15,6,12|15,10|15,12
14,7,5,6,9|14,7,5,6,10|14,7,5,9|14,7,5,10|14,7,9|14,7,10|15,0,2,1,12|15,0,2,1,13|15,0,2,12|15,2,1,12|15,2,1,13|15,2,12|15,9|15,10
14,5,7,6,9|14,5,7,6,10|14,5,9|14,5,10|14,5,15,0,2,1,12|14,5,15,0,2,1,13|14,5,15,0,2,12|14,5,15,9|14,5,15,10|14,7,5,9|14,7,5,10|14,7,5,15,0,2,1,12|14,7,5,15,0,2,1,13|14,7,5,15,0,2,12|14,7,5,15,9|14,7,5,15,10|14,7,6,9|14,7,6,10|15,0,2,1,12|15,0,2,1,13|15,0,2,12|15,5,7,6,9|15,5,7,6,10|15,5,9|15,5,10|15,5,14,7,6,9|15,5,14,7,6,10|15,9|15,10
14,6,5,9|14,6,5,10|14,6,7,9|14,6,7,10|14,6,7,15,0,2,1,12|14,6,7,15,0,2,1,13|14,6,7,15,0,2,12|14,6,7,15,9|14,6,7,15,10|14,6,9|14,6,10|14,7,6,5,9|14,7,6,5,10|14,7,6,9|14,7,6,10|14,7,9|14,7,10|14,7,15,0,2,1,12|14,7,15,0,2,1,13|14,7,15,0,2,12|14,7,15,9|14,7,15,10|15,0,2,1,12|15,0,2,1,13|15,0,2,12|15,7,6,5,9|15,7,6,5,10|15,7,6,9|15,7,6,10|15,7,9|15,7,10|15,7,14,6,5,9|15,7,14,6,5,10|15,7,14,6,9|15,7,14,6,10|15,9|15,10
14,5,6,7,9|14,5,6,7,10|14,5,6,7,15,0,2,1,12|14,5,6,7,15,0,2,1,13|14,5,6,7,15,0,2,12|14,5,6,7,15,9|14,5,6,7,15,10|14,5,7,9|14,5,7,10|14,5,7,15,0,2,1,12|14,5,7,15,0,2,1,13|14,5,7,15,0,2,12|14,5,7,15,9|14,5,7,15,10|14,5,9|14,5,10|14,5,15,0,2,1,12|14,5,15,0,2,1,13|14,5,15,0,2,12|14,5,15,7,9|14,5,15,7,10|14,5,15,9|14,5,15,10|14,6,5,7,9|14,6,5,7,10|14,6,5,7,15,0,2,1,12|14,6,5,7,15,0,2,1,13|14,6,5,7,15,0,2,12|14,6,5,7,15,9|14,6,5,7,15,10|14,6,5,9|14,6,5,10|14,6,5,15,0,2,1,12|14,6,5,15,0,2,1,13|14,6,5,15,0,2,12|14,6,5,15,7,9|14,6,5,15,7,10|14,6,5,15,9|14,6,5,15,10|14,6,7,5,9|14,6,7,5,10|14,6,7,5,15,0,2,1,12|14,6,7,5,15,0,2,1,13|14,6,7,5,15,0,2,12|14,6,7,5,15,9|14,6,7,5,15,10|14,6,7,9|14,6,7,10|14,6,7,15,0,2,1,12|14,6,7,15,0,2,1,13|14,6,7,15,0,2,12|14,6,7,15,5,9|14,6,7,15,5,10|14,6,7,15,9|14,6,7,15,10|14,7,5,9|14,7,5,10|14,7,5,15,0,2,1,12|14,7,5,15,0,2,1,13|14,7,5,15,0,2,12|14,7,5,15,9|14,7,5,15,10|14,7,6,5,9|14,7,6,5,10|14,7,6,5,15,0,2,1,12|14,7,6,5,15,0,2,1,13|14,7,6,5,15,0,2,12|14,7,6,5,15,9|14,7,6,5,15,10|14,7,9|14,7,10|14,7,15,0,2,1,12|14,7,15,0,2,1,13|14,7,15,0,2,12|14,7,15,5,9|14,7,15,5,10|14,7,15,9|14,7,15,10|15,0,2,1,12|15,0,2,1,13|15,0,2,12|15,5,6,7,9|15,5,6,7,10|15,5,6,14,7,9|15,5,6,14,7,10|15,5,7,9|15,5,7,10|15,5,9|15,5,10|15,5,14,6,7,9|15,5,14,6,7,10|15,5,14,7,9|15,5,14,7,10|15,7,5,9|15,7,5,10|15,7,6,5,9|15,7,6,5,10|15,7,6,14,5,9|15,7,6,14,5,10|15,7,9|15,7,10|15,7,14,5,9|15,7,14,5,10|15,7,14,6,5,9|15,7,14,6,5,10|15,9|15,10
14,6,7,5,9|14,6,7,5,10|14,6,7,9|14,6,7,10|14,6,7,15,9|14,6,7,15,10|14,6,9|14,6,10|14,6,15,7,5,9|14,6,15,7,5,10|14,6,15,7,9|14,6,15,7,10|14,6,15,9|14,6,15,10|15,6,7,5,9|15,6,7,5,10|15,6,7,9|15,6,7,10|15,6,9|15,6,10|15,7,5,9|15,7,5,10|15,7,6,9|15,7,6,10|15,7,9|15,7,10|15,9|15,10
14,5,6,7,9|14,5,6,7,13|14,5,6,7,15,9|14,5,6,7,15,13|14,5,6,9|14,5,6,13|14,5,6,15,7,9|14,5,6,15,7,13|14,5,6,15,9|14,5,6,15,13|14,5,7,6,9|14,5,7,6,13|14,5,7,6,15,9|14,5,7,6,15,13|14,5,7,9|14,5,7,13|14,5,7,15,6,9|14,5,7,15,6,13|14,5,7,15,9|14,5,7,15,13|14,5,9|14,5,10|14,5,13|14,5,15,6,7,9|14,5,15,6,7,13|14,5,15,6,9|14,5,15,6,13|14,5,15,7,6,9|14,5,15,7,6,13|14,5,15,7,9|14,5,15,7,13|14,5,15,9|14,5,15,13|15,5,6,7,9|15,5,6,7,13|15,5,6,9|15,5,6,13|15,5,7,6,9|15,5,7,6,13|15,5,7,9|15,5,7,13|15,5,9|15,5,10|15,5,13|15,6,5,7,9|15,6,5,7,13|15,6,5,9|15,6,5,10|15,6,5,13|15,6,7,5,9|15,6,7,5,10|15,6,7,5,13|15,6,7,9|15,6,7,13|15,6,9|15,6,13|15,7,5,6,9|15,7,5,6,13|15,7,5,9|15,7,5,10|15,7,5,13|15,7,6,5,9|15,7,6,5,10|15,7,6,5,13|15,7,6,9|15,7,6,13|15,7,9|15,7,13|15,9|15,13
15,1,0,2,12|15,1,2,12|15,1,12|15,9|15,13
14,5,9|14,5,13|14,5,15,1,0,2,12|14,5,15,1,2,12|14,5,15,1,12|14,5,15,9|14,5,15,13|15,1,0,2,12|15,1,2,12|15,1,12|15,5,9|15,5,13|15,9|15,13
14,6,5,7,12|14,6,5,7,13|14,6,5,12|14,6,5,13|14,6,7,5,12|14,6,7,5,13|14,6,7,12|14,6,7,13|14,6,12|14,6,13|14,7,5,6,12|14,7,5,6,13|14,7,5,12|14,7,5,13|14,7,6,5,12|14,7,6,5,13|14,7,6,12|14,7,6,13|14,7,12|14,7,13|15,1,0,2,12|15,1,2,12|15,1,12|15,12|15,13
14,5,12|14,5,13|14,5,15,0,1,12|14,5,15,0,2,1,12|14,5,15,1,12|14,5,15,2,0,1,12|14,5,15,2,1,12|14,5,15,12|14,5,15,13|14,6,5,12|14,6,5,13|14,6,5,15,0,1,12|14,6,5,15,0,2,1,12|14,6,5,15,1,12|14,6,5,15,2,0,1,12|14,6,5,15,2,1,12|14,6,5,15,12|14,6,5,15,13|14,6,7,5,12|14,6,7,5,13|14,6,7,5,15,0,1,12|14,6,7,5,15,0,2,1,12|14,6,7,5,15,1,12|14,6,7,5,15,2,0,1,12|14,6,7,5,15,2,1,12|14,6,7,5,15,12|14,6,7,5,15,13|14,7,5,12|14,7,5,13|14,7,5,15,0,1,12|14,7,5,15,0,2,1,12|14,7,5,15,1,12|14,7,5,15,2,0,1,12|14,7,5,15,2,1,12|14,7,5,15,12|14,7,5,15,13|14,7,6,5,12|14,7,6,5,13|14,7,6,5,15,0,1,12|14,7,6,5,15,0,2,1,12|14,7,6,5,15,1,12|14,7,6,5,15,2,0,1,12|14,7,6,5,15,2,1,12|14,7,6,5,15,12|14,7,6,5,15,13|15,0,1,12|15,0,2,1,12|15,1,12|15,2,0,1,12|15,2,1,12|15,5,12|15,5,13|15,12|15,13
14,6,7,12|14,6,7,13|14,6,7,15,0,1,12|14,6,7,15,0,2,1,12|14,6,7,15,1,12|14,6,7,15,2,0,1,12|14,6,7,15,2,1,12|14,6,7,15,12|14,6,7,15,13|14,6,12|14,6,13|14,6,15,0,1,12|14,6,15,0,2,1,12|14,6,15,1,12|14,6,15,2,0,1,12|14,6,15,2,1,12|14,6,15,7,12|14,6,15,7,13|14,6,15,12|14,6,15,13|14,7,6,12|14,7,6,13|14,7,6,15,0,1,12|14,7,6,15,0,2,1,12|14,7,6,15,1,12|14,7,6,15,2,0,1,12|14,7,6,15,2,1,12|14,7,6,15,12|14,7,6,15,13|14,7,12|14,7,13|14,7,15,0,1,12|14,7,15,0,2,1,12|14,7,15,1,12|14,7,15,2,0,1,12|14,7,15,2,1,12|14,7,15,6,12|14,7,15,6,13|14,7,15,12|14,7,15,13|15,0,1,12|15,0,2,1,12|15,1,12|15,2,0,1,12|15,2,1,12|15,6,7,12|15,6,7,13|15,6,12|15,6,13|15,6,14,7,12|15,6,14,7,13|15,7,6,12|15,7,6,13|15,7,12|15,7,13|15,7,14,6,12|15,7,14,6,13|15,12|15,13
14,5,6,7,12|14,5,6,7,13|14,5,6,7,15,0,1,12|14,5,6,7,15,0,2,1,12|14,5,6,7,15,1,12|14,5,6,7,15,2,0,1,12|14,5,6,7,15,2,1,12|14,5,6,7,15,12|14,5,6,7,15,13|14,5,6,12|14,5,6,13|14,5,6,15,0,1,12|14,5,6,15,0,2,1,12|14,5,6,15,1,12|14,5,6,15,2,0,1,12|14,5,6,15,2,1,12|14,5,6,15,7,12|14,5,6,15,7,13|14,5,6,15,12|14,5,6,15,13|14,5,7,6,12|14,5,7,6,13|14,5,7,6,15,0,1,12|14,5,7,6,15,0,2,1,12|14,5,7,6,15,1,12|14,5,7,6,15,2,0,1,12|14,5,7,6,15,2,1,12|14,5,7,6,15,12|14,5,7,6,15,13|14,5,7,12|14,5,7,13|14,5,7,15,0,1,12|14,5,7,15,0,2,1,12|14,5,7,15,1,12|14,5,7,15,2,0,1,12|14,5,7,15,2,1,12|14,5,7,15,6,12|14,5,7,15,6,13|14,5,7,15,12|14,5,7,15,13|14,5,12|14,5,13|14,5,15,0,1,12|14,5,15,0,2,1,12|14,5,15,1,12|14,5,15,2,0,1,12|14,5,15,2,1,12|14,5,15,6,7,12|14,5,15,6,7,13|14,5,15,6,12|14,5,15,6,13|14,5,15,7,6,12|14,5,15,7,6,13|14,5,15,7,12|14,5,15,7,13|14,5,15,12|14,5,15,13|14,7,5,6,12|14,7,5,6,13|14,7,5,6,15,0,1,12|14,7,5,6,15,0,2,1,12|14,7,5,6,15,1,12|14,7,5,6,15,2,0,1,12|14,7,5,6,15,2,1,12|14,7,5,6,15,12|14,7,5,6,15,13|14,7,5,12|14,7,5,13|14,7,5,15,0,1,12|14,7,5,15,0,2,1,12|14,7,5,15,1,12|14,7,5,15,2,0,1,12|14,7,5,15,2,1,12|14,7,5,15,6,12|14,7,5,15,6,13|14,7,5,15,12|14,7,5,15,13|14,7,6,5,12|14,7,6,5,13|14,7,6,5,15,0,1,12|14,7,6,5,15,0,2,1,12|14,7,6,5,15,1,12|14,7,6,5,15,2,0,1,12|14,7,6,5,15,2,1,12|14,7,6,5,15,12|14,7,6,5,15,13|14,7,6,12|14,7,6,13|14,7,6,15,0,1,12|14,7,6,15,0,2,1,12|14,7,6,15,1,12|14,7,6,15,2,0,1,12|14,7,6,15,2,1,12|14,7,6,15,5,12|14,7,6,15,5,13|14,7,6,15,12|14,7,6,15,13|14,7,12|14,7,13|14,7,15,0,1,12|14,7,15,0,2,1,12|14,7,15,1,12|14,7,15,2,0,1,12|14,7,15,2,1,12|14,7,15,5,6,12|14,7,15,5,6,13|14,7,15,5,12|14,7,15,5,13|14,7,15,6,5,12|14,7,15,6,5,13|14,7,15,6,12|14,7,15,6,13|14,7,15,12|14,7,15,13|15,0,1,12|15,0,2,1,12|15,1,12|15,2,0,1,12|15,2,1,12|15,5,6,7,12|15,5,6,7,13|15,5,6,12|15,5,6,13|15,5,7,6,12|15,5,7,6,13|15,5,7,12|15,5,7,13|15,5,12|15,5,13|15,5,14,7,6,12|15,5,14,7,6,13|15,5,14,7,12|15,5,14,7,13|15,6,5,7,12|15,6,5,7,13|15,6,5,12|15,6,5,13|15,6,5,14,7,12|15,6,5,14,7,13|15,6,7,5,12|15,6,7,5,13|15,6,7,12|15,6,7,13|15,6,7,14,5,12|15,6,7,14,5,13|15,6,12|15,6,13|15,7,5,6,12|15,7,5,6,13|15,7,5,12|15,7,5,13|15,7,6,5,12|15,7,6,5,13|15,7,6,12|15,7,6,13|15,7,12|15,7,13|15,7,14,5,6,12|15,7,14,5,6,13|15,7,14,5,12|15,7,14,5,13|15,12|15,13
15,0,1,12|15,0,2,1,12|15,1,12|15,2,0,1,12|15,2,1,12|15,7,5,6,12|15,7,5,6,13|15,7,5,12|15,7,5,13|15,7,6,5,12|15,7,6,5,13|15,7,6,12|15,7,6,13|15,7,12|15,7,13|15,12|15,13
14,5,7,6,10|14,5,7,6,12|14,5,7,10|14,5,7,12|14,5,7,15,0,1,12|14,5,7,15,0,2,1,12|14,5,7,15,1,12|14,5,7,15,2,0,1,12|14,5,7,15,2,1,12|14,5,7,15,10|14,5,7,15,12|14,5,10|14,5,12|14,5,13|14,5,15,0,1,12|14,5,15,0,2,1,12|14,5,15,1,12|14,5,15,2,0,1,12|14,5,15,2,1,12|14,5,15,7,6,10|14,5,15,7,6,12|14,5,15,7,10|14,5,15,7,12|14,5,15,10|14,5,15,12|15,0,1,12|15,0,2,1,12|15,1,12|15,2,0,1,12|15,2,1,12|15,5,7,6,10|15,5,7,6,12|15,5,7,10|15,5,7,12|15,5,10|15,5,12|15,5,13|15,7,5,10|15,7,5,12|15,7,5,13|15,7,6,10|15,7,6,12|15,7,10|15,7,12|15,10|15,12
14,6,5,7,10|14,6,5,7,12|14,6,5,10|14,6,5,12|14,6,7,5,10|14,6,7,5,12|14,6,7,10|14,6,7,12|14,6,10|14,6,12|15,0,1,12|15,0,2,1,12|15,1,12|15,2,0,1,12|15,2,1,12|15,10|15,12
14,5,6,7,10|14,5,6,7,12|14,5,10|14,5,12|14,5,15,0,1,12|14,5,15,0,2,1,12|14,5,15,1,12|14,5,15,2,0,1,12|14,5,15,2,1,12|14,5,15,10|14,5,15,12|14,6,5,10|14,6,5,12|14,6,5,15,0,1,12|14,6,5,15,0,2,1,12|14,6,5,15,1,12|14,6,5,15,2,0,1,12|14,6,5,15,2,1,12|14,6,5,15,10|14,6,5,15,12|14,6,7,10|14,6,7,12|15,0,1,12|15,0,2,1,12|15,1,12|15,2,0,1,12|15,2,1,12|15,5,6,7,10|15,5,6,7,12|15,5,10|15,5,12|15,5,14,6,7,10|15,5,14,6,7,12|15,10|15,12
14,6,7,5,9|14,6,7,5,10|14,6,7,9|14,6,7,10|14,6,9|14,6,10|14,6,15,0,1,2,10|14,6,15,0,1,12|14,6,15,0,2,1,12|14,6,15,0,2,10|14,6,15,1,0,2,10|14,6,15,1,2,10|14,6,15,1,12|14,6,15,2,0,1,12|14,6,15,2,1,12|14,6,15,2,10|14,6,15,9|14,6,15,10|14,7,5,9|14,7,5,10|14,7,6,9|14,7,6,10|14,7,6,15,0,1,2,10|14,7,6,15,0,1,12|14,7,6,15,0,2,1,12|14,7,6,15,0,2,10|14,7,6,15,1,0,2,10|14,7,6,15,1,2,10|14,7,6,15,1,12|14,7,6,15,2,0,1,12|14,7,6,15,2,1,12|14,7,6,15,2,10|14,7,6,15,9|14,7,6,15,10|14,7,9|14,7,10|15,0,1,2,10|15,0,1,12|15,0,2,1,12|15,0,2,10|15,1,0,2,10|15,1,2,10|15,1,12|15,2,0,1,12|15,2,1,12|15,2,10|15,6,7,5,9|15,6,7,5,10|15,6,7,9|15,6,7,10|15,6,9|15,6,10|15,6,14,7,5,9|15,6,14,7,5,10|15,6,14,7,9|15,6,14,7,10|15,9|15,10
14,5,6,9|14,5,6,10|14,5,6,15,0,1,2,10|14,5,6,15,0,1,12|14,5,6,15,0,2,1,12|14,5,6,15,0,2,10|14,5,6,15,1,0,2,10|14,5,6,15,1,2,10|14,5,6,15,1,12|14,5,6,15,2,0,1,12|14,5,6,15,2,1,12|14,5,6,15,2,10|14,5,6,15,9|14,5,6,15,10|14,5,7,6,9|14,5,7,6,10|14,5,7,6,15,0,1,2,10|14,5,7,6,15,0,1,12|14,5,7,6,15,0,2,1,12|14,5,7,6,15,0,2,10|14,5,7,6,15,1,0,2,10|14,5,7,6,15,1,2,10|14,5,7,6,15,1,12|14,5,7,6,15,2,0,1,12|14,5,7,6,15,2,1,12|14,5,7,6,15,2,10|14,5,7,6,15,9|14,5,7,6,15,10|14,5,9|14,5,10|14,5,15,0,1,2,10|14,5,15,0,1,12|14,5,15,0,2,1,12|14,5,15,0,2,10|14,5,15,1,0,2,10|14,5,15,1,2,10|14,5,15,1,12|14,5,15,2,0,1,12|14,5,15,2,1,12|14,5,15,2,10|14,5,15,6,9|14,5,15,6,10|14,5,15,9|14,5,15,10|14,7,5,6,9|14,7,5,6,10|14,7,5,6,15,0,1,2,10|14,7,5,6,15,0,1,12|14,7,5,6,15,0,2,1,12|14,7,5,6,15,0,2,10|14,7,5,6,15,1,0,2,10|14,7,5,6,15,1,2,10|14,7,5,6,15,1,12|14,7,5,6,15,2,0,1,12|14,7,5,6,15,2,1,12|14,7,5,6,15,2,10|14,7,5,6,15,9|14,7,5,6,15,10|14,7,5,9|14,7,5,10|14,7,5,15,0,1,2,10|14,7,5,15,0,1,12|14,7,5,15,0,2,1,12|14,7,5,15,0,2,10|14,7,5,15,1,0,2,10|14,7,5,15,1,2,10|14,7,5,15,1,12|14,7,5,15,2,0,1,12|14,7,5,15,2,1,12|14,7,5,15,2,10|14,7,5,15,6,9|14,7,5,15,6,10|14,7,5,15,9|14,7,5,15,10|14,7,6,5,9|14,7,6,5,10|14,7,6,5,15,0,1,2,10|14,7,6,5,15,0,1,12|14,7,6,5,15,0,2,1,12|14,7,6,5,15,0,2,10|14,7,6,5,15,1,0,2,10|14,7,6,5,15,1,2,10|14,7,6,5,15,1,12|14,7,6,5,15,2,0,1,12|14,7,6,5,15,2,1,12|14,7,6,5,15,2,10|14,7,6,5,15,9|14,7,6,5,15,10|14,7,6,9|14,7,6,10|14,7,6,15,0,1,2,10|14,7,6,15,0,1,12|14,7,6,15,0,2,1,12|14,7,6,15,0,2,10|14,7,6,15,1,0,2,10|14,7,6,15,1,2,10|14,7,6,15,1,12|14,7,6,15,2,0,1,12|14,7,6,15,2,1,12|14,7,6,15,2,10|14,7,6,15,5,9|14,7,6,15,5,10|14,7,6,15,9|14,7,6,15,10|15,0,1,2,10|15,0,1,12|15,0,2,1,12|15,0,2,10|15,1,0,2,10|15,1,2,10|15,1,12|15,2,0,1,12|15,2,1,12|15,2,10|15,5,6,9|15,5,6,10|15,5,7,6,9|15,5,7,6,10|15,5,9|15,5,10|15,5,14,7,6,9|15,5,14,7,6,10|15,6,5,9|15,6,5,10|15,6,7,5,9|15,6,7,5,10|15,6,7,14,5,9|15,6,7,14,5,10|15,6,9|15,6,10|15,9|15,10
14,7,9|14,7,10|14,7,15,0,1,2,10|14,7,15,0,2,10|14,7,15,1,0,2,10|14,7,15,1,2,10|14,7,15,2,10|14,7,15,9|14,7,15,10|15,0,1,2,10|15,0,2,10|15,1,0,2,10|15,1,2,10|15,2,10|15,7,9|15,7,10|15,9|15,10
14,5,7,9|14,5,7,10|14,5,7,15,0,1,2,10|14,5,7,15,0,2,10|14,5,7,15,2,10|14,5,7,15,9|14,5,7,15,10|14,5,9|14,5,10|14,5,15,0,1,2,10|14,5,15,0,2,10|14,5,15,2,10|14,5,15,7,9|14,5,15,7,10|14,5,15,9|14,5,15,10|14,7,5,9|14,7,5,10|14,7,5,15,0,1,2,10|14,7,5,15,0,2,10|14,7,5,15,2,10|14,7,5,15,9|14,7,5,15,10|14,7,9|14,7,10|14,7,15,0,1,2,10|14,7,15,0,2,10|14,7,15,2,10|14,7,15,5,9|14,7,15,5,10|14,7,15,9|14,7,15,10|15,0,1,2,10|15,0,2,10|15,2,10|15,5,7,9|15,5,7,10|15,5,9|15,5,10|15,5,14,7,9|15,5,14,7,10|15,7,5,9|15,7,5,10|15,7,9|15,7,10|15,7,14,5,9|15,7,14,5,10|15,9|15,10
14,6,5,7,9|14,6,5,7,10|14,6,5,7,15,2,10|14,6,5,7,15,9|14,6,5,7,15,10|14,6,5,9|14,6,5,10|14,6,9|14,6,10|15,2,10|15,7,5,6,9|15,7,5,6,10|15,7,5,9|15,7,5,10|15,7,9|15,7,10|15,9|15,10
14,5,7,9|14,5,7,13|14,5,7,15,9|14,5,7,15,13|14,5,9|14,5,10|14,5,13|14,5,15,7,9|14,5,15,7,13|14,5,15,9|14,5,15,13|14,6,5,7,9|14,6,5,7,13|14,6,5,7,15,9|14,6,5,7,15,13|14,6,5,9|14,6,5,10|14,6,5,13|14,6,5,15,7,9|14,6,5,15,7,13|14,6,5,15,9|14,6,5,15,13|15,5,7,9|15,5,7,13|15,5,9|15,5,10|15,5,13|15,7,5,9|15,7,5,10|15,7,5,13|15,7,9|15,7,13|15,9|15,13
14,6,9|14,6,13|14,6,15,9|14,6,15,13|15,6,9|15,6,13|15,9|15,13
14,5,6,9|14,5,6,13|14,5,6,15,9|14,5,6,15,13|14,5,9|14,5,13|14,5,15,6,9|14,5,15,6,13|14,5,15,9|14,5,15,13|15,5,6,9|15,5,6,13|15,5,9|15,5,13|15,6,5,9|15,6,5,13|15,6,9|15,6,13|15,9|15,13
14,7,5,6,12|14,7,5,6,13|14,7,5,12|14,7,5,13|14,7,12|14,7,13|15,12|15,13
14,5,7,6,12|14,5,7,6,13|14,5,12|14,5,13|14,5,15,0,1,2,10|14,5,15,0,2,10|14,5,15,12|14,5,15,13|14,7,5,12|14,7,5,13|14,7,5,15,0,1,2,10|14,7,5,15,0,2,10|14,7,5,15,12|14,7,5,15,13|14,7,6,12|14,7,6,13|15,0,1,2,10|15,0,2,10|15,5,7,6,12|15,5,7,6,13|15,5,12|15,5,13|15,5,14,7,6,12|15,5,14,7,6,13|15,12|15,13
14,6,5,12|14,6,5,13|14,6,7,12|14,6,7,13|14,6,7,15,0,1,2,10|14,6,7,15,0,1,10|14,6,7,15,0,2,1,10|14,6,7,15,0,2,10|14,6,7,15,1,0,2,10|14,6,7,15,1,2,10|14,6,7,15,1,10|14,6,7,15,12|14,6,7,15,13|14,6,12|14,6,13|14,7,6,5,12|14,7,6,5,13|14,7,6,12|14,7,6,13|14,7,12|14,7,13|14,7,15,0,1,2,10|14,7,15,0,1,10|14,7,15,0,2,1,10|14,7,15,0,2,10|14,7,15,1,0,2,10|14,7,15,1,2,10|14,7,15,1,10|14,7,15,12|14,7,15,13|15,0,1,2,10|15,0,1,10|15,0,2,1,10|15,0,2,10|15,1,0,2,10|15,1,2,10|15,1,10|15,7,6,5,12|15,7,6,5,13|15,7,6,12|15,7,6,13|15,7,12|15,7,13|15,7,14,6,5,12|15,7,14,6,5,13|15,7,14,6,12|15,7,14,6,13|15,12|15,13
14,5,6,7,12|14,5,6,7,13|14,5,6,7,15,0,1,2,10|14,5,6,7,15,0,1,10|14,5,6,7,15,0,2,1,10|14,5,6,7,15,0,2,10|14,5,6,7,15,1,0,2,10|14,5,6,7,15,1,2,10|14,5,6,7,15,1,10|14,5,6,7,15,12|14,5,6,7,15,13|14,5,7,12|14,5,7,13|14,5,7,15,0,1,2,10|14,5,7,15,0,1,10|14,5,7,15,0,2,1,10|14,5,7,15,0,2,10|14,5,7,15,1,0,2,10|14,5,7,15,1,2,10|14,5,7,15,1,10|14,5,7,15,12|14,5,7,15,13|14,5,12|14,5,13|14,5,15,0,1,2,10|14,5,15,0,1,10|14,5,15,0,2,1,10|14,5,15,0,2,10|14,5,15,1,0,2,10|14,5,15,1,2,10|14,5,15,1,10|14,5,15,7,12|14,5,15,7,13|14,5,15,12|14,5,15,13|14,6,5,7,12|14,6,5,7,13|14,6,5,7,15,0,1,2,10|14,6,5,7,15,0,1,10|14,6,5,7,15,0,2,1,10|14,6,5,7,15,0,2,10|14,6,5,7,15,1,0,2,10|14,6,5,7,15,1,2,10|14,6,5,7,15,1,10|14,6,5,7,15,12|14,6,5,7,15,13|14,6,5,12|14,6,5,13|14,6,5,15,0,1,2,10|14,6,5,15,0,1,10|14,6,5,15,0,2,1,10|14,6,5,15,0,2,10|14,6,5,15,1,0,2,10|14,6,5,15,1,2,10|14,6,5,15,1,10|14,6,5,15,7,12|14,6,5,15,7,13|14,6,5,15,12|14,6,5,15,13|14,6,7,5,12|14,6,7,5,13|14,6,7,5,15,0,1,2,10|14,6,7,5,15,0,1,10|14,6,7,5,15,0,2,1,10|14,6,7,5,15,0,2,10|14,6,7,5,15,1,0,2,10|14,6,7,5,15,1,2,10|14,6,7,5,15,1,10|14,6,7,5,15,12|14,6,7,5,15,13|14,6,7,12|14,6,7,13|14,6,7,15,0,1,2,10|14,6,7,15,0,1,10|14,6,7,15,0,2,1,10|14,6,7,15,0,2,10|14,6,7,15,1,0,2,10|14,6,7,15,1,2,10|14,6,7,15,1,10|14,6,7,15,5,12|14,6,7,15,5,13|14,6,7,15,12|14,6,7,15,13|14,7,5,12|14,7,5,13|14,7,5,15,0,1,2,10|14,7,5,15,0,1,10|14,7,5,15,0,2,1,10|14,7,5,15,0,2,10|14,7,5,15,1,0,2,10|14,7,5,15,1,2,10|14,7,5,15,1,10|14,7,5,15,12|14,7,5,15,13|14,7,6,5,12|14,7,6,5,13|14,7,6,5,15,0,1,2,10|14,7,6,5,15,0,1,10|14,7,6,5,15,0,2,1,10|14,7,6,5,15,0,2,10|14,7,6,5,15,1,0,2,10|14,7,6,5,15,1,2,10|14,7,6,5,15,1,10|14,7,6,5,15,12|14,7,6,5,15,13|14,7,12|14,7,13|14,7,15,0,1,2,10|14,7,15,0,1,10|14,7,15,0,2,1,10|14,7,15,0,2,10|14,7,15,1,0,2,10|14,7,15,1,2,10|14,7,15,1,10|14,7,15,5,12|14,7,15,5,13|14,7,15,12|14,7,15,13|15,0,1,2,10|15,0,1,10|15,0,2,1,10|15,0,2,10|15,1,0,2,10|15,1,2,10|15,1,10|15,5,6,7,12|15,5,6,7,13|15,5,6,14,7,12|15,5,6,14,7,13|15,5,7,12|15,5,7,13|15,5,12|15,5,13|15,5,14,6,7,12|15,5,14,6,7,13|15,5,14,7,12|15,5,14,7,13|15,7,5,12|15,7,5,13|15,7,6,5,12|15,7,6,5,13|15,7,6,14,5,12|15,7,6,14,5,13|15,7,12|15,7,13|15,7,14,5,12|15,7,14,5,13|15,7,14,6,5,12|15,7,14,6,5,13|15,12|15,13
14,6,7,5,12|14,6,7,5,13|14,6,7,12|14,6,7,13|14,6,7,15,0,1,2,10|14,6,7,15,0,1,10|14,6,7,15,1,2,10|14,6,7,15,1,10|14,6,7,15,12|14,6,7,15,13|14,6,12|14,6,13|14,6,15,0,1,2,10|14,6,15,0,1,10|14,6,15,1,2,10|14,6,15,1,10|14,6,15,7,5,12|14,6,15,7,5,13|14,6,15,7,12|14,6,15,7,13|14,6,15,12|14,6,15,13|15,0,1,2,10|15,0,1,10|15,1,2,10|15,1,10|15,6,7,5,12|15,6,7,5,13|15,6,7,12|15,6,7,13|15,6,12|15,6,13|15,7,5,12|15,7,5,13|15,7,6,12|15,7,6,13|15,7,12|15,7,13|15,12|15,13
14,5,6,7,10|14,5,6,7,12|14,5,6,7,15,0,1,2,10|14,5,6,7,15,0,1,10|14,5,6,7,15,1,2,10|14,5,6,7,15,1,10|14,5,6,7,15,2,1,10|14,5,6,7,15,2,10|14,5,6,7,15,10|14,5,6,7,15,12|14,5,6,10|14,5,6,12|14,5,6,15,0,1,2,10|14,5,6,15,0,1,10|14,5,6,15,1,2,10|14,5,6,15,1,10|14,5,6,15,2,1,10|14,5,6,15,2,10|14,5,6,15,7,10|14,5,6,15,7,12|14,5,6,15,10|14,5,6,15,12|14,5,7,6,10|14,5,7,6,12|14,5,7,6,15,0,1,2,10|14,5,7,6,15,0,1,10|14,5,7,6,15,1,2,10|14,5,7,6,15,1,10|14,5,7,6,15,2,1,10|14,5,7,6,15,2,10|14,5,7,6,15,10|14,5,7,6,15,12|14,5,7,10|14,5,7,12|14,5,7,15,0,1,2,10|14,5,7,15,0,1,10|14,5,7,15,1,2,10|14,5,7,15,1,10|14,5,7,15,2,1,10|14,5,7,15,2,10|14,5,7,15,6,10|14,5,7,15,6,12|14,5,7,15,10|14,5,7,15,12|14,5,10|14,5,12|14,5,13|14,5,15,0,1,2,10|14,5,15,0,1,10|14,5,15,1,2,10|14,5,15,1,10|14,5,15,2,1,10|14,5,15,2,10|14,5,15,6,7,10|14,5,15,6,7,12|14,5,15,6,10|14,5,15,6,12|14,5,15,7,6,10|14,5,15,7,6,12|14,5,15,7,10|14,5,15,7,12|14,5,15,10|14,5,15,12|15,0,1,2,10|15,0,1,10|15,1,2,10|15,1,10|15,2,1,10|15,2,10|15,5,6,7,10|15,5,6,7,12|15,5,6,10|15,5,6,12|15,5,7,6,10|15,5,7,6,12|15,5,7,10|15,5,7,12|15,5,10|15,5,12|15,5,13|15,6,5,7,10|15,6,5,7,12|15,6,5,10|15,6,5,12|15,6,5,13|15,6,7,5,10|15,6,7,5,12|15,6,7,5,13|15,6,7,10|15,6,7,12|15,6,10|15,6,12|15,7,5,6,10|15,7,5,6,12|15,7,5,10|15,7,5,12|15,7,5,13|15,7,6,5,10|15,7,6,5,12|15,7,6,5,13|15,7,6,10|15,7,6,12|15,7,10|15,7,12|15,10|15,12
15,0,1,2,9|15,0,1,2,10|15,0,1,10|15,1,2,9|15,1,2,10|15,1,10|15,2,1,10|15,2,9|15,2,10|15,10|15,12
14,5,10|14,5,12|14,5,15,0,1,2,9|14,5,15,0,1,2,10|14,5,15,0,1,10|14,5,15,1,2,9|14,5,15,1,2,10|14,5,15,1,10|14,5,15,2,1,10|14,5,15,2,9|14,5,15,2,10|14,5,15,10|14,5,15,12|15,0,1,2,9|15,0,1,2,10|15,0,1,10|15,1,2,9|15,1,2,10|15,1,10|15,2,1,10|15,2,9|15,2,10|15,5,10|15,5,12|15,10|15,12
14,6,5,7,9|14,6,5,7,10|14,6,5,9|14,6,5,10|14,6,7,5,9|14,6,7,5,10|14,6,7,9|14,6,7,10|14,6,9|14,6,10|14,7,5,6,9|14,7,5,6,10|14,7,5,9|14,7,5,10|14,7,6,5,9|14,7,6,5,10|14,7,6,9|14,7,6,10|14,7,9|14,7,10|15,0,1,2,9|15,0,1,2,10|15,0,1,10|15,1,2,9|15,1,2,10|15,1,10|15,2,1,10|15,2,9|15,2,10|15,9|15,10
14,5,9|14,5,10|14,5,15,0,1,2,9|14,5,15,0,1,2,10|14,5,15,0,1,10|14,5,15,1,2,9|14,5,15,1,2,10|14,5,15,1,10|14,5,15,2,1,10|14,5,15,2,9|14,5,15,2,10|14,5,15,9|14,5,15,10|14,6,5,9|14,6,5,10|14,6,5,15,0,1,2,9|14,6,5,15,0,1,2,10|14,6,5,15,0,1,10|14,6,5,15,1,2,9|14,6,5,15,1,2,10|14,6,5,15,1,10|14,6,5,15,2,1,10|14,6,5,15,2,9|14,6,5,15,2,10|14,6,5,15,9|14,6,5,15,10|14,6,7,5,9|14,6,7,5,10|14,6,7,5,15,0,1,2,9|14,6,7,5,15,0,1,2,10|14,6,7,5,15,0,1,10|14,6,7,5,15,1,2,9|14,6,7,5,15,1,2,10|14,6,7,5,15,1,10|14,6,7,5,15,2,1,10|14,6,7,5,15,2,9|14,6,7,5,15,2,10|14,6,7,5,15,9|14,6,7,5,15,10|14,7,5,9|14,7,5,10|14,7,5,15,0,1,2,9|14,7,5,15,0,1,2,10|14,7,5,15,0,1,10|14,7,5,15,1,2,9|14,7,5,15,1,2,10|14,7,5,15,1,10|14,7,5,15,2,1,10|14,7,5,15,2,9|14,7,5,15,2,10|14,7,5,15,9|14,7,5,15,10|14,7,6,5,9|14,7,6,5,10|14,7,6,5,15,0,1,2,9|14,7,6,5,15,0,1,2,10|14,7,6,5,15,0,1,10|14,7,6,5,15,1,2,9|14,7,6,5,15,1,2,10|14,7,6,5,15,1,10|14,7,6,5,15,2,1,10|14,7,6,5,15,2,9|14,7,6,5,15,2,10|14,7,6,5,15,9|14,7,6,5,15,10|15,0,1,2,9|15,0,1,2,10|15,0,1,10|15,1,2,9|15,1,2,10|15,1,10|15,2,1,10|15,2,9|15,2,10|15,5,9|15,5,10|15,9|15,10
14,6,7,9|14,6,7,10|14,6,7,15,0,1,2,9|14,6,7,15,0,1,2,10|14,6,7,15,0,1,10|14,6,7,15,1,2,9|14,6,7,15,1,2,10|14,6,7,15,1,10|14,6,7,15,2,1,10|14,6,7,15,2,9|14,6,7,15,2,10|14,6,7,15,9|14,6,7,15,10|14,6,9|14,6,10|14,6,15,0,1,2,9|14,6,15,0,1,2,10|14,6,15,0,1,10|14,6,15,1,2,9|14,6,15,1,2,10|14,6,15,1,10|14,6,15,2,1,10|14,6,15,2,9|14,6,15,2,10|14,6,15,7,9|14,6,15,7,10|14,6,15,9|14,6,15,10|14,7,6,9|14,7,6,10|14,7,6,15,0,1,2,9|14,7,6,15,0,1,2,10|14,7,6,15,0,1,10|14,7,6,15,1,2,9|14,7,6,15,1,2,10|14,7,6,15,1,10|14,7,6,15,2,1,10|14,7,6,15,2,9|14,7,6,15,2,10|14,7,6,15,9|14,7,6,15,10|14,7,9|14,7,10|14,7,15,0,1,2,9|14,7,15,0,1,2,10|14,7,15,0,1,10|14,7,15,1,2,9|14,7,15,1,2,10|14,7,15,1,10|14,7,15,2,1,10|14,7,15,2,9|14,7,15,2,10|14,7,15,6,9|14,7,15,6,10|14,7,15,9|14,7,15,10|15,0,1,2,9|15,0,1,2,10|15,0,1,10|15,1,2,9|15,1,2,10|15,1,10|15,2,1,10|15,2,9|15,2,10|15,6,7,9|15,6,7,10|15,6,9|15,6,10|15,6,14,7,9|15,6,14,7,10|15,7,6,9|15,7,6,10|15,7,9|15,7,10|15,7,14,6,9|15,7,14,6,10|15,9|15,10
14,5,6,7,9|14,5,6,7,10|14,5,6,7,15,0,1,2,9|14,5,6,7,15,0,1,2,10|14,5,6,7,15,0,1,10|14,5,6,7,15,1,2,9|14,5,6,7,15,1,2,10|14,5,6,7,15,1,10|14,5,6,7,15,2,1,10|14,5,6,7,15,2,9|14,5,6,7,15,2,10|14,5,6,7,15,9|14,5,6,7,15,10|14,5,6,9|14,5,6,10|14,5,6,15,0,1,2,9|14,5,6,15,0,1,2,10|14,5,6,15,0,1,10|14,5,6,15,1,2,9|14,5,6,15,1,2,10|14,5,6,15,1,10|14,5,6,15,2,1,10|14,5,6,15,2,9|14,5,6,15,2,10|14,5,6,15,7,9|14,5,6,15,7,10|14,5,6,15,9|14,5,6,15,10|14,5,7,6,9|14,5,7,6,10|14,5,7,6,15,0,1,2,9|14,5,7,6,15,0,1,2,10|14,5,7,6,15,0,1,10|14,5,7,6,15,1,2,9|14,5,7,6,15,1,2,10|14,5,7,6,15,1,10|14,5,7,6,15,2,1,10|14,5,7,6,15,2,9|14,5,7,6,15,2,10|14,5,7,6,15,9|14,5,7,6,15,10|14,5,7,9|14,5,7,10|14,5,7,15,0,1,2,9|14,5,7,15,0,1,2,10|14,5,7,15,0,1,10|14,5,7,15,1,2,9|14,5,7,15,1,2,10|14,5,7,15,1,10|14,5,7,15,2,1,10|14,5,7,15,2,9|14,5,7,15,2,10|14,5,7,15,6,9|14,5,7,15,6,10|14,5,7,15,9|14,5,7,15,10|14,5,9|14,5,10|14,5,15,0,1,2,9|14,5,15,0,1,2,10|14,5,15,0,1,10|14,5,15,1,2,9|14,5,15,1,2,10|14,5,15,1,10|14,5,15,2,1,10|14,5,15,2,9|14,5,15,2,10|14,5,15,6,7,9|14,5,15,6,7,10|14,5,15,6,9|14,5,15,6,10|14,5,15,7,6,9|14,5,15,7,6,10|14,5,15,7,9|14,5,15,7,10|14,5,15,9|14,5,15,10|14,7,5,6,9|14,7,5,6,10|14,7,5,6,15,0,1,2,9|14,7,5,6,15,0,1,2,10|14,7,5,6,15,0,1,10|14,7,5,6,15,1,2,9|14,7,5,6,15,1,2,10|14,7,5,6,15,1,10|14,7,5,6,15,2,1,10|14,7,5,6,15,2,9|14,7,5,6,15,2,10|14,7,5,6,15,9|14,7,5,6,15,10|14,7,5,9|14,7,5,10|14,7,5,15,0,1,2,9|14,7,5,15,0,1,2,10|14,7,5,15,0,1,10|14,7,5,15,1,2,9|14,7,5,15,1,2,10|14,7,5,15,1,10|14,7,5,15,2,1,10|14,7,5,15,2,9|14,7,5,15,2,10|14,7,5,15,6,9|14,7,5,15,6,10|14,7,5,15,9|14,7,5,15,10|14,7,6,5,9|14,7,6,5,10|14,7,6,5,15,0,1,2,9|14,7,6,5,15,0,1,2,10|14,7,6,5,15,0,1,10|14,7,6,5,15,1,2,9|14,7,6,5,15,1,2,10|14,7,6,5,15,1,10|14,7,6,5,15,2,1,10|14,7,6,5,15,2,9|14,7,6,5,15,2,10|14,7,6,5,15,9|14,7,6,5,15,10|14,7,6,9|14,7,6,10|14,7,6,15,0,1,2,9|14,7,6,15,0,1,2,10|14,7,6,15,0,1,10|14,7,6,15,1,2,9|14,7,6,15,1,2,10|14,7,6,15,1,10|14,7,6,15,2,1,10|14,7,6,15,2,9|14,7,6,15,2,10|14,7,6,15,5,9|14,7,6,15,5,10|14,7,6,15,9|14,7,6,15,10|14,7,9|14,7,10|14,7,15,0,1,2,9|14,7,15,0,1,2,10|14,7,15,0,1,10|14,7,15,1,2,9|14,7,15,1,2,10|14,7,15,1,10|14,7,15,2,1,10|14,7,15,2,9|14,7,15,2,10|14,7,15,5,6,9|14,7,15,5,6,10|14,7,15,5,9|14,7,15,5,10|14,7,15,6,5,9|14,7,15,6,5,10|14,7,15,6,9|14,7,15,6,10|14,7,15,9|14,7,15,10|15,0,1,2,9|15,0,1,2,10|15,0,1,10|15,1,2,9|15,1,2,10|15,1,10|15,2,1,10|15,2,9|15,2,10|15,5,6,7,9|15,5,6,7,10|15,5,6,9|15,5,6,10|15,5,7,6,9|15,5,7,6,10|15,5,7,9|15,5,7,10|15,5,9|15,5,10|15,5,14,7,6,9|15,5,14,7,6,10|15,5,14,7,9|15,5,14,7,10|15,6,5,7,9|15,6,5,7,10|15,6,5,9|15,6,5,10|15,6,5,14,7,9|15,6,5,14,7,10|15,6,7,5,9|15,6,7,5,10|15,6,7,9|15,6,7,10|15,6,7,14,5,9|15,6,7,14,5,10|15,6,9|15,6,10|15,7,5,6,9|15,7,5,6,10|15,7,5,9|15,7,5,10|15,7,6,5,9|15,7,6,5,10|15,7,6,9|15,7,6,10|15,7,9|15,7,10|15,7,14,5,6,9|15,7,14,5,6,10|15,7,14,5,9|15,7,14,5,10|15,9|15,10
15,1,2,9|15,1,10|15,2,1,10|15,2,9|15,7,5,6,9|15,7,5,6,10|15,7,5,9|15,7,5,10|15,7,6,5,9|15,7,6,5,10|15,7,6,9|15,7,6,10|15,7,9|15,7,10|15,9|15,10
14,5,7,6,9|14,5,7,6,13|14,5,7,9|14,5,7,13|14,5,7,15,1,2,9|14,5,7,15,1,10|14,5,7,15,2,1,10|14,5,7,15,2,9|14,5,7,15,9|14,5,7,15,13|14,5,9|14,5,10|14,5,13|14,5,15,1,2,9|14,5,15,1,10|14,5,15,2,1,10|14,5,15,2,9|14,5,15,7,6,9|14,5,15,7,6,13|14,5,15,7,9|14,5,15,7,13|14,5,15,9|14,5,15,13|15,1,2,9|15,1,10|15,2,1,10|15,2,9|15,5,7,6,9|15,5,7,6,13|15,5,7,9|15,5,7,13|15,5,9|15,5,10|15,5,13|15,7,5,9|15,7,5,10|15,7,5,13|15,7,6,9|15,7,6,13|15,7,9|15,7,13|15,9|15,13
14,6,5,7,9|14,6,5,7,13|14,6,5,9|14,6,5,13|14,6,7,5,9|14,6,7,5,13|14,6,7,9|14,6,7,13|14,6,9|14,6,13|15,1,2,9|15,1,10|15,2,1,10|15,2,9|15,9|15,13
14,5,6,7,9|14,5,6,7,13|14,5,9|14,5,13|14,5,15,2,1,9|14,5,15,2,1,10|14,5,15,2,9|14,5,15,9|14,5,15,13|14,6,5,9|14,6,5,13|14,6,5,15,2,1,9|14,6,5,15,2,1,10|14,6,5,15,2,9|14,6,5,15,9|14,6,5,15,13|14,6,7,9|14,6,7,13|15,2,1,9|15,2,1,10|15,2,9|15,5,6,7,9|15,5,6,7,13|15,5,9|15,5,13|15,5,14,6,7,9|15,5,14,6,7,13|15,9|15,13
14,6,7,5,12|14,6,7,5,13|14,6,7,12|14,6,7,13|14,6,12|14,6,13|14,6,15,2,1,9|14,6,15,2,1,10|14,6,15,2,9|14,6,15,12|14,6,15,13|14,7,5,12|14,7,5,13|14,7,6,12|14,7,6,13|14,7,6,15,2,1,9|14,7,6,15,2,1,10|14,7,6,15,2,9|14,7,6,15,12|14,7,6,15,13|14,7,12|14,7,13|15,2,1,9|15,2,1,10|15,2,9|15,6,7,5,12|15,6,7,5,13|15,6,7,12|15,6,7,13|15,6,12|15,6,13|15,6,14,7,5,12|15,6,14,7,5,13|15,6,14,7,12|15,6,14,7,13|15,12|15,13
14,5,6,12|14,5,6,13|14,5,6,15,12|14,5,6,15,13|14,5,7,6,12|14,5,7,6,13|14,5,7,6,15,12|14,5,7,6,15,13|14,5,12|14,5,13|14,5,15,6,12|14,5,15,6,13|14,5,15,12|14,5,15,13|14,7,5,6,12|14,7,5,6,13|14,7,5,6,15,12|14,7,5,6,15,13|14,7,5,12|14,7,5,13|14,7,5,15,6,12|14,7,5,15,6,13|14,7,5,15,12|14,7,5,15,13|14,7,6,5,12|14,7,6,5,13|14,7,6,5,15,12|14,7,6,5,15,13|14,7,6,12|14,7,6,13|14,7,6,15,5,12|14,7,6,15,5,13|14,7,6,15,12|14,7,6,15,13|15,5,6,12|15,5,6,13|15,5,7,6,12|15,5,7,6,13|15,5,12|15,5,13|15,5,14,7,6,12|15,5,14,7,6,13|15,6,5,12|15,6,5,13|15,6,7,5,12|15,6,7,5,13|15,6,7,14,5,12|15,6,7,14,5,13|15,6,12|15,6,13|15,12|15,13
14,7,12|14,7,13|14,7,15,12|14,7,15,13|15,7,12|15,7,13|15,12|15,13
14,5,7,12|14,5,7,13|14,5,7,15,12|14,5,7,15,13|14,5,12|14,5,13|14,5,15,7,12|14,5,15,7,13|14,5,15,12|14,5,15,13|14,7,5,12|14,7,5,13|14,7,5,15,12|14,7,5,15,13|14,7,12|14,7,13|14,7,15,5,12|14,7,15,5,13|14,7,15,12|14,7,15,13|15,5,7,12|15,5,7,13|15,5,12|15,5,13|15,5,14,7,12|15,5,14,7,13|15,7,5,12|15,7,5,13|15,7,12|15,7,13|15,7,14,5,12|15,7,14,5,13|15,12|15,13
14,6,5,7,12|14,6,5,7,13|14,6,5,7,15,12|14,6,5,7,15,13|14,6,5,12|14,6,5,13|14,6,12|14,6,13|15,7,5,6,12|15,7,5,6,13|15,7,5,12|15,7,5,13|15,7,12|15,7,13|15,12|15,13
14,5,7,10|14,5,7,12|14,5,7,15,10|14,5,7,15,12|14,5,10|14,5,12|14,5,13|14,5,15,7,10|14,5,15,7,12|14,5,15,10|14,5,15,12|14,6,5,7,10|14,6,5,7,12|14,6,5,7,15,10|14,6,5,7,15,12|14,6,5,10|14,6,5,12|14,6,5,13|14,6,5,15,7,10|14,6,5,15,7,12|14,6,5,15,10|14,6,5,15,12|15,5,7,10|15,5,7,12|15,5,10|15,5,12|15,5,13|15,7,5,10|15,7,5,12|15,7,5,13|15,7,10|15,7,12|15,10|15,12
14,6,10|14,6,12|14,6,15,1,2,9|14,6,15,1,9|14,6,15,10|14,6,15,12|15,1,2,9|15,1,9|15,6,10|15,6,12|15,10|15,12
14,5,6,10|14,5,6,12|14,5,6,15,1,2,9|14,5,6,15,1,9|14,5,6,15,10|14,5,6,15,12|14,5,10|14,5,12|14,5,15,1,2,9|14,5,15,1,9|14,5,15,6,10|14,5,15,6,12|14,5,15,10|14,5,15,12|15,1,2,9|15,1,9|15,5,6,10|15,5,6,12|15,5,10|15,5,12|15,6,5,10|15,6,5,12|15,6,10|15,6,12|15,10|15,12
14,7,5,6,9|14,7,5,6,10|14,7,5,9|14,7,5,10|14,7,9|14,7,10|15,1,2,9|15,1,9|15,9|15,10
14,5,7,6,9|14,5,7,6,10|14,5,9|14,5,10|14,5,15,1,9|14,5,15,2,1,9|14,5,15,9|14,5,15,10|14,7,5,9|14,7,5,10|14,7,5,15,1,9|14,7,5,15,2,1,9|14,7,5,15,9|14,7,5,15,10|14,7,6,9|14,7,6,10|15,1,9|15,2,1,9|15,5,7,6,9|15,5,7,6,10|15,5,9|15,5,10|15,5,14,7,6,9|15,5,14,7,6,10|15,9|15,10
14,6,5,9|14,6,5,10|14,6,7,9|14,6,7,10|14,6,7,15,1,9|14,6,7,15,2,1,9|14,6,7,15,9|14,6,7,15,10|14,6,9|14,6,10|14,7,6,5,9|14,7,6,5,10|14,7,6,9|14,7,6,10|14,7,9|14,7,10|14,7,15,1,9|14,7,15,2,1,9|14,7,15,9|14,7,15,10|15,1,9|15,2,1,9|15,7,6,5,9|15,7,6,5,10|15,7,6,9|15,7,6,10|15,7,9|15,7,10|15,7,14,6,5,9|15,7,14,6,5,10|15,7,14,6,9|15,7,14,6,10|15,9|15,10
14,5,6,7,9|14,5,6,7,10|14,5,6,7,15,1,9|14,5,6,7,15,2,1,9|14,5,6,7,15,9|14,5,6,7,15,10|14,5,7,9|14,5,7,10|14,5,7,15,1,9|14,5,7,15,2,1,9|14,5,7,15,9|14,5,7,15,10|14,5,9|14,5,10|14,5,15,1,9|14,5,15,2,1,9|14,5,15,7,9|14,5,15,7,10|14,5,15,9|14,5,15,10|14,6,5,7,9|14,6,5,7,10|14,6,5,7,15,1,9|14,6,5,7,15,2,1,9|14,6,5,7,15,9|14,6,5,7,15,10|14,6,5,9|14,6,5,10|14,6,5,15,1,9|14,6,5,15,2,1,9|14,6,5,15,7,9|14,6,5,15,7,10|14,6,5,15,9|14,6,5,15,10|14,6,7,5,9|14,6,7,5,10|14,6,7,5,15,1,9|14,6,7,5,15,2,1,9|14,6,7,5,15,9|14,6,7,5,15,10|14,6,7,9|14,6,7,10|14,6,7,15,1,9|14,6,7,15,2,1,9|14,6,7,15,5,9|14,6,7,15,5,10|14,6,7,15,9|14,6,7,15,10|14,7,5,9|14,7,5,10|14,7,5,15,1,9|14,7,5,15,2,1,9|14,7,5,15,9|14,7,5,15,10|14,7,6,5,9|14,7,6,5,10|14,7,6,5,15,1,9|14,7,6,5,15,2,1,9|14,7,6,5,15,9|14,7,6,5,15,10|14,7,9|14,7,10|14,7,15,1,9|14,7,15,2,1,9|14,7,15,5,9|14,7,15,5,10|14,7,15,9|14,7,15,10|15,1,9|15,2,1,9|15,5,6,7,9|15,5,6,7,10|15,5,6,14,7,9|15,5,6,14,7,10|15,5,7,9|15,5,7,10|15,5,9|15,5,10|15,5,14,6,7,9|15,5,14,6,7,10|15,5,14,7,9|15,5,14,7,10|15,7,5,9|15,7,5,10|15,7,6,5,9|15,7,6,5,10|15,7,6,14,5,9|15,7,6,14,5,10|15,7,9|15,7,10|15,7,14,5,9|15,7,14,5,10|15,7,14,6,5,9|15,7,14,6,5,10|15,9|15,10
14,6,7,5,9|14,6,7,5,10|14,6,7,9|14,6,7,10|14,6,7,15,1,9|14,6,7,15,2,1,9|14,6,7,15,9|14,6,7,15,10|14,6,9|14,6,10|14,6,15,1,9|14,6,15,2,1,9|14,6,15,7,5,9|14,6,15,7,5,10|14,6,15,7,9|14,6,15,7,10|14,6,15,9|14,6,15,10|15,1,9|15,2,1,9|15,6,7,5,9|15,6,7,5,10|15,6,7,9|15,6,7,10|15,6,9|15,6,10|15,7,5,9|15,7,5,10|15,7,6,9|15,7,6,10|15,7,9|15,7,10|15,9|15,10
14,5,6,7,9|14,5,6,7,13|14,5,6,7,15,1,9|14,5,6,7,15,2,1,9|14,5,6,7,15,9|14,5,6,7,15,13|14,5,6,9|14,5,6,13|14,5,6,15,1,9|14,5,6,15,2,1,9|14,5,6,15,7,9|14,5,6,15,7,13|14,5,6,15,9|14,5,6,15,13|14,5,7,6,9|14,5,7,6,13|14,5,7,6,15,1,9|14,5,7,6,15,2,1,9|14,5,7,6,15,9|14,5,7,6,15,13|14,5,7,9|14,5,7,13|14,5,7,15,1,9|14,5,7,15,2,1,9|14,5,7,15,6,9|14,5,7,15,6,13|14,5,7,15,9|14,5,7,15,13|14,5,9|14,5,10|14,5,13|14,5,15,1,9|14,5,15,2,1,9|14,5,15,6,7,9|14,5,15,6,7,13|14,5,15,6,9|14,5,15,6,13|14,5,15,7,6,9|14,5,15,7,6,13|14,5,15,7,9|14,5,15,7,13|14,5,15,9|14,5,15,13|15,1,9|15,2,1,9|15,5,6,7,9|15,5,6,7,13|15,5,6,9|15,5,6,13|15,5,7,6,9|15,5,7,6,13|15,5,7,9|15,5,7,13|15,5,9|15,5,10|15,5,13|15,6,5,7,9|15,6,5,7,13|15,6,5,9|15,6,5,10|15,6,5,13|15,6,7,5,9|15,6,7,5,10|15,6,7,5,13|15,6,7,9|15,6,7,13|15,6,9|15,6,13|15,7,5,6,9|15,7,5,6,13|15,7,5,9|15,7,5,10|15,7,5,13|15,7,6,5,9|15,7,6,5,10|15,7,6,5,13|15,7,6,9|15,7,6,13|15,7,9|15,7,13|15,9|15,13
15,1,9|15,2,1,9|15,9|15,13
14,5,9|14,5,13|14,5,15,1,9|14,5,15,2,1,9|14,5,15,9|14,5,15,13|15,1,9|15,2,1,9|15,5,9|15,5,13|15,9|15,13
14,6,5,7,12|14,6,5,7,13|14,6,5,12|14,6,5,13|14,6,7,5,12|14,6,7,5,13|14,6,7,12|14,6,7,13|14,6,12|14,6,13|14,7,5,6,12|14,7,5,6,13|14,7,5,12|14,7,5,13|14,7,6,5,12|14,7,6,5,13|14,7,6,12|14,7,6,13|14,7,12|14,7,13|15,1,2,13|15,1,9|15,2,1,9|15,2,13|15,12|15,13
14,5,12|14,5,13|14,5,15,1,2,13|14,5,15,1,9|14,5,15,2,1,9|14,5,15,2,13|14,5,15,12|14,5,15,13|14,6,5,12|14,6,5,13|14,6,5,15,1,2,13|14,6,5,15,1,9|14,6,5,15,2,1,9|14,6,5,15,2,13|14,6,5,15,12|14,6,5,15,13|14,6,7,5,12|14,6,7,5,13|14,6,7,5,15,1,2,13|14,6,7,5,15,1,9|14,6,7,5,15,2,1,9|14,6,7,5,15,2,13|14,6,7,5,15,12|14,6,7,5,15,13|14,7,5,12|14,7,5,13|14,7,5,15,1,2,13|14,7,5,15,1,9|14,7,5,15,2,1,9|14,7,5,15,2,13|14,7,5,15,12|14,7,5,15,13|14,7,6,5,12|14,7,6,5,13|14,7,6,5,15,1,2,13|14,7,6,5,15,1,9|14,7,6,5,15,2,1,9|14,7,6,5,15,2,13|14,7,6,5,15,12|14,7,6,5,15,13|15,1,2,13|15,1,9|15,2,1,9|15,2,13|15,5,12|15,5,13|15,12|15,13
14,6,7,12|14,6,7,13|14,6,7,15,1,2,13|14,6,7,15,2,13|14,6,7,15,12|14,6,7,15,13|14,6,12|14,6,13|14,6,15,1,2,13|14,6,15,2,13|14,6,15,7,12|14,6,15,7,13|14,6,15,12|14,6,15,13|14,7,6,12|14,7,6,13|14,7,6,15,1,2,13|14,7,6,15,2,13|14,7,6,15,12|14,7,6,15,13|14,7,12|14,7,13|14,7,15,1,2,13|14,7,15,2,13|14,7,15,6,12|14,7,15,6,13|14,7,15,12|14,7,15,13|15,1,2,13|15,2,13|15,6,7,12|15,6,7,13|15,6,12|15,6,13|15,6,14,7,12|15,6,14,7,13|15,7,6,12|15,7,6,13|15,7,12|15,7,13|15,7,14,6,12|15,7,14,6,13|15,12|15,13
14,5,6,7,12|14,5,6,7,13|14,5,6,7,15,2,13|14,5,6,7,15,12|14,5,6,7,15,13|14,5,6,12|14,5,6,13|14,5,6,15,2,13|14,5,6,15,7,12|14,5,6,15,7,13|14,5,6,15,12|14,5,6,15,13|14,5,7,6,12|14,5,7,6,13|14,5,7,6,15,2,13|14,5,7,6,15,12|14,5,7,6,15,13|14,5,7,12|14,5,7,13|14,5,7,15,2,13|14,5,7,15,6,12|14,5,7,15,6,13|14,5,7,15,12|14,5,7,15,13|14,5,12|14,5,13|14,5,15,2,13|14,5,15,6,7,12|14,5,15,6,7,13|14,5,15,6,12|14,5,15,6,13|14,5,15,7,6,12|14,5,15,7,6,13|14,5,15,7,12|14,5,15,7,13|14,5,15,12|14,5,15,13|14,7,5,6,12|14,7,5,6,13|14,7,5,6,15,2,13|14,7,5,6,15,12|14,7,5,6,15,13|14,7,5,12|14,7,5,13|14,7,5,15,2,13|14,7,5,15,6,12|14,7,5,15,6,13|14,7,5,15,12|14,7,5,15,13|14,7,6,5,12|14,7,6,5,13|14,7,6,5,15,2,13|14,7,6,5,15,12|14,7,6,5,15,13|14,7,6,12|14,7,6,13|14,7,6,15,2,13|14,7,6,15,5,12|14,7,6,15,5,13|14,7,6,15,12|14,7,6,15,13|14,7,12|14,7,13|14,7,15,2,13|14,7,15,5,6,12|14,7,15,5,6,13|14,7,15,5,12|14,7,15,5,13|14,7,15,6,5,12|14,7,15,6,5,13|14,7,15,6,12|14,7,15,6,13|14,7,15,12|14,7,15,13|15,2,13|15,5,6,7,12|15,5,6,7,13|15,5,6,12|15,5,6,13|15,5,7,6,12|15,5,7,6,13|15,5,7,12|15,5,7,13|15,5,12|15,5,13|15,5,14,7,6,12|15,5,14,7,6,13|15,5,14,7,12|15,5,14,7,13|15,6,5,7,12|15,6,5,7,13|15,6,5,12|15,6,5,13|15,6,5,14,7,12|15,6,5,14,7,13|15,6,7,5,12|15,6,7,5,13|15,6,7,12|15,6,7,13|15,6,7,14,5,12|15,6,7,14,5,13|15,6,12|15,6,13|15,7,5,6,12|15,7,5,6,13|15,7,5,12|15,7,5,13|15,7,6,5,12|15,7,6,5,13|15,7,6,12|15,7,6,13|15,7,12|15,7,13|15,7,14,5,6,12|15,7,14,5,6,13|15,7,14,5,12|15,7,14,5,13|15,12|15,13
15,2,13|15,7,5,6,12|15,7,5,6,13|15,7,5,12|15,7,5,13|15,7,6,5,12|15,7,6,5,13|15,7,6,12|15,7,6,13|15,7,12|15,7,13|15,12|15,13
14,5,7,6,10|14,5,7,6,12|14,5,7,10|14,5,7,12|14,5,7,15,10|14,5,7,15,12|14,5,10|14,5,12|14,5,13|14,5,15,7,6,10|14,5,15,7,6,12|14,5,15,7,10|14,5,15,7,12|14,5,15,10|14,5,15,12|15,5,7,6,10|15,5,7,6,12|15,5,7,10|15,5,7,12|15,5,10|15,5,12|15,5,13|15,7,5,10|15,7,5,12|15,7,5,13|15,7,6,10|15,7,6,12|15,7,10|15,7,12|15,10|15,12
14,6,5,7,10|14,6,5,7,12|14,6,5,10|14,6,5,12|14,6,7,5,10|14,6,7,5,12|14,6,7,10|14,6,7,12|14,6,10|14,6,12|15,10|15,12
14,5,6,7,10|14,5,6,7,12|14,5,10|14,5,12|14,5,15,10|14,5,15,12|14,6,5,10|14,6,5,12|14,6,5,15,10|14,6,5,15,12|14,6,7,10|14,6,7,12|15,5,6,7,10|15,5,6,7,12|15,5,10|15,5,12|15,5,14,6,7,10|15,5,14,6,7,12|15,10|15,12
14,6,7,5,9|14,6,7,5,10|14,6,7,9|14,6,7,10|14,6,9|14,6,10|14,6,15,9|14,6,15,10|14,7,5,9|14,7,5,10|14,7,6,9|14,7,6,10|14,7,6,15,9|14,7,6,15,10|14,7,9|14,7,10|15,6,7,5,9|15,6,7,5,10|15,6,7,9|15,6,7,10|15,6,9|15,6,10|15,6,14,7,5,9|15,6,14,7,5,10|15,6,14,7,9|15,6,14,7,10|15,9|15,10
14,5,6,9|14,5,6,10|14,5,6,15,9|14,5,6,15,10|14,5,7,6,9|14,5,7,6,10|14,5,7,6,15,9|14,5,7,6,15,10|14,5,9|14,5,10|14,5,15,6,9|14,5,15,6,10|14,5,15,9|14,5,15,10|14,7,5,6,9|14,7,5,6,10|14,7,5,6,15,9|14,7,5,6,15,10|14,7,5,9|14,7,5,10|14,7,5,15,6,9|14,7,5,15,6,10|14,7,5,15,9|14,7,5,15,10|14,7,6,5,9|14,7,6,5,10|14,7,6,5,15,9|14,7,6,5,15,10|14,7,6,9|14,7,6,10|14,7,6,15,5,9|14,7,6,15,5,10|14,7,6,15,9|14,7,6,15,10|15,5,6,9|15,5,6,10|15,5,7,6,9|15,5,7,6,10|15,5,9|15,5,10|15,5,14,7,6,9|15,5,14,7,6,10|15,6,5,9|15,6,5,10|15,6,7,5,9|15,6,7,5,10|15,6,7,14,5,9|15,6,7,14,5,10|15,6,9|15,6,10|15,9|15,10
14,7,9|14,7,10|14,7,15,1,2,13|14,7,15,1,13|14,7,15,9|14,7,15,10|15,1,2,13|15,1,13|15,7,9|15,7,10|15,9|15,10
14,5,7,9|14,5,7,10|14,5,7,15,1,2,13|14,5,7,15,1,13|14,5,7,15,9|14,5,7,15,10|14,5,9|14,5,10|14,5,15,1,2,13|14,5,15,1,13|14,5,15,7,9|14,5,15,7,10|14,5,15,9|14,5,15,10|14,7,5,9|14,7,5,10|14,7,5,15,1,2,13|14,7,5,15,1,13|14,7,5,15,9|14,7,5,15,10|14,7,9|14,7,10|14,7,15,1,2,13|14,7,15,1,13|14,7,15,5,9|14,7,15,5,10|14,7,15,9|14,7,15,10|15,1,2,13|15,1,13|15,5,7,9|15,5,7,10|15,5,9|15,5,10|15,5,14,7,9|15,5,14,7,10|15,7,5,9|15,7,5,10|15,7,9|15,7,10|15,7,14,5,9|15,7,14,5,10|15,9|15,10
14,6,5,7,9|14,6,5,7,10|14,6,5,7,15,1,2,13|14,6,5,7,15,1,13|14,6,5,7,15,9|14,6,5,7,15,10|14,6,5,9|14,6,5,10|14,6,9|14,6,10|15,1,2,13|15,1,13|15,7,5,6,9|15,7,5,6,10|15,7,5,9|15,7,5,10|15,7,9|15,7,10|15,9|15,10
14,5,7,9|14,5,7,13|14,5,7,15,1,2,13|14,5,7,15,1,13|14,5,7,15,2,1,13|14,5,7,15,2,13|14,5,7,15,9|14,5,7,15,13|14,5,9|14,5,10|14,5,13|14,5,15,1,2,13|14,5,15,1,13|14,5,15,2,1,13|14,5,15,2,13|14,5,15,7,9|14,5,15,7,13|14,5,15,9|14,5,15,13|14,6,5,7,9|14,6,5,7,13|14,6,5,7,15,1,2,13|14,6,5,7,15,1,13|14,6,5,7,15,2,1,13|14,6,5,7,15,2,13|14,6,5,7,15,9|14,6,5,7,15,13|14,6,5,9|14,6,5,10|14,6,5,13|14,6,5,15,1,2,13|14,6,5,15,1,13|14,6,5,15,2,1,13|14,6,5,15,2,13|14,6,5,15,7,9|14,6,5,15,7,13|14,6,5,15,9|14,6,5,15,13|15,1,2,13|15,1,13|15,2,1,13|15,2,13|15,5,7,9|15,5,7,13|15,5,9|15,5,10|15,5,13|15,7,5,9|15,7,5,10|15,7,5,13|15,7,9|15,7,13|15,9|15,13
14,6,9|14,6,13|14,6,15,1,2,12|14,6,15,1,2,13|14,6,15,1,13|14,6,15,2,1,13|14,6,15,2,12|14,6,15,2,13|14,6,15,9|14,6,15,13|15,1,2,12|15,1,2,13|15,1,13|15,2,1,13|15,2,12|15,2,13|15,6,9|15,6,13|15,9|15,13
14,5,6,9|14,5,6,13|14,5,6,15,1,2,12|14,5,6,15,1,2,13|14,5,6,15,1,13|14,5,6,15,2,1,13|14,5,6,15,2,12|14,5,6,15,2,13|14,5,6,15,9|14,5,6,15,13|14,5,9|14,5,13|14,5,15,1,2,12|14,5,15,1,2,13|14,5,15,1,13|14,5,15,2,1,13|14,5,15,2,12|14,5,15,2,13|14,5,15,6,9|14,5,15,6,13|14,5,15,9|14,5,15,13|15,1,2,12|15,1,2,13|15,1,13|15,2,1,13|15,2,12|15,2,13|15,5,6,9|15,5,6,13|15,5,9|15,5,13|15,6,5,9|15,6,5,13|15,6,9|15,6,13|15,9|15,13
14,7,5,6,12|14,7,5,6,13|14,7,5,12|14,7,5,13|14,7,12|14,7,13|15,1,2,12|15,1,2,13|15,1,13|15,2,1,13|15,2,12|15,2,13|15,12|15,13
14,5,7,6,12|14,5,7,6,13|14,5,12|14,5,13|14,5,15,1,2,12|14,5,15,1,2,13|14,5,15,1,13|14,5,15,2,1,13|14,5,15,2,12|14,5,15,2,13|14,5,15,12|14,5,15,13|14,7,5,12|14,7,5,13|14,7,5,15,1,2,12|14,7,5,15,1,2,13|14,7,5,15,1,13|14,7,5,15,2,1,13|14,7,5,15,2,12|14,7,5,15,2,13|14,7,5,15,12|14,7,5,15,13|14,7,6,12|14,7,6,13|15,1,2,12|15,1,2,13|15,1,13|15,2,1,13|15,2,12|15,2,13|15,5,7,6,12|15,5,7,6,13|15,5,12|15,5,13|15,5,14,7,6,12|15,5,14,7,6,13|15,12|15,13
14,6,5,12|14,6,5,13|14,6,7,12|14,6,7,13|14,6,7,15,1,2,12|14,6,7,15,1,2,13|14,6,7,15,1,13|14,6,7,15,2,1,13|14,6,7,15,2,12|14,6,7,15,2,13|14,6,7,15,12|14,6,7,15,13|14,6,12|14,6,13|14,7,6,5,12|14,7,6,5,13|14,7,6,12|14,7,6,13|14,7,12|14,7,13|14,7,15,1,2,12|14,7,15,1,2,13|14,7,15,1,13|14,7,15,2,1,13|14,7,15,2,12|14,7,15,2,13|14,7,15,12|14,7,15,13|15,1,2,12|15,1,2,13|15,1,13|15,2,1,13|15,2,12|15,2,13|15,7,6,5,12|15,7,6,5,13|15,7,6,12|15,7,6,13|15,7,12|15,7,13|15,7,14,6,5,12|15,7,14,6,5,13|15,7,14,6,12|15,7,14,6,13|15,12|15,13
14,5,6,7,12|14,5,6,7,13|14,5,6,7,15,1,2,12|14,5,6,7,15,1,2,13|14,5,6,7,15,1,13|14,5,6,7,15,2,1,13|14,5,6,7,15,2,12|14,5,6,7,15,2,13|14,5,6,7,15,12|14,5,6,7,15,13|14,5,7,12|14,5,7,13|14,5,7,15,1,2,12|14,5,7,15,1,2,13|14,5,7,15,1,13|14,5,7,15,2,1,13|14,5,7,15,2,12|14,5,7,15,2,13|14,5,7,15,12|14,5,7,15,13|14,5,12|14,5,13|14,5,15,1,2,12|14,5,15,1,2,13|14,5,15,1,13|14,5,15,2,1,13|14,5,15,2,12|14,5,15,2,13|14,5,15,7,12|14,5,15,7,13|14,5,15,12|14,5,15,13|14,6,5,7,12|14,6,5,7,13|14,6,5,7,15,1,2,12|14,6,5,7,15,1,2,13|14,6,5,7,15,1,13|14,6,5,7,15,2,1,13|14,6,5,7,15,2,12|14,6,5,7,15,2,13|14,6,5,7,15,12|14,6,5,7,15,13|14,6,5,12|14,6,5,13|14,6,5,15,1,2,12|14,6,5,15,1,2,13|14,6,5,15,1,13|14,6,5,15,2,1,13|14,6,5,15,2,12|14,6,5,15,2,13|14,6,5,15,7,12|14,6,5,15,7,13|14,6,5,15,12|14,6,5,15,13|14,6,7,5,12|14,6,7,5,13|14,6,7,5,15,1,2,12|14,6,7,5,15,1,2,13|14,6,7,5,15,1,13|14,6,7,5,15,2,1,13|14,6,7,5,15,2,12|14,6,7,5,15,2,13|14,6,7,5,15,12|14,6,7,5,15,13|14,6,7,12|14,6,7,13|14,6,7,15,1,2,12|14,6,7,15,1,2,13|14,6,7,15,1,13|14,6,7,15,2,1,13|14,6,7,15,2,12|14,6,7,15,2,13|14,6,7,15,5,12|14,6,7,15,5,13|14,6,7,15,12|14,6,7,15,13|14,7,5,12|14,7,5,13|14,7,5,15,1,2,12|14,7,5,15,1,2,13|14,7,5,15,1,13|14,7,5,15,2,1,13|14,7,5,15,2,12|14,7,5,15,2,13|14,7,5,15,12|14,7,5,15,13|14,7,6,5,12|14,7,6,5,13|14,7,6,5,15,1,2,12|14,7,6,5,15,1,2,13|14,7,6,5,15,1,13|14,7,6,5,15,2,1,13|14,7,6,5,15,2,12|14,7,6,5,15,2,13|14,7,6,5,15,12|14,7,6,5,15,13|14,7,12|14,7,13|14,7,15,1,2,12|14,7,15,1,2,13|14,7,15,1,13|14,7,15,2,1,13|14,7,15,2,12|14,7,15,2,13|14,7,15,5,12|14,7,15,5,13|14,7,15,12|14,7,15,13|15,1,2,12|15,1,2,13|15,1,13|15,2,1,13|15,2,12|15,2,13|15,5,6,7,12|15,5,6,7,13|15,5,6,14,7,12|15,5,6,14,7,13|15,5,7,12|15,5,7,13|15,5,12|15,5,13|15,5,14,6,7,12|15,5,14,6,7,13|15,5,14,7,12|15,5,14,7,13|15,7,5,12|15,7,5,13|15,7,6,5,12|15,7,6,5,13|15,7,6,14,5,12|15,7,6,14,5,13|15,7,12|15,7,13|15,7,14,5,12|15,7,14,5,13|15,7,14,6,5,12|15,7,14,6,5,13|15,12|15,13
14,6,7,5,12|14,6,7,5,13|14,6,7,12|14,6,7,13|14,6,7,15,1,2,12|14,6,7,15,1,13|14,6,7,15,2,1,13|14,6,7,15,2,12|14,6,7,15,12|14,6,7,15,13|14,6,12|14,6,13|14,6,15,1,2,12|14,6,15,1,13|14,6,15,2,1,13|14,6,15,2,12|14,6,15,7,5,12|14,6,15,7,5,13|14,6,15,7,12|14,6,15,7,13|14,6,15,12|14,6,15,13|15,1,2,12|15,1,13|15,2,1,13|15,2,12|15,6,7,5,12|15,6,7,5,13|15,6,7,12|15,6,7,13|15,6,12|15,6,13|15,7,5,12|15,7,5,13|15,7,6,12|15,7,6,13|15,7,12|15,7,13|15,12|15,13
14,5,6,7,10|14,5,6,7,12|14,5,6,7,15,0,2,1,13|14,5,6,7,15,0,2,12|14,5,6,7,15,1,2,12|14,5,6,7,15,1,13|14,5,6,7,15,2,1,13|14,5,6,7,15,2,12|14,5,6,7,15,10|14,5,6,7,15,12|14,5,6,10|14,5,6,12|14,5,6,15,0,2,1,13|14,5,6,15,0,2,12|14,5,6,15,1,2,12|14,5,6,15,1,13|14,5,6,15,2,1,13|14,5,6,15,2,12|14,5,6,15,7,10|14,5,6,15,7,12|14,5,6,15,10|14,5,6,15,12|14,5,7,6,10|14,5,7,6,12|14,5,7,6,15,0,2,1,13|14,5,7,6,15,0,2,12|14,5,7,6,15,1,2,12|14,5,7,6,15,1,13|14,5,7,6,15,2,1,13|14,5,7,6,15,2,12|14,5,7,6,15,10|14,5,7,6,15,12|14,5,7,10|14,5,7,12|14,5,7,15,0,2,1,13|14,5,7,15,0,2,12|14,5,7,15,1,2,12|14,5,7,15,1,13|14,5,7,15,2,1,13|14,5,7,15,2,12|14,5,7,15,6,10|14,5,7,15,6,12|14,5,7,15,10|14,5,7,15,12|14,5,10|14,5,12|14,5,13|14,5,15,0,2,1,13|14,5,15,0,2,12|14,5,15,1,2,12|14,5,15,1,13|14,5,15,2,1,13|14,5,15,2,12|14,5,15,6,7,10|14,5,15,6,7,12|14,5,15,6,10|14,5,15,6,12|14,5,15,7,6,10|14,5,15,7,6,12|14,5,15,7,10|14,5,15,7,12|14,5,15,10|14,5,15,12|15,0,2,1,13|15,0,2,12|15,1,2,12|15,1,13|15,2,1,13|15,2,12|15,5,6,7,10|15,5,6,7,12|15,5,6,10|15,5,6,12|15,5,7,6,10|15,5,7,6,12|15,5,7,10|15,5,7,12|15,5,10|15,5,12|15,5,13|15,6,5,7,10|15,6,5,7,12|15,6,5,10|15,6,5,12|15,6,5,13|15,6,7,5,10|15,6,7,5,12|15,6,7,5,13|15,6,7,10|15,6,7,12|15,6,10|15,6,12|15,7,5,6,10|15,7,5,6,12|15,7,5,10|15,7,5,12|15,7,5,13|15,7,6,5,10|15,7,6,5,12|15,7,6,5,13|15,7,6,10|15,7,6,12|15,7,10|15,7,12|15,10|15,12
15,0,2,1,13|15,0,2,12|15,1,2,12|15,1,13|15,2,1,13|15,2,12|15,10|15,12
14,5,10|14,5,12|14,5,15,0,2,1,12|14,5,15,0,2,1,13|14,5,15,0,2,12|14,5,15,2,1,12|14,5,15,2,1,13|14,5,15,2,12|14,5,15,10|14,5,15,12|15,0,2,1,12|15,0,2,1,13|15,0,2,12|15,2,1,12|15,2,1,13|15,2,12|15,5,10|15,5,12|15,10|15,12
14,6,5,7,9|14,6,5,7,10|14,6,5,9|14,6,5,10|14,6,7,5,9|14,6,7,5,10|14,6,7,9|14,6,7,10|14,6,9|14,6,10|14,7,5,6,9|14,7,5,6,10|14,7,5,9|14,7,5,10|14,7,6,5,9|14,7,6,5,10|14,7,6,9|14,7,6,10|14,7,9|14,7,10|15,0,2,1,12|15,0,2,1,13|15,0,2,12|15,2,1,12|15,2,1,13|15,2,12|15,9|15,10
14,5,9|14,5,10|14,5,15,0,2,1,12|14,5,15,0,2,1,13|14,5,15,0,2,12|14,5,15,9|14,5,15,10|14,6,5,9|14,6,5,10|14,6,5,15,0,2,1,12|14,6,5,15,0,2,1,13|14,6,5,15,0,2,12|14,6,5,15,9|14,6,5,15,10|14,6,7,5,9|14,6,7,5,10|14,6,7,5,15,0,2,1,12|14,6,7,5,15,0,2,1,13|14,6,7,5,15,0,2,12|14,6,7,5,15,9|14,6,7,5,15,10|14,7,5,9|14,7,5,10|14,7,5,15,0,2,1,12|14,7,5,15,0,2,1,13|14,7,5,15,0,2,12|14,7,5,15,9|14,7,5,15,10|14,7,6,5,9|14,7,6,5,10|14,7,6,5,15,0,2,1,12|14,7,6,5,15,0,2,1,13|14,7,6,5,15,0,2,12|14,7,6,5,15,9|14,7,6,5,15,10|15,0,2,1,12|15,0,2,1,13|15,0,2,12|15,5,9|15,5,10|15,9|15,10
14,6,7,9|14,6,7,10|14,6,7,15,0,2,1,12|14,6,7,15,0,2,1,13|14,6,7,15,0,2,12|14,6,7,15,9|14,6,7,15,10|14,6,9|14,6,10|14,6,15,0,2,1,12|14,6,15,0,2,1,13|14,6,15,0,2,12|14,6,15,7,9|14,6,15,7,10|14,6,15,9|14,6,15,10|14,7,6,9|14,7,6,10|14,7,6,15,0,2,1,12|14,7,6,15,0,2,1,13|14,7,6,15,0,2,12|14,7,6,15,9|14,7,6,15,10|14,7,9|14,7,10|14,7,15,0,2,1,12|14,7,15,0,2,1,13|14,7,15,0,2,12|14,7,15,6,9|14,7,15,6,10|14,7,15,9|14,7,15,10|15,0,2,1,12|15,0,2,1,13|15,0,2,12|15,6,7,9|15,6,7,10|15,6,9|15,6,10|15,6,14,7,9|15,6,14,7,10|15,7,6,9|15,7,6,10|15,7,9|15,7,10|15,7,14,6,9|15,7,14,6,10|15,9|15,10
14,5,6,7,9|14,5,6,7,10|14,5,6,7,15,0,2,1,12|14,5,6,7,15,0,2,1,13|14,5,6,7,15,0,2,12|14,5,6,7,15,9|14,5,6,7,15,10|14,5,6,9|14,5,6,10|14,5,6,15,0,2,1,12|14,5,6,15,0,2,1,13|14,5,6,15,0,2,12|14,5,6,15,7,9|14,5,6,15,7,10|14,5,6,15,9|14,5,6,15,10|14,5,7,6,9|14,5,7,6,10|14,5,7,6,15,0,2,1,12|14,5,7,6,15,0,2,1,13|14,5,7,6,15,0,2,12|14,5,7,6,15,9|14,5,7,6,15,10|14,5,7,9|14,5,7,10|14,5,7,15,0,2,1,12|14,5,7,15,0,2,1,13|14,5,7,15,0,2,12|14,5,7,15,6,9|14,5,7,15,6,10|14,5,7,15,9|14,5,7,15,10|14,5,9|14,5,10|14,5,15,0,2,1,12|14,5,15,0,2,1,13|14,5,15,0,2,12|14,5,15,6,7,9|14,5,15,6,7,10|14,5,15,6,9|14,5,15,6,10|14,5,15,7,6,9|14,5,15,7,6,10|14,5,15,7,9|14,5,15,7,10|14,5,15,9|14,5,15,10|14,7,5,6,9|14,7,5,6,10|14,7,5,6,15,0,2,1,12|14,7,5,6,15,0,2,1,13|14,7,5,6,15,0,2,12|14,7,5,6,15,9|14,7,5,6,15,10|14,7,5,9|14,7,5,10|14,7,5,15,0,2,1,12|14,7,5,15,0,2,1,13|14,7,5,15,0,2,12|14,7,5,15,6,9|14,7,5,15,6,10|14,7,5,15,9|14,7,5,15,10|14,7,6,5,9|14,7,6,5,10|14,7,6,5,15,0,2,1,12|14,7,6,5,15,0,2,1,13|14,7,6,5,15,0,2,12|14,7,6,5,15,9|14,7,6,5,15,10|14,7,6,9|14,7,6,10|14,7,6,15,0,2,1,12|14,7,6,15,0,2,1,13|14,7,6,15,0,2,12|14,7,6,15,5,9|14,7,6,15,5,10|14,7,6,15,9|14,7,6,15,10|14,7,9|14,7,10|14,7,15,0,2,1,12|14,7,15,0,2,1,13|14,7,15,0,2,12|14,7,15,5,6,9|14,7,15,5,6,10|14,7,15,5,9|14,7,15,5,10|14,7,15,6,5,9|14,7,15,6,5,10|14,7,15,6,9|14,7,15,6,10|14,7,15,9|14,7,15,10|15,0,2,1,12|15,0,2,1,13|15,0,2,12|15,5,6,7,9|15,5,6,7,10|15,5,6,9|15,5,6,10|15,5,7,6,9|15,5,7,6,10|15,5,7,9|15,5,7,10|15,5,9|15,5,10|15,5,14,7,6,9|15,5,14,7,6,10|15,5,14,7,9|15,5,14,7,10|15,6,5,7,9|15,6,5,7,10|15,6,5,9|15,6,5,10|15,6,5,14,7,9|15,6,5,14,7,10|15,6,7,5,9|15,6,7,5,10|15,6,7,9|15,6,7,10|15,6,7,14,5,9|15,6,7,14,5,10|15,6,9|15,6,10|15,7,5,6,9|15,7,5,6,10|15,7,5,9|15,7,5,10|15,7,6,5,9|15,7,6,5,10|15,7,6,9|15,7,6,10|15,7,9|15,7,10|15,7,14,5,6,9|15,7,14,5,6,10|15,7,14,5,9|15,7,14,5,10|15,9|15,10
15,7,5,6,9|15,7,5,6,10|15,7,5,9|15,7,5,10|15,7,6,5,9|15,7,6,5,10|15,7,6,9|15,7,6,10|15,7,9|15,7,10|15,9|15,10
14,5,7,6,9|14,5,7,6,13|14,5,7,9|14,5,7,13|14,5,7,15,9|14,5,7,15,13|14,5,9|14,5,10|14,5,13|14,5,15,7,6,9|14,5,15,7,6,13|14,5,15,7,9|14,5,15,7,13|14,5,15,9|14,5,15,13|15,5,7,6,9|15,5,7,6,13|15,5,7,9|15,5,7,13|15,5,9|15,5,10|15,5,13|15,7,5,9|15,7,5,10|15,7,5,13|15,7,6,9|15,7,6,13|15,7,9|15,7,13|15,9|15,13
14,6,5,7,9|14,6,5,7,13|14,6,5,9|14,6,5,13|14,6,7,5,9|14,6,7,5,13|14,6,7,9|14,6,7,13|14,6,9|14,6,13|15,1,0,2,12|15,1,2,12|15,1,12|15,9|15,13
14,5,6,7,9|14,5,6,7,13|14,5,9|14,5,13|14,5,15,1,0,2,12|14,5,15,1,2,12|14,5,15,1,12|14,5,15,9|14,5,15,13|14,6,5,9|14,6,5,13|14,6,5,15,1,0,2,12|14,6,5,15,1,2,12|14,6,5,15,1,12|14,6,5,15,9|14,6,5,15,13|14,6,7,9|14,6,7,13|15,1,0,2,12|15,1,2,12|15,1,12|15,5,6,7,9|15,5,6,7,13|15,5,9|15,5,13|15,5,14,6,7,9|15,5,14,6,7,13|15,9|15,13
14,6,7,5,12|14,6,7,5,13|14,6,7,12|14,6,7,13|14,6,12|14,6,13|14,6,15,1,0,2,12|14,6,15,1,2,12|14,6,15,1,12|14,6,15,12|14,6,15,13|14,7,5,12|14,7,5,13|14,7,6,12|14,7,6,13|14,7,6,15,1,0,2,12|14,7,6,15,1,2,12|14,7,6,15,1,12|14,7,6,15,12|14,7,6,15,13|14,7,12|14,7,13|15,1,0,2,12|15,1,2,12|15,1,12|15,6,7,5,12|15,6,7,5,13|15,6,7,12|15,6,7,13|15,6,12|15,6,13|15,6,14,7,5,12|15,6,14,7,5,13|15,6,14,7,12|15,6,14,7,13|15,12|15,13
14,5,6,12|14,5,6,13|14,5,6,15,0,1,12|14,5,6,15,0,2,1,12|14,5,6,15,1,12|14,5,6,15,2,0,1,12|14,5,6,15,2,1,12|14,5,6,15,12|14,5,6,15,13|14,5,7,6,12|14,5,7,6,13|14,5,7,6,15,0,1,12|14,5,7,6,15,0,2,1,12|14,5,7,6,15,1,12|14,5,7,6,15,2,0,1,12|14,5,7,6,15,2,1,12|14,5,7,6,15,12|14,5,7,6,15,13|14,5,12|14,5,13|14,5,15,0,1,12|14,5,15,0,2,1,12|14,5,15,1,12|14,5,15,2,0,1,12|14,5,15,2,1,12|14,5,15,6,12|14,5,15,6,13|14,5,15,12|14,5,15,13|14,7,5,6,12|14,7,5,6,13|14,7,5,6,15,0,1,12|14,7,5,6,15,0,2,1,12|14,7,5,6,15,1,12|14,7,5,6,15,2,0,1,12|14,7,5,6,15,2,1,12|14,7,5,6,15,12|14,7,5,6,15,13|14,7,5,12|14,7,5,13|14,7,5,15,0,1,12|14,7,5,15,0,2,1,12|14,7,5,15,1,12|14,7,5,15,2,0,1,12|14,7,5,15,2,1,12|14,7,5,15,6,12|14,7,5,15,6,13|14,7,5,15,12|14,7,5,15,13|14,7,6,5,12|14,7,6,5,13|14,7,6,5,15,0,1,12|14,7,6,5,15,0,2,1,12|14,7,6,5,15,1,12|14,7,6,5,15,2,0,1,12|14,7,6,5,15,2,1,12|14,7,6,5,15,12|14,7,6,5,15,13|14,7,6,12|14,7,6,13|14,7,6,15,0,1,12|14,7,6,15,0,2,1,12|14,7,6,15,1,12|14,7,6,15,2,0,1,12|14,7,6,15,2,1,12|14,7,6,15,5,12|14,7,6,15,5,13|14,7,6,15,12|14,7,6,15,13|15,0,1,12|15,0,2,1,12|15,1,12|15,2,0,1,12|15,2,1,12|15,5,6,12|15,5,6,13|15,5,7,6,12|15,5,7,6,13|15,5,12|15,5,13|15,5,14,7,6,12|15,5,14,7,6,13|15,6,5,12|15,6,5,13|15,6,7,5,12|15,6,7,5,13|15,6,7,14,5,12|15,6,7,14,5,13|15,6,12|15,6,13|15,12|15,13
14,7,12|14,7,13|14,7,15,0,1,12|14,7,15,0,2,1,12|14,7,15,1,12|14,7,15,2,0,1,12|14,7,15,2,1,12|14,7,15,12|14,7,15,13|15,0,1,12|15,0,2,1,12|15,1,12|15,2,0,1,12|15,2,1,12|15,7,12|15,7,13|15,12|15,13
14,5,7,12|14,5,7,13|14,5,7,15,0,1,12|14,5,7,15,0,2,1,12|14,5,7,15,1,12|14,5,7,15,2,0,1,12|14,5,7,15,2,1,12|14,5,7,15,12|14,5,7,15,13|14,5,12|14,5,13|14,5,15,0,1,12|14,5,15,0,2,1,12|14,5,15,1,12|14,5,15,2,0,1,12|14,5,15,2,1,12|14,5,15,7,12|14,5,15,7,13|14,5,15,12|14,5,15,13|14,7,5,12|14,7,5,13|14,7,5,15,0,1,12|14,7,5,15,0,2,1,12|14,7,5,15,1,12|14,7,5,15,2,0,1,12|14,7,5,15,2,1,12|14,7,5,15,12|14,7,5,15,13|14,7,12|14,7,13|14,7,15,0,1,12|14,7,15,0,2,1,12|14,7,15,1,12|14,7,15,2,0,1,12|14,7,15,2,1,12|14,7,15,5,12|14,7,15,5,13|14,7,15,12|14,7,15,13|15,0,1,12|15,0,2,1,12|15,1,12|15,2,0,1,12|15,2,1,12|15,5,7,12|15,5,7,13|15,5,12|15,5,13|15,5,14,7,12|15,5,14,7,13|15,7,5,12|15,7,5,13|15,7,12|15,7,13|15,7,14,5,12|15,7,14,5,13|15,12|15,13
14,6,5,7,12|14,6,5,7,13|14,6,5,7,15,0,1,12|14,6,5,7,15,0,2,1,12|14,6,5,7,15,1,12|14,6,5,7,15,2,0,1,12|14,6,5,7,15,2,1,12|14,6,5,7,15,12|14,6,5,7,15,13|14,6,5,12|14,6,5,13|14,6,12|14,6,13|15,0,1,12|15,0,2,1,12|15,1,12|15,2,0,1,12|15,2,1,12|15,7,5,6,12|15,7,5,6,13|15,7,5,12|15,7,5,13|15,7,12|15,7,13|15,12|15,13
14,5,7,10|14,5,7,12|14,5,7,15,0,1,12|14,5,7,15,0,2,1,12|14,5,7,15,1,12|14,5,7,15,2,0,1,12|14,5,7,15,2,1,12|14,5,7,15,10|14,5,7,15,12|14,5,10|14,5,12|14,5,13|14,5,15,0,1,12|14,5,15,0,2,1,12|14,5,15,1,12|14,5,15,2,0,1,12|14,5,15,2,1,12|14,5,15,7,10|14,5,15,7,12|14,5,15,10|14,5,15,12|14,6,5,7,10|14,6,5,7,12|14,6,5,7,15,0,1,12|14,6,5,7,15,0,2,1,12|14,6,5,7,15,1,12|14,6,5,7,15,2,0,1,12|14,6,5,7,15,2,1,12|14,6,5,7,15,10|14,6,5,7,15,12|14,6,5,10|14,6,5,12|14,6,5,13|14,6,5,15,0,1,12|14,6,5,15,0,2,1,12|14,6,5,15,1,12|14,6,5,15,2,0,1,12|14,6,5,15,2,1,12|14,6,5,15,7,10|14,6,5,15,7,12|14,6,5,15,10|14,6,5,15,12|15,0,1,12|15,0,2,1,12|15,1,12|15,2,0,1,12|15,2,1,12|15,5,7,10|15,5,7,12|15,5,10|15,5,12|15,5,13|15,7,5,10|15,7,5,12|15,7,5,13|15,7,10|15,7,12|15,10|15,12
14,6,10|14,6,12|14,6,15,0,1,12|14,6,15,0,2,1,12|14,6,15,1,12|14,6,15,2,0,1,12|14,6,15,2,1,12|14,6,15,10|14,6,15,12|15,0,1,12|15,0,2,1,12|15,1,12|15,2,0,1,12|15,2,1,12|15,6,10|15,6,12|15,10|15,12
14,5,6,10|14,5,6,12|14,5,6,15,0,1,12|14,5,6,15,0,2,1,12|14,5,6,15,1,12|14,5,6,15,2,0,1,12|14,5,6,15,2,1,12|14,5,6,15,10|14,5,6,15,12|14,5,10|14,5,12|14,5,15,0,1,12|14,5,15,0,2,1,12|14,5,15,1,12|14,5,15,2,0,1,12|14,5,15,2,1,12|14,5,15,6,10|14,5,15,6,12|14,5,15,10|14,5,15,12|15,0,1,12|15,0,2,1,12|15,1,12|15,2,0,1,12|15,2,1,12|15,5,6,10|15,5,6,12|15,5,10|15,5,12|15,6,5,10|15,6,5,12|15,6,10|15,6,12|15,10|15,12
14,7,5,6,9|14,7,5,6,10|14,7,5,9|14,7,5,10|14,7,9|14,7,10|15,0,1,2,10|15,0,1,12|15,0,2,1,12|15,0,2,10|15,1,0,2,10|15,1,2,10|15,1,12|15,2,0,1,12|15,2,1,12|15,2,10|15,9|15,10
14,5,7,6,9|14,5,7,6,10|14,5,9|14,5,10|14,5,15,0,1,2,10|14,5,15,0,1,12|14,5,15,0,2,1,12|14,5,15,0,2,10|14,5,15,1,0,2,10|14,5,15,1,2,10|14,5,15,1,12|14,5,15,2,0,1,12|14,5,15,2,1,12|14,5,15,2,10|14,5,15,9|14,5,15,10|14,7,5,9|14,7,5,10|14,7,5,15,0,1,2,10|14,7,5,15,0,1,12|14,7,5,15,0,2,1,12|14,7,5,15,0,2,10|14,7,5,15,1,0,2,10|14,7,5,15,1,2,10|14,7,5,15,1,12|14,7,5,15,2,0,1,12|14,7,5,15,2,1,12|14,7,5,15,2,10|14,7,5,15,9|14,7,5,15,10|14,7,6,9|14,7,6,10|15,0,1,2,10|15,0,1,12|15,0,2,1,12|15,0,2,10|15,1,0,2,10|15,1,2,10|15,1,12|15,2,0,1,12|15,2,1,12|15,2,10|15,5,7,6,9|15,5,7,6,10|15,5,9|15,5,10|15,5,14,7,6,9|15,5,14,7,6,10|15,9|15,10
14,6,5,9|14,6,5,10|14,6,7,9|14,6,7,10|14,6,7,15,0,1,2,10|14,6,7,15,0,2,10|14,6,7,15,1,0,2,10|14,6,7,15,1,2,10|14,6,7,15,2,10|14,6,7,15,9|14,6,7,15,10|14,6,9|14,6,10|14,7,6,5,9|14,7,6,5,10|14,7,6,9|14,7,6,10|14,7,9|14,7,10|14,7,15,0,1,2,10|14,7,15,0,2,10|14,7,15,1,0,2,10|14,7,15,1,2,10|14,7,15,2,10|14,7,15,9|14,7,15,10|15,0,1,2,10|15,0,2,10|15,1,0,2,10|15,1,2,10|15,2,10|15,7,6,5,9|15,7,6,5,10|15,7,6,9|15,7,6,10|15,7,9|15,7,10|15,7,14,6,5,9|15,7,14,6,5,10|15,7,14,6,9|15,7,14,6,10|15,9|15,10
14,5,6,7,9|14,5,6,7,10|14,5,6,7,15,0,1,2,10|14,5,6,7,15,0,2,10|14,5,6,7,15,2,10|14,5,6,7,15,9|14,5,6,7,15,10|14,5,7,9|14,5,7,10|14,5,7,15,0,1,2,10|14,5,7,15,0,2,10|14,5,7,15,2,10|14,5,7,15,9|14,5,7,15,10|14,5,9|14,5,10|14,5,15,0,1,2,10|14,5,15,0,2,10|14,5,15,2,10|14,5,15,7,9|14,5,15,7,10|14,5,15,9|14,5,15,10|14,6,5,7,9|14,6,5,7,10|14,6,5,7,15,0,1,2,10|14,6,5,7,15,0,2,10|14,6,5,7,15,2,10|14,6,5,7,15,9|14,6,5,7,15,10|14,6,5,9|14,6,5,10|14,6,5,15,0,1,2,10|14,6,5,15,0,2,10|14,6,5,15,2,10|14,6,5,15,7,9|14,6,5,15,7,10|14,6,5,15,9|14,6,5,15,10|14,6,7,5,9|14,6,7,5,10|14,6,7,5,15,0,1,2,10|14,6,7,5,15,0,2,10|14,6,7,5,15,2,10|14,6,7,5,15,9|14,6,7,5,15,10|14,6,7,9|14,6,7,10|14,6,7,15,0,1,2,10|14,6,7,15,0,2,10|14,6,7,15,2,10|14,6,7,15,5,9|14,6,7,15,5,10|14,6,7,15,9|14,6,7,15,10|14,7,5,9|14,7,5,10|14,7,5,15,0,1,2,10|14,7,5,15,0,2,10|14,7,5,15,2,10|14,7,5,15,9|14,7,5,15,10|14,7,6,5,9|14,7,6,5,10|14,7,6,5,15,0,1,2,10|14,7,6,5,15,0,2,10|14,7,6,5,15,2,10|14,7,6,5,15,9|14,7,6,5,15,10|14,7,9|14,7,10|14,7,15,0,1,2,10|14,7,15,0,2,10|14,7,15,2,10|14,7,15,5,9|14,7,15,5,10|14,7,15,9|14,7,15,10|15,0,1,2,10|15,0,2,10|15,2,10|15,5,6,7,9|15,5,6,7,10|15,5,6,14,7,9|15,5,6,14,7,10|15,5,7,9|15,5,7,10|15,5,9|15,5,10|15,5,14,6,7,9|15,5,14,6,7,10|15,5,14,7,9|15,5,14,7,10|15,7,5,9|15,7,5,10|15,7,6,5,9|15,7,6,5,10|15,7,6,14,5,9|15,7,6,14,5,10|15,7,9|15,7,10|15,7,14,5,9|15,7,14,5,10|15,7,14,6,5,9|15,7,14,6,5,10|15,9|15,10
14,6,7,5,9|14,6,7,5,10|14,6,7,9|14,6,7,10|14,6,7,15,2,10|14,6,7,15,9|14,6,7,15,10|14,6,9|14,6,10|14,6,15,2,10|14,6,15,7,5,9|14,6,15,7,5,10|14,6,15,7,9|14,6,15,7,10|14,6,15,9|14,6,15,10|15,2,10|15,6,7,5,9|15,6,7,5,10|15,6,7,9|15,6,7,10|15,6,9|15,6,10|15,7,5,9|15,7,5,10|15,7,6,9|15,7,6,10|15,7,9|15,7,10|15,9|15,10
14,5,6,7,9|14,5,6,7,13|14,5,6,7,15,9|14,5,6,7,15,13|14,5,6,9|14,5,6,13|14,5,6,15,7,9|14,5,6,15,7,13|14,5,6,15,9|14,5,6,15,13|14,5,7,6,9|14,5,7,6,13|14,5,7,6,15,9|14,5,7,6,15,13|14,5,7,9|14,5,7,13|14,5,7,15,6,9|14,5,7,15,6,13|14,5,7,15,9|14,5,7,15,13|14,5,9|14,5,10|14,5,13|14,5,15,6,7,9|14,5,15,6,7,13|14,5,15,6,9|14,5,15,6,13|14,5,15,7,6,9|14,5,15,7,6,13|14,5,15,7,9|14,5,15,7,13|14,5,15,9|14,5,15,13|15,5,6,7,9|15,5,6,7,13|15,5,6,9|15,5,6,13|15,5,7,6,9|15,5,7,6,13|15,5,7,9|15,5,7,13|15,5,9|15,5,10|15,5,13|15,6,5,7,9|15,6,5,7,13|15,6,5,9|15,6,5,10|15,6,5,13|15,6,7,5,9|15,6,7,5,10|15,6,7,5,13|15,6,7,9|15,6,7,13|15,6,9|15,6,13|15,7,5,6,9|15,7,5,6,13|15,7,5,9|15,7,5,10|15,7,5,13|15,7,6,5,9|15,7,6,5,10|15,7,6,5,13|15,7,6,9|15,7,6,13|15,7,9|15,7,13|15,9|15,13
15,9|15,13
14,5,9|14,5,13|14,5,15,9|14,5,15,13|15,5,9|15,5,13|15,9|15,13
14,6,5,7,12|14,6,5,7,13|14,6,5,12|14,6,5,13|14,6,7,5,12|14,6,7,5,13|14,6,7,12|14,6,7,13|14,6,12|14,6,13|14,7,5,6,12|14,7,5,6,13|14,7,5,12|14,7,5,13|14,7,6,5,12|14,7,6,5,13|14,7,6,12|14,7,6,13|14,7,12|14,7,13|15,12|15,13
14,5,12|14,5,13|14,5,15,0,1,2,10|14,5,15,0,2,10|14,5,15,12|14,5,15,13|14,6,5,12|14,6,5,13|14,6,5,15,0,1,2,10|14,6,5,15,0,2,10|14,6,5,15,12|14,6,5,15,13|14,6,7,5,12|14,6,7,5,13|14,6,7,5,15,0,1,2,10|14,6,7,5,15,0,2,10|14,6,7,5,15,12|14,6,7,5,15,13|14,7,5,12|14,7,5,13|14,7,5,15,0,1,2,10|14,7,5,15,0,2,10|14,7,5,15,12|14,7,5,15,13|14,7,6,5,12|14,7,6,5,13|14,7,6,5,15,0,1,2,10|14,7,6,5,15,0,2,10|14,7,6,5,15,12|14,7,6,5,15,13|15,0,1,2,10|15,0,2,10|15,5,12|15,5,13|15,12|15,13
14,6,7,12|14,6,7,13|14,6,7,15,0,1,2,10|14,6,7,15,0,1,10|14,6,7,15,0,2,1,10|14,6,7,15,0,2,10|14,6,7,15,1,0,2,10|14,6,7,15,1,2,10|14,6,7,15,1,10|14,6,7,15,12|14,6,7,15,13|14,6,12|14,6,13|14,6,15,0,1,2,10|14,6,15,0,1,10|14,6,15,0,2,1,10|14,6,15,0,2,10|14,6,15,1,0,2,10|14,6,15,1,2,10|14,6,15,1,10|14,6,15,7,12|14,6,15,7,13|14,6,15,12|14,6,15,13|14,7,6,12|14,7,6,13|14,7,6,15,0,1,2,10|14,7,6,15,0,1,10|14,7,6,15,0,2,1,10|14,7,6,15,0,2,10|14,7,6,15,1,0,2,10|14,7,6,15,1,2,10|14,7,6,15,1,10|14,7,6,15,12|14,7,6,15,13|14,7,12|14,7,13|14,7,15,0,1,2,10|14,7,15,0,1,10|14,7,15,0,2,1,10|14,7,15,0,2,10|14,7,15,1,0,2,10|14,7,15,1,2,10|14,7,15,1,10|14,7,15,6,12|14,7,15,6,13|14,7,15,12|14,7,15,13|15,0,1,2,10|15,0,1,10|15,0,2,1,10|15,0,2,10|15,1,0,2,10|15,1,2,10|15,1,10|15,6,7,12|15,6,7,13|15,6,12|15,6,13|15,6,14,7,12|15,6,14,7,13|15,7,6,12|15,7,6,13|15,7,12|15,7,13|15,7,14,6,12|15,7,14,6,13|15,12|15,13
14,5,6,7,12|14,5,6,7,13|14,5,6,7,15,0,1,2,10|14,5,6,7,15,0,1,10|14,5,6,7,15,0,2,1,10|14,5,6,7,15,0,2,10|14,5,6,7,15,1,0,2,10|14,5,6,7,15,1,2,10|14,5,6,7,15,1,10|14,5,6,7,15,12|14,5,6,7,15,13|14,5,6,12|14,5,6,13|14,5,6,15,0,1,2,10|14,5,6,15,0,1,10|14,5,6,15,0,2,1,10|14,5,6,15,0,2,10|14,5,6,15,1,0,2,10|14,5,6,15,1,2,10|14,5,6,15,1,10|14,5,6,15,7,12|14,5,6,15,7,13|14,5,6,15,12|14,5,6,15,13|14,5,7,6,12|14,5,7,6,13|14,5,7,6,15,0,1,2,10|14,5,7,6,15,0,1,10|14,5,7,6,15,0,2,1,10|14,5,7,6,15,0,2,10|14,5,7,6,15,1,0,2,10|14,5,7,6,15,1,2,10|14,5,7,6,15,1,10|14,5,7,6,15,12|14,5,7,6,15,13|14,5,7,12|14,5,7,13|14,5,7,15,0,1,2,10|14,5,7,15,0,1,10|14,5,7,15,0,2,1,10|14,5,7,15,0,2,10|14,5,7,15,1,0,2,10|14,5,7,15,1,2,10|14,5,7,15,1,10|14,5,7,15,6,12|14,5,7,15,6,13|14,5,7,15,12|14,5,7,15,13|14,5,12|14,5,13|14,5,15,0,1,2,10|14,5,15,0,1,10|14,5,15,0,2,1,10|14,5,15,0,2,10|14,5,15,1,0,2,10|14,5,15,1,2,10|14,5,15,1,10|14,5,15,6,7,12|14,5,15,6,7,13|14,5,15,6,12|14,5,15,6,13|14,5,15,7,6,12|14,5,15,7,6,13|14,5,15,7,12|14,5,15,7,13|14,5,15,12|14,5,15,13|14,7,5,6,12|14,7,5,6,13|14,7,5,6,15,0,1,2,10|14,7,5,6,15,0,1,10|14,7,5,6,15,0,2,1,10|14,7,5,6,15,0,2,10|14,7,5,6,15,1,0,2,10|14,7,5,6,15,1,2,10|14,7,5,6,15,1,10|14,7,5,6,15,12|14,7,5,6,15,13|14,7,5,12|14,7,5,13|14,7,5,15,0,1,2,10|14,7,5,15,0,1,10|14,7,5,15,0,2,1,10|14,7,5,15,0,2,10|14,7,5,15,1,0,2,10|14,7,5,15,1,2,10|14,7,5,15,1,10|14,7,5,15,6,12|14,7,5,15,6,13|14,7,5,15,12|14,7,5,15,13|14,7,6,5,12|14,7,6,5,13|14,7,6,5,15,0,1,2,10|14,7,6,5,15,0,1,10|14,7,6,5,15,0,2,1,10|14,7,6,5,15,0,2,10|14,7,6,5,15,1,0,2,10|14,7,6,5,15,1,2,10|14,7,6,5,15,1,10|14,7,6,5,15,12|14,7,6,5,15,13|14,7,6,12|14,7,6,13|14,7,6,15,0,1,2,10|14,7,6,15,0,1,10|14,7,6,15,0,2,1,10|14,7,6,15,0,2,10|14,7,6,15,1,0,2,10|14,7,6,15,1,2,10|14,7,6,15,1,10|14,7,6,15,5,12|14,7,6,15,5,13|14,7,6,15,12|14,7,6,15,13|14,7,12|14,7,13|14,7,15,0,1,2,10|14,7,15,0,1,10|14,7,15,0,2,1,10|14,7,15,0,2,10|14,7,15,1,0,2,10|14,7,15,1,2,10|14,7,15,1,10|14,7,15,5,6,12|14,7,15,5,6,13|14,7,15,5,12|14,7,15,5,13|14,7,15,6,5,12|14,7,15,6,5,13|14,7,15,6,12|14,7,15,6,13|14,7,15,12|14,7,15,13|15,0,1,2,10|15,0,1,10|15,0,2,1,10|15,0,2,10|15,1,0,2,10|15,1,2,10|15,1,10|15,5,6,7,12|15,5,6,7,13|15,5,6,12|15,5,6,13|15,5,7,6,12|15,5,7,6,13|15,5,7,12|15,5,7,13|15,5,12|15,5,13|15,5,14,7,6,12|15,5,14,7,6,13|15,5,14,7,12|15,5,14,7,13|15,6,5,7,12|15,6,5,7,13|15,6,5,12|15,6,5,13|15,6,5,14,7,12|15,6,5,14,7,13|15,6,7,5,12|15,6,7,5,13|15,6,7,12|15,6,7,13|15,6,7,14,5,12|15,6,7,14,5,13|15,6,12|15,6,13|15,7,5,6,12|15,7,5,6,13|15,7,5,12|15,7,5,13|15,7,6,5,12|15,7,6,5,13|15,7,6,12|15,7,6,13|15,7,12|15,7,13|15,7,14,5,6,12|15,7,14,5,6,13|15,7,14,5,12|15,7,14,5,13|15,12|15,13
15,0,1,2,10|15,0,1,10|15,1,2,10|15,1,10|15,7,5,6,12|15,7,5,6,13|15,7,5,12|15,7,5,13|15,7,6,5,12|15,7,6,5,13|15,7,6,12|15,7,6,13|15,7,12|15,7,13|15,12|15,13
14,5,7,6,10|14,5,7,6,12|14,5,7,10|14,5,7,12|14,5,7,15,0,1,2,10|14,5,7,15,0,1,10|14,5,7,15,1,2,10|14,5,7,15,1,10|14,5,7,15,2,1,10|14,5,7,15,2,10|14,5,7,15,10|14,5,7,15,12|14,5,10|14,5,12|14,5,13|14,5,15,0,1,2,10|14,5,15,0,1,10|14,5,15,1,2,10|14,5,15,1,10|14,5,15,2,1,10|14,5,15,2,10|14,5,15,7,6,10|14,5,15,7,6,12|14,5,15,7,10|14,5,15,7,12|14,5,15,10|14,5,15,12|15,0,1,2,10|15,0,1,10|15,1,2,10|15,1,10|15,2,1,10|15,2,10|15,5,7,6,10|15,5,7,6,12|15,5,7,10|15,5,7,12|15,5,10|15,5,12|15,5,13|15,7,5,10|15,7,5,12|15,7,5,13|15,7,6,10|15,7,6,12|15,7,10|15,7,12|15,10|15,12
14,6,5,7,10|14,6,5,7,12|14,6,5,10|14,6,5,12|14,6,7,5,10|14,6,7,5,12|14,6,7,10|14,6,7,12|14,6,10|14,6,12|15,0,1,2,9|15,0,1,2,10|15,0,1,10|15,1,2,9|15,1,2,10|15,1,10|15,2,1,10|15,2,9|15,2,10|15,10|15,12
14,5,6,7,10|14,5,6,7,12|14,5,10|14,5,12|14,5,15,0,1,2,9|14,5,15,0,1,2,10|14,5,15,0,1,10|14,5,15,1,2,9|14,5,15,1,2,10|14,5,15,1,10|14,5,15,2,1,10|14,5,15,2,9|14,5,15,2,10|14,5,15,10|14,5,15,12|14,6,5,10|14,6,5,12|14,6,5,15,0,1,2,9|14,6,5,15,0,1,2,10|14,6,5,15,0,1,10|14,6,5,15,1,2,9|14,6,5,15,1,2,10|14,6,5,15,1,10|14,6,5,15,2,1,10|14,6,5,15,2,9|14,6,5,15,2,10|14,6,5,15,10|14,6,5,15,12|14,6,7,10|14,6,7,12|15,0,1,2,9|15,0,1,2,10|15,0,1,10|15,1,2,9|15,1,2,10|15,1,10|15,2,1,10|15,2,9|15,2,10|15,5,6,7,10|15,5,6,7,12|15,5,10|15,5,12|15,5,14,6,7,10|15,5,14,6,7,12|15,10|15,12
14,6,7,5,9|14,6,7,5,10|14,6,7,9|14,6,7,10|14,6,9|14,6,10|14,6,15,0,1,2,9|14,6,15,0,1,2,10|14,6,15,0,1,10|14,6,15,1,2,9|14,6,15,1,2,10|14,6,15,1,10|14,6,15,2,1,10|14,6,15,2,9|14,6,15,2,10|14,6,15,9|14,6,15,10|14,7,5,9|14,7,5,10|14,7,6,9|14,7,6,10|14,7,6,15,0,1,2,9|14,7,6,15,0,1,2,10|14,7,6,15,0,1,10|14,7,6,15,1,2,9|14,7,6,15,1,2,10|14,7,6,15,1,10|14,7,6,15,2,1,10|14,7,6,15,2,9|14,7,6,15,2,10|14,7,6,15,9|14,7,6,15,10|14,7,9|14,7,10|15,0,1,2,9|15,0,1,2,10|15,0,1,10|15,1,2,9|15,1,2,10|15,1,10|15,2,1,10|15,2,9|15,2,10|15,6,7,5,9|15,6,7,5,10|15,6,7,9|15,6,7,10|15,6,9|15,6,10|15,6,14,7,5,9|15,6,14,7,5,10|15,6,14,7,9|15,6,14,7,10|15,9|15,10
14,5,6,9|14,5,6,10|14,5,6,15,0,1,2,9|14,5,6,15,0,1,2,10|14,5,6,15,0,1,10|14,5,6,15,1,2,9|14,5,6,15,1,2,10|14,5,6,15,1,10|14,5,6,15,2,1,10|14,5,6,15,2,9|14,5,6,15,2,10|14,5,6,15,9|14,5,6,15,10|14,5,7,6,9|14,5,7,6,10|14,5,7,6,15,0,1,2,9|14,5,7,6,15,0,1,2,10|14,5,7,6,15,0,1,10|14,5,7,6,15,1,2,9|14,5,7,6,15,1,2,10|14,5,7,6,15,1,10|14,5,7,6,15,2,1,10|14,5,7,6,15,2,9|14,5,7,6,15,2,10|14,5,7,6,15,9|14,5,7,6,15,10|14,5,9|14,5,10|14,5,15,0,1,2,9|14,5,15,0,1,2,10|14,5,15,0,1,10|14,5,15,1,2,9|14,5,15,1,2,10|14,5,15,1,10|14,5,15,2,1,10|14,5,15,2,9|14,5,15,2,10|14,5,15,6,9|14,5,15,6,10|14,5,15,9|14,5,15,10|14,7,5,6,9|14,7,5,6,10|14,7,5,6,15,0,1,2,9|14,7,5,6,15,0,1,2,10|14,7,5,6,15,0,1,10|14,7,5,6,15,1,2,9|14,7,5,6,15,1,2,10|14,7,5,6,15,1,10|14,7,5,6,15,2,1,10|14,7,5,6,15,2,9|14,7,5,6,15,2,10|14,7,5,6,15,9|14,7,5,6,15,10|14,7,5,9|14,7,5,10|14,7,5,15,0,1,2,9|14,7,5,15,0,1,2,10|14,7,5,15,0,1,10|14,7,5,15,1,2,9|14,7,5,15,1,2,10|14,7,5,15,1,10|14,7,5,15,2,1,10|14,7,5,15,2,9|14,7,5,15,2,10|14,7,5,15,6,9|14,7,5,15,6,10|14,7,5,15,9|14,7,5,15,10|14,7,6,5,9|14,7,6,5,10|14,7,6,5,15,0,1,2,9|14,7,6,5,15,0,1,2,10|14,7,6,5,15,0,1,10|14,7,6,5,15,1,2,9|14,7,6,5,15,1,2,10|14,7,6,5,15,1,10|14,7,6,5,15,2,1,10|14,7,6,5,15,2,9|14,7,6,5,15,2,10|14,7,6,5,15,9|14,7,6,5,15,10|14,7,6,9|14,7,6,10|14,7,6,15,0,1,2,9|14,7,6,15,0,1,2,10|14,7,6,15,0,1,10|14,7,6,15,1,2,9|14,7,6,15,1,2,10|14,7,6,15,1,10|14,7,6,15,2,1,10|14,7,6,15,2,9|14,7,6,15,2,10|14,7,6,15,5,9|14,7,6,15,5,10|14,7,6,15,9|14,7,6,15,10|15,0,1,2,9|15,0,1,2,10|15,0,1,10|15,1,2,9|15,1,2,10|15,1,10|15,2,1,10|15,2,9|15,2,10|15,5,6,9|15,5,6,10|15,5,7,6,9|15,5,7,6,10|15,5,9|15,5,10|15,5,14,7,6,9|15,5,14,7,6,10|15,6,5,9|15,6,5,10|15,6,7,5,9|15,6,7,5,10|15,6,7,14,5,9|15,6,7,14,5,10|15,6,9|15,6,10|15,9|15,10
14,7,9|14,7,10|14,7,15,0,1,2,9|14,7,15,0,1,2,10|14,7,15,0,1,10|14,7,15,1,2,9|14,7,15,1,2,10|14,7,15,1,10|14,7,15,2,1,10|14,7,15,2,9|14,7,15,2,10|14,7,15,9|14,7,15,10|15,0,1,2,9|15,0,1,2,10|15,0,1,10|15,1,2,9|15,1,2,10|15,1,10|15,2,1,10|15,2,9|15,2,10|15,7,9|15,7,10|15,9|15,10
14,5,7,9|14,5,7,10|14,5,7,15,0,1,2,9|14,5,7,15,0,1,2,10|14,5,7,15,0,1,10|14,5,7,15,1,2,9|14,5,7,15,1,2,10|14,5,7,15,1,10|14,5,7,15,2,1,10|14,5,7,15,2,9|14,5,7,15,2,10|14,5,7,15,9|14,5,7,15,10|14,5,9|14,5,10|14,5,15,0,1,2,9|14,5,15,0,1,2,10|14,5,15,0,1,10|14,5,15,1,2,9|14,5,15,1,2,10|14,5,15,1,10|14,5,15,2,1,10|14,5,15,2,9|14,5,15,2,10|14,5,15,7,9|14,5,15,7,10|14,5,15,9|14,5,15,10|14,7,5,9|14,7,5,10|14,7,5,15,0,1,2,9|14,7,5,15,0,1,2,10|14,7,5,15,0,1,10|14,7,5,15,1,2,9|14,7,5,15,1,2,10|14,7,5,15,1,10|14,7,5,15,2,1,10|14,7,5,15,2,9|14,7,5,15,2,10|14,7,5,15,9|14,7,5,15,10|14,7,9|14,7,10|14,7,15,0,1,2,9|14,7,15,0,1,2,10|14,7,15,0,1,10|14,7,15,1,2,9|14,7,15,1,2,10|14,7,15,1,10|14,7,15,2,1,10|14,7,15,2,9|14,7,15,2,10|14,7,15,5,9|14,7,15,5,10|14,7,15,9|14,7,15,10|15,0,1,2,9|15,0,1,2,10|15,0,1,10|15,1,2,9|15,1,2,10|15,1,10|15,2,1,10|15,2,9|15,2,10|15,5,7,9|15,5,7,10|15,5,9|15,5,10|15,5,14,7,9|15,5,14,7,10|15,7,5,9|15,7,5,10|15,7,9|15,7,10|15,7,14,5,9|15,7,14,5,10|15,9|15,10
14,6,5,7,9|14,6,5,7,10|14,6,5,7,15,1,2,9|14,6,5,7,15,1,10|14,6,5,7,15,2,1,10|14,6,5,7,15,2,9|14,6,5,7,15,9|14,6,5,7,15,10|14,6,5,9|14,6,5,10|14,6,9|14,6,10|15,1,2,9|15,1,10|15,2,1,10|15,2,9|15,7,5,6,9|15,7,5,6,10|15,7,5,9|15,7,5,10|15,7,9|15,7,10|15,9|15,10
14,5,7,9|14,5,7,13|14,5,7,15,1,2,9|14,5,7,15,1,10|14,5,7,15,2,1,10|14,5,7,15,2,9|14,5,7,15,9|14,5,7,15,13|14,5,9|14,5,10|14,5,13|14,5,15,1,2,9|14,5,15,1,10|14,5,15,2,1,10|14,5,15,2,9|14,5,15,7,9|14,5,15,7,13|14,5,15,9|14,5,15,13|14,6,5,7,9|14,6,5,7,13|14,6,5,7,15,1,2,9|14,6,5,7,15,1,10|14,6,5,7,15,2,1,10|14,6,5,7,15,2,9|14,6,5,7,15,9|14,6,5,7,15,13|14,6,5,9|14,6,5,10|14,6,5,13|14,6,5,15,1,2,9|14,6,5,15,1,10|14,6,5,15,2,1,10|14,6,5,15,2,9|14,6,5,15,7,9|14,6,5,15,7,13|14,6,5,15,9|14,6,5,15,13|15,1,2,9|15,1,10|15,2,1,10|15,2,9|15,5,7,9|15,5,7,13|15,5,9|15,5,10|15,5,13|15,7,5,9|15,7,5,10|15,7,5,13|15,7,9|15,7,13|15,9|15,13
14,6,9|14,6,13|14,6,15,1,2,9|14,6,15,1,10|14,6,15,2,1,10|14,6,15,2,9|14,6,15,9|14,6,15,13|15,1,2,9|15,1,10|15,2,1,10|15,2,9|15,6,9|15,6,13|15,9|15,13
14,5,6,9|14,5,6,13|14,5,6,15,2,1,9|14,5,6,15,2,1,10|14,5,6,15,2,9|14,5,6,15,9|14,5,6,15,13|14,5,9|14,5,13|14,5,15,2,1,9|14,5,15,2,1,10|14,5,15,2,9|14,5,15,6,9|14,5,15,6,13|14,5,15,9|14,5,15,13|15,2,1,9|15,2,1,10|15,2,9|15,5,6,9|15,5,6,13|15,5,9|15,5,13|15,6,5,9|15,6,5,13|15,6,9|15,6,13|15,9|15,13
14,7,5,6,12|14,7,5,6,13|14,7,5,12|14,7,5,13|14,7,12|14,7,13|15,2,1,9|15,2,1,10|15,2,9|15,12|15,13
14,5,7,6,12|14,5,7,6,13|14,5,12|14,5,13|14,5,15,12|14,5,15,13|14,7,5,12|14,7,5,13|14,7,5,15,12|14,7,5,15,13|14,7,6,12|14,7,6,13|15,5,7,6,12|15,5,7,6,13|15,5,12|15,5,13|15,5,14,7,6,12|15,5,14,7,6,13|15,12|15,13
14,6,5,12|14,6,5,13|14,6,7,12|14,6,7,13|14,6,7,15,12|14,6,7,15,13|14,6,12|14,6,13|14,7,6,5,12|14,7,6,5,13|14,7,6,12|14,7,6,13|14,7,12|14,7,13|14,7,15,12|14,7,15,13|15,7,6,5,12|15,7,6,5,13|15,7,6,12|15,7,6,13|15,7,12|15,7,13|15,7,14,6,5,12|15,7,14,6,5,13|15,7,14,6,12|15,7,14,6,13|15,12|15,13
14,5,6,7,12|14,5,6,7,13|14,5,6,7,15,12|14,5,6,7,15,13|14,5,7,12|14,5,7,13|14,5,7,15,12|14,5,7,15,13|14,5,12|14,5,13|14,5,15,7,12|14,5,15,7,13|14,5,15,12|14,5,15,13|14,6,5,7,12|14,6,5,7,13|14,6,5,7,15,12|14,6,5,7,15,13|14,6,5,12|14,6,5,13|14,6,5,15,7,12|14,6,5,15,7,13|14,6,5,15,12|14,6,5,15,13|14,6,7,5,12|14,6,7,5,13|14,6,7,5,15,12|14,6,7,5,15,13|14,6,7,12|14,6,7,13|14,6,7,15,5,12|14,6,7,15,5,13|14,6,7,15,12|14,6,7,15,13|14,7,5,12|14,7,5,13|14,7,5,15,12|14,7,5,15,13|14,7,6,5,12|14,7,6,5,13|14,7,6,5,15,12|14,7,6,5,15,13|14,7,12|14,7,13|14,7,15,5,12|14,7,15,5,13|14,7,15,12|14,7,15,13|15,5,6,7,12|15,5,6,7,13|15,5,6,14,7,12|15,5,6,14,7,13|15,5,7,12|15,5,7,13|15,5,12|15,5,13|15,5,14,6,7,12|15,5,14,6,7,13|15,5,14,7,12|15,5,14,7,13|15,7,5,12|15,7,5,13|15,7,6,5,12|15,7,6,5,13|15,7,6,14,5,12|15,7,6,14,5,13|15,7,12|15,7,13|15,7,14,5,12|15,7,14,5,13|15,7,14,6,5,12|15,7,14,6,5,13|15,12|15,13
14,6,7,5,12|14,6,7,5,13|14,6,7,12|14,6,7,13|14,6,7,15,12|14,6,7,15,13|14,6,12|14,6,13|14,6,15,7,5,12|14,6,15,7,5,13|14,6,15,7,12|14,6,15,7,13|14,6,15,12|14,6,15,13|15,6,7,5,12|15,6,7,5,13|15,6,7,12|15,6,7,13|15,6,12|15,6,13|15,7,5,12|15,7,5,13|15,7,6,12|15,7,6,13|15,7,12|15,7,13|15,12|15,13
14,5,6,7,10|14,5,6,7,12|14,5,6,7,15,10|14,5,6,7,15,12|14,5,6,10|14,5,6,12|14,5,6,15,7,10|14,5,6,15,7,12|14,5,6,15,10|14,5,6,15,12|14,5,7,6,10|14,5,7,6,12|14,5,7,6,15,10|14,5,7,6,15,12|14,5,7,10|14,5,7,12|14,5,7,15,6,10|14,5,7,15,6,12|14,5,7,15,10|14,5,7,15,12|14,5,10|14,5,12|14,5,13|14,5,15,6,7,10|14,5,15,6,7,12|14,5,15,6,10|14,5,15,6,12|14,5,15,7,6,10|14,5,15,7,6,12|14,5,15,7,10|14,5,15,7,12|14,5,15,10|14,5,15,12|15,5,6,7,10|15,5,6,7,12|15,5,6,10|15,5,6,12|15,5,7,6,10|15,5,7,6,12|15,5,7,10|15,5,7,12|15,5,10|15,5,12|15,5,13|15,6,5,7,10|15,6,5,7,12|15,6,5,10|15,6,5,12|15,6,5,13|15,6,7,5,10|15,6,7,5,12|15,6,7,5,13|15,6,7,10|15,6,7,12|15,6,10|15,6,12|15,7,5,6,10|15,7,5,6,12|15,7,5,10|15,7,5,12|15,7,5,13|15,7,6,5,10|15,7,6,5,12|15,7,6,5,13|15,7,6,10|15,7,6,12|15,7,10|15,7,12|15,10|15,12
15,1,2,9|15,1,9|15,10|15,12
14,5,10|14,5,12|14,5,15,1,2,9|14,5,15,1,9|14,5,15,10|14,5,15,12|15,1,2,9|15,1,9|15,5,10|15,5,12|15,10|15,12
14,6,5,7,9|14,6,5,7,10|14,6,5,9|14,6,5,10|14,6,7,5,9|14,6,7,5,10|14,6,7,9|14,6,7,10|14,6,9|14,6,10|14,7,5,6,9|14,7,5,6,10|14,7,5,9|14,7,5,10|14,7,6,5,9|14,7,6,5,10|14,7,6,9|14,7,6,10|14,7,9|14,7,10|15,1,2,9|15,1,9|15,9|15,10
14,5,9|14,5,10|14,5,15,1,9|14,5,15,2,1,9|14,5,15,9|14,5,15,10|14,6,5,9|14,6,5,10|14,6,5,15,1,9|14,6,5,15,2,1,9|14,6,5,15,9|14,6,5,15,10|14,6,7,5,9|14,6,7,5,10|14,6,7,5,15,1,9|14,6,7,5,15,2,1,9|14,6,7,5,15,9|14,6,7,5,15,10|14,7,5,9|14,7,5,10|14,7,5,15,1,9|14,7,5,15,2,1,9|14,7,5,15,9|14,7,5,15,10|14,7,6,5,9|14,7,6,5,10|14,7,6,5,15,1,9|14,7,6,5,15,2,1,9|14,7,6,5,15,9|14,7,6,5,15,10|15,1,9|15,2,1,9|15,5,9|15,5,10|15,9|15,10
14,6,7,9|14,6,7,10|14,6,7,15,1,9|14,6,7,15,2,1,9|14,6,7,15,9|14,6,7,15,10|14,6,9|14,6,10|14,6,15,1,9|14,6,15,2,1,9|14,6,15,7,9|14,6,15,7,10|14,6,15,9|14,6,15,10|14,7,6,9|14,7,6,10|14,7,6,15,1,9|14,7,6,15,2,1,9|14,7,6,15,9|14,7,6,15,10|14,7,9|14,7,10|14,7,15,1,9|14,7,15,2,1,9|14,7,15,6,9|14,7,15,6,10|14,7,15,9|14,7,15,10|15,1,9|15,2,1,9|15,6,7,9|15,6,7,10|15,6,9|15,6,10|15,6,14,7,9|15,6,14,7,10|15,7,6,9|15,7,6,10|15,7,9|15,7,10|15,7,14,6,9|15,7,14,6,10|15,9|15,10
14,5,6,7,9|14,5,6,7,10|14,5,6,7,15,1,9|14,5,6,7,15,2,1,9|14,5,6,7,15,9|14,5,6,7,15,10|14,5,6,9|14,5,6,10|14,5,6,15,1,9|14,5,6,15,2,1,9|14,5,6,15,7,9|14,5,6,15,7,10|14,5,6,15,9|14,5,6,15,10|14,5,7,6,9|14,5,7,6,10|14,5,7,6,15,1,9|14,5,7,6,15,2,1,9|14,5,7,6,15,9|14,5,7,6,15,10|14,5,7,9|14,5,7,10|14,5,7,15,1,9|14,5,7,15,2,1,9|14,5,7,15,6,9|14,5,7,15,6,10|14,5,7,15,9|14,5,7,15,10|14,5,9|14,5,10|14,5,15,1,9|14,5,15,2,1,9|14,5,15,6,7,9|14,5,15,6,7,10|14,5,15,6,9|14,5,15,6,10|14,5,15,7,6,9|14,5,15,7,6,10|14,5,15,7,9|14,5,15,7,10|14,5,15,9|14,5,15,10|14,7,5,6,9|14,7,5,6,10|14,7,5,6,15,1,9|14,7,5,6,15,2,1,9|14,7,5,6,15,9|14,7,5,6,15,10|14,7,5,9|14,7,5,10|14,7,5,15,1,9|14,7,5,15,2,1,9|14,7,5,15,6,9|14,7,5,15,6,10|14,7,5,15,9|14,7,5,15,10|14,7,6,5,9|14,7,6,5,10|14,7,6,5,15,1,9|14,7,6,5,15,2,1,9|14,7,6,5,15,9|14,7,6,5,15,10|14,7,6,9|14,7,6,10|14,7,6,15,1,9|14,7,6,15,2,1,9|14,7,6,15,5,9|14,7,6,15,5,10|14,7,6,15,9|14,7,6,15,10|14,7,9|14,7,10|14,7,15,1,9|14,7,15,2,1,9|14,7,15,5,6,9|14,7,15,5,6,10|14,7,15,5,9|14,7,15,5,10|14,7,15,6,5,9|14,7,15,6,5,10|14,7,15,6,9|14,7,15,6,10|14,7,15,9|14,7,15,10|15,1,9|15,2,1,9|15,5,6,7,9|15,5,6,7,10|15,5,6,9|15,5,6,10|15,5,7,6,9|15,5,7,6,10|15,5,7,9|15,5,7,10|15,5,9|15,5,10|15,5,14,7,6,9|15,5,14,7,6,10|15,5,14,7,9|15,5,14,7,10|15,6,5,7,9|15,6,5,7,10|15,6,5,9|15,6,5,10|15,6,5,14,7,9|15,6,5,14,7,10|15,6,7,5,9|15,6,7,5,10|15,6,7,9|15,6,7,10|15,6,7,14,5,9|15,6,7,14,5,10|15,6,9|15,6,10|15,7,5,6,9|15,7,5,6,10|15,7,5,9|15,7,5,10|15,7,6,5,9|15,7,6,5,10|15,7,6,9|15,7,6,10|15,7,9|15,7,10|15,7,14,5,6,9|15,7,14,5,6,10|15,7,14,5,9|15,7,14,5,10|15,9|15,10
15,1,9|15,2,1,9|15,7,5,6,9|15,7,5,6,10|15,7,5,9|15,7,5,10|15,7,6,5,9|15,7,6,5,10|15,7,6,9|15,7,6,10|15,7,9|15,7,10|15,9|15,10
14,5,7,6,9|14,5,7,6,13|14,5,7,9|14,5,7,13|14,5,7,15,1,9|14,5,7,15,2,1,9|14,5,7,15,9|14,5,7,15,13|14,5,9|14,5,10|14,5,13|14,5,15,1,9|14,5,15,2,1,9|14,5,15,7,6,9|14,5,15,7,6,13|14,5,15,7,9|14,5,15,7,13|14,5,15,9|14,5,15,13|15,1,9|15,2,1,9|15,5,7,6,9|15,5,7,6,13|15,5,7,9|15,5,7,13|15,5,9|15,5,10|15,5,13|15,7,5,9|15,7,5,10|15,7,5,13|15,7,6,9|15,7,6,13|15,7,9|15,7,13|15,9|15,13
14,6,5,7,9|14,6,5,7,13|14,6,5,9|14,6,5,13|14,6,7,5,9|14,6,7,5,13|14,6,7,9|14,6,7,13|14,6,9|14,6,13|15,1,9|15,2,1,9|15,9|15,13
14,5,6,7,9|14,5,6,7,13|14,5,9|14,5,13|14,5,15,1,9|14,5,15,2,1,9|14,5,15,9|14,5,15,13|14,6,5,9|14,6,5,13|14,6,5,15,1,9|14,6,5,15,2,1,9|14,6,5,15,9|14,6,5,15,13|14,6,7,9|14,6,7,13|15,1,9|15,2,1,9|15,5,6,7,9|15,5,6,7,13|15,5,9|15,5,13|15,5,14,6,7,9|15,5,14,6,7,13|15,9|15,13
14,6,7,5,12|14,6,7,5,13|14,6,7,12|14,6,7,13|14,6,12|14,6,13|14,6,15,1,2,13|14,6,15,1,9|14,6,15,2,1,9|14,6,15,2,13|14,6,15,12|14,6,15,13|14,7,5,12|14,7,5,13|14,7,6,12|14,7,6,13|14,7,6,15,1,2,13|14,7,6,15,1,9|14,7,6,15,2,1,9|14,7,6,15,2,13|14,7,6,15,12|14,7,6,15,13|14,7,12|14,7,13|15,1,2,13|15,1,9|15,2,1,9|15,2,13|15,6,7,5,12|15,6,7,5,13|15,6,7,12|15,6,7,13|15,6,12|15,6,13|15,6,14,7,5,12|15,6,14,7,5,13|15,6,14,7,12|15,6,14,7,13|15,12|15,13
14,5,6,12|14,5,6,13|14,5,6,15,1,2,13|14,5,6,15,1,9|14,5,6,15,2,1,9|14,5,6,15,2,13|14,5,6,15,12|14,5,6,15,13|14,5,7,6,12|14,5,7,6,13|14,5,7,6,15,1,2,13|14,5,7,6,15,1,9|14,5,7,6,15,2,1,9|14,5,7,6,15,2,13|14,5,7,6,15,12|14,5,7,6,15,13|14,5,12|14,5,13|14,5,15,1,2,13|14,5,15,1,9|14,5,15,2,1,9|14,5,15,2,13|14,5,15,6,12|14,5,15,6,13|14,5,15,12|14,5,15,13|14,7,5,6,12|14,7,5,6,13|14,7,5,6,15,1,2,13|14,7,5,6,15,1,9|14,7,5,6,15,2,1,9|14,7,5,6,15,2,13|14,7,5,6,15,12|14,7,5,6,15,13|14,7,5,12|14,7,5,13|14,7,5,15,1,2,13|14,7,5,15,1,9|14,7,5,15,2,1,9|14,7,5,15,2,13|14,7,5,15,6,12|14,7,5,15,6,13|14,7,5,15,12|14,7,5,15,13|14,7,6,5,12|14,7,6,5,13|14,7,6,5,15,1,2,13|14,7,6,5,15,1,9|14,7,6,5,15,2,1,9|14,7,6,5,15,2,13|14,7,6,5,15,12|14,7,6,5,15,13|14,7,6,12|14,7,6,13|14,7,6,15,1,2,13|14,7,6,15,1,9|14,7,6,15,2,1,9|14,7,6,15,2,13|14,7,6,15,5,12|14,7,6,15,5,13|14,7,6,15,12|14,7,6,15,13|15,1,2,13|15,1,9|15,2,1,9|15,2,13|15,5,6,12|15,5,6,13|15,5,7,6,12|15,5,7,6,13|15,5,12|15,5,13|15,5,14,7,6,12|15,5,14,7,6,13|15,6,5,12|15,6,5,13|15,6,7,5,12|15,6,7,5,13|15,6,7,14,5,12|15,6,7,14,5,13|15,6,12|15,6,13|15,12|15,13
14,7,12|14,7,13|14,7,15,1,2,13|14,7,15,2,13|14,7,15,12|14,7,15,13|15,1,2,13|15,2,13|15,7,12|15,7,13|15,12|15,13
14,5,7,12|14,5,7,13|14,5,7,15,2,13|14,5,7,15,12|14,5,7,15,13|14,5,12|14,5,13|14,5,15,2,13|14,5,15,7,12|14,5,15,7,13|14,5,15,12|14,5,15,13|14,7,5,12|14,7,5,13|14,7,5,15,2,13|14,7,5,15,12|14,7,5,15,13|14,7,12|14,7,13|14,7,15,2,13|14,7,15,5,12|14,7,15,5,13|14,7,15,12|14,7,15,13|15,2,13|15,5,7,12|15,5,7,13|15,5,12|15,5,13|15,5,14,7,12|15,5,14,7,13|15,7,5,12|15,7,5,13|15,7,12|15,7,13|15,7,14,5,12|15,7,14,5,13|15,12|15,13
14,6,5,7,12|14,6,5,7,13|14,6,5,7,15,2,13|14,6,5,7,15,12|14,6,5,7,15,13|14,6,5,12|14,6,5,13|14,6,12|14,6,13|15,2,13|15,7,5,6,12|15,7,5,6,13|15,7,5,12|15,7,5,13|15,7,12|15,7,13|15,12|15,13
14,5,7,10|14,5,7,12|14,5,7,15,10|14,5,7,15,12|14,5,10|14,5,12|14,5,13|14,5,15,7,10|14,5,15,7,12|14,5,15,10|14,5,15,12|14,6,5,7,10|14,6,5,7,12|14,6,5,7,15,10|14,6,5,7,15,12|14,6,5,10|14,6,5,12|14,6,5,13|14,6,5,15,7,10|14,6,5,15,7,12|14,6,5,15,10|14,6,5,15,12|15,5,7,10|15,5,7,12|15,5,10|15,5,12|15,5,13|15,7,5,10|15,7,5,12|15,7,5,13|15,7,10|15,7,12|15,10|15,12
14,6,10|14,6,12|14,6,15,10|14,6,15,12|15,6,10|15,6,12|15,10|15,12
14,5,6,10|14,5,6,12|14,5,6,15,10|14,5,6,15,12|14,5,10|14,5,12|14,5,15,6,10|14,5,15,6,12|14,5,15,10|14,5,15,12|15,5,6,10|15,5,6,12|15,5,10|15,5,12|15,6,5,10|15,6,5,12|15,6,10|15,6,12|15,10|15,12
14,7,5,6,9|14,7,5,6,10|14,7,5,9|14,7,5,10|14,7,9|14,7,10|15,9|15,10
14,5,7,6,9|14,5,7,6,10|14,5,9|14,5,10|14,5,15,9|14,5,15,10|14,7,5,9|14,7,5,10|14,7,5,15,9|14,7,5,15,10|14,7,6,9|14,7,6,10|15,5,7,6,9|15,5,7,6,10|15,5,9|15,5,10|15,5,14,7,6,9|15,5,14,7,6,10|15,9|15,10
14,6,5,9|14,6,5,10|14,6,7,9|14,6,7,10|14,6,7,15,1,2,13|14,6,7,15,1,13|14,6,7,15,9|14,6,7,15,10|14,6,9|14,6,10|14,7,6,5,9|14,7,6,5,10|14,7,6,9|14,7,6,10|14,7,9|14,7,10|14,7,15,1,2,13|14,7,15,1,13|14,7,15,9|14,7,15,10|15,1,2,13|15,1,13|15,7,6,5,9|15,7,6,5,10|15,7,6,9|15,7,6,10|15,7,9|15,7,10|15,7,14,6,5,9|15,7,14,6,5,10|15,7,14,6,9|15,7,14,6,10|15,9|15,10
14,5,6,7,9|14,5,6,7,10|14,5,6,7,15,1,2,13|14,5,6,7,15,1,13|14,5,6,7,15,9|14,5,6,7,15,10|14,5,7,9|14,5,7,10|14,5,7,15,1,2,13|14,5,7,15,1,13|14,5,7,15,9|14,5,7,15,10|14,5,9|14,5,10|14,5,15,1,2,13|14,5,15,1,13|14,5,15,7,9|14,5,15,7,10|14,5,15,9|14,5,15,10|14,6,5,7,9|14,6,5,7,10|14,6,5,7,15,1,2,13|14,6,5,7,15,1,13|14,6,5,7,15,9|14,6,5,7,15,10|14,6,5,9|14,6,5,10|14,6,5,15,1,2,13|14,6,5,15,1,13|14,6,5,15,7,9|14,6,5,15,7,10|14,6,5,15,9|14,6,5,15,10|14,6,7,5,9|14,6,7,5,10|14,6,7,5,15,1,2,13|14,6,7,5,15,1,13|14,6,7,5,15,9|14,6,7,5,15,10|14,6,7,9|14,6,7,10|14,6,7,15,1,2,13|14,6,7,15,1,13|14,6,7,15,5,9|14,6,7,15,5,10|14,6,7,15,9|14,6,7,15,10|14,7,5,9|14,7,5,10|14,7,5,15,1,2,13|14,7,5,15,1,13|14,7,5,15,9|14,7,5,15,10|14,7,6,5,9|14,7,6,5,10|14,7,6,5,15,1,2,13|14,7,6,5,15,1,13|14,7,6,5,15,9|14,7,6,5,15,10|14,7,9|14,7,10|14,7,15,1,2,13|14,7,15,1,13|14,7,15,5,9|14,7,15,5,10|14,7,15,9|14,7,15,10|15,1,2,13|15,1,13|15,5,6,7,9|15,5,6,7,10|15,5,6,14,7,9|15,5,6,14,7,10|15,5,7,9|15,5,7,10|15,5,9|15,5,10|15,5,14,6,7,9|15,5,14,6,7,10|15,5,14,7,9|15,5,14,7,10|15,7,5,9|15,7,5,10|15,7,6,5,9|15,7,6,5,10|15,7,6,14,5,9|15,7,6,14,5,10|15,7,9|15,7,10|15,7,14,5,9|15,7,14,5,10|15,7,14,6,5,9|15,7,14,6,5,10|15,9|15,10
14,6,7,5,9|14,6,7,5,10|14,6,7,9|14,6,7,10|14,6,7,15,1,2,13|14,6,7,15,1,13|14,6,7,15,9|14,6,7,15,10|14,6,9|14,6,10|14,6,15,1,2,13|14,6,15,1,13|14,6,15,7,5,9|14,6,15,7,5,10|14,6,15,7,9|14,6,15,7,10|14,6,15,9|14,6,15,10|15,1,2,13|15,1,13|15,6,7,5,9|15,6,7,5,10|15,6,7,9|15,6,7,10|15,6,9|15,6,10|15,7,5,9|15,7,5,10|15,7,6,9|15,7,6,10|15,7,9|15,7,10|15,9|15,10
14,5,6,7,9|14,5,6,7,13|14,5,6,7,15,1,2,13|14,5,6,7,15,1,13|14,5,6,7,15,2,1,13|14,5,6,7,15,2,13|14,5,6,7,15,9|14,5,6,7,15,13|14,5,6,9|14,5,6,13|14,5,6,15,1,2,13|14,5,6,15,1,13|14,5,6,15,2,1,13|14,5,6,15,2,13|14,5,6,15,7,9|14,5,6,15,7,13|14,5,6,15,9|14,5,6,15,13|14,5,7,6,9|14,5,7,6,13|14,5,7,6,15,1,2,13|14,5,7,6,15,1,13|14,5,7,6,15,2,1,13|14,5,7,6,15,2,13|14,5,7,6,15,9|14,5,7,6,15,13|14,5,7,9|14,5,7,13|14,5,7,15,1,2,13|14,5,7,15,1,13|14,5,7,15,2,1,13|14,5,7,15,2,13|14,5,7,15,6,9|14,5,7,15,6,13|14,5,7,15,9|14,5,7,15,13|14,5,9|14,5,10|14,5,13|14,5,15,1,2,13|14,5,15,1,13|14,5,15,2,1,13|14,5,15,2,13|14,5,15,6,7,9|14,5,15,6,7,13|14,5,15,6,9|14,5,15,6,13|14,5,15,7,6,9|14,5,15,7,6,13|14,5,15,7,9|14,5,15,7,13|14,5,15,9|14,5,15,13|15,1,2,13|15,1,13|15,2,1,13|15,2,13|15,5,6,7,9|15,5,6,7,13|15,5,6,9|15,5,6,13|15,5,7,6,9|15,5,7,6,13|15,5,7,9|15,5,7,13|15,5,9|15,5,10|15,5,13|15,6,5,7,9|15,6,5,7,13|15,6,5,9|15,6,5,10|15,6,5,13|15,6,7,5,9|15,6,7,5,10|15,6,7,5,13|15,6,7,9|15,6,7,13|15,6,9|15,6,13|15,7,5,6,9|15,7,5,6,13|15,7,5,9|15,7,5,10|15,7,5,13|15,7,6,5,9|15,7,6,5,10|15,7,6,5,13|15,7,6,9|15,7,6,13|15,7,9|15,7,13|15,9|15,13
15,1,2,12|15,1,2,13|15,1,13|15,2,1,13|15,2,12|15,2,13|15,9|15,13
14,5,9|14,5,13|14,5,15,1,2,12|14,5,15,1,2,13|14,5,15,1,13|14,5,15,2,1,13|14,5,15,2,12|14,5,15,2,13|14,5,15,9|14,5,15,13|15,1,2,12|15,1,2,13|15,1,13|15,2,1,13|15,2,12|15,2,13|15,5,9|15,5,13|15,9|15,13
14,6,5,7,12|14,6,5,7,13|14,6,5,12|14,6,5,13|14,6,7,5,12|14,6,7,5,13|14,6,7,12|14,6,7,13|14,6,12|14,6,13|14,7,5,6,12|14,7,5,6,13|14,7,5,12|14,7,5,13|14,7,6,5,12|14,7,6,5,13|14,7,6,12|14,7,6,13|14,7,12|14,7,13|15,1,2,12|15,1,2,13|15,1,13|15,2,1,13|15,2,12|15,2,13|15,12|15,13
14,5,12|14,5,13|14,5,15,1,2,12|14,5,15,1,2,13|14,5,15,1,13|14,5,15,2,1,13|14,5,15,2,12|14,5,15,2,13|14,5,15,12|14,5,15,13|14,6,5,12|14,6,5,13|14,6,5,15,1,2,12|14,6,5,15,1,2,13|14,6,5,15,1,13|14,6,5,15,2,1,13|14,6,5,15,2,12|14,6,5,15,2,13|14,6,5,15,12|14,6,5,15,13|14,6,7,5,12|14,6,7,5,13|14,6,7,5,15,1,2,12|14,6,7,5,15,1,2,13|14,6,7,5,15,1,13|14,6,7,5,15,2,1,13|14,6,7,5,15,2,12|14,6,7,5,15,2,13|14,6,7,5,15,12|14,6,7,5,15,13|14,7,5,12|14,7,5,13|14,7,5,15,1,2,12|14,7,5,15,1,2,13|14,7,5,15,1,13|14,7,5,15,2,1,13|14,7,5,15,2,12|14,7,5,15,2,13|14,7,5,15,12|14,7,5,15,13|14,7,6,5,12|14,7,6,5,13|14,7,6,5,15,1,2,12|14,7,6,5,15,1,2,13|14,7,6,5,15,1,13|14,7,6,5,15,2,1,13|14,7,6,5,15,2,12|14,7,6,5,15,2,13|14,7,6,5,15,12|14,7,6,5,15,13|15,1,2,12|15,1,2,13|15,1,13|15,2,1,13|15,2,12|15,2,13|15,5,12|15,5,13|15,12|15,13
14,6,7,12|14,6,7,13|14,6,7,15,1,2,12|14,6,7,15,1,2,13|14,6,7,15,1,13|14,6,7,15,2,1,13|14,6,7,15,2,12|14,6,7,15,2,13|14,6,7,15,12|14,6,7,15,13|14,6,12|14,6,13|14,6,15,1,2,12|14,6,15,1,2,13|14,6,15,1,13|14,6,15,2,1,13|14,6,15,2,12|14,6,15,2,13|14,6,15,7,12|14,6,15,7,13|14,6,15,12|14,6,15,13|14,7,6,12|14,7,6,13|14,7,6,15,1,2,12|14,7,6,15,1,2,13|14,7,6,15,1,13|14,7,6,15,2,1,13|14,7,6,15,2,12|14,7,6,15,2,13|14,7,6,15,12|14,7,6,15,13|14,7,12|14,7,13|14,7,15,1,2,12|14,7,15,1,2,13|14,7,15,1,13|14,7,15,2,1,13|14,7,15,2,12|14,7,15,2,13|14,7,15,6,12|14,7,15,6,13|14,7,15,12|14,7,15,13|15,1,2,12|15,1,2,13|15,1,13|15,2,1,13|15,2,12|15,2,13|15,6,7,12|15,6,7,13|15,6,12|15,6,13|15,6,14,7,12|15,6,14,7,13|15,7,6,12|15,7,6,13|15,7,12|15,7,13|15,7,14,6,12|15,7,14,6,13|15,12|15,13
14,5,6,7,12|14,5,6,7,13|14,5,6,7,15,1,2,12|14,5,6,7,15,1,2,13|14,5,6,7,15,1,13|14,5,6,7,15,2,1,13|14,5,6,7,15,2,12|14,5,6,7,15,2,13|14,5,6,7,15,12|14,5,6,7,15,13|14,5,6,12|14,5,6,13|14,5,6,15,1,2,12|14,5,6,15,1,2,13|14,5,6,15,1,13|14,5,6,15,2,1,13|14,5,6,15,2,12|14,5,6,15,2,13|14,5,6,15,7,12|14,5,6,15,7,13|14,5,6,15,12|14,5,6,15,13|14,5,7,6,12|14,5,7,6,13|14,5,7,6,15,1,2,12|14,5,7,6,15,1,2,13|14,5,7,6,15,1,13|14,5,7,6,15,2,1,13|14,5,7,6,15,2,12|14,5,7,6,15,2,13|14,5,7,6,15,12|14,5,7,6,15,13|14,5,7,12|14,5,7,13|14,5,7,15,1,2,12|14,5,7,15,1,2,13|14,5,7,15,1,13|14,5,7,15,2,1,13|14,5,7,15,2,12|14,5,7,15,2,13|14,5,7,15,6,12|14,5,7,15,6,13|14,5,7,15,12|14,5,7,15,13|14,5,12|14,5,13|14,5,15,1,2,12|14,5,15,1,2,13|14,5,15,1,13|14,5,15,2,1,13|14,5,15,2,12|14,5,15,2,13|14,5,15,6,7,12|14,5,15,6,7,13|14,5,15,6,12|14,5,15,6,13|14,5,15,7,6,12|14,5,15,7,6,13|14,5,15,7,12|14,5,15,7,13|14,5,15,12|14,5,15,13|14,7,5,6,12|14,7,5,6,13|14,7,5,6,15,1,2,12|14,7,5,6,15,1,2,13|14,7,5,6,15,1,13|14,7,5,6,15,2,1,13|14,7,5,6,15,2,12|14,7,5,6,15,2,13|14,7,5,6,15,12|14,7,5,6,15,13|14,7,5,12|14,7,5,13|14,7,5,15,1,2,12|14,7,5,15,1,2,13|14,7,5,15,1,13|14,7,5,15,2,1,13|14,7,5,15,2,12|14,7,5,15,2,13|14,7,5,15,6,12|14,7,5,15,6,13|14,7,5,15,12|14,7,5,15,13|14,7,6,5,12|14,7,6,5,13|14,7,6,5,15,1,2,12|14,7,6,5,15,1,2,13|14,7,6,5,15,1,13|14,7,6,5,15,2,1,13|14,7,6,5,15,2,12|14,7,6,5,15,2,13|14,7,6,5,15,12|14,7,6,5,15,13|14,7,6,12|14,7,6,13|14,7,6,15,1,2,12|14,7,6,15,1,2,13|14,7,6,15,1,13|14,7,6,15,2,1,13|14,7,6,15,2,12|14,7,6,15,2,13|14,7,6,15,5,12|14,7,6,15,5,13|14,7,6,15,12|14,7,6,15,13|14,7,12|14,7,13|14,7,15,1,2,12|14,7,15,1,2,13|14,7,15,1,13|14,7,15,2,1,13|14,7,15,2,12|14,7,15,2,13|14,7,15,5,6,12|14,7,15,5,6,13|14,7,15,5,12|14,7,15,5,13|14,7,15,6,5,12|14,7,15,6,5,13|14,7,15,6,12|14,7,15,6,13|14,7,15,12|14,7,15,13|15,1,2,12|15,1,2,13|15,1,13|15,2,1,13|15,2,12|15,2,13|15,5,6,7,12|15,5,6,7,13|15,5,6,12|15,5,6,13|15,5,7,6,12|15,5,7,6,13|15,5,7,12|15,5,7,13|15,5,12|15,5,13|15,5,14,7,6,12|15,5,14,7,6,13|15,5,14,7,12|15,5,14,7,13|15,6,5,7,12|15,6,5,7,13|15,6,5,12|15,6,5,13|15,6,5,14,7,12|15,6,5,14,7,13|15,6,7,5,12|15,6,7,5,13|15,6,7,12|15,6,7,13|15,6,7,14,5,12|15,6,7,14,5,13|15,6,12|15,6,13|15,7,5,6,12|15,7,5,6,13|15,7,5,12|15,7,5,13|15,7,6,5,12|15,7,6,5,13|15,7,6,12|15,7,6,13|15,7,12|15,7,13|15,7,14,5,6,12|15,7,14,5,6,13|15,7,14,5,12|15,7,14,5,13|15,12|15,13
15,1,2,12|15,1,13|15,2,1,13|15,2,12|15,7,5,6,12|15,7,5,6,13|15,7,5,12|15,7,5,13|15,7,6,5,12|15,7,6,5,13|15,7,6,12|15,7,6,13|15,7,12|15,7,13|15,12|15,13
14,5,7,6,10|14,5,7,6,12|14,5,7,10|14,5,7,12|14,5,7,15,0,2,1,13|14,5,7,15,0,2,12|14,5,7,15,1,2,12|14,5,7,15,1,13|14,5,7,15,2,1,13|14,5,7,15,2,12|14,5,7,15,10|14,5,7,15,12|14,5,10|14,5,12|14,5,13|14,5,15,0,2,1,13|14,5,15,0,2,12|14,5,15,1,2,12|14,5,15,1,13|14,5,15,2,1,13|14,5,15,2,12|14,5,15,7,6,10|14,5,15,7,6,12|14,5,15,7,10|14,5,15,7,12|14,5,15,10|14,5,15,12|15,0,2,1,13|15,0,2,12|15,1,2,12|15,1,13|15,2,1,13|15,2,12|15,5,7,6,10|15,5,7,6,12|15,5,7,10|15,5,7,12|15,5,10|15,5,12|15,5,13|15,7,5,10|15,7,5,12|15,7,5,13|15,7,6,10|15,7,6,12|15,7,10|15,7,12|15,10|15,12
14,6,5,7,10|14,6,5,7,12|14,6,5,10|14,6,5,12|14,6,7,5,10|14,6,7,5,12|14,6,7,10|14,6,7,12|14,6,10|14,6,12|15,0,2,1,13|15,0,2,12|15,1,2,12|15,1,13|15,2,1,13|15,2,12|15,10|15,12
14,5,6,7,10|14,5,6,7,12|14,5,10|14,5,12|14,5,15,0,2,1,12|14,5,15,0,2,1,13|14,5,15,0,2,12|14,5,15,2,1,12|14,5,15,2,1,13|14,5,15,2,12|14,5,15,10|14,5,15,12|14,6,5,10|14,6,5,12|14,6,5,15,0,2,1,12|14,6,5,15,0,2,1,13|14,6,5,15,0,2,12|14,6,5,15,2,1,12|14,6,5,15,2,1,13|14,6,5,15,2,12|14,6,5,15,10|14,6,5,15,12|14,6,7,10|14,6,7,12|15,0,2,1,12|15,0,2,1,13|15,0,2,12|15,2,1,12|15,2,1,13|15,2,12|15,5,6,7,10|15,5,6,7,12|15,5,10|15,5,12|15,5,14,6,7,10|15,5,14,6,7,12|15,10|15,12
14,6,7,5,9|14,6,7,5,10|14,6,7,9|14,6,7,10|14,6,9|14,6,10|14,6,15,0,2,1,12|14,6,15,0,2,1,13|14,6,15,0,2,12|14,6,15,2,1,12|14,6,15,2,1,13|14,6,15,2,12|14,6,15,9|14,6,15,10|14,7,5,9|14,7,5,10|14,7,6,9|14,7,6,10|14,7,6,15,0,2,1,12|14,7,6,15,0,2,1,13|14,7,6,15,0,2,12|14,7,6,15,2,1,12|14,7,6,15,2,1,13|14,7,6,15,2,12|14,7,6,15,9|14,7,6,15,10|14,7,9|14,7,10|15,0,2,1,12|15,0,2,1,13|15,0,2,12|15,2,1,12|15,2,1,13|15,2,12|15,6,7,5,9|15,6,7,5,10|15,6,7,9|15,6,7,10|15,6,9|15,6,10|15,6,14,7,5,9|15,6,14,7,5,10|15,6,14,7,9|15,6,14,7,10|15,9|15,10
14,5,6,9|14,5,6,10|14,5,6,15,0,2,1,12|14,5,6,15,0,2,1,13|14,5,6,15,0,2,12|14,5,6,15,9|14,5,6,15,10|14,5,7,6,9|14,5,7,6,10|14,5,7,6,15,0,2,1,12|14,5,7,6,15,0,2,1,13|14,5,7,6,15,0,2,12|14,5,7,6,15,9|14,5,7,6,15,10|14,5,9|14,5,10|14,5,15,0,2,1,12|14,5,15,0,2,1,13|14,5,15,0,2,12|14,5,15,6,9|14,5,15,6,10|14,5,15,9|14,5,15,10|14,7,5,6,9|14,7,5,6,10|14,7,5,6,15,0,2,1,12|14,7,5,6,15,0,2,1,13|14,7,5,6,15,0,2,12|14,7,5,6,15,9|14,7,5,6,15,10|14,7,5,9|14,7,5,10|14,7,5,15,0,2,1,12|14,7,5,15,0,2,1,13|14,7,5,15,0,2,12|14,7,5,15,6,9|14,7,5,15,6,10|14,7,5,15,9|14,7,5,15,10|14,7,6,5,9|14,7,6,5,10|14,7,6,5,15,0,2,1,12|14,7,6,5,15,0,2,1,13|14,7,6,5,15,0,2,12|14,7,6,5,15,9|14,7,6,5,15,10|14,7,6,9|14,7,6,10|14,7,6,15,0,2,1,12|14,7,6,15,0,2,1,13|14,7,6,15,0,2,12|14,7,6,15,5,9|14,7,6,15,5,10|14,7,6,15,9|14,7,6,15,10|15,0,2,1,12|15,0,2,1,13|15,0,2,12|15,5,6,9|15,5,6,10|15,5,7,6,9|15,5,7,6,10|15,5,9|15,5,10|15,5,14,7,6,9|15,5,14,7,6,10|15,6,5,9|15,6,5,10|15,6,7,5,9|15,6,7,5,10|15,6,7,14,5,9|15,6,7,14,5,10|15,6,9|15,6,10|15,9|15,10
14,7,9|14,7,10|14,7,15,0,2,1,12|14,7,15,0,2,1,13|14,7,15,0,2,12|14,7,15,9|14,7,15,10|15,0,2,1,12|15,0,2,1,13|15,0,2,12|15,7,9|15,7,10|15,9|15,10
14,5,7,9|14,5,7,10|14,5,7,15,0,2,1,12|14,5,7,15,0,2,1,13|14,5,7,15,0,2,12|14,5,7,15,9|14,5,7,15,10|14,5,9|14,5,10|14,5,15,0,2,1,12|14,5,15,0,2,1,13|14,5,15,0,2,12|14,5,15,7,9|14,5,15,7,10|14,5,15,9|14,5,15,10|14,7,5,9|14,7,5,10|14,7,5,15,0,2,1,12|14,7,5,15,0,2,1,13|14,7,5,15,0,2,12|14,7,5,15,9|14,7,5,15,10|14,7,9|14,7,10|14,7,15,0,2,1,12|14,7,15,0,2,1,13|14,7,15,0,2,12|14,7,15,5,9|14,7,15,5,10|14,7,15,9|14,7,15,10|15,0,2,1,12|15,0,2,1,13|15,0,2,12|15,5,7,9|15,5,7,10|15,5,9|15,5,10|15,5,14,7,9|15,5,14,7,10|15,7,5,9|15,7,5,10|15,7,9|15,7,10|15,7,14,5,9|15,7,14,5,10|15,9|15,10
14,6,5,7,9|14,6,5,7,10|14,6,5,7,15,9|14,6,5,7,15,10|14,6,5,9|14,6,5,10|14,6,9|14,6,10|15,7,5,6,9|15,7,5,6,10|15,7,5,9|15,7,5,10|15,7,9|15,7,10|15,9|15,10
14,5,7,9|14,5,7,13|14,5,7,15,9|14,5,7,15,13|14,5,9|14,5,10|14,5,13|14,5,15,7,9|14,5,15,7,13|14,5,15,9|14,5,15,13|14,6,5,7,9|14,6,5,7,13|14,6,5,7,15,9|14,6,5,7,15,13|14,6,5,9|14,6,5,10|14,6,5,13|14,6,5,15,7,9|14,6,5,15,7,13|14,6,5,15,9|14,6,5,15,13|15,5,7,9|15,5,7,13|15,5,9|15,5,10|15,5,13|15,7,5,9|15,7,5,10|15,7,5,13|15,7,9|15,7,13|15,9|15,13
14,6,9|14,6,13|14,6,15,1,0,2,12|14,6,15,1,2,12|14,6,15,1,12|14,6,15,9|14,6,15,13|15,1,0,2,12|15,1,2,12|15,1,12|15,6,9|15,6,13|15,9|15,13
14,5,6,9|14,5,6,13|14,5,6,15,1,0,2,12|14,5,6,15,1,2,12|14,5,6,15,1,12|14,5,6,15,9|14,5,6,15,13|14,5,9|14,5,13|14,5,15,1,0,2,12|14,5,15,1,2,12|14,5,15,1,12|14,5,15,6,9|14,5,15,6,13|14,5,15,9|14,5,15,13|15,1,0,2,12|15,1,2,12|15,1,12|15,5,6,9|15,5,6,13|15,5,9|15,5,13|15,6,5,9|15,6,5,13|15,6,9|15,6,13|15,9|15,13
14,7,5,6,12|14,7,5,6,13|14,7,5,12|14,7,5,13|14,7,12|14,7,13|15,1,0,2,12|15,1,2,12|15,1,12|15,12|15,13
14,5,7,6,12|14,5,7,6,13|14,5,12|14,5,13|14,5,15,0,1,12|14,5,15,0,2,1,12|14,5,15,1,12|14,5,15,2,0,1,12|14,5,15,2,1,12|14,5,15,12|14,5,15,13|14,7,5,12|14,7,5,13|14,7,5,15,0,1,12|14,7,5,15,0,2,1,12|14,7,5,15,1,12|14,7,5,15,2,0,1,12|14,7,5,15,2,1,12|14,7,5,15,12|14,7,5,15,13|14,7,6,12|14,7,6,13|15,0,1,12|15,0,2,1,12|15,1,12|15,2,0,1,12|15,2,1,12|15,5,7,6,12|15,5,7,6,13|15,5,12|15,5,13|15,5,14,7,6,12|15,5,14,7,6,13|15,12|15,13
14,6,5,12|14,6,5,13|14,6,7,12|14,6,7,13|14,6,7,15,0,1,12|14,6,7,15,0,2,1,12|14,6,7,15,1,12|14,6,7,15,2,0,1,12|14,6,7,15,2,1,12|14,6,7,15,12|14,6,7,15,13|14,6,12|14,6,13|14,7,6,5,12|14,7,6,5,13|14,7,6,12|14,7,6,13|14,7,12|14,7,13|14,7,15,0,1,12|14,7,15,0,2,1,12|14,7,15,1,12|14,7,15,2,0,1,12|14,7,15,2,1,12|14,7,15,12|14,7,15,13|15,0,1,12|15,0,2,1,12|15,1,12|15,2,0,1,12|15,2,1,12|15,7,6,5,12|15,7,6,5,13|15,7,6,12|15,7,6,13|15,7,12|15,7,13|15,7,14,6,5,12|15,7,14,6,5,13|15,7,14,6,12|15,7,14,6,13|15,12|15,13
14,5,6,7,12|14,5,6,7,13|14,5,6,7,15,0,1,12|14,5,6,7,15,0,2,1,12|14,5,6,7,15,1,12|14,5,6,7,15,2,0,1,12|14,5,6,7,15,2,1,12|14,5,6,7,15,12|14,5,6,7,15,13|14,5,7,12|14,5,7,13|14,5,7,15,0,1,12|14,5,7,15,0,2,1,12|14,5,7,15,1,12|14,5,7,15,2,0,1,12|14,5,7,15,2,1,12|14,5,7,15,12|14,5,7,15,13|14,5,12|14,5,13|14,5,15,0,1,12|14,5,15,0,2,1,12|14,5,15,1,12|14,5,15,2,0,1,12|14,5,15,2,1,12|14,5,15,7,12|14,5,15,7,13|14,5,15,12|14,5,15,13|14,6,5,7,12|14,6,5,7,13|14,6,5,7,15,0,1,12|14,6,5,7,15,0,2,1,12|14,6,5,7,15,1,12|14,6,5,7,15,2,0,1,12|14,6,5,7,15,2,1,12|14,6,5,7,15,12|14,6,5,7,15,13|14,6,5,12|14,6,5,13|14,6,5,15,0,1,12|14,6,5,15,0,2,1,12|14,6,5,15,1,12|14,6,5,15,2,0,1,12|14,6,5,15,2,1,12|14,6,5,15,7,12|14,6,5,15,7,13|14,6,5,15,12|14,6,5,15,13|14,6,7,5,12|14,6,7,5,13|14,6,7,5,15,0,1,12|14,6,7,5,15,0,2,1,12|14,6,7,5,15,1,12|14,6,7,5,15,2,0,1,12|14,6,7,5,15,2,1,12|14,6,7,5,15,12|14,6,7,5,15,13|14,6,7,12|14,6,7,13|14,6,7,15,0,1,12|14,6,7,15,0,2,1,12|14,6,7,15,1,12|14,6,7,15,2,0,1,12|14,6,7,15,2,1,12|14,6,7,15,5,12|14,6,7,15,5,13|14,6,7,15,12|14,6,7,15,13|14,7,5,12|14,7,5,13|14,7,5,15,0,1,12|14,7,5,15,0,2,1,12|14,7,5,15,1,12|14,7,5,15,2,0,1,12|14,7,5,15,2,1,12|14,7,5,15,12|14,7,5,15,13|14,7,6,5,12|14,7,6,5,13|14,7,6,5,15,0,1,12|14,7,6,5,15,0,2,1,12|14,7,6,5,15,1,12|14,7,6,5,15,2,0,1,12|14,7,6,5,15,2,1,12|14,7,6,5,15,12|14,7,6,5,15,13|14,7,12|14,7,13|14,7,15,0,1,12|14,7,15,0,2,1,12|14,7,15,1,12|14,7,15,2,0,1,12|14,7,15,2,1,12|14,7,15,5,12|14,7,15,5,13|14,7,15,12|14,7,15,13|15,0,1,12|15,0,2,1,12|15,1,12|15,2,0,1,12|15,2,1,12|15,5,6,7,12|15,5,6,7,13|15,5,6,14,7,12|15,5,6,14,7,13|15,5,7,12|15,5,7,13|15,5,12|15,5,13|15,5,14,6,7,12|15,5,14,6,7,13|15,5,14,7,12|15,5,14,7,13|15,7,5,12|15,7,5,13|15,7,6,5,12|15,7,6,5,13|15,7,6,14,5,12|15,7,6,14,5,13|15,7,12|15,7,13|15,7,14,5,12|15,7,14,5,13|15,7,14,6,5,12|15,7,14,6,5,13|15,12|15,13
14,6,7,5,12|14,6,7,5,13|14,6,7,12|14,6,7,13|14,6,7,15,0,1,12|14,6,7,15,0,2,1,12|14,6,7,15,1,12|14,6,7,15,2,0,1,12|14,6,7,15,2,1,12|14,6,7,15,12|14,6,7,15,13|14,6,12|14,6,13|14,6,15,0,1,12|14,6,15,0,2,1,12|14,6,15,1,12|14,6,15,2,0,1,12|14,6,15,2,1,12|14,6,15,7,5,12|14,6,15,7,5,13|14,6,15,7,12|14,6,15,7,13|14,6,15,12|14,6,15,13|15,0,1,12|15,0,2,1,12|15,1,12|15,2,0,1,12|15,2,1,12|15,6,7,5,12|15,6,7,5,13|15,6,7,12|15,6,7,13|15,6,12|15,6,13|15,7,5,12|15,7,5,13|15,7,6,12|15,7,6,13|15,7,12|15,7,13|15,12|15,13
14,5,6,7,10|14,5,6,7,12|14,5,6,7,15,0,1,12|14,5,6,7,15,0,2,1,12|14,5,6,7,15,1,12|14,5,6,7,15,2,0,1,12|14,5,6,7,15,2,1,12|14,5,6,7,15,10|14,5,6,7,15,12|14,5,6,10|14,5,6,12|14,5,6,15,0,1,12|14,5,6,15,0,2,1,12|14,5,6,15,1,12|14,5,6,15,2,0,1,12|14,5,6,15,2,1,12|14,5,6,15,7,10|14,5,6,15,7,12|14,5,6,15,10|14,5,6,15,12|14,5,7,6,10|14,5,7,6,12|14,5,7,6,15,0,1,12|14,5,7,6,15,0,2,1,12|14,5,7,6,15,1,12|14,5,7,6,15,2,0,1,12|14,5,7,6,15,2,1,12|14,5,7,6,15,10|14,5,7,6,15,12|14,5,7,10|14,5,7,12|14,5,7,15,0,1,12|14,5,7,15,0,2,1,12|14,5,7,15,1,12|14,5,7,15,2,0,1,12|14,5,7,15,2,1,12|14,5,7,15,6,10|14,5,7,15,6,12|14,5,7,15,10|14,5,7,15,12|14,5,10|14,5,12|14,5,13|14,5,15,0,1,12|14,5,15,0,2,1,12|14,5,15,1,12|14,5,15,2,0,1,12|14,5,15,2,1,12|14,5,15,6,7,10|14,5,15,6,7,12|14,5,15,6,10|14,5,15,6,12|14,5,15,7,6,10|14,5,15,7,6,12|14,5,15,7,10|14,5,15,7,12|14,5,15,10|14,5,15,12|15,0,1,12|15,0,2,1,12|15,1,12|15,2,0,1,12|15,2,1,12|15,5,6,7,10|15,5,6,7,12|15,5,6,10|15,5,6,12|15,5,7,6,10|15,5,7,6,12|15,5,7,10|15,5,7,12|15,5,10|15,5,12|15,5,13|15,6,5,7,10|15,6,5,7,12|15,6,5,10|15,6,5,12|15,6,5,13|15,6,7,5,10|15,6,7,5,12|15,6,7,5,13|15,6,7,10|15,6,7,12|15,6,10|15,6,12|15,7,5,6,10|15,7,5,6,12|15,7,5,10|15,7,5,12|15,7,5,13|15,7,6,5,10|15,7,6,5,12|15,7,6,5,13|15,7,6,10|15,7,6,12|15,7,10|15,7,12|15,10|15,12
15,0,1,12|15,0,2,1,12|15,1,12|15,2,0,1,12|15,2,1,12|15,10|15,12
14,5,10|14,5,12|14,5,15,0,1,12|14,5,15,0,2,1,12|14,5,15,1,12|14,5,15,2,0,1,12|14,5,15,2,1,12|14,5,15,10|14,5,15,12|15,0,1,12|15,0,2,1,12|15,1,12|15,2,0,1,12|15,2,1,12|15,5,10|15,5,12|15,10|15,12
14,6,5,7,9|14,6,5,7,10|14,6,5,9|14,6,5,10|14,6,7,5,9|14,6,7,5,10|14,6,7,9|14,6,7,10|14,6,9|14,6,10|14,7,5,6,9|14,7,5,6,10|14,7,5,9|14,7,5,10|14,7,6,5,9|14,7,6,5,10|14,7,6,9|14,7,6,10|14,7,9|14,7,10|15,0,1,2,10|15,0,1,12|15,0,2,1,12|15,0,2,10|15,1,0,2,10|15,1,2,10|15,1,12|15,2,0,1,12|15,2,1,12|15,2,10|15,9|15,10
14,5,9|14,5,10|14,5,15,0,1,2,10|14,5,15,0,1,12|14,5,15,0,2,1,12|14,5,15,0,2,10|14,5,15,1,0,2,10|14,5,15,1,2,10|14,5,15,1,12|14,5,15,2,0,1,12|14,5,15,2,1,12|14,5,15,2,10|14,5,15,9|14,5,15,10|14,6,5,9|14,6,5,10|14,6,5,15,0,1,2,10|14,6,5,15,0,1,12|14,6,5,15,0,2,1,12|14,6,5,15,0,2,10|14,6,5,15,1,0,2,10|14,6,5,15,1,2,10|14,6,5,15,1,12|14,6,5,15,2,0,1,12|14,6,5,15,2,1,12|14,6,5,15,2,10|14,6,5,15,9|14,6,5,15,10|14,6,7,5,9|14,6,7,5,10|14,6,7,5,15,0,1,2,10|14,6,7,5,15,0,1,12|14,6,7,5,15,0,2,1,12|14,6,7,5,15,0,2,10|14,6,7,5,15,1,0,2,10|14,6,7,5,15,1,2,10|14,6,7,5,15,1,12|14,6,7,5,15,2,0,1,12|14,6,7,5,15,2,1,12|14,6,7,5,15,2,10|14,6,7,5,15,9|14,6,7,5,15,10|14,7,5,9|14,7,5,10|14,7,5,15,0,1,2,10|14,7,5,15,0,1,12|14,7,5,15,0,2,1,12|14,7,5,15,0,2,10|14,7,5,15,1,0,2,10|14,7,5,15,1,2,10|14,7,5,15,1,12|14,7,5,15,2,0,1,12|14,7,5,15,2,1,12|14,7,5,15,2,10|14,7,5,15,9|14,7,5,15,10|14,7,6,5,9|14,7,6,5,10|14,7,6,5,15,0,1,2,10|14,7,6,5,15,0,1,12|14,7,6,5,15,0,2,1,12|14,7,6,5,15,0,2,10|14,7,6,5,15,1,0,2,10|14,7,6,5,15,1,2,10|14,7,6,5,15,1,12|14,7,6,5,15,2,0,1,12|14,7,6,5,15,2,1,12|14,7,6,5,15,2,10|14,7,6,5,15,9|14,7,6,5,15,10|15,0,1,2,10|15,0,1,12|15,0,2,1,12|15,0,2,10|15,1,0,2,10|15,1,2,10|15,1,12|15,2,0,1,12|15,2,1,12|15,2,10|15,5,9|15,5,10|15,9|15,10
14,6,7,9|14,6,7,10|14,6,7,15,0,1,2,10|14,6,7,15,0,2,10|14,6,7,15,1,0,2,10|14,6,7,15,1,2,10|14,6,7,15,2,10|14,6,7,15,9|14,6,7,15,10|14,6,9|14,6,10|14,6,15,0,1,2,10|14,6,15,0,2,10|14,6,15,1,0,2,10|14,6,15,1,2,10|14,6,15,2,10|14,6,15,7,9|14,6,15,7,10|14,6,15,9|14,6,15,10|14,7,6,9|14,7,6,10|14,7,6,15,0,1,2,10|14,7,6,15,0,2,10|14,7,6,15,1,0,2,10|14,7,6,15,1,2,10|14,7,6,15,2,10|14,7,6,15,9|14,7,6,15,10|14,7,9|14,7,10|14,7,15,0,1,2,10|14,7,15,0,2,10|14,7,15,1,0,2,10|14,7,15,1,2,10|14,7,15,2,10|14,7,15,6,9|14,7,15,6,10|14,7,15,9|14,7,15,10|15,0,1,2,10|15,0,2,10|15,1,0,2,10|15,1,2,10|15,2,10|15,6,7,9|15,6,7,10|15,6,9|15,6,10|15,6,14,7,9|15,6,14,7,10|15,7,6,9|15,7,6,10|15,7,9|15,7,10|15,7,14,6,9|15,7,14,6,10|15,9|15,10
14,5,6,7,9|14,5,6,7,10|14,5,6,7,15,0,1,2,10|14,5,6,7,15,0,2,10|14,5,6,7,15,2,10|14,5,6,7,15,9|14,5,6,7,15,10|14,5,6,9|14,5,6,10|14,5,6,15,0,1,2,10|14,5,6,15,0,2,10|14,5,6,15,2,10|14,5,6,15,7,9|14,5,6,15,7,10|14,5,6,15,9|14,5,6,15,10|14,5,7,6,9|14,5,7,6,10|14,5,7,6,15,0,1,2,10|14,5,7,6,15,0,2,10|14,5,7,6,15,2,10|14,5,7,6,15,9|14,5,7,6,15,10|14,5,7,9|14,5,7,10|14,5,7,15,0,1,2,10|14,5,7,15,0,2,10|14,5,7,15,2,10|14,5,7,15,6,9|14,5,7,15,6,10|14,5,7,15,9|14,5,7,15,10|14,5,9|14,5,10|14,5,15,0,1,2,10|14,5,15,0,2,10|14,5,15,2,10|14,5,15,6,7,9|14,5,15,6,7,10|14,5,15,6,9|14,5,15,6,10|14,5,15,7,6,9|14,5,15,7,6,10|14,5,15,7,9|14,5,15,7,10|14,5,15,9|14,5,15,10|14,7,5,6,9|14,7,5,6,10|14,7,5,6,15,0,1,2,10|14,7,5,6,15,0,2,10|14,7,5,6,15,2,10|14,7,5,6,15,9|14,7,5,6,15,10|14,7,5,9|14,7,5,10|14,7,5,15,0,1,2,10|14,7,5,15,0,2,10|14,7,5,15,2,10|14,7,5,15,6,9|14,7,5,15,6,10|14,7,5,15,9|14,7,5,15,10|14,7,6,5,9|14,7,6,5,10|14,7,6,5,15,0,1,2,10|14,7,6,5,15,0,2,10|14,7,6,5,15,2,10|14,7,6,5,15,9|14,7,6,5,15,10|14,7,6,9|14,7,6,10|14,7,6,15,0,1,2,10|14,7,6,15,0,2,10|14,7,6,15,2,10|14,7,6,15,5,9|14,7,6,15,5,10|14,7,6,15,9|14,7,6,15,10|14,7,9|14,7,10|14,7,15,0,1,2,10|14,7,15,0,2,10|14,7,15,2,10|14,7,15,5,6,9|14,7,15,5,6,10|14,7,15,5,9|14,7,15,5,10|14,7,15,6,5,9|14,7,15,6,5,10|14,7,15,6,9|14,7,15,6,10|14,7,15,9|14,7,15,10|15,0,1,2,10|15,0,2,10|15,2,10|15,5,6,7,9|15,5,6,7,10|15,5,6,9|15,5,6,10|15,5,7,6,9|15,5,7,6,10|15,5,7,9|15,5,7,10|15,5,9|15,5,10|15,5,14,7,6,9|15,5,14,7,6,10|15,5,14,7,9|15,5,14,7,10|15,6,5,7,9|15,6,5,7,10|15,6,5,9|15,6,5,10|15,6,5,14,7,9|15,6,5,14,7,10|15,6,7,5,9|15,6,7,5,10|15,6,7,9|15,6,7,10|15,6,7,14,5,9|15,6,7,14,5,10|15,6,9|15,6,10|15,7,5,6,9|15,7,5,6,10|15,7,5,9|15,7,5,10|15,7,6,5,9|15,7,6,5,10|15,7,6,9|15,7,6,10|15,7,9|15,7,10|15,7,14,5,6,9|15,7,14,5,6,10|15,7,14,5,9|15,7,14,5,10|15,9|15,10
15,2,10|15,7,5,6,9|15,7,5,6,10|15,7,5,9|15,7,5,10|15,7,6,5,9|15,7,6,5,10|15,7,6,9|15,7,6,10|15,7,9|15,7,10|15,9|15,10
14,5,7,6,9|14,5,7,6,13|14,5,7,9|14,5,7,13|14,5,7,15,9|14,5,7,15,13|14,5,9|14,5,10|14,5,13|14,5,15,7,6,9|14,5,15,7,6,13|14,5,15,7,9|14,5,15,7,13|14,5,15,9|14,5,15,13|15,5,7,6,9|15,5,7,6,13|15,5,7,9|15,5,7,13|15,5,9|15,5,10|15,5,13|15,7,5,9|15,7,5,10|15,7,5,13|15,7,6,9|15,7,6,13|15,7,9|15,7,13|15,9|15,13
14,6,5,7,9|14,6,5,7,13|14,6,5,9|14,6,5,13|14,6,7,5,9|14,6,7,5,13|14,6,7,9|14,6,7,13|14,6,9|14,6,13|15,9|15,13
14,5,6,7,9|14,5,6,7,13|14,5,9|14,5,13|14,5,15,9|14,5,15,13|14,6,5,9|14,6,5,13|14,6,5,15,9|14,6,5,15,13|14,6,7,9|14,6,7,13|15,5,6,7,9|15,5,6,7,13|15,5,9|15,5,13|15,5,14,6,7,9|15,5,14,6,7,13|15,9|15,13
14,6,7,5,12|14,6,7,5,13|14,6,7,12|14,6,7,13|14,6,12|14,6,13|14,6,15,12|14,6,15,13|14,7,5,12|14,7,5,13|14,7,6,12|14,7,6,13|14,7,6,15,12|14,7,6,15,13|14,7,12|14,7,13|15,6,7,5,12|15,6,7,5,13|15,6,7,12|15,6,7,13|15,6,12|15,6,13|15,6,14,7,5,12|15,6,14,7,5,13|15,6,14,7,12|15,6,14,7,13|15,12|15,13
14,5,6,12|14,5,6,13|14,5,6,15,0,1,2,10|14,5,6,15,0,2,10|14,5,6,15,12|14,5,6,15,13|14,5,7,6,12|14,5,7,6,13|14,5,7,6,15,0,1,2,10|14,5,7,6,15,0,2,10|14,5,7,6,15,12|14,5,7,6,15,13|14,5,12|14,5,13|14,5,15,0,1,2,10|14,5,15,0,2,10|14,5,15,6,12|14,5,15,6,13|14,5,15,12|14,5,15,13|14,7,5,6,12|14,7,5,6,13|14,7,5,6,15,0,1,2,10|14,7,5,6,15,0,2,10|14,7,5,6,15,12|14,7,5,6,15,13|14,7,5,12|14,7,5,13|14,7,5,15,0,1,2,10|14,7,5,15,0,2,10|14,7,5,15,6,12|14,7,5,15,6,13|14,7,5,15,12|14,7,5,15,13|14,7,6,5,12|14,7,6,5,13|14,7,6,5,15,0,1,2,10|14,7,6,5,15,0,2,10|14,7,6,5,15,12|14,7,6,5,15,13|14,7,6,12|14,7,6,13|14,7,6,15,0,1,2,10|14,7,6,15,0,2,10|14,7,6,15,5,12|14,7,6,15,5,13|14,7,6,15,12|14,7,6,15,13|15,0,1,2,10|15,0,2,10|15,5,6,12|15,5,6,13|15,5,7,6,12|15,5,7,6,13|15,5,12|15,5,13|15,5,14,7,6,12|15,5,14,7,6,13|15,6,5,12|15,6,5,13|15,6,7,5,12|15,6,7,5,13|15,6,7,14,5,12|15,6,7,14,5,13|15,6,12|15,6,13|15,12|15,13
14,7,12|14,7,13|14,7,15,0,1,2,10|14,7,15,0,1,10|14,7,15,0,2,1,10|14,7,15,0,2,10|14,7,15,1,0,2,10|14,7,15,1,2,10|14,7,15,1,10|14,7,15,12|14,7,15,13|15,0,1,2,10|15,0,1,10|15,0,2,1,10|15,0,2,10|15,1,0,2,10|15,1,2,10|15,1,10|15,7,12|15,7,13|15,12|15,13
14,5,7,12|14,5,7,13|14,5,7,15,0,1,2,10|14,5,7,15,0,1,10|14,5,7,15,0,2,1,10|14,5,7,15,0,2,10|14,5,7,15,1,0,2,10|14,5,7,15,1,2,10|14,5,7,15,1,10|14,5,7,15,12|14,5,7,15,13|14,5,12|14,5,13|14,5,15,0,1,2,10|14,5,15,0,1,10|14,5,15,0,2,1,10|14,5,15,0,2,10|14,5,15,1,0,2,10|14,5,15,1,2,10|14,5,15,1,10|14,5,15,7,12|14,5,15,7,13|14,5,15,12|14,5,15,13|14,7,5,12|14,7,5,13|14,7,5,15,0,1,2,10|14,7,5,15,0,1,10|14,7,5,15,0,2,1,10|14,7,5,15,0,2,10|14,7,5,15,1,0,2,10|14,7,5,15,1,2,10|14,7,5,15,1,10|14,7,5,15,12|14,7,5,15,13|14,7,12|14,7,13|14,7,15,0,1,2,10|14,7,15,0,1,10|14,7,15,0,2,1,10|14,7,15,0,2,10|14,7,15,1,0,2,10|14,7,15,1,2,10|14,7,15,1,10|14,7,15,5,12|14,7,15,5,13|14,7,15,12|14,7,15,13|15,0,1,2,10|15,0,1,10|15,0,2,1,10|15,0,2,10|15,1,0,2,10|15,1,2,10|15,1,10|15,5,7,12|15,5,7,13|15,5,12|15,5,13|15,5,14,7,12|15,5,14,7,13|15,7,5,12|15,7,5,13|15,7,12|15,7,13|15,7,14,5,12|15,7,14,5,13|15,12|15,13
14,6,5,7,12|14,6,5,7,13|14,6,5,7,15,0,1,2,10|14,6,5,7,15,0,1,10|14,6,5,7,15,1,2,10|14,6,5,7,15,1,10|14,6,5,7,15,12|14,6,5,7,15,13|14,6,5,12|14,6,5,13|14,6,12|14,6,13|15,0,1,2,10|15,0,1,10|15,1,2,10|15,1,10|15,7,5,6,12|15,7,5,6,13|15,7,5,12|15,7,5,13|15,7,12|15,7,13|15,12|15,13
14,5,7,10|14,5,7,12|14,5,7,15,0,1,2,10|14,5,7,15,0,1,10|14,5,7,15,1,2,10|14,5,7,15,1,10|14,5,7,15,2,1,10|14,5,7,15,2,10|14,5,7,15,10|14,5,7,15,12|14,5,10|14,5,12|14,5,13|14,5,15,0,1,2,10|14,5,15,0,1,10|14,5,15,1,2,10|14,5,15,1,10|14,5,15,2,1,10|14,5,15,2,10|14,5,15,7,10|14,5,15,7,12|14,5,15,10|14,5,15,12|14,6,5,7,10|14,6,5,7,12|14,6,5,7,15,0,1,2,10|14,6,5,7,15,0,1,10|14,6,5,7,15,1,2,10|14,6,5,7,15,1,10|14,6,5,7,15,2,1,10|14,6,5,7,15,2,10|14,6,5,7,15,10|14,6,5,7,15,12|14,6,5,10|14,6,5,12|14,6,5,13|14,6,5,15,0,1,2,10|14,6,5,15,0,1,10|14,6,5,15,1,2,10|14,6,5,15,1,10|14,6,5,15,2,1,10|14,6,5,15,2,10|14,6,5,15,7,10|14,6,5,15,7,12|14,6,5,15,10|14,6,5,15,12|15,0,1,2,10|15,0,1,10|15,1,2,10|15,1,10|15,2,1,10|15,2,10|15,5,7,10|15,5,7,12|15,5,10|15,5,12|15,5,13|15,7,5,10|15,7,5,12|15,7,5,13|15,7,10|15,7,12|15,10|15,12
14,6,10|14,6,12|14,6,15,0,1,2,9|14,6,15,0,1,2,10|14,6,15,0,1,10|14,6,15,1,2,9|14,6,15,1,2,10|14,6,15,1,10|14,6,15,2,1,10|14,6,15,2,9|14,6,15,2,10|14,6,15,10|14,6,15,12|15,0,1,2,9|15,0,1,2,10|15,0,1,10|15,1,2,9|15,1,2,10|15,1,10|15,2,1,10|15,2,9|15,2,10|15,6,10|15,6,12|15,10|15,12
14,5,6,10|14,5,6,12|14,5,6,15,0,1,2,9|14,5,6,15,0,1,2,10|14,5,6,15,0,1,10|14,5,6,15,1,2,9|14,5,6,15,1,2,10|14,5,6,15,1,10|14,5,6,15,2,1,10|14,5,6,15,2,9|14,5,6,15,2,10|14,5,6,15,10|14,5,6,15,12|14,5,10|14,5,12|14,5,15,0,1,2,9|14,5,15,0,1,2,10|14,5,15,0,1,10|14,5,15,1,2,9|14,5,15,1,2,10|14,5,15,1,10|14,5,15,2,1,10|14,5,15,2,9|14,5,15,2,10|14,5,15,6,10|14,5,15,6,12|14,5,15,10|14,5,15,12|15,0,1,2,9|15,0,1,2,10|15,0,1,10|15,1,2,9|15,1,2,10|15,1,10|15,2,1,10|15,2,9|15,2,10|15,5,6,10|15,5,6,12|15,5,10|15,5,12|15,6,5,10|15,6,5,12|15,6,10|15,6,12|15,10|15,12
14,7,5,6,9|14,7,5,6,10|14,7,5,9|14,7,5,10|14,7,9|14,7,10|15,0,1,2,9|15,0,1,2,10|15,0,1,10|15,1,2,9|15,1,2,10|15,1,10|15,2,1,10|15,2,9|15,2,10|15,9|15,10
14,5,7,6,9|14,5,7,6,10|14,5,9|14,5,10|14,5,15,0,1,2,9|14,5,15,0,1,2,10|14,5,15,0,1,10|14,5,15,1,2,9|14,5,15,1,2,10|14,5,15,1,10|14,5,15,2,1,10|14,5,15,2,9|14,5,15,2,10|14,5,15,9|14,5,15,10|14,7,5,9|14,7,5,10|14,7,5,15,0,1,2,9|14,7,5,15,0,1,2,10|14,7,5,15,0,1,10|14,7,5,15,1,2,9|14,7,5,15,1,2,10|14,7,5,15,1,10|14,7,5,15,2,1,10|14,7,5,15,2,9|14,7,5,15,2,10|14,7,5,15,9|14,7,5,15,10|14,7,6,9|14,7,6,10|15,0,1,2,9|15,0,1,2,10|15,0,1,10|15,1,2,9|15,1,2,10|15,1,10|15,2,1,10|15,2,9|15,2,10|15,5,7,6,9|15,5,7,6,10|15,5,9|15,5,10|15,5,14,7,6,9|15,5,14,7,6,10|15,9|15,10
14,6,5,9|14,6,5,10|14,6,7,9|14,6,7,10|14,6,7,15,0,1,2,9|14,6,7,15,0,1,2,10|14,6,7,15,0,1,10|14,6,7,15,1,2,9|14,6,7,15,1,2,10|14,6,7,15,1,10|14,6,7,15,2,1,10|14,6,7,15,2,9|14,6,7,15,2,10|14,6,7,15,9|14,6,7,15,10|14,6,9|14,6,10|14,7,6,5,9|14,7,6,5,10|14,7,6,9|14,7,6,10|14,7,9|14,7,10|14,7,15,0,1,2,9|14,7,15,0,1,2,10|14,7,15,0,1,10|14,7,15,1,2,9|14,7,15,1,2,10|14,7,15,1,10|14,7,15,2,1,10|14,7,15,2,9|14,7,15,2,10|14,7,15,9|14,7,15,10|15,0,1,2,9|15,0,1,2,10|15,0,1,10|15,1,2,9|15,1,2,10|15,1,10|15,2,1,10|15,2,9|15,2,10|15,7,6,5,9|15,7,6,5,10|15,7,6,9|15,7,6,10|15,7,9|15,7,10|15,7,14,6,5,9|15,7,14,6,5,10|15,7,14,6,9|15,7,14,6,10|15,9|15,10
14,5,6,7,9|14,5,6,7,10|14,5,6,7,15,0,1,2,9|14,5,6,7,15,0,1,2,10|14,5,6,7,15,0,1,10|14,5,6,7,15,1,2,9|14,5,6,7,15,1,2,10|14,5,6,7,15,1,10|14,5,6,7,15,2,1,10|14,5,6,7,15,2,9|14,5,6,7,15,2,10|14,5,6,7,15,9|14,5,6,7,15,10|14,5,7,9|14,5,7,10|14,5,7,15,0,1,2,9|14,5,7,15,0,1,2,10|14,5,7,15,0,1,10|14,5,7,15,1,2,9|14,5,7,15,1,2,10|14,5,7,15,1,10|14,5,7,15,2,1,10|14,5,7,15,2,9|14,5,7,15,2,10|14,5,7,15,9|14,5,7,15,10|14,5,9|14,5,10|14,5,15,0,1,2,9|14,5,15,0,1,2,10|14,5,15,0,1,10|14,5,15,1,2,9|14,5,15,1,2,10|14,5,15,1,10|14,5,15,2,1,10|14,5,15,2,9|14,5,15,2,10|14,5,15,7,9|14,5,15,7,10|14,5,15,9|14,5,15,10|14,6,5,7,9|14,6,5,7,10|14,6,5,7,15,0,1,2,9|14,6,5,7,15,0,1,2,10|14,6,5,7,15,0,1,10|14,6,5,7,15,1,2,9|14,6,5,7,15,1,2,10|14,6,5,7,15,1,10|14,6,5,7,15,2,1,10|14,6,5,7,15,2,9|14,6,5,7,15,2,10|14,6,5,7,15,9|14,6,5,7,15,10|14,6,5,9|14,6,5,10|14,6,5,15,0,1,2,9|14,6,5,15,0,1,2,10|14,6,5,15,0,1,10|14,6,5,15,1,2,9|14,6,5,15,1,2,10|14,6,5,15,1,10|14,6,5,15,2,1,10|14,6,5,15,2,9|14,6,5,15,2,10|14,6,5,15,7,9|14,6,5,15,7,10|14,6,5,15,9|14,6,5,15,10|14,6,7,5,9|14,6,7,5,10|14,6,7,5,15,0,1,2,9|14,6,7,5,15,0,1,2,10|14,6,7,5,15,0,1,10|14,6,7,5,15,1,2,9|14,6,7,5,15,1,2,10|14,6,7,5,15,1,10|14,6,7,5,15,2,1,10|14,6,7,5,15,2,9|14,6,7,5,15,2,10|14,6,7,5,15,9|14,6,7,5,15,10|14,6,7,9|14,6,7,10|14,6,7,15,0,1,2,9|14,6,7,15,0,1,2,10|14,6,7,15,0,1,10|14,6,7,15,1,2,9|14,6,7,15,1,2,10|14,6,7,15,1,10|14,6,7,15,2,1,10|14,6,7,15,2,9|14,6,7,15,2,10|14,6,7,15,5,9|14,6,7,15,5,10|14,6,7,15,9|14,6,7,15,10|14,7,5,9|14,7,5,10|14,7,5,15,0,1,2,9|14,7,5,15,0,1,2,10|14,7,5,15,0,1,10|14,7,5,15,1,2,9|14,7,5,15,1,2,10|14,7,5,15,1,10|14,7,5,15,2,1,10|14,7,5,15,2,9|14,7,5,15,2,10|14,7,5,15,9|14,7,5,15,10|14,7,6,5,9|14,7,6,5,10|14,7,6,5,15,0,1,2,9|14,7,6,5,15,0,1,2,10|14,7,6,5,15,0,1,10|14,7,6,5,15,1,2,9|14,7,6,5,15,1,2,10|14,7,6,5,15,1,10|14,7,6,5,15,2,1,10|14,7,6,5,15,2,9|14,7,6,5,15,2,10|14,7,6,5,15,9|14,7,6,5,15,10|14,7,9|14,7,10|14,7,15,0,1,2,9|14,7,15,0,1,2,10|14,7,15,0,1,10|14,7,15,1,2,9|14,7,15,1,2,10|14,7,15,1,10|14,7,15,2,1,10|14,7,15,2,9|14,7,15,2,10|14,7,15,5,9|14,7,15,5,10|14,7,15,9|14,7,15,10|15,0,1,2,9|15,0,1,2,10|15,0,1,10|15,1,2,9|15,1,2,10|15,1,10|15,2,1,10|15,2,9|15,2,10|15,5,6,7,9|15,5,6,7,10|15,5,6,14,7,9|15,5,6,14,7,10|15,5,7,9|15,5,7,10|15,5,9|15,5,10|15,5,14,6,7,9|15,5,14,6,7,10|15,5,14,7,9|15,5,14,7,10|15,7,5,9|15,7,5,10|15,7,6,5,9|15,7,6,5,10|15,7,6,14,5,9|15,7,6,14,5,10|15,7,9|15,7,10|15,7,14,5,9|15,7,14,5,10|15,7,14,6,5,9|15,7,14,6,5,10|15,9|15,10
14,6,7,5,9|14,6,7,5,10|14,6,7,9|14,6,7,10|14,6,7,15,1,2,9|14,6,7,15,1,10|14,6,7,15,2,1,10|14,6,7,15,2,9|14,6,7,15,9|14,6,7,15,10|14,6,9|14,6,10|14,6,15,1,2,9|14,6,15,1,10|14,6,15,2,1,10|14,6,15,2,9|14,6,15,7,5,9|14,6,15,7,5,10|14,6,15,7,9|14,6,15,7,10|14,6,15,9|14,6,15,10|15,1,2,9|15,1,10|15,2,1,10|15,2,9|15,6,7,5,9|15,6,7,5,10|15,6,7,9|15,6,7,10|15,6,9|15,6,10|15,7,5,9|15,7,5,10|15,7,6,9|15,7,6,10|15,7,9|15,7,10|15,9|15,10
14,5,6,7,9|14,5,6,7,13|14,5,6,7,15,1,2,9|14,5,6,7,15,1,10|14,5,6,7,15,2,1,10|14,5,6,7,15,2,9|14,5,6,7,15,9|14,5,6,7,15,13|14,5,6,9|14,5,6,13|14,5,6,15,1,2,9|14,5,6,15,1,10|14,5,6,15,2,1,10|14,5,6,15,2,9|14,5,6,15,7,9|14,5,6,15,7,13|14,5,6,15,9|14,5,6,15,13|14,5,7,6,9|14,5,7,6,13|14,5,7,6,15,1,2,9|14,5,7,6,15,1,10|14,5,7,6,15,2,1,10|14,5,7,6,15,2,9|14,5,7,6,15,9|14,5,7,6,15,13|14,5,7,9|14,5,7,13|14,5,7,15,1,2,9|14,5,7,15,1,10|14,5,7,15,2,1,10|14,5,7,15,2,9|14,5,7,15,6,9|14,5,7,15,6,13|14,5,7,15,9|14,5,7,15,13|14,5,9|14,5,10|14,5,13|14,5,15,1,2,9|14,5,15,1,10|14,5,15,2,1,10|14,5,15,2,9|14,5,15,6,7,9|14,5,15,6,7,13|14,5,15,6,9|14,5,15,6,13|14,5,15,7,6,9|14,5,15,7,6,13|14,5,15,7,9|14,5,15,7,13|14,5,15,9|14,5,15,13|15,1,2,9|15,1,10|15,2,1,10|15,2,9|15,5,6,7,9|15,5,6,7,13|15,5,6,9|15,5,6,13|15,5,7,6,9|15,5,7,6,13|15,5,7,9|15,5,7,13|15,5,9|15,5,10|15,5,13|15,6,5,7,9|15,6,5,7,13|15,6,5,9|15,6,5,10|15,6,5,13|15,6,7,5,9|15,6,7,5,10|15,6,7,5,13|15,6,7,9|15,6,7,13|15,6,9|15,6,13|15,7,5,6,9|15,7,5,6,13|15,7,5,9|15,7,5,10|15,7,5,13|15,7,6,5,9|15,7,6,5,10|15,7,6,5,13|15,7,6,9|15,7,6,13|15,7,9|15,7,13|15,9|15,13
15,1,2,9|15,1,10|15,2,1,10|15,2,9|15,9|15,13
14,5,9|14,5,13|14,5,15,2,1,9|14,5,15,2,1,10|14,5,15,2,9|14,5,15,9|14,5,15,13|15,2,1,9|15,2,1,10|15,2,9|15,5,9|15,5,13|15,9|15,13
14,6,5,7,12|14,6,5,7,13|14,6,5,12|14,6,5,13|14,6,7,5,12|14,6,7,5,13|14,6,7,12|14,6,7,13|14,6,12|14,6,13|14,7,5,6,12|14,7,5,6,13|14,7,5,12|14,7,5,13|14,7,6,5,12|14,7,6,5,13|14,7,6,12|14,7,6,13|14,7,12|14,7,13|15,2,1,9|15,2,1,10|15,2,9|15,12|15,13
14,5,12|14,5,13|14,5,15,12|14,5,15,13|14,6,5,12|14,6,5,13|14,6,5,15,12|14,6,5,15,13|14,6,7,5,12|14,6,7,5,13|14,6,7,5,15,12|14,6,7,5,15,13|14,7,5,12|14,7,5,13|14,7,5,15,12|14,7,5,15,13|14,7,6,5,12|14,7,6,5,13|14,7,6,5,15,12|14,7,6,5,15,13|15,5,12|15,5,13|15,12|15,13
14,6,7,12|14,6,7,13|14,6,7,15,12|14,6,7,15,13|14,6,12|14,6,13|14,6,15,7,12|14,6,15,7,13|14,6,15,12|14,6,15,13|14,7,6,12|14,7,6,13|14,7,6,15,12|14,7,6,15,13|14,7,12|14,7,13|14,7,15,6,12|14,7,15,6,13|14,7,15,12|14,7,15,13|15,6,7,12|15,6,7,13|15,6,12|15,6,13|15,6,14,7,12|15,6,14,7,13|15,7,6,12|15,7,6,13|15,7,12|15,7,13|15,7,14,6,12|15,7,14,6,13|15,12|15,13
14,5,6,7,12|14,5,6,7,13|14,5,6,7,15,12|14,5,6,7,15,13|14,5,6,12|14,5,6,13|14,5,6,15,7,12|14,5,6,15,7,13|14,5,6,15,12|14,5,6,15,13|14,5,7,6,12|14,5,7,6,13|14,5,7,6,15,12|14,5,7,6,15,13|14,5,7,12|14,5,7,13|14,5,7,15,6,12|14,5,7,15,6,13|14,5,7,15,12|14,5,7,15,13|14,5,12|14,5,13|14,5,15,6,7,12|14,5,15,6,7,13|14,5,15,6,12|14,5,15,6,13|14,5,15,7,6,12|14,5,15,7,6,13|14,5,15,7,12|14,5,15,7,13|14,5,15,12|14,5,15,13|14,7,5,6,12|14,7,5,6,13|14,7,5,6,15,12|14,7,5,6,15,13|14,7,5,12|14,7,5,13|14,7,5,15,6,12|14,7,5,15,6,13|14,7,5,15,12|14,7,5,15,13|14,7,6,5,12|14,7,6,5,13|14,7,6,5,15,12|14,7,6,5,15,13|14,7,6,12|14,7,6,13|14,7,6,15,5,12|14,7,6,15,5,13|14,7,6,15,12|14,7,6,15,13|14,7,12|14,7,13|14,7,15,5,6,12|14,7,15,5,6,13|14,7,15,5,12|14,7,15,5,13|14,7,15,6,5,12|14,7,15,6,5,13|14,7,15,6,12|14,7,15,6,13|14,7,15,12|14,7,15,13|15,5,6,7,12|15,5,6,7,13|15,5,6,12|15,5,6,13|15,5,7,6,12|15,5,7,6,13|15,5,7,12|15,5,7,13|15,5,12|15,5,13|15,5,14,7,6,12|15,5,14,7,6,13|15,5,14,7,12|15,5,14,7,13|15,6,5,7,12|15,6,5,7,13|15,6,5,12|15,6,5,13|15,6,5,14,7,12|15,6,5,14,7,13|15,6,7,5,12|15,6,7,5,13|15,6,7,12|15,6,7,13|15,6,7,14,5,12|15,6,7,14,5,13|15,6,12|15,6,13|15,7,5,6,12|15,7,5,6,13|15,7,5,12|15,7,5,13|15,7,6,5,12|15,7,6,5,13|15,7,6,12|15,7,6,13|15,7,12|15,7,13|15,7,14,5,6,12|15,7,14,5,6,13|15,7,14,5,12|15,7,14,5,13|15,12|15,13
15,7,5,6,12|15,7,5,6,13|15,7,5,12|15,7,5,13|15,7,6,5,12|15,7,6,5,13|15,7,6,12|15,7,6,13|15,7,12|15,7,13|15,12|15,13
14,5,7,6,10|14,5,7,6,12|14,5,7,10|14,5,7,12|14,5,7,15,10|14,5,7,15,12|14,5,10|14,5,12|14,5,13|14,5,15,7,6,10|14,5,15,7,6,12|14,5,15,7,10|14,5,15,7,12|14,5,15,10|14,5,15,12|15,5,7,6,10|15,5,7,6,12|15,5,7,10|15,5,7,12|15,5,10|15,5,12|15,5,13|15,7,5,10|15,7,5,12|15,7,5,13|15,7,6,10|15,7,6,12|15,7,10|15,7,12|15,10|15,12
14,6,5,7,10|14,6,5,7,12|14,6,5,10|14,6,5,12|14,6,7,5,10|14,6,7,5,12|14,6,7,10|14,6,7,12|14,6,10|14,6,12|15,1,2,9|15,1,9|15,10|15,12
14,5,6,7,10|14,5,6,7,12|14,5,10|14,5,12|14,5,15,1,2,9|14,5,15,1,9|14,5,15,10|14,5,15,12|14,6,5,10|14,6,5,12|14,6,5,15,1,2,9|14,6,5,15,1,9|14,6,5,15,10|14,6,5,15,12|14,6,7,10|14,6,7,12|15,1,2,9|15,1,9|15,5,6,7,10|15,5,6,7,12|15,5,10|15,5,12|15,5,14,6,7,10|15,5,14,6,7,12|15,10|15,12
14,6,7,5,9|14,6,7,5,10|14,6,7,9|14,6,7,10|14,6,9|14,6,10|14,6,15,1,2,9|14,6,15,1,9|14,6,15,9|14,6,15,10|14,7,5,9|14,7,5,10|14,7,6,9|14,7,6,10|14,7,6,15,1,2,9|14,7,6,15,1,9|14,7,6,15,9|14,7,6,15,10|14,7,9|14,7,10|15,1,2,9|15,1,9|15,6,7,5,9|15,6,7,5,10|15,6,7,9|15,6,7,10|15,6,9|15,6,10|15,6,14,7,5,9|15,6,14,7,5,10|15,6,14,7,9|15,6,14,7,10|15,9|15,10
14,5,6,9|14,5,6,10|14,5,6,15,1,9|14,5,6,15,2,1,9|14,5,6,15,9|14,5,6,15,10|14,5,7,6,9|14,5,7,6,10|14,5,7,6,15,1,9|14,5,7,6,15,2,1,9|14,5,7,6,15,9|14,5,7,6,15,10|14,5,9|14,5,10|14,5,15,1,9|14,5,15,2,1,9|14,5,15,6,9|14,5,15,6,10|14,5,15,9|14,5,15,10|14,7,5,6,9|14,7,5,6,10|14,7,5,6,15,1,9|14,7,5,6,15,2,1,9|14,7,5,6,15,9|14,7,5,6,15,10|14,7,5,9|14,7,5,10|14,7,5,15,1,9|14,7,5,15,2,1,9|14,7,5,15,6,9|14,7,5,15,6,10|14,7,5,15,9|14,7,5,15,10|14,7,6,5,9|14,7,6,5,10|14,7,6,5,15,1,9|14,7,6,5,15,2,1,9|14,7,6,5,15,9|14,7,6,5,15,10|14,7,6,9|14,7,6,10|14,7,6,15,1,9|14,7,6,15,2,1,9|14,7,6,15,5,9|14,7,6,15,5,10|14,7,6,15,9|14,7,6,15,10|15,1,9|15,2,1,9|15,5,6,9|15,5,6,10|15,5,7,6,9|15,5,7,6,10|15,5,9|15,5,10|15,5,14,7,6,9|15,5,14,7,6,10|15,6,5,9|15,6,5,10|15,6,7,5,9|15,6,7,5,10|15,6,7,14,5,9|15,6,7,14,5,10|15,6,9|15,6,10|15,9|15,10
14,7,9|14,7,10|14,7,15,1,9|14,7,15,2,1,9|14,7,15,9|14,7,15,10|15,1,9|15,2,1,9|15,7,9|15,7,10|15,9|15,10
14,5,7,9|14,5,7,10|14,5,7,15,1,9|14,5,7,15,2,1,9|14,5,7,15,9|14,5,7,15,10|14,5,9|14,5,10|14,5,15,1,9|14,5,15,2,1,9|14,5,15,7,9|14,5,15,7,10|14,5,15,9|14,5,15,10|14,7,5,9|14,7,5,10|14,7,5,15,1,9|14,7,5,15,2,1,9|14,7,5,15,9|14,7,5,15,10|14,7,9|14,7,10|14,7,15,1,9|14,7,15,2,1,9|14,7,15,5,9|14,7,15,5,10|14,7,15,9|14,7,15,10|15,1,9|15,2,1,9|15,5,7,9|15,5,7,10|15,5,9|15,5,10|15,5,14,7,9|15,5,14,7,10|15,7,5,9|15,7,5,10|15,7,9|15,7,10|15,7,14,5,9|15,7,14,5,10|15,9|15,10
14,6,5,7,9|14,6,5,7,10|14,6,5,7,15,1,9|14,6,5,7,15,2,1,9|14,6,5,7,15,9|14,6,5,7,15,10|14,6,5,9|14,6,5,10|14,6,9|14,6,10|15,1,9|15,2,1,9|15,7,5,6,9|15,7,5,6,10|15,7,5,9|15,7,5,10|15,7,9|15,7,10|15,9|15,10
14,5,7,9|14,5,7,13|14,5,7,15,1,9|14,5,7,15,2,1,9|14,5,7,15,9|14,5,7,15,13|14,5,9|14,5,10|14,5,13|14,5,15,1,9|14,5,15,2,1,9|14,5,15,7,9|14,5,15,7,13|14,5,15,9|14,5,15,13|14,6,5,7,9|14,6,5,7,13|14,6,5,7,15,1,9|14,6,5,7,15,2,1,9|14,6,5,7,15,9|14,6,5,7,15,13|14,6,5,9|14,6,5,10|14,6,5,13|14,6,5,15,1,9|14,6,5,15,2,1,9|14,6,5,15,7,9|14,6,5,15,7,13|14,6,5,15,9|14,6,5,15,13|15,1,9|15,2,1,9|15,5,7,9|15,5,7,13|15,5,9|15,5,10|15,5,13|15,7,5,9|15,7,5,10|15,7,5,13|15,7,9|15,7,13|15,9|15,13
14,6,9|14,6,13|14,6,15,1,9|14,6,15,2,1,9|14,6,15,9|14,6,15,13|15,1,9|15,2,1,9|15,6,9|15,6,13|15,9|15,13
14,5,6,9|14,5,6,13|14,5,6,15,1,9|14,5,6,15,2,1,9|14,5,6,15,9|14,5,6,15,13|14,5,9|14,5,13|14,5,15,1,9|14,5,15,2,1,9|14,5,15,6,9|14,5,15,6,13|14,5,15,9|14,5,15,13|15,1,9|15,2,1,9|15,5,6,9|15,5,6,13|15,5,9|15,5,13|15,6,5,9|15,6,5,13|15,6,9|15,6,13|15,9|15,13
14,7,5,6,12|14,7,5,6,13|14,7,5,12|14,7,5,13|14,7,12|14,7,13|15,1,2,13|15,1,9|15,2,1,9|15,2,13|15,12|15,13
14,5,7,6,12|14,5,7,6,13|14,5,12|14,5,13|14,5,15,1,2,13|14,5,15,1,9|14,5,15,2,1,9|14,5,15,2,13|14,5,15,12|14,5,15,13|14,7,5,12|14,7,5,13|14,7,5,15,1,2,13|14,7,5,15,1,9|14,7,5,15,2,1,9|14,7,5,15,2,13|14,7,5,15,12|14,7,5,15,13|14,7,6,12|14,7,6,13|15,1,2,13|15,1,9|15,2,1,9|15,2,13|15,5,7,6,12|15,5,7,6,13|15,5,12|15,5,13|15,5,14,7,6,12|15,5,14,7,6,13|15,12|15,13
14,6,5,12|14,6,5,13|14,6,7,12|14,6,7,13|14,6,7,15,1,2,13|14,6,7,15,2,13|14,6,7,15,12|14,6,7,15,13|14,6,12|14,6,13|14,7,6,5,12|14,7,6,5,13|14,7,6,12|14,7,6,13|14,7,12|14,7,13|14,7,15,1,2,13|14,7,15,2,13|14,7,15,12|14,7,15,13|15,1,2,13|15,2,13|15,7,6,5,12|15,7,6,5,13|15,7,6,12|15,7,6,13|15,7,12|15,7,13|15,7,14,6,5,12|15,7,14,6,5,13|15,7,14,6,12|15,7,14,6,13|15,12|15,13
14,5,6,7,12|14,5,6,7,13|14,5,6,7,15,2,13|14,5,6,7,15,12|14,5,6,7,15,13|14,5,7,12|14,5,7,13|14,5,7,15,2,13|14,5,7,15,12|14,5,7,15,13|14,5,12|14,5,13|14,5,15,2,13|14,5,15,7,12|14,5,15,7,13|14,5,15,12|14,5,15,13|14,6,5,7,12|14,6,5,7,13|14,6,5,7,15,2,13|14,6,5,7,15,12|14,6,5,7,15,13|14,6,5,12|14,6,5,13|14,6,5,15,2,13|14,6,5,15,7,12|14,6,5,15,7,13|14,6,5,15,12|14,6,5,15,13|14,6,7,5,12|14,6,7,5,13|14,6,7,5,15,2,13|14,6,7,5,15,12|14,6,7,5,15,13|14,6,7,12|14,6,7,13|14,6,7,15,2,13|14,6,7,15,5,12|14,6,7,15,5,13|14,6,7,15,12|14,6,7,15,13|14,7,5,12|14,7,5,13|14,7,5,15,2,13|14,7,5,15,12|14,7,5,15,13|14,7,6,5,12|14,7,6,5,13|14,7,6,5,15,2,13|14,7,6,5,15,12|14,7,6,5,15,13|14,7,12|14,7,13|14,7,15,2,13|14,7,15,5,12|14,7,15,5,13|14,7,15,12|14,7,15,13|15,2,13|15,5,6,7,12|15,5,6,7,13|15,5,6,14,7,12|15,5,6,14,7,13|15,5,7,12|15,5,7,13|15,5,12|15,5,13|15,5,14,6,7,12|15,5,14,6,7,13|15,5,14,7,12|15,5,14,7,13|15,7,5,12|15,7,5,13|15,7,6,5,12|15,7,6,5,13|15,7,6,14,5,12|15,7,6,14,5,13|15,7,12|15,7,13|15,7,14,5,12|15,7,14,5,13|15,7,14,6,5,12|15,7,14,6,5,13|15,12|15,13
14,6,7,5,12|14,6,7,5,13|14,6,7,12|14,6,7,13|14,6,7,15,2,13|14,6,7,15,12|14,6,7,15,13|14,6,12|14,6,13|14,6,15,2,13|14,6,15,7,5,12|14,6,15,7,5,13|14,6,15,7,12|14,6,15,7,13|14,6,15,12|14,6,15,13|15,2,13|15,6,7,5,12|15,6,7,5,13|15,6,7,12|15,6,7,13|15,6,12|15,6,13|15,7,5,12|15,7,5,13|15,7,6,12|15,7,6,13|15,7,12|15,7,13|15,12|15,13
14,5,6,7,10|14,5,6,7,12|14,5,6,7,15,10|14,5,6,7,15,12|14,5,6,10|14,5,6,12|14,5,6,15,7,10|14,5,6,15,7,12|14,5,6,15,10|14,5,6,15,12|14,5,7,6,10|14,5,7,6,12|14,5,7,6,15,10|14,5,7,6,15,12|14,5,7,10|14,5,7,12|14,5,7,15,6,10|14,5,7,15,6,12|14,5,7,15,10|14,5,7,15,12|14,5,10|14,5,12|14,5,13|14,5,15,6,7,10|14,5,15,6,7,12|14,5,15,6,10|14,5,15,6,12|14,5,15,7,6,10|14,5,15,7,6,12|14,5,15,7,10|14,5,15,7,12|14,5,15,10|14,5,15,12|15,5,6,7,10|15,5,6,7,12|15,5,6,10|15,5,6,12|15,5,7,6,10|15,5,7,6,12|15,5,7,10|15,5,7,12|15,5,10|15,5,12|15,5,13|15,6,5,7,10|15,6,5,7,12|15,6,5,10|15,6,5,12|15,6,5,13|15,6,7,5,10|15,6,7,5,12|15,6,7,5,13|15,6,7,10|15,6,7,12|15,6,10|15,6,12|15,7,5,6,10|15,7,5,6,12|15,7,5,10|15,7,5,12|15,7,5,13|15,7,6,5,10|15,7,6,5,12|15,7,6,5,13|15,7,6,10|15,7,6,12|15,7,10|15,7,12|15,10|15,12
15,10|15,12
14,5,10|14,5,12|14,5,15,10|14,5,15,12|15,5,10|15,5,12|15,10|15,12
14,6,5,7,9|14,6,5,7,10|14,6,5,9|14,6,5,10|14,6,7,5,9|14,6,7,5,10|14,6,7,9|14,6,7,10|14,6,9|14,6,10|14,7,5,6,9|14,7,5,6,10|14,7,5,9|14,7,5,10|14,7,6,5,9|14,7,6,5,10|14,7,6,9|14,7,6,10|14,7,9|14,7,10|15,9|15,10
14,5,9|14,5,10|14,5,15,9|14,5,15,10|14,6,5,9|14,6,5,10|14,6,5,15,9|14,6,5,15,10|14,6,7,5,9|14,6,7,5,10|14,6,7,5,15,9|14,6,7,5,15,10|14,7,5,9|14,7,5,10|14,7,5,15,9|14,7,5,15,10|14,7,6,5,9|14,7,6,5,10|14,7,6,5,15,9|14,7,6,5,15,10|15,5,9|15,5,10|15,9|15,10
14,6,7,9|14,6,7,10|14,6,7,15,1,2,13|14,6,7,15,1,13|14,6,7,15,9|14,6,7,15,10|14,6,9|14,6,10|14,6,15,1,2,13|14,6,15,1,13|14,6,15,7,9|14,6,15,7,10|14,6,15,9|14,6,15,10|14,7,6,9|14,7,6,10|14,7,6,15,1,2,13|14,7,6,15,1,13|14,7,6,15,9|14,7,6,15,10|14,7,9|14,7,10|14,7,15,1,2,13|14,7,15,1,13|14,7,15,6,9|14,7,15,6,10|14,7,15,9|14,7,15,10|15,1,2,13|15,1,13|15,6,7,9|15,6,7,10|15,6,9|15,6,10|15,6,14,7,9|15,6,14,7,10|15,7,6,9|15,7,6,10|15,7,9|15,7,10|15,7,14,6,9|15,7,14,6,10|15,9|15,10
14,5,6,7,9|14,5,6,7,10|14,5,6,7,15,1,2,13|14,5,6,7,15,1,13|14,5,6,7,15,9|14,5,6,7,15,10|14,5,6,9|14,5,6,10|14,5,6,15,1,2,13|14,5,6,15,1,13|14,5,6,15,7,9|14,5,6,15,7,10|14,5,6,15,9|14,5,6,15,10|14,5,7,6,9|14,5,7,6,10|14,5,7,6,15,1,2,13|14,5,7,6,15,1,13|14,5,7,6,15,9|14,5,7,6,15,10|14,5,7,9|14,5,7,10|14,5,7,15,1,2,13|14,5,7,15,1,13|14,5,7,15,6,9|14,5,7,15,6,10|14,5,7,15,9|14,5,7,15,10|14,5,9|14,5,10|14,5,15,1,2,13|14,5,15,1,13|14,5,15,6,7,9|14,5,15,6,7,10|14,5,15,6,9|14,5,15,6,10|14,5,15,7,6,9|14,5,15,7,6,10|14,5,15,7,9|14,5,15,7,10|14,5,15,9|14,5,15,10|14,7,5,6,9|14,7,5,6,10|14,7,5,6,15,1,2,13|14,7,5,6,15,1,13|14,7,5,6,15,9|14,7,5,6,15,10|14,7,5,9|14,7,5,10|14,7,5,15,1,2,13|14,7,5,15,1,13|14,7,5,15,6,9|14,7,5,15,6,10|14,7,5,15,9|14,7,5,15,10|14,7,6,5,9|14,7,6,5,10|14,7,6,5,15,1,2,13|14,7,6,5,15,1,13|14,7,6,5,15,9|14,7,6,5,15,10|14,7,6,9|14,7,6,10|14,7,6,15,1,2,13|14,7,6,15,1,13|14,7,6,15,5,9|14,7,6,15,5,10|14,7,6,15,9|14,7,6,15,10|14,7,9|14,7,10|14,7,15,1,2,13|14,7,15,1,13|14,7,15,5,6,9|14,7,15,5,6,10|14,7,15,5,9|14,7,15,5,10|14,7,15,6,5,9|14,7,15,6,5,10|14,7,15,6,9|14,7,15,6,10|14,7,15,9|14,7,15,10|15,1,2,13|15,1,13|15,5,6,7,9|15,5,6,7,10|15,5,6,9|15,5,6,10|15,5,7,6,9|15,5,7,6,10|15,5,7,9|15,5,7,10|15,5,9|15,5,10|15,5,14,7,6,9|15,5,14,7,6,10|15,5,14,7,9|15,5,14,7,10|15,6,5,7,9|15,6,5,7,10|15,6,5,9|15,6,5,10|15,6,5,14,7,9|15,6,5,14,7,10|15,6,7,5,9|15,6,7,5,10|15,6,7,9|15,6,7,10|15,6,7,14,5,9|15,6,7,14,5,10|15,6,9|15,6,10|15,7,5,6,9|15,7,5,6,10|15,7,5,9|15,7,5,10|15,7,6,5,9|15,7,6,5,10|15,7,6,9|15,7,6,10|15,7,9|15,7,10|15,7,14,5,6,9|15,7,14,5,6,10|15,7,14,5,9|15,7,14,5,10|15,9|15,10
15,1,2,13|15,1,13|15,7,5,6,9|15,7,5,6,10|15,7,5,9|15,7,5,10|15,7,6,5,9|15,7,6,5,10|15,7,6,9|15,7,6,10|15,7,9|15,7,10|15,9|15,10
14,5,7,6,9|14,5,7,6,13|14,5,7,9|14,5,7,13|14,5,7,15,1,2,13|14,5,7,15,1,13|14,5,7,15,2,1,13|14,5,7,15,2,13|14,5,7,15,9|14,5,7,15,13|14,5,9|14,5,10|14,5,13|14,5,15,1,2,13|14,5,15,1,13|14,5,15,2,1,13|14,5,15,2,13|14,5,15,7,6,9|14,5,15,7,6,13|14,5,15,7,9|14,5,15,7,13|14,5,15,9|14,5,15,13|15,1,2,13|15,1,13|15,2,1,13|15,2,13|15,5,7,6,9|15,5,7,6,13|15,5,7,9|15,5,7,13|15,5,9|15,5,10|15,5,13|15,7,5,9|15,7,5,10|15,7,5,13|15,7,6,9|15,7,6,13|15,7,9|15,7,13|15,9|15,13
14,6,5,7,9|14,6,5,7,13|14,6,5,9|14,6,5,13|14,6,7,5,9|14,6,7,5,13|14,6,7,9|14,6,7,13|14,6,9|14,6,13|15,1,2,12|15,1,2,13|15,1,13|15,2,1,13|15,2,12|15,2,13|15,9|15,13
14,5,6,7,9|14,5,6,7,13|14,5,9|14,5,13|14,5,15,1,2,12|14,5,15,1,2,13|14,5,15,1,13|14,5,15,2,1,13|14,5,15,2,12|14,5,15,2,13|14,5,15,9|14,5,15,13|14,6,5,9|14,6,5,13|14,6,5,15,1,2,12|14,6,5,15,1,2,13|14,6,5,15,1,13|14,6,5,15,2,1,13|14,6,5,15,2,12|14,6,5,15,2,13|14,6,5,15,9|14,6,5,15,13|14,6,7,9|14,6,7,13|15,1,2,12|15,1,2,13|15,1,13|15,2,1,13|15,2,12|15,2,13|15,5,6,7,9|15,5,6,7,13|15,5,9|15,5,13|15,5,14,6,7,9|15,5,14,6,7,13|15,9|15,13
14,6,7,5,12|14,6,7,5,13|14,6,7,12|14,6,7,13|14,6,12|14,6,13|14,6,15,1,2,12|14,6,15,1,2,13|14,6,15,1,13|14,6,15,2,1,13|14,6,15,2,12|14,6,15,2,13|14,6,15,12|14,6,15,13|14,7,5,12|14,7,5,13|14,7,6,12|14,7,6,13|14,7,6,15,1,2,12|14,7,6,15,1,2,13|14,7,6,15,1,13|14,7,6,15,2,1,13|14,7,6,15,2,12|14,7,6,15,2,13|14,7,6,15,12|14,7,6,15,13|14,7,12|14,7,13|15,1,2,12|15,1,2,13|15,1,13|15,2,1,13|15,2,12|15,2,13|15,6,7,5,12|15,6,7,5,13|15,6,7,12|15,6,7,13|15,6,12|15,6,13|15,6,14,7,5,12|15,6,14,7,5,13|15,6,14,7,12|15,6,14,7,13|15,12|15,13
14,5,6,12|14,5,6,13|14,5,6,15,1,2,12|14,5,6,15,1,2,13|14,5,6,15,1,13|14,5,6,15,2,1,13|14,5,6,15,2,12|14,5,6,15,2,13|14,5,6,15,12|14,5,6,15,13|14,5,7,6,12|14,5,7,6,13|14,5,7,6,15,1,2,12|14,5,7,6,15,1,2,13|14,5,7,6,15,1,13|14,5,7,6,15,2,1,13|14,5,7,6,15,2,12|14,5,7,6,15,2,13|14,5,7,6,15,12|14,5,7,6,15,13|14,5,12|14,5,13|14,5,15,1,2,12|14,5,15,1,2,13|14,5,15,1,13|14,5,15,2,1,13|14,5,15,2,12|14,5,15,2,13|14,5,15,6,12|14,5,15,6,13|14,5,15,12|14,5,15,13|14,7,5,6,12|14,7,5,6,13|14,7,5,6,15,1,2,12|14,7,5,6,15,1,2,13|14,7,5,6,15,1,13|14,7,5,6,15,2,1,13|14,7,5,6,15,2,12|14,7,5,6,15,2,13|14,7,5,6,15,12|14,7,5,6,15,13|14,7,5,12|14,7,5,13|14,7,5,15,1,2,12|14,7,5,15,1,2,13|14,7,5,15,1,13|14,7,5,15,2,1,13|14,7,5,15,2,12|14,7,5,15,2,13|14,7,5,15,6,12|14,7,5,15,6,13|14,7,5,15,12|14,7,5,15,13|14,7,6,5,12|14,7,6,5,13|14,7,6,5,15,1,2,12|14,7,6,5,15,1,2,13|14,7,6,5,15,1,13|14,7,6,5,15,2,1,13|14,7,6,5,15,2,12|14,7,6,5,15,2,13|14,7,6,5,15,12|14,7,6,5,15,13|14,7,6,12|14,7,6,13|14,7,6,15,1,2,12|14,7,6,15,1,2,13|14,7,6,15,1,13|14,7,6,15,2,1,13|14,7,6,15,2,12|14,7,6,15,2,13|14,7,6,15,5,12|14,7,6,15,5,13|14,7,6,15,12|14,7,6,15,13|15,1,2,12|15,1,2,13|15,1,13|15,2,1,13|15,2,12|15,2,13|15,5,6,12|15,5,6,13|15,5,7,6,12|15,5,7,6,13|15,5,12|15,5,13|15,5,14,7,6,12|15,5,14,7,6,13|15,6,5,12|15,6,5,13|15,6,7,5,12|15,6,7,5,13|15,6,7,14,5,12|15,6,7,14,5,13|15,6,12|15,6,13|15,12|15,13
14,7,12|14,7,13|14,7,15,1,2,12|14,7,15,1,2,13|14,7,15,1,13|14,7,15,2,1,13|14,7,15,2,12|14,7,15,2,13|14,7,15,12|14,7,15,13|15,1,2,12|15,1,2,13|15,1,13|15,2,1,13|15,2,12|15,2,13|15,7,12|15,7,13|15,12|15,13
14,5,7,12|14,5,7,13|14,5,7,15,1,2,12|14,5,7,15,1,2,13|14,5,7,15,1,13|14,5,7,15,2,1,13|14,5,7,15,2,12|14,5,7,15,2,13|14,5,7,15,12|14,5,7,15,13|14,5,12|14,5,13|14,5,15,1,2,12|14,5,15,1,2,13|14,5,15,1,13|14,5,15,2,1,13|14,5,15,2,12|14,5,15,2,13|14,5,15,7,12|14,5,15,7,13|14,5,15,12|14,5,15,13|14,7,5,12|14,7,5,13|14,7,5,15,1,2,12|14,7,5,15,1,2,13|14,7,5,15,1,13|14,7,5,15,2,1,13|14,7,5,15,2,12|14,7,5,15,2,13|14,7,5,15,12|14,7,5,15,13|14,7,12|14,7,13|14,7,15,1,2,12|14,7,15,1,2,13|14,7,15,1,13|14,7,15,2,1,13|14,7,15,2,12|14,7,15,2,13|14,7,15,5,12|14,7,15,5,13|14,7,15,12|14,7,15,13|15,1,2,12|15,1,2,13|15,1,13|15,2,1,13|15,2,12|15,2,13|15,5,7,12|15,5,7,13|15,5,12|15,5,13|15,5,14,7,12|15,5,14,7,13|15,7,5,12|15,7,5,13|15,7,12|15,7,13|15,7,14,5,12|15,7,14,5,13|15,12|15,13
14,6,5,7,12|14,6,5,7,13|14,6,5,7,15,1,2,12|14,6,5,7,15,1,13|14,6,5,7,15,2,1,13|14,6,5,7,15,2,12|14,6,5,7,15,12|14,6,5,7,15,13|14,6,5,12|14,6,5,13|14,6,12|14,6,13|15,1,2,12|15,1,13|15,2,1,13|15,2,12|15,7,5,6,12|15,7,5,6,13|15,7,5,12|15,7,5,13|15,7,12|15,7,13|15,12|15,13
14,5,7,10|14,5,7,12|14,5,7,15,0,2,1,13|14,5,7,15,0,2,12|14,5,7,15,1,2,12|14,5,7,15,1,13|14,5,7,15,2,1,13|14,5,7,15,2,12|14,5,7,15,10|14,5,7,15,12|14,5,10|14,5,12|14,5,13|14,5,15,0,2,1,13|14,5,15,0,2,12|14,5,15,1,2,12|14,5,15,1,13|14,5,15,2,1,13|14,5,15,2,12|14,5,15,7,10|14,5,15,7,12|14,5,15,10|14,5,15,12|14,6,5,7,10|14,6,5,7,12|14,6,5,7,15,0,2,1,13|14,6,5,7,15,0,2,12|14,6,5,7,15,1,2,12|14,6,5,7,15,1,13|14,6,5,7,15,2,1,13|14,6,5,7,15,2,12|14,6,5,7,15,10|14,6,5,7,15,12|14,6,5,10|14,6,5,12|14,6,5,13|14,6,5,15,0,2,1,13|14,6,5,15,0,2,12|14,6,5,15,1,2,12|14,6,5,15,1,13|14,6,5,15,2,1,13|14,6,5,15,2,12|14,6,5,15,7,10|14,6,5,15,7,12|14,6,5,15,10|14,6,5,15,12|15,0,2,1,13|15,0,2,12|15,1,2,12|15,1,13|15,2,1,13|15,2,12|15,5,7,10|15,5,7,12|15,5,10|15,5,12|15,5,13|15,7,5,10|15,7,5,12|15,7,5,13|15,7,10|15,7,12|15,10|15,12
14,6,10|14,6,12|14,6,15,0,2,1,13|14,6,15,0,2,12|14,6,15,1,2,12|14,6,15,1,13|14,6,15,2,1,13|14,6,15,2,12|14,6,15,10|14,6,15,12|15,0,2,1,13|15,0,2,12|15,1,2,12|15,1,13|15,2,1,13|15,2,12|15,6,10|15,6,12|15,10|15,12
14,5,6,10|14,5,6,12|14,5,6,15,0,2,1,12|14,5,6,15,0,2,1,13|14,5,6,15,0,2,12|14,5,6,15,2,1,12|14,5,6,15,2,1,13|14,5,6,15,2,12|14,5,6,15,10|14,5,6,15,12|14,5,10|14,5,12|14,5,15,0,2,1,12|14,5,15,0,2,1,13|14,5,15,0,2,12|14,5,15,2,1,12|14,5,15,2,1,13|14,5,15,2,12|14,5,15,6,10|14,5,15,6,12|14,5,15,10|14,5,15,12|15,0,2,1,12|15,0,2,1,13|15,0,2,12|15,2,1,12|15,2,1,13|15,2,12|15,5,6,10|15,5,6,12|15,5,10|15,5,12|15,6,5,10|15,6,5,12|15,6,10|15,6,12|15,10|15,12
14,7,5,6,9|14,7,5,6,10|14,7,5,9|14,7,5,10|14,7,9|14,7,10|15,0,2,1,12|15,0,2,1,13|15,0,2,12|15,2,1,12|15,2,1,13|15,2,12|15,9|15,10
14,5,7,6,9|14,5,7,6,10|14,5,9|14,5,10|14,5,15,0,2,1,12|14,5,15,0,2,1,13|14,5,15,0,2,12|14,5,15,9|14,5,15,10|14,7,5,9|14,7,5,10|14,7,5,15,0,2,1,12|14,7,5,15,0,2,1,13|14,7,5,15,0,2,12|14,7,5,15,9|14,7,5,15,10|14,7,6,9|14,7,6,10|15,0,2,1,12|15,0,2,1,13|15,0,2,12|15,5,7,6,9|15,5,7,6,10|15,5,9|15,5,10|15,5,14,7,6,9|15,5,14,7,6,10|15,9|15,10
14,6,5,9|14,6,5,10|14,6,7,9|14,6,7,10|14,6,7,15,0,2,1,12|14,6,7,15,0,2,1,13|14,6,7,15,0,2,12|14,6,7,15,9|14,6,7,15,10|14,6,9|14,6,10|14,7,6,5,9|14,7,6,5,10|14,7,6,9|14,7,6,10|14,7,9|14,7,10|14,7,15,0,2,1,12|14,7,15,0,2,1,13|14,7,15,0,2,12|14,7,15,9|14,7,15,10|15,0,2,1,12|15,0,2,1,13|15,0,2,12|15,7,6,5,9|15,7,6,5,10|15,7,6,9|15,7,6,10|15,7,9|15,7,10|15,7,14,6,5,9|15,7,14,6,5,10|15,7,14,6,9|15,7,14,6,10|15,9|15,10
14,5,6,7,9|14,5,6,7,10|14,5,6,7,15,0,2,1,12|14,5,6,7,15,0,2,1,13|14,5,6,7,15,0,2,12|14,5,6,7,15,9|14,5,6,7,15,10|14,5,7,9|14,5,7,10|14,5,7,15,0,2,1,12|14,5,7,15,0,2,1,13|14,5,7,15,0,2,12|14,5,7,15,9|14,5,7,15,10|14,5,9|14,5,10|14,5,15,0,2,1,12|14,5,15,0,2,1,13|14,5,15,0,2,12|14,5,15,7,9|14,5,15,7,10|14,5,15,9|14,5,15,10|14,6,5,7,9|14,6,5,7,10|14,6,5,7,15,0,2,1,12|14,6,5,7,15,0,2,1,13|14,6,5,7,15,0,2,12|14,6,5,7,15,9|14,6,5,7,15,10|14,6,5,9|14,6,5,10|14,6,5,15,0,2,1,12|14,6,5,15,0,2,1,13|14,6,5,15,0,2,12|14,6,5,15,7,9|14,6,5,15,7,10|14,6,5,15,9|14,6,5,15,10|14,6,7,5,9|14,6,7,5,10|14,6,7,5,15,0,2,1,12|14,6,7,5,15,0,2,1,13|14,6,7,5,15,0,2,12|14,6,7,5,15,9|14,6,7,5,15,10|14,6,7,9|14,6,7,10|14,6,7,15,0,2,1,12|14,6,7,15,0,2,1,13|14,6,7,15,0,2,12|14,6,7,15,5,9|14,6,7,15,5,10|14,6,7,15,9|14,6,7,15,10|14,7,5,9|14,7,5,10|14,7,5,15,0,2,1,12|14,7,5,15,0,2,1,13|14,7,5,15,0,2,12|14,7,5,15,9|14,7,5,15,10|14,7,6,5,9|14,7,6,5,10|14,7,6,5,15,0,2,1,12|14,7,6,5,15,0,2,1,13|14,7,6,5,15,0,2,12|14,7,6,5,15,9|14,7,6,5,15,10|14,7,9|14,7,10|14,7,15,0,2,1,12|14,7,15,0,2,1,13|14,7,15,0,2,12|14,7,15,5,9|14,7,15,5,10|14,7,15,9|14,7,15,10|15,0,2,1,12|15,0,2,1,13|15,0,2,12|15,5,6,7,9|15,5,6,7,10|15,5,6,14,7,9|15,5,6,14,7,10|15,5,7,9|15,5,7,10|15,5,9|15,5,10|15,5,14,6,7,9|15,5,14,6,7,10|15,5,14,7,9|15,5,14,7,10|15,7,5,9|15,7,5,10|15,7,6,5,9|15,7,6,5,10|15,7,6,14,5,9|15,7,6,14,5,10|15,7,9|15,7,10|15,7,14,5,9|15,7,14,5,10|15,7,14,6,5,9|15,7,14,6,5,10|15,9|15,10
14,6,7,5,9|14,6,7,5,10|14,6,7,9|14,6,7,10|14,6,7,15,9|14,6,7,15,10|14,6,9|14,6,10|14,6,15,7,5,9|14,6,15,7,5,10|14,6,15,7,9|14,6,15,7,10|14,6,15,9|14,6,15,10|15,6,7,5,9|15,6,7,5,10|15,6,7,9|15,6,7,10|15,6,9|15,6,10|15,7,5,9|15,7,5,10|15,7,6,9|15,7,6,10|15,7,9|15,7,10|15,9|15,10
14,5,6,7,9|14,5,6,7,13|14,5,6,7,15,9|14,5,6,7,15,13|14,5,6,9|14,5,6,13|14,5,6,15,7,9|14,5,6,15,7,13|14,5,6,15,9|14,5,6,15,13|14,5,7,6,9|14,5,7,6,13|14,5,7,6,15,9|14,5,7,6,15,13|14,5,7,9|14,5,7,13|14,5,7,15,6,9|14,5,7,15,6,13|14,5,7,15,9|14,5,7,15,13|14,5,9|14,5,10|14,5,13|14,5,15,6,7,9|14,5,15,6,7,13|14,5,15,6,9|14,5,15,6,13|14,5,15,7,6,9|14,5,15,7,6,13|14,5,15,7,9|14,5,15,7,13|14,5,15,9|14,5,15,13|15,5,6,7,9|15,5,6,7,13|15,5,6,9|15,5,6,13|15,5,7,6,9|15,5,7,6,13|15,5,7,9|15,5,7,13|15,5,9|15,5,10|15,5,13|15,6,5,7,9|15,6,5,7,13|15,6,5,9|15,6,5,10|15,6,5,13|15,6,7,5,9|15,6,7,5,10|15,6,7,5,13|15,6,7,9|15,6,7,13|15,6,9|15,6,13|15,7,5,6,9|15,7,5,6,13|15,7,5,9|15,7,5,10|15,7,5,13|15,7,6,5,9|15,7,6,5,10|15,7,6,5,13|15,7,6,9|15,7,6,13|15,7,9|15,7,13|15,9|15,13
15,1,0,2,12|15,1,2,12|15,1,12|15,9|15,13
14,5,9|14,5,13|14,5,15,1,0,2,12|14,5,15,1,2,12|14,5,15,1,12|14,5,15,9|14,5,15,13|15,1,0,2,12|15,1,2,12|15,1,12|15,5,9|15,5,13|15,9|15,13
14,6,5,7,12|14,6,5,7,13|14,6,5,12|14,6,5,13|14,6,7,5,12|14,6,7,5,13|14,6,7,12|14,6,7,13|14,6,12|14,6,13|14,7,5,6,12|14,7,5,6,13|14,7,5,12|14,7,5,13|14,7,6,5,12|14,7,6,5,13|14,7,6,12|14,7,6,13|14,7,12|14,7,13|15,1,0,2,12|15,1,2,12|15,1,12|15,12|15,13
14,5,12|14,5,13|14,5,15,0,1,12|14,5,15,0,2,1,12|14,5,15,1,12|14,5,15,2,0,1,12|14,5,15,2,1,12|14,5,15,12|14,5,15,13|14,6,5,12|14,6,5,13|14,6,5,15,0,1,12|14,6,5,15,0,2,1,12|14,6,5,15,1,12|14,6,5,15,2,0,1,12|14,6,5,15,2,1,12|14,6,5,15,12|14,6,5,15,13|14,6,7,5,12|14,6,7,5,13|14,6,7,5,15,0,1,12|14,6,7,5,15,0,2,1,12|14,6,7,5,15,1,12|14,6,7,5,15,2,0,1,12|14,6,7,5,15,2,1,12|14,6,7,5,15,12|14,6,7,5,15,13|14,7,5,12|14,7,5,13|14,7,5,15,0,1,12|14,7,5,15,0,2,1,12|14,7,5,15,1,12|14,7,5,15,2,0,1,12|14,7,5,15,2,1,12|14,7,5,15,12|14,7,5,15,13|14,7,6,5,12|14,7,6,5,13|14,7,6,5,15,0,1,12|14,7,6,5,15,0,2,1,12|14,7,6,5,15,1,12|14,7,6,5,15,2,0,1,12|14,7,6,5,15,2,1,12|14,7,6,5,15,12|14,7,6,5,15,13|15,0,1,12|15,0,2,1,12|15,1,12|15,2,0,1,12|15,2,1,12|15,5,12|15,5,13|15,12|15,13
14,6,7,12|14,6,7,13|14,6,7,15,0,1,12|14,6,7,15,0,2,1,12|14,6,7,15,1,12|14,6,7,15,2,0,1,12|14,6,7,15,2,1,12|14,6,7,15,12|14,6,7,15,13|14,6,12|14,6,13|14,6,15,0,1,12|14,6,15,0,2,1,12|14,6,15,1,12|14,6,15,2,0,1,12|14,6,15,2,1,12|14,6,15,7,12|14,6,15,7,13|14,6,15,12|14,6,15,13|14,7,6,12|14,7,6,13|14,7,6,15,0,1,12|14,7,6,15,0,2,1,12|14,7,6,15,1,12|14,7,6,15,2,0,1,12|14,7,6,15,2,1,12|14,7,6,15,12|14,7,6,15,13|14,7,12|14,7,13|14,7,15,0,1,12|14,7,15,0,2,1,12|14,7,15,1,12|14,7,15,2,0,1,12|14,7,15,2,1,12|14,7,15,6,12|14,7,15,6,13|14,7,15,12|14,7,15,13|15,0,1,12|15,0,2,1,12|15,1,12|15,2,0,1,12|15,2,1,12|15,6,7,12|15,6,7,13|15,6,12|15,6,13|15,6,14,7,12|15,6,14,7,13|15,7,6,12|15,7,6,13|15,7,12|15,7,13|15,7,14,6,12|15,7,14,6,13|15,12|15,13
14,5,6,7,12|14,5,6,7,13|14,5,6,7,15,0,1,12|14,5,6,7,15,0,2,1,12|14,5,6,7,15,1,12|14,5,6,7,15,2,0,1,12|14,5,6,7,15,2,1,12|14,5,6,7,15,12|14,5,6,7,15,13|14,5,6,12|14,5,6,13|14,5,6,15,0,1,12|14,5,6,15,0,2,1,12|14,5,6,15,1,12|14,5,6,15,2,0,1,12|14,5,6,15,2,1,12|14,5,6,15,7,12|14,5,6,15,7,13|14,5,6,15,12|14,5,6,15,13|14,5,7,6,12|14,5,7,6,13|14,5,7,6,15,0,1,12|14,5,7,6,15,0,2,1,12|14,5,7,6,15,1,12|14,5,7,6,15,2,0,1,12|14,5,7,6,15,2,1,12|14,5,7,6,15,12|14,5,7,6,15,13|14,5,7,12|14,5,7,13|14,5,7,15,0,1,12|14,5,7,15,0,2,1,12|14,5,7,15,1,12|14,5,7,15,2,0,1,12|14,5,7,15,2,1,12|14,5,7,15,6,12|14,5,7,15,6,13|14,5,7,15,12|14,5,7,15,13|14,5,12|14,5,13|14,5,15,0,1,12|14,5,15,0,2,1,12|14,5,15,1,12|14,5,15,2,0,1,12|14,5,15,2,1,12|14,5,15,6,7,12|14,5,15,6,7,13|14,5,15,6,12|14,5,15,6,13|14,5,15,7,6,12|14,5,15,7,6,13|14,5,15,7,12|14,5,15,7,13|14,5,15,12|14,5,15,13|14,7,5,6,12|14,7,5,6,13|14,7,5,6,15,0,1,12|14,7,5,6,15,0,2,1,12|14,7,5,6,15,1,12|14,7,5,6,15,2,0,1,12|14,7,5,6,15,2,1,12|14,7,5,6,15,12|14,7,5,6,15,13|14,7,5,12|14,7,5,13|14,7,5,15,0,1,12|14,7,5,15,0,2,1,12|14,7,5,15,1,12|14,7,5,15,2,0,1,12|14,7,5,15,2,1,12|14,7,5,15,6,12|14,7,5,15,6,13|14,7,5,15,12|14,7,5,15,13|14,7,6,5,12|14,7,6,5,13|14,7,6,5,15,0,1,12|14,7,6,5,15,0,2,1,12|14,7,6,5,15,1,12|14,7,6,5,15,2,0,1,12|14,7,6,5,15,2,1,12|14,7,6,5,15,12|14,7,6,5,15,13|14,7,6,12|14,7,6,13|14,7,6,15,0,1,12|14,7,6,15,0,2,1,12|14,7,6,15,1,12|14,7,6,15,2,0,1,12|14,7,6,15,2,1,12|14,7,6,15,5,12|14,7,6,15,5,13|14,7,6,15,12|14,7,6,15,13|14,7,12|14,7,13|14,7,15,0,1,12|14,7,15,0,2,1,12|14,7,15,1,12|14,7,15,2,0,1,12|14,7,15,2,1,12|14,7,15,5,6,12|14,7,15,5,6,13|14,7,15,5,12|14,7,15,5,13|14,7,15,6,5,12|14,7,15,6,5,13|14,7,15,6,12|14,7,15,6,13|14,7,15,12|14,7,15,13|15,0,1,12|15,0,2,1,12|15,1,12|15,2,0,1,12|15,2,1,12|15,5,6,7,12|15,5,6,7,13|15,5,6,12|15,5,6,13|15,5,7,6,12|15,5,7,6,13|15,5,7,12|15,5,7,13|15,5,12|15,5,13|15,5,14,7,6,12|15,5,14,7,6,13|15,5,14,7,12|15,5,14,7,13|15,6,5,7,12|15,6,5,7,13|15,6,5,12|15,6,5,13|15,6,5,14,7,12|15,6,5,14,7,13|15,6,7,5,12|15,6,7,5,13|15,6,7,12|15,6,7,13|15,6,7,14,5,12|15,6,7,14,5,13|15,6,12|15,6,13|15,7,5,6,12|15,7,5,6,13|15,7,5,12|15,7,5,13|15,7,6,5,12|15,7,6,5,13|15,7,6,12|15,7,6,13|15,7,12|15,7,13|15,7,14,5,6,12|15,7,14,5,6,13|15,7,14,5,12|15,7,14,5,13|15,12|15,13
15,0,1,12|15,0,2,1,12|15,1,12|15,2,0,1,12|15,2,1,12|15,7,5,6,12|15,7,5,6,13|15,7,5,12|15,7,5,13|15,7,6,5,12|15,7,6,5,13|15,7,6,12|15,7,6,13|15,7,12|15,7,13|15,12|15,13
14,5,7,6,10|14,5,7,6,12|14,5,7,10|14,5,7,12|14,5,7,15,0,1,12|14,5,7,15,0,2,1,12|14,5,7,15,1,12|14,5,7,15,2,0,1,12|14,5,7,15,2,1,12|14,5,7,15,10|14,5,7,15,12|14,5,10|14,5,12|14,5,13|14,5,15,0,1,12|14,5,15,0,2,1,12|14,5,15,1,12|14,5,15,2,0,1,12|14,5,15,2,1,12|14,5,15,7,6,10|14,5,15,7,6,12|14,5,15,7,10|14,5,15,7,12|14,5,15,10|14,5,15,12|15,0,1,12|15,0,2,1,12|15,1,12|15,2,0,1,12|15,2,1,12|15,5,7,6,10|15,5,7,6,12|15,5,7,10|15,5,7,12|15,5,10|15,5,12|15,5,13|15,7,5,10|15,7,5,12|15,7,5,13|15,7,6,10|15,7,6,12|15,7,10|15,7,12|15,10|15,12
14,6,5,7,10|14,6,5,7,12|14,6,5,10|14,6,5,12|14,6,7,5,10|14,6,7,5,12|14,6,7,10|14,6,7,12|14,6,10|14,6,12|15,0,1,12|15,0,2,1,12|15,1,12|15,2,0,1,12|15,2,1,12|15,10|15,12
14,5,6,7,10|14,5,6,7,12|14,5,10|14,5,12|14,5,15,0,1,12|14,5,15,0,2,1,12|14,5,15,1,12|14,5,15,2,0,1,12|14,5,15,2,1,12|14,5,15,10|14,5,15,12|14,6,5,10|14,6,5,12|14,6,5,15,0,1,12|14,6,5,15,0,2,1,12|14,6,5,15,1,12|14,6,5,15,2,0,1,12|14,6,5,15,2,1,12|14,6,5,15,10|14,6,5,15,12|14,6,7,10|14,6,7,12|15,0,1,12|15,0,2,1,12|15,1,12|15,2,0,1,12|15,2,1,12|15,5,6,7,10|15,5,6,7,12|15,5,10|15,5,12|15,5,14,6,7,10|15,5,14,6,7,12|15,10|15,12
14,6,7,5,9|14,6,7,5,10|14,6,7,9|14,6,7,10|14,6,9|14,6,10|14,6,15,0,1,2,10|14,6,15,0,1,12|14,6,15,0,2,1,12|14,6,15,0,2,10|14,6,15,1,0,2,10|14,6,15,1,2,10|14,6,15,1,12|14,6,15,2,0,1,12|14,6,15,2,1,12|14,6,15,2,10|14,6,15,9|14,6,15,10|14,7,5,9|14,7,5,10|14,7,6,9|14,7,6,10|14,7,6,15,0,1,2,10|14,7,6,15,0,1,12|14,7,6,15,0,2,1,12|14,7,6,15,0,2,10|14,7,6,15,1,0,2,10|14,7,6,15,1,2,10|14,7,6,15,1,12|14,7,6,15,2,0,1,12|14,7,6,15,2,1,12|14,7,6,15,2,10|14,7,6,15,9|14,7,6,15,10|14,7,9|14,7,10|15,0,1,2,10|15,0,1,12|15,0,2,1,12|15,0,2,10|15,1,0,2,10|15,1,2,10|15,1,12|15,2,0,1,12|15,2,1,12|15,2,10|15,6,7,5,9|15,6,7,5,10|15,6,7,9|15,6,7,10|15,6,9|15,6,10|15,6,14,7,5,9|15,6,14,7,5,10|15,6,14,7,9|15,6,14,7,10|15,9|15,10
14,5,6,9|14,5,6,10|14,5,6,15,0,1,2,10|14,5,6,15,0,1,12|14,5,6,15,0,2,1,12|14,5,6,15,0,2,10|14,5,6,15,1,0,2,10|14,5,6,15,1,2,10|14,5,6,15,1,12|14,5,6,15,2,0,1,12|14,5,6,15,2,1,12|14,5,6,15,2,10|14,5,6,15,9|14,5,6,15,10|14,5,7,6,9|14,5,7,6,10|14,5,7,6,15,0,1,2,10|14,5,7,6,15,0,1,12|14,5,7,6,15,0,2,1,12|14,5,7,6,15,0,2,10|14,5,7,6,15,1,0,2,10|14,5,7,6,15,1,2,10|14,5,7,6,15,1,12|14,5,7,6,15,2,0,1,12|14,5,7,6,15,2,1,12|14,5,7,6,15,2,10|14,5,7,6,15,9|14,5,7,6,15,10|14,5,9|14,5,10|14,5,15,0,1,2,10|14,5,15,0,1,12|14,5,15,0,2,1,12|14,5,15,0,2,10|14,5,15,1,0,2,10|14,5,15,1,2,10|14,5,15,1,12|14,5,15,2,0,1,12|14,5,15,2,1,12|14,5,15,2,10|14,5,15,6,9|14,5,15,6,10|14,5,15,9|14,5,15,10|14,7,5,6,9|14,7,5,6,10|14,7,5,6,15,0,1,2,10|14,7,5,6,15,0,1,12|14,7,5,6,15,0,2,1,12|14,7,5,6,15,0,2,10|14,7,5,6,15,1,0,2,10|14,7,5,6,15,1,2,10|14,7,5,6,15,1,12|14,7,5,6,15,2,0,1,12|14,7,5,6,15,2,1,12|14,7,5,6,15,2,10|14,7,5,6,15,9|14,7,5,6,15,10|14,7,5,9|14,7,5,10|14,7,5,15,0,1,2,10|14,7,5,15,0,1,12|14,7,5,15,0,2,1,12|14,7,5,15,0,2,10|14,7,5,15,1,0,2,10|14,7,5,15,1,2,10|14,7,5,15,1,12|14,7,5,15,2,0,1,12|14,7,5,15,2,1,12|14,7,5,15,2,10|14,7,5,15,6,9|14,7,5,15,6,10|14,7,5,15,9|14,7,5,15,10|14,7,6,5,9|14,7,6,5,10|14,7,6,5,15,0,1,2,10|14,7,6,5,15,0,1,12|14,7,6,5,15,0,2,1,12|14,7,6,5,15,0,2,10|14,7,6,5,15,1,0,2,10|14,7,6,5,15,1,2,10|14,7,6,5,15,1,12|14,7,6,5,15,2,0,1,12|14,7,6,5,15,2,1,12|14,7,6,5,15,2,10|14,7,6,5,15,9|14,7,6,5,15,10|14,7,6,9|14,7,6,10|14,7,6,15,0,1,2,10|14,7,6,15,0,1,12|14,7,6,15,0,2,1,12|14,7,6,15,0,2,10|14,7,6,15,1,0,2,10|14,7,6,15,1,2,10|14,7,6,15,1,12|14,7,6,15,2,0,1,12|14,7,6,15,2,1,12|14,7,6,15,2,10|14,7,6,15,5,9|14,7,6,15,5,10|14,7,6,15,9|14,7,6,15,10|15,0,1,2,10|15,0,1,12|15,0,2,1,12|15,0,2,10|15,1,0,2,10|15,1,2,10|15,1,12|15,2,0,1,12|15,2,1,12|15,2,10|15,5,6,9|15,5,6,10|15,5,7,6,9|15,5,7,6,10|15,5,9|15,5,10|15,5,14,7,6,9|15,5,14,7,6,10|15,6,5,9|15,6,5,10|15,6,7,5,9|15,6,7,5,10|15,6,7,14,5,9|15,6,7,14,5,10|15,6,9|15,6,10|15,9|15,10
14,7,9|14,7,10|14,7,15,0,1,2,10|14,7,15,0,2,10|14,7,15,1,0,2,10|14,7,15,1,2,10|14,7,15,2,10|14,7,15,9|14,7,15,10|15,0,1,2,10|15,0,2,10|15,1,0,2,10|15,1,2,10|15,2,10|15,7,9|15,7,10|15,9|15,10
14,5,7,9|14,5,7,10|14,5,7,15,0,1,2,10|14,5,7,15,0,2,10|14,5,7,15,2,10|14,5,7,15,9|14,5,7,15,10|14,5,9|14,5,10|14,5,15,0,1,2,10|14,5,15,0,2,10|14,5,15,2,10|14,5,15,7,9|14,5,15,7,10|14,5,15,9|14,5,15,10|14,7,5,9|14,7,5,10|14,7,5,15,0,1,2,10|14,7,5,15,0,2,10|14,7,5,15,2,10|14,7,5,15,9|14,7,5,15,10|14,7,9|14,7,10|14,7,15,0,1,2,10|14,7,15,0,2,10|14,7,15,2,10|14,7,15,5,9|14,7,15,5,10|14,7,15,9|14,7,15,10|15,0,1,2,10|15,0,2,10|15,2,10|15,5,7,9|15,5,7,10|15,5,9|15,5,10|15,5,14,7,9|15,5,14,7,10|15,7,5,9|15,7,5,10|15,7,9|15,7,10|15,7,14,5,9|15,7,14,5,10|15,9|15,10
14,6,5,7,9|14,6,5,7,10|14,6,5,7,15,2,10|14,6,5,7,15,9|14,6,5,7,15,10|14,6,5,9|14,6,5,10|14,6,9|14,6,10|15,2,10|15,7,5,6,9|15,7,5,6,10|15,7,5,9|15,7,5,10|15,7,9|15,7,10|15,9|15,10
14,5,7,9|14,5,7,13|14,5,7,15,9|14,5,7,15,13|14,5,9|14,5,10|14,5,13|14,5,15,7,9|14,5,15,7,13|14,5,15,9|14,5,15,13|14,6,5,7,9|14,6,5,7,13|14,6,5,7,15,9|14,6,5,7,15,13|14,6,5,9|14,6,5,10|14,6,5,13|14,6,5,15,7,9|14,6,5,15,7,13|14,6,5,15,9|14,6,5,15,13|15,5,7,9|15,5,7,13|15,5,9|15,5,10|15,5,13|15,7,5,9|15,7,5,10|15,7,5,13|15,7,9|15,7,13|15,9|15,13
14,6,9|14,6,13|14,6,15,9|14,6,15,13|15,6,9|15,6,13|15,9|15,13
14,5,6,9|14,5,6,13|14,5,6,15,9|14,5,6,15,13|14,5,9|14,5,13|14,5,15,6,9|14,5,15,6,13|14,5,15,9|14,5,15,13|15,5,6,9|15,5,6,13|15,5,9|15,5,13|15,6,5,9|15,6,5,13|15,6,9|15,6,13|15,9|15,13
14,7,5,6,12|14,7,5,6,13|14,7,5,12|14,7,5,13|14,7,12|14,7,13|15,12|15,13
14,5,7,6,12|14,5,7,6,13|14,5,12|14,5,13|14,5,15,0,1,2,10|14,5,15,0,2,10|14,5,15,12|14,5,15,13|14,7,5,12|14,7,5,13|14,7,5,15,0,1,2,10|14,7,5,15,0,2,10|14,7,5,15,12|14,7,5,15,13|14,7,6,12|14,7,6,13|15,0,1,2,10|15,0,2,10|15,5,7,6,12|15,5,7,6,13|15,5,12|15,5,13|15,5,14,7,6,12|15,5,14,7,6,13|15,12|15,13
14,6,5,12|14,6,5,13|14,6,7,12|14,6,7,13|14,6,7,15,0,1,2,10|14,6,7,15,0,1,10|14,6,7,15,0,2,1,10|14,6,7,15,0,2,10|14,6,7,15,1,0,2,10|14,6,7,15,1,2,10|14,6,7,15,1,10|14,6,7,15,12|14,6,7,15,13|14,6,12|14,6,13|14,7,6,5,12|14,7,6,5,13|14,7,6,12|14,7,6,13|14,7,12|14,7,13|14,7,15,0,1,2,10|14,7,15,0,1,10|14,7,15,0,2,1,10|14,7,15,0,2,10|14,7,15,1,0,2,10|14,7,15,1,2,10|14,7,15,1,10|14,7,15,12|14,7,15,13|15,0,1,2,10|15,0,1,10|15,0,2,1,10|15,0,2,10|15,1,0,2,10|15,1,2,10|15,1,10|15,7,6,5,12|15,7,6,5,13|15,7,6,12|15,7,6,13|15,7,12|15,7,13|15,7,14,6,5,12|15,7,14,6,5,13|15,7,14,6,12|15,7,14,6,13|15,12|15,13
14,5,6,7,12|14,5,6,7,13|14,5,6,7,15,0,1,2,10|14,5,6,7,15,0,1,10|14,5,6,7,15,0,2,1,10|14,5,6,7,15,0,2,10|14,5,6,7,15,1,0,2,10|14,5,6,7,15,1,2,10|14,5,6,7,15,1,10|14,5,6,7,15,12|14,5,6,7,15,13|14,5,7,12|14,5,7,13|14,5,7,15,0,1,2,10|14,5,7,15,0,1,10|14,5,7,15,0,2,1,10|14,5,7,15,0,2,10|14,5,7,15,1,0,2,10|14,5,7,15,1,2,10|14,5,7,15,1,10|14,5,7,15,12|14,5,7,15,13|14,5,12|14,5,13|14,5,15,0,1,2,10|14,5,15,0,1,10|14,5,15,0,2,1,10|14,5,15,0,2,10|14,5,15,1,0,2,10|14,5,15,1,2,10|14,5,15,1,10|14,5,15,7,12|14,5,15,7,13|14,5,15,12|14,5,15,13|14,6,5,7,12|14,6,5,7,13|14,6,5,7,15,0,1,2,10|14,6,5,7,15,0,1,10|14,6,5,7,15,0,2,1,10|14,6,5,7,15,0,2,10|14,6,5,7,15,1,0,2,10|14,6,5,7,15,1,2,10|14,6,5,7,15,1,10|14,6,5,7,15,12|14,6,5,7,15,13|14,6,5,12|14,6,5,13|14,6,5,15,0,1,2,10|14,6,5,15,0,1,10|14,6,5,15,0,2,1,10|14,6,5,15,0,2,10|14,6,5,15,1,0,2,10|14,6,5,15,1,2,10|14,6,5,15,1,10|14,6,5,15,7,12|14,6,5,15,7,13|14,6,5,15,12|14,6,5,15,13|14,6,7,5,12|14,6,7,5,13|14,6,7,5,15,0,1,2,10|14,6,7,5,15,0,1,10|14,6,7,5,15,0,2,1,10|14,6,7,5,15,0,2,10|14,6,7,5,15,1,0,2,10|14,6,7,5,15,1,2,10|14,6,7,5,15,1,10|14,6,7,5,15,12|14,6,7,5,15,13|14,6,7,12|14,6,7,13|14,6,7,15,0,1,2,10|14,6,7,15,0,1,10|14,6,7,15,0,2,1,10|14,6,7,15,0,2,10|14,6,7,15,1,0,2,10|14,6,7,15,1,2,10|14,6,7,15,1,10|14,6,7,15,5,12|14,6,7,15,5,13|14,6,7,15,12|14,6,7,15,13|14,7,5,12|14,7,5,13|14,7,5,15,0,1,2,10|14,7,5,15,0,1,10|14,7,5,15,0,2,1,10|14,7,5,15,0,2,10|14,7,5,15,1,0,2,10|14,7,5,15,1,2,10|14,7,5,15,1,10|14,7,5,15,12|14,7,5,15,13|14,7,6,5,12|14,7,6,5,13|14,7,6,5,15,0,1,2,10|14,7,6,5,15,0,1,10|14,7,6,5,15,0,2,1,10|14,7,6,5,15,0,2,10|14,7,6,5,15,1,0,2,10|14,7,6,5,15,1,2,10|14,7,6,5,15,1,10|14,7,6,5,15,12|14,7,6,5,15,13|14,7,12|14,7,13|14,7,15,0,1,2,10|14,7,15,0,1,10|14,7,15,0,2,1,10|14,7,15,0,2,10|14,7,15,1,0,2,10|14,7,15,1,2,10|14,7,15,1,10|14,7,15,5,12|14,7,15,5,13|14,7,15,12|14,7,15,13|15,0,1,2,10|15,0,1,10|15,0,2,1,10|15,0,2,10|15,1,0,2,10|15,1,2,10|15,1,10|15,5,6,7,12|15,5,6,7,13|15,5,6,14,7,12|15,5,6,14,7,13|15,5,7,12|15,5,7,13|15,5,12|15,5,13|15,5,14,6,7,12|15,5,14,6,7,13|15,5,14,7,12|15,5,14,7,13|15,7,5,12|15,7,5,13|15,7,6,5,12|15,7,6,5,13|15,7,6,14,5,12|15,7,6,14,5,13|15,7,12|15,7,13|15,7,14,5,12|15,7,14,5,13|15,7,14,6,5,12|15,7,14,6,5,13|15,12|15,13
14,6,7,5,12|14,6,7,5,13|14,6,7,12|14,6,7,13|14,6,7,15,0,1,2,10|14,6,7,15,0,1,10|14,6,7,15,1,2,10|14,6,7,15,1,10|14,6,7,15,12|14,6,7,15,13|14,6,12|14,6,13|14,6,15,0,1,2,10|14,6,15,0,1,10|14,6,15,1,2,10|14,6,15,1,10|14,6,15,7,5,12|14,6,15,7,5,13|14,6,15,7,12|14,6,15,7,13|14,6,15,12|14,6,15,13|15,0,1,2,10|15,0,1,10|15,1,2,10|15,1,10|15,6,7,5,12|15,6,7,5,13|15,6,7,12|15,6,7,13|15,6,12|15,6,13|15,7,5,12|15,7,5,13|15,7,6,12|15,7,6,13|15,7,12|15,7,13|15,12|15,13
14,5,6,7,10|14,5,6,7,12|14,5,6,7,15,0,1,2,10|14,5,6,7,15,0,1,10|14,5,6,7,15,1,2,10|14,5,6,7,15,1,10|14,5,6,7,15,2,1,10|14,5,6,7,15,2,10|14,5,6,7,15,10|14,5,6,7,15,12|14,5,6,10|14,5,6,12|14,5,6,15,0,1,2,10|14,5,6,15,0,1,10|14,5,6,15,1,2,10|14,5,6,15,1,10|14,5,6,15,2,1,10|14,5,6,15,2,10|14,5,6,15,7,10|14,5,6,15,7,12|14,5,6,15,10|14,5,6,15,12|14,5,7,6,10|14,5,7,6,12|14,5,7,6,15,0,1,2,10|14,5,7,6,15,0,1,10|14,5,7,6,15,1,2,10|14,5,7,6,15,1,10|14,5,7,6,15,2,1,10|14,5,7,6,15,2,10|14,5,7,6,15,10|14,5,7,6,15,12|14,5,7,10|14,5,7,12|14,5,7,15,0,1,2,10|14,5,7,15,0,1,10|14,5,7,15,1,2,10|14,5,7,15,1,10|14,5,7,15,2,1,10|14,5,7,15,2,10|14,5,7,15,6,10|14,5,7,15,6,12|14,5,7,15,10|14,5,7,15,12|14,5,10|14,5,12|14,5,13|14,5,15,0,1,2,10|14,5,15,0,1,10|14,5,15,1,2,10|14,5,15,1,10|14,5,15,2,1,10|14,5,15,2,10|14,5,15,6,7,10|14,5,15,6,7,12|14,5,15,6,10|14,5,15,6,12|14,5,15,7,6,10|14,5,15,7,6,12|14,5,15,7,10|14,5,15,7,12|14,5,15,10|14,5,15,12|15,0,1,2,10|15,0,1,10|15,1,2,10|15,1,10|15,2,1,10|15,2,10|15,5,6,7,10|15,5,6,7,12|15,5,6,10|15,5,6,12|15,5,7,6,10|15,5,7,6,12|15,5,7,10|15,5,7,12|15,5,10|15,5,12|15,5,13|15,6,5,7,10|15,6,5,7,12|15,6,5,10|15,6,5,12|15,6,5,13|15,6,7,5,10|15,6,7,5,12|15,6,7,5,13|15,6,7,10|15,6,7,12|15,6,10|15,6,12|15,7,5,6,10|15,7,5,6,12|15,7,5,10|15,7,5,12|15,7,5,13|15,7,6,5,10|15,7,6,5,12|15,7,6,5,13|15,7,6,10|15,7,6,12|15,7,10|15,7,12|15,10|15,12
15,0,1,2,9|15,0,1,2,10|15,0,1,10|15,1,2,9|15,1,2,10|15,1,10|15,2,1,10|15,2,9|15,2,10|15,10|15,12
14,5,10|14,5,12|14,5,15,0,1,2,9|14,5,15,0,1,2,10|14,5,15,0,1,10|14,5,15,1,2,9|14,5,15,1,2,10|14,5,15,1,10|14,5,15,2,1,10|14,5,15,2,9|14,5,15,2,10|14,5,15,10|14,5,15,12|15,0,1,2,9|15,0,1,2,10|15,0,1,10|15,1,2,9|15,1,2,10|15,1,10|15,2,1,10|15,2,9|15,2,10|15,5,10|15,5,12|15,10|15,12
14,6,5,7,9|14,6,5,7,10|14,6,5,9|14,6,5,10|14,6,7,5,9|14,6,7,5,10|14,6,7,9|14,6,7,10|14,6,9|14,6,10|14,7,5,6,9|14,7,5,6,10|14,7,5,9|14,7,5,10|14,7,6,5,9|14,7,6,5,10|14,7,6,9|14,7,6,10|14,7,9|14,7,10|15,0,1,2,9|15,0,1,2,10|15,0,1,10|15,1,2,9|15,1,2,10|15,1,10|15,2,1,10|15,2,9|15,2,10|15,9|15,10
14,5,9|14,5,10|14,5,15,0,1,2,9|14,5,15,0,1,2,10|14,5,15,0,1,10|14,5,15,1,2,9|14,5,15,1,2,10|14,5,15,1,10|14,5,15,2,1,10|14,5,15,2,9|14,5,15,2,10|14,5,15,9|14,5,15,10|14,6,5,9|14,6,5,10|14,6,5,15,0,1,2,9|14,6,5,15,0,1,2,10|14,6,5,15,0,1,10|14,6,5,15,1,2,9|14,6,5,15,1,2,10|14,6,5,15,1,10|14,6,5,15,2,1,10|14,6,5,15,2,9|14,6,5,15,2,10|14,6,5,15,9|14,6,5,15,10|14,6,7,5,9|14,6,7,5,10|14,6,7,5,15,0,1,2,9|14,6,7,5,15,0,1,2,10|14,6,7,5,15,0,1,10|14,6,7,5,15,1,2,9|14,6,7,5,15,1,2,10|14,6,7,5,15,1,10|14,6,7,5,15,2,1,10|14,6,7,5,15,2,9|14,6,7,5,15,2,10|14,6,7,5,15,9|14,6,7,5,15,10|14,7,5,9|14,7,5,10|14,7,5,15,0,1,2,9|14,7,5,15,0,1,2,10|14,7,5,15,0,1,10|14,7,5,15,1,2,9|14,7,5,15,1,2,10|14,7,5,15,1,10|14,7,5,15,2,1,10|14,7,5,15,2,9|14,7,5,15,2,10|14,7,5,15,9|14,7,5,15,10|14,7,6,5,9|14,7,6,5,10|14,7,6,5,15,0,1,2,9|14,7,6,5,15,0,1,2,10|14,7,6,5,15,0,1,10|14,7,6,5,15,1,2,9|14,7,6,5,15,1,2,10|14,7,6,5,15,1,10|14,7,6,5,15,2,1,10|14,7,6,5,15,2,9|14,7,6,5,15,2,10|14,7,6,5,15,9|14,7,6,5,15,10|15,0,1,2,9|15,0,1,2,10|15,0,1,10|15,1,2,9|15,1,2,10|15,1,10|15,2,1,10|15,2,9|15,2,10|15,5,9|15,5,10|15,9|15,10
14,6,7,9|14,6,7,10|14,6,7,15,0,1,2,9|14,6,7,15,0,1,2,10|14,6,7,15,0,1,10|14,6,7,15,1,2,9|14,6,7,15,1,2,10|14,6,7,15,1,10|14,6,7,15,2,1,10|14,6,7,15,2,9|14,6,7,15,2,10|14,6,7,15,9|14,6,7,15,10|14,6,9|14,6,10|14,6,15,0,1,2,9|14,6,15,0,1,2,10|14,6,15,0,1,10|14,6,15,1,2,9|14,6,15,1,2,10|14,6,15,1,10|14,6,15,2,1,10|14,6,15,2,9|14,6,15,2,10|14,6,15,7,9|14,6,15,7,10|14,6,15,9|14,6,15,10|14,7,6,9|14,7,6,10|14,7,6,15,0,1,2,9|14,7,6,15,0,1,2,10|14,7,6,15,0,1,10|14,7,6,15,1,2,9|14,7,6,15,1,2,10|14,7,6,15,1,10|14,7,6,15,2,1,10|14,7,6,15,2,9|14,7,6,15,2,10|14,7,6,15,9|14,7,6,15,10|14,7,9|14,7,10|14,7,15,0,1,2,9|14,7,15,0,1,2,10|14,7,15,0,1,10|14,7,15,1,2,9|14,7,15,1,2,10|14,7,15,1,10|14,7,15,2,1,10|14,7,15,2,9|14,7,15,2,10|14,7,15,6,9|14,7,15,6,10|14,7,15,9|14,7,15,10|15,0,1,2,9|15,0,1,2,10|15,0,1,10|15,1,2,9|15,1,2,10|15,1,10|15,2,1,10|15,2,9|15,2,10|15,6,7,9|15,6,7,10|15,6,9|15,6,10|15,6,14,7,9|15,6,14,7,10|15,7,6,9|15,7,6,10|15,7,9|15,7,10|15,7,14,6,9|15,7,14,6,10|15,9|15,10
14,5,6,7,9|14,5,6,7,10|14,5,6,7,15,0,1,2,9|14,5,6,7,15,0,1,2,10|14,5,6,7,15,0,1,10|14,5,6,7,15,1,2,9|14,5,6,7,15,1,2,10|14,5,6,7,15,1,10|14,5,6,7,15,2,1,10|14,5,6,7,15,2,9|14,5,6,7,15,2,10|14,5,6,7,15,9|14,5,6,7,15,10|14,5,6,9|14,5,6,10|14,5,6,15,0,1,2,9|14,5,6,15,0,1,2,10|14,5,6,15,0,1,10|14,5,6,15,1,2,9|14,5,6,15,1,2,10|14,5,6,15,1,10|14,5,6,15,2,1,10|14,5,6,15,2,9|14,5,6,15,2,10|14,5,6,15,7,9|14,5,6,15,7,10|14,5,6,15,9|14,5,6,15,10|14,5,7,6,9|14,5,7,6,10|14,5,7,6,15,0,1,2,9|14,5,7,6,15,0,1,2,10|14,5,7,6,15,0,1,10|14,5,7,6,15,1,2,9|14,5,7,6,15,1,2,10|14,5,7,6,15,1,10|14,5,7,6,15,2,1,10|14,5,7,6,15,2,9|14,5,7,6,15,2,10|14,5,7,6,15,9|14,5,7,6,15,10|14,5,7,9|14,5,7,10|14,5,7,15,0,1,2,9|14,5,7,15,0,1,2,10|14,5,7,15,0,1,10|14,5,7,15,1,2,9|14,5,7,15,1,2,10|14,5,7,15,1,10|14,5,7,15,2,1,10|14,5,7,15,2,9|14,5,7,15,2,10|14,5,7,15,6,9|14,5,7,15,6,10|14,5,7,15,9|14,5,7,15,10|14,5,9|14,5,10|14,5,15,0,1,2,9|14,5,15,0,1,2,10|14,5,15,0,1,10|14,5,15,1,2,9|14,5,15,1,2,10|14,5,15,1,10|14,5,15,2,1,10|14,5,15,2,9|14,5,15,2,10|14,5,15,6,7,9|14,5,15,6,7,10|14,5,15,6,9|14,5,15,6,10|14,5,15,7,6,9|14,5,15,7,6,10|14,5,15,7,9|14,5,15,7,10|14,5,15,9|14,5,15,10|14,7,5,6,9|14,7,5,6,10|14,7,5,6,15,0,1,2,9|14,7,5,6,15,0,1,2,10|14,7,5,6,15,0,1,10|14,7,5,6,15,1,2,9|14,7,5,6,15,1,2,10|14,7,5,6,15,1,10|14,7,5,6,15,2,1,10|14,7,5,6,15,2,9|14,7,5,6,15,2,10|14,7,5,6,15,9|14,7,5,6,15,10|14,7,5,9|14,7,5,10|14,7,5,15,0,1,2,9|14,7,5,15,0,1,2,10|14,7,5,15,0,1,10|14,7,5,15,1,2,9|14,7,5,15,1,2,10|14,7,5,15,1,10|14,7,5,15,2,1,10|14,7,5,15,2,9|14,7,5,15,2,10|14,7,5,15,6,9|14,7,5,15,6,10|14,7,5,15,9|14,7,5,15,10|14,7,6,5,9|14,7,6,5,10|14,7,6,5,15,0,1,2,9|14,7,6,5,15,0,1,2,10|14,7,6,5,15,0,1,10|14,7,6,5,15,1,2,9|14,7,6,5,15,1,2,10|14,7,6,5,15,1,10|14,7,6,5,15,2,1,10|14,7,6,5,15,2,9|14,7,6,5,15,2,10|14,7,6,5,15,9|14,7,6,5,15,10|14,7,6,9|14,7,6,10|14,7,6,15,0,1,2,9|14,7,6,15,0,1,2,10|14,7,6,15,0,1,10|14,7,6,15,1,2,9|14,7,6,15,1,2,10|14,7,6,15,1,10|14,7,6,15,2,1,10|14,7,6,15,2,9|14,7,6,15,2,10|14,7,6,15,5,9|14,7,6,15,5,10|14,7,6,15,9|14,7,6,15,10|14,7,9|14,7,10|14,7,15,0,1,2,9|14,7,15,0,1,2,10|14,7,15,0,1,10|14,7,15,1,2,9|14,7,15,1,2,10|14,7,15,1,10|14,7,15,2,1,10|14,7,15,2,9|14,7,15,2,10|14,7,15,5,6,9|14,7,15,5,6,10|14,7,15,5,9|14,7,15,5,10|14,7,15,6,5,9|14,7,15,6,5,10|14,7,15,6,9|14,7,15,6,10|14,7,15,9|14,7,15,10|15,0,1,2,9|15,0,1,2,10|15,0,1,10|15,1,2,9|15,1,2,10|15,1,10|15,2,1,10|15,2,9|15,2,10|15,5,6,7,9|15,5,6,7,10|15,5,6,9|15,5,6,10|15,5,7,6,9|15,5,7,6,10|15,5,7,9|15,5,7,10|15,5,9|15,5,10|15,5,14,7,6,9|15,5,14,7,6,10|15,5,14,7,9|15,5,14,7,10|15,6,5,7,9|15,6,5,7,10|15,6,5,9|15,6,5,10|15,6,5,14,7,9|15,6,5,14,7,10|15,6,7,5,9|15,6,7,5,10|15,6,7,9|15,6,7,10|15,6,7,14,5,9|15,6,7,14,5,10|15,6,9|15,6,10|15,7,5,6,9|15,7,5,6,10|15,7,5,9|15,7,5,10|15,7,6,5,9|15,7,6,5,10|15,7,6,9|15,7,6,10|15,7,9|15,7,10|15,7,14,5,6,9|15,7,14,5,6,10|15,7,14,5,9|15,7,14,5,10|15,9|15,10
15,1,2,9|15,1,10|15,2,1,10|15,2,9|15,7,5,6,9|15,7,5,6,10|15,7,5,9|15,7,5,10|15,7,6,5,9|15,7,6,5,10|15,7,6,9|15,7,6,10|15,7,9|15,7,10|15,9|15,10
14,5,7,6,9|14,5,7,6,13|14,5,7,9|14,5,7,13|14,5,7,15,1,2,9|14,5,7,15,1,10|14,5,7,15,2,1,10|14,5,7,15,2,9|14,5,7,15,9|14,5,7,15,13|14,5,9|14,5,10|14,5,13|14,5,15,1,2,9|14,5,15,1,10|14,5,15,2,1,10|14,5,15,2,9|14,5,15,7,6,9|14,5,15,7,6,13|14,5,15,7,9|14,5,15,7,13|14,5,15,9|14,5,15,13|15,1,2,9|15,1,10|15,2,1,10|15,2,9|15,5,7,6,9|15,5,7,6,13|15,5,7,9|15,5,7,13|15,5,9|15,5,10|15,5,13|15,7,5,9|15,7,5,10|15,7,5,13|15,7,6,9|15,7,6,13|15,7,9|15,7,13|15,9|15,13
14,6,5,7,9|14,6,5,7,13|14,6,5,9|14,6,5,13|14,6,7,5,9|14,6,7,5,13|14,6,7,9|14,6,7,13|14,6,9|14,6,13|15,1,2,9|15,1,10|15,2,1,10|15,2,9|15,9|15,13
14,5,6,7,9|14,5,6,7,13|14,5,9|14,5,13|14,5,15,2,1,9|14,5,15,2,1,10|14,5,15,2,9|14,5,15,9|14,5,15,13|14,6,5,9|14,6,5,13|14,6,5,15,2,1,9|14,6,5,15,2,1,10|14,6,5,15,2,9|14,6,5,15,9|14,6,5,15,13|14,6,7,9|14,6,7,13|15,2,1,9|15,2,1,10|15,2,9|15,5,6,7,9|15,5,6,7,13|15,5,9|15,5,13|15,5,14,6,7,9|15,5,14,6,7,13|15,9|15,13
14,6,7,5,12|14,6,7,5,13|14,6,7,12|14,6,7,13|14,6,12|14,6,13|14,6,15,2,1,9|14,6,15,2,1,10|14,6,15,2,9|14,6,15,12|14,6,15,13|14,7,5,12|14,7,5,13|14,7,6,12|14,7,6,13|14,7,6,15,2,1,9|14,7,6,15,2,1,10|14,7,6,15,2,9|14,7,6,15,12|14,7,6,15,13|14,7,12|14,7,13|15,2,1,9|15,2,1,10|15,2,9|15,6,7,5,12|15,6,7,5,13|15,6,7,12|15,6,7,13|15,6,12|15,6,13|15,6,14,7,5,12|15,6,14,7,5,13|15,6,14,7,12|15,6,14,7,13|15,12|15,13
14,5,6,12|14,5,6,13|14,5,6,15,12|14,5,6,15,13|14,5,7,6,12|14,5,7,6,13|14,5,7,6,15,12|14,5,7,6,15,13|14,5,12|14,5,13|14,5,15,6,12|14,5,15,6,13|14,5,15,12|14,5,15,13|14,7,5,6,12|14,7,5,6,13|14,7,5,6,15,12|14,7,5,6,15,13|14,7,5,12|14,7,5,13|14,7,5,15,6,12|14,7,5,15,6,13|14,7,5,15,12|14,7,5,15,13|14,7,6,5,12|14,7,6,5,13|14,7,6,5,15,12|14,7,6,5,15,13|14,7,6,12|14,7,6,13|14,7,6,15,5,12|14,7,6,15,5,13|14,7,6,15,12|14,7,6,15,13|15,5,6,12|15,5,6,13|15,5,7,6,12|15,5,7,6,13|15,5,12|15,5,13|15,5,14,7,6,12|15,5,14,7,6,13|15,6,5,12|15,6,5,13|15,6,7,5,12|15,6,7,5,13|15,6,7,14,5,12|15,6,7,14,5,13|15,6,12|15,6,13|15,12|15,13
14,7,12|14,7,13|14,7,15,12|14,7,15,13|15,7,12|15,7,13|15,12|15,13
14,5,7,12|14,5,7,13|14,5,7,15,12|14,5,7,15,13|14,5,12|14,5,13|14,5,15,7,12|14,5,15,7,13|14,5,15,12|14,5,15,13|14,7,5,12|14,7,5,13|14,7,5,15,12|14,7,5,15,13|14,7,12|14,7,13|14,7,15,5,12|14,7,15,5,13|14,7,15,12|14,7,15,13|15,5,7,12|15,5,7,13|15,5,12|15,5,13|15,5,14,7,12|15,5,14,7,13|15,7,5,12|15,7,5,13|15,7,12|15,7,13|15,7,14,5,12|15,7,14,5,13|15,12|15,13
14,6,5,7,12|14,6,5,7,13|14,6,5,7,15,12|14,6,5,7,15,13|14,6,5,12|14,6,5,13|14,6,12|14,6,13|15,7,5,6,12|15,7,5,6,13|15,7,5,12|15,7,5,13|15,7,12|15,7,13|15,12|15,13
14,5,7,10|14,5,7,12|14,5,7,15,10|14,5,7,15,12|14,5,10|14,5,12|14,5,13|14,5,15,7,10|14,5,15,7,12|14,5,15,10|14,5,15,12|14,6,5,7,10|14,6,5,7,12|14,6,5,7,15,10|14,6,5,7,15,12|14,6,5,10|14,6,5,12|14,6,5,13|14,6,5,15,7,10|14,6,5,15,7,12|14,6,5,15,10|14,6,5,15,12|15,5,7,10|15,5,7,12|15,5,10|15,5,12|15,5,13|15,7,5,10|15,7,5,12|15,7,5,13|15,7,10|15,7,12|15,10|15,12
14,6,10|14,6,12|14,6,15,1,2,9|14,6,15,1,9|14,6,15,10|14,6,15,12|15,1,2,9|15,1,9|15,6,10|15,6,12|15,10|15,12
14,5,6,10|14,5,6,12|14,5,6,15,1,2,9|14,5,6,15,1,9|14,5,6,15,10|14,5,6,15,12|14,5,10|14,5,12|14,5,15,1,2,9|14,5,15,1,9|14,5,15,6,10|14,5,15,6,12|14,5,15,10|14,5,15,12|15,1,2,9|15,1,9|15,5,6,10|15,5,6,12|15,5,10|15,5,12|15,6,5,10|15,6,5,12|15,6,10|15,6,12|15,10|15,12
14,7,5,6,9|14,7,5,6,10|14,7,5,9|14,7,5,10|14,7,9|14,7,10|15,1,2,9|15,1,9|15,9|15,10
14,5,7,6,9|14,5,7,6,10|14,5,9|14,5,10|14,5,15,1,9|14,5,15,2,1,9|14,5,15,9|14,5,15,10|14,7,5,9|14,7,5,10|14,7,5,15,1,9|14,7,5,15,2,1,9|14,7,5,15,9|14,7,5,15,10|14,7,6,9|14,7,6,10|15,1,9|15,2,1,9|15,5,7,6,9|15,5,7,6,10|15,5,9|15,5,10|15,5,14,7,6,9|15,5,14,7,6,10|15,9|15,10
14,6,5,9|14,6,5,10|14,6,7,9|14,6,7,10|14,6,7,15,1,9|14,6,7,15,2,1,9|14,6,7,15,9|14,6,7,15,10|14,6,9|14,6,10|14,7,6,5,9|14,7,6,5,10|14,7,6,9|14,7,6,10|14,7,9|14,7,10|14,7,15,1,9|14,7,15,2,1,9|14,7,15,9|14,7,15,10|15,1,9|15,2,1,9|15,7,6,5,9|15,7,6,5,10|15,7,6,9|15,7,6,10|15,7,9|15,7,10|15,7,14,6,5,9|15,7,14,6,5,10|15,7,14,6,9|15,7,14,6,10|15,9|15,10
14,5,6,7,9|14,5,6,7,10|14,5,6,7,15,1,9|14,5,6,7,15,2,1,9|14,5,6,7,15,9|14,5,6,7,15,10|14,5,7,9|14,5,7,10|14,5,7,15,1,9|14,5,7,15,2,1,9|14,5,7,15,9|14,5,7,15,10|14,5,9|14,5,10|14,5,15,1,9|14,5,15,2,1,9|14,5,15,7,9|14,5,15,7,10|14,5,15,9|14,5,15,10|14,6,5,7,9|14,6,5,7,10|14,6,5,7,15,1,9|14,6,5,7,15,2,1,9|14,6,5,7,15,9|14,6,5,7,15,10|14,6,5,9|14,6,5,10|14,6,5,15,1,9|14,6,5,15,2,1,9|14,6,5,15,7,9|14,6,5,15,7,10|14,6,5,15,9|14,6,5,15,10|14,6,7,5,9|14,6,7,5,10|14,6,7,5,15,1,9|14,6,7,5,15,2,1,9|14,6,7,5,15,9|14,6,7,5,15,10|14,6,7,9|14,6,7,10|14,6,7,15,1,9|14,6,7,15,2,1,9|14,6,7,15,5,9|14,6,7,15,5,10|14,6,7,15,9|14,6,7,15,10|14,7,5,9|14,7,5,10|14,7,5,15,1,9|14,7,5,15,2,1,9|14,7,5,15,9|14,7,5,15,10|14,7,6,5,9|14,7,6,5,10|14,7,6,5,15,1,9|14,7,6,5,15,2,1,9|14,7,6,5,15,9|14,7,6,5,15,10|14,7,9|14,7,10|14,7,15,1,9|14,7,15,2,1,9|14,7,15,5,9|14,7,15,5,10|14,7,15,9|14,7,15,10|15,1,9|15,2,1,9|15,5,6,7,9|15,5,6,7,10|15,5,6,14,7,9|15,5,6,14,7,10|15,5,7,9|15,5,7,10|15,5,9|15,5,10|15,5,14,6,7,9|15,5,14,6,7,10|15,5,14,7,9|15,5,14,7,10|15,7,5,9|15,7,5,10|15,7,6,5,9|15,7,6,5,10|15,7,6,14,5,9|15,7,6,14,5,10|15,7,9|15,7,10|15,7,14,5,9|15,7,14,5,10|15,7,14,6,5,9|15,7,14,6,5,10|15,9|15,10
14,6,7,5,9|14,6,7,5,10|14,6,7,9|14,6,7,10|14,6,7,15,1,9|14,6,7,15,2,1,9|14,6,7,15,9|14,6,7,15,10|14,6,9|14,6,10|14,6,15,1,9|14,6,15,2,1,9|14,6,15,7,5,9|14,6,15,7,5,10|14,6,15,7,9|14,6,15,7,10|14,6,15,9|14,6,15,10|15,1,9|15,2,1,9|15,6,7,5,9|15,6,7,5,10|15,6,7,9|15,6,7,10|15,6,9|15,6,10|15,7,5,9|15,7,5,10|15,7,6,9|15,7,6,10|15,7,9|15,7,10|15,9|15,10
14,5,6,7,9|14,5,6,7,13|14,5,6,7,15,1,9|14,5,6,7,15,2,1,9|14,5,6,7,15,9|14,5,6,7,15,13|14,5,6,9|14,5,6,13|14,5,6,15,1,9|14,5,6,15,2,1,9|14,5,6,15,7,9|14,5,6,15,7,13|14,5,6,15,9|14,5,6,15,13|14,5,7,6,9|14,5,7,6,13|14,5,7,6,15,1,9|14,5,7,6,15,2,1,9|14,5,7,6,15,9|14,5,7,6,15,13|14,5,7,9|14,5,7,13|14,5,7,15,1,9|14,5,7,15,2,1,9|14,5,7,15,6,9|14,5,7,15,6,13|14,5,7,15,9|14,5,7,15,13|14,5,9|14,5,10|14,5,13|14,5,15,1,9|14,5,15,2,1,9|14,5,15,6,7,9|14,5,15,6,7,13|14,5,15,6,9|14,5,15,6,13|14,5,15,7,6,9|14,5,15,7,6,13|14,5,15,7,9|14,5,15,7,13|14,5,15,9|14,5,15,13|15,1,9|15,2,1,9|15,5,6,7,9|15,5,6,7,13|15,5,6,9|15,5,6,13|15,5,7,6,9|15,5,7,6,13|15,5,7,9|15,5,7,13|15,5,9|15,5,10|15,5,13|15,6,5,7,9|15,6,5,7,13|15,6,5,9|15,6,5,10|15,6,5,13|15,6,7,5,9|15,6,7,5,10|15,6,7,5,13|15,6,7,9|15,6,7,13|15,6,9|15,6,13|15,7,5,6,9|15,7,5,6,13|15,7,5,9|15,7,5,10|15,7,5,13|15,7,6,5,9|15,7,6,5,10|15,7,6,5,13|15,7,6,9|15,7,6,13|15,7,9|15,7,13|15,9|15,13
15,1,9|15,2,1,9|15,9|15,13
14,5,9|14,5,13|14,5,15,1,9|14,5,15,2,1,9|14,5,15,9|14,5,15,13|15,1,9|15,2,1,9|15,5,9|15,5,13|15,9|15,13
14,6,5,7,12|14,6,5,7,13|14,6,5,12|14,6,5,13|14,6,7,5,12|14,6,7,5,13|14,6,7,12|14,6,7,13|14,6,12|14,6,13|14,7,5,6,12|14,7,5,6,13|14,7,5,12|14,7,5,13|14,7,6,5,12|14,7,6,5,13|14,7,6,12|14,7,6,13|14,7,12|14,7,13|15,1,2,13|15,1,9|15,2,1,9|15,2,13|15,12|15,13
14,5,12|14,5,13|14,5,15,1,2,13|14,5,15,1,9|14,5,15,2,1,9|14,5,15,2,13|14,5,15,12|14,5,15,13|14,6,5,12|14,6,5,13|14,6,5,15,1,2,13|14,6,5,15,1,9|14,6,5,15,2,1,9|14,6,5,15,2,13|14,6,5,15,12|14,6,5,15,13|14,6,7,5,12|14,6,7,5,13|14,6,7,5,15,1,2,13|14,6,7,5,15,1,9|14,6,7,5,15,2,1,9|14,6,7,5,15,2,13|14,6,7,5,15,12|14,6,7,5,15,13|14,7,5,12|14,7,5,13|14,7,5,15,1,2,13|14,7,5,15,1,9|14,7,5,15,2,1,9|14,7,5,15,2,13|14,7,5,15,12|14,7,5,15,13|14,7,6,5,12|14,7,6,5,13|14,7,6,5,15,1,2,13|14,7,6,5,15,1,9|14,7,6,5,15,2,1,9|14,7,6,5,15,2,13|14,7,6,5,15,12|14,7,6,5,15,13|15,1,2,13|15,1,9|15,2,1,9|15,2,13|15,5,12|15,5,13|15,12|15,13
14,6,7,12|14,6,7,13|14,6,7,15,1,2,13|14,6,7,15,2,13|14,6,7,15,12|14,6,7,15,13|14,6,12|14,6,13|14,6,15,1,2,13|14,6,15,2,13|14,6,15,7,12|14,6,15,7,13|14,6,15,12|14,6,15,13|14,7,6,12|14,7,6,13|14,7,6,15,1,2,13|14,7,6,15,2,13|14,7,6,15,12|14,7,6,15,13|14,7,12|14,7,13|14,7,15,1,2,13|14,7,15,2,13|14,7,15,6,12|14,7,15,6,13|14,7,15,12|14,7,15,13|15,1,2,13|15,2,13|15,6,7,12|15,6,7,13|15,6,12|15,6,13|15,6,14,7,12|15,6,14,7,13|15,7,6,12|15,7,6,13|15,7,12|15,7,13|15,7,14,6,12|15,7,14,6,13|15,12|15,13
14,5,6,7,12|14,5,6,7,13|14,5,6,7,15,2,13|14,5,6,7,15,12|14,5,6,7,15,13|14,5,6,12|14,5,6,13|14,5,6,15,2,13|14,5,6,15,7,12|14,5,6,15,7,13|14,5,6,15,12|14,5,6,15,13|14,5,7,6,12|14,5,7,6,13|14,5,7,6,15,2,13|14,5,7,6,15,12|14,5,7,6,15,13|14,5,7,12|14,5,7,13|14,5,7,15,2,13|14,5,7,15,6,12|14,5,7,15,6,13|14,5,7,15,12|14,5,7,15,13|14,5,12|14,5,13|14,5,15,2,13|14,5,15,6,7,12|14,5,15,6,7,13|14,5,15,6,12|14,5,15,6,13|14,5,15,7,6,12|14,5,15,7,6,13|14,5,15,7,12|14,5,15,7,13|14,5,15,12|14,5,15,13|14,7,5,6,12|14,7,5,6,13|14,7,5,6,15,2,13|14,7,5,6,15,12|14,7,5,6,15,13|14,7,5,12|14,7,5,13|14,7,5,15,2,13|14,7,5,15,6,12|14,7,5,15,6,13|14,7,5,15,12|14,7,5,15,13|14,7,6,5,12|14,7,6,5,13|14,7,6,5,15,2,13|14,7,6,5,15,12|14,7,6,5,15,13|14,7,6,12|14,7,6,13|14,7,6,15,2,13|14,7,6,15,5,12|14,7,6,15,5,13|14,7,6,15,12|14,7,6,15,13|14,7,12|14,7,13|14,7,15,2,13|14,7,15,5,6,12|14,7,15,5,6,13|14,7,15,5,12|14,7,15,5,13|14,7,15,6,5,12|14,7,15,6,5,13|14,7,15,6,12|14,7,15,6,13|14,7,15,12|14,7,15,13|15,2,13|15,5,6,7,12|15,5,6,7,13|15,5,6,12|15,5,6,13|15,5,7,6,12|15,5,7,6,13|15,5,7,12|15,5,7,13|15,5,12|15,5,13|15,5,14,7,6,12|15,5,14,7,6,13|15,5,14,7,12|15,5,14,7,13|15,6,5,7,12|15,6,5,7,13|15,6,5,12|15,6,5,13|15,6,5,14,7,12|15,6,5,14,7,13|15,6,7,5,12|15,6,7,5,13|15,6,7,12|15,6,7,13|15,6,7,14,5,12|15,6,7,14,5,13|15,6,12|15,6,13|15,7,5,6,12|15,7,5,6,13|15,7,5,12|15,7,5,13|15,7,6,5,12|15,7,6,5,13|15,7,6,12|15,7,6,13|15,7,12|15,7,13|15,7,14,5,6,12|15,7,14,5,6,13|15,7,14,5,12|15,7,14,5,13|15,12|15,13
15,2,13|15,7,5,6,12|15,7,5,6,13|15,7,5,12|15,7,5,13|15,7,6,5,12|15,7,6,5,13|15,7,6,12|15,7,6,13|15,7,12|15,7,13|15,12|15,13
14,5,7,6,10|14,5,7,6,12|14,5,7,10|14,5,7,12|14,5,7,15,10|14,5,7,15,12|14,5,10|14,5,12|14,5,13|14,5,15,7,6,10|14,5,15,7,6,12|14,5,15,7,10|14,5,15,7,12|14,5,15,10|14,5,15,12|15,5,7,6,10|15,5,7,6,12|15,5,7,10|15,5,7,12|15,5,10|15,5,12|15,5,13|15,7,5,10|15,7,5,12|15,7,5,13|15,7,6,10|15,7,6,12|15,7,10|15,7,12|15,10|15,12
14,6,5,7,10|14,6,5,7,12|14,6,5,10|14,6,5,12|14,6,7,5,10|14,6,7,5,12|14,6,7,10|14,6,7,12|14,6,10|14,6,12|15,10|15,12
14,5,6,7,10|14,5,6,7,12|14,5,10|14,5,12|14,5,15,10|14,5,15,12|14,6,5,10|14,6,5,12|14,6,5,15,10|14,6,5,15,12|14,6,7,10|14,6,7,12|15,5,6,7,10|15,5,6,7,12|15,5,10|15,5,12|15,5,14,6,7,10|15,5,14,6,7,12|15,10|15,12
14,6,7,5,9|14,6,7,5,10|14,6,7,9|14,6,7,10|14,6,9|14,6,10|14,6,15,9|14,6,15,10|14,7,5,9|14,7,5,10|14,7,6,9|14,7,6,10|14,7,6,15,9|14,7,6,15,10|14,7,9|14,7,10|15,6,7,5,9|15,6,7,5,10|15,6,7,9|15,6,7,10|15,6,9|15,6,10|15,6,14,7,5,9|15,6,14,7,5,10|15,6,14,7,9|15,6,14,7,10|15,9|15,10
14,5,6,9|14,5,6,10|14,5,6,15,9|14,5,6,15,10|14,5,7,6,9|14,5,7,6,10|14,5,7,6,15,9|14,5,7,6,15,10|14,5,9|14,5,10|14,5,15,6,9|14,5,15,6,10|14,5,15,9|14,5,15,10|14,7,5,6,9|14,7,5,6,10|14,7,5,6,15,9|14,7,5,6,15,10|14,7,5,9|14,7,5,10|14,7,5,15,6,9|14,7,5,15,6,10|14,7,5,15,9|14,7,5,15,10|14,7,6,5,9|14,7,6,5,10|14,7,6,5,15,9|14,7,6,5,15,10|14,7,6,9|14,7,6,10|14,7,6,15,5,9|14,7,6,15,5,10|14,7,6,15,9|14,7,6,15,10|15,5,6,9|15,5,6,10|15,5,7,6,9|15,5,7,6,10|15,5,9|15,5,10|15,5,14,7,6,9|15,5,14,7,6,10|15,6,5,9|15,6,5,10|15,6,7,5,9|15,6,7,5,10|15,6,7,14,5,9|15,6,7,14,5,10|15,6,9|15,6,10|15,9|15,10
14,7,9|14,7,10|14,7,15,1,2,13|14,7,15,1,13|14,7,15,9|14,7,15,10|15,1,2,13|15,1,13|15,7,9|15,7,10|15,9|15,10
14,5,7,9|14,5,7,10|14,5,7,15,1,2,13|14,5,7,15,1,13|14,5,7,15,9|14,5,7,15,10|14,5,9|14,5,10|14,5,15,1,2,13|14,5,15,1,13|14,5,15,7,9|14,5,15,7,10|14,5,15,9|14,5,15,10|14,7,5,9|14,7,5,10|14,7,5,15,1,2,13|14,7,5,15,1,13|14,7,5,15,9|14,7,5,15,10|14,7,9|14,7,10|14,7,15,1,2,13|14,7,15,1,13|14,7,15,5,9|14,7,15,5,10|14,7,15,9|14,7,15,10|15,1,2,13|15,1,13|15,5,7,9|15,5,7,10|15,5,9|15,5,10|15,5,14,7,9|15,5,14,7,10|15,7,5,9|15,7,5,10|15,7,9|15,7,10|15,7,14,5,9|15,7,14,5,10|15,9|15,10
14,6,5,7,9|14,6,5,7,10|14,6,5,7,15,1,2,13|14,6,5,7,15,1,13|14,6,5,7,15,9|14,6,5,7,15,10|14,6,5,9|14,6,5,10|14,6,9|14,6,10|15,1,2,13|15,1,13|15,7,5,6,9|15,7,5,6,10|15,7,5,9|15,7,5,10|15,7,9|15,7,10|15,9|15,10
14,5,7,9|14,5,7,13|14,5,7,15,1,2,13|14,5,7,15,1,13|14,5,7,15,2,1,13|14,5,7,15,2,13|14,5,7,15,9|14,5,7,15,13|14,5,9|14,5,10|14,5,13|14,5,15,1,2,13|14,5,15,1,13|14,5,15,2,1,13|14,5,15,2,13|14,5,15,7,9|14,5,15,7,13|14,5,15,9|14,5,15,13|14,6,5,7,9|14,6,5,7,13|14,6,5,7,15,1,2,13|14,6,5,7,15,1,13|14,6,5,7,15,2,1,13|14,6,5,7,15,2,13|14,6,5,7,15,9|14,6,5,7,15,13|14,6,5,9|14,6,5,10|14,6,5,13|14,6,5,15,1,2,13|14,6,5,15,1,13|14,6,5,15,2,1,13|14,6,5,15,2,13|14,6,5,15,7,9|14,6,5,15,7,13|14,6,5,15,9|14,6,5,15,13|15,1,2,13|15,1,13|15,2,1,13|15,2,13|15,5,7,9|15,5,7,13|15,5,9|15,5,10|15,5,13|15,7,5,9|15,7,5,10|15,7,5,13|15,7,9|15,7,13|15,9|15,13
14,6,9|14,6,13|14,6,15,1,2,12|14,6,15,1,2,13|14,6,15,1,13|14,6,15,2,1,13|14,6,15,2,12|14,6,15,2,13|14,6,15,9|14,6,15,13|15,1,2,12|15,1,2,13|15,1,13|15,2,1,13|15,2,12|15,2,13|15,6,9|15,6,13|15,9|15,13
14,5,6,9|14,5,6,13|14,5,6,15,1,2,12|14,5,6,15,1,2,13|14,5,6,15,1,13|14,5,6,15,2,1,13|14,5,6,15,2,12|14,5,6,15,2,13|14,5,6,15,9|14,5,6,15,13|14,5,9|14,5,13|14,5,15,1,2,12|14,5,15,1,2,13|14,5,15,1,13|14,5,15,2,1,13|14,5,15,2,12|14,5,15,2,13|14,5,15,6,9|14,5,15,6,13|14,5,15,9|14,5,15,13|15,1,2,12|15,1,2,13|15,1,13|15,2,1,13|15,2,12|15,2,13|15,5,6,9|15,5,6,13|15,5,9|15,5,13|15,6,5,9|15,6,5,13|15,6,9|15,6,13|15,9|15,13
14,7,5,6,12|14,7,5,6,13|14,7,5,12|14,7,5,13|14,7,12|14,7,13|15,1,2,12|15,1,2,13|15,1,13|15,2,1,13|15,2,12|15,2,13|15,12|15,13
14,5,7,6,12|14,5,7,6,13|14,5,12|14,5,13|14,5,15,1,2,12|14,5,15,1,2,13|14,5,15,1,13|14,5,15,2,1,13|14,5,15,2,12|14,5,15,2,13|14,5,15,12|14,5,15,13|14,7,5,12|14,7,5,13|14,7,5,15,1,2,12|14,7,5,15,1,2,13|14,7,5,15,1,13|14,7,5,15,2,1,13|14,7,5,15,2,12|14,7,5,15,2,13|14,7,5,15,12|14,7,5,15,13|14,7,6,12|14,7,6,13|15,1,2,12|15,1,2,13|15,1,13|15,2,1,13|15,2,12|15,2,13|15,5,7,6,12|15,5,7,6,13|15,5,12|15,5,13|15,5,14,7,6,12|15,5,14,7,6,13|15,12|15,13
14,6,5,12|14,6,5,13|14,6,7,12|14,6,7,13|14,6,7,15,1,2,12|14,6,7,15,1,2,13|14,6,7,15,1,13|14,6,7,15,2,1,13|14,6,7,15,2,12|14,6,7,15,2,13|14,6,7,15,12|14,6,7,15,13|14,6,12|14,6,13|14,7,6,5,12|14,7,6,5,13|14,7,6,12|14,7,6,13|14,7,12|14,7,13|14,7,15,1,2,12|14,7,15,1,2,13|14,7,15,1,13|14,7,15,2,1,13|14,7,15,2,12|14,7,15,2,13|14,7,15,12|14,7,15,13|15,1,2,12|15,1,2,13|15,1,13|15,2,1,13|15,2,12|15,2,13|15,7,6,5,12|15,7,6,5,13|15,7,6,12|15,7,6,13|15,7,12|15,7,13|15,7,14,6,5,12|15,7,14,6,5,13|15,7,14,6,12|15,7,14,6,13|15,12|15,13
14,5,6,7,12|14,5,6,7,13|14,5,6,7,15,1,2,12|14,5,6,7,15,1,2,13|14,5,6,7,15,1,13|14,5,6,7,15,2,1,13|14,5,6,7,15,2,12|14,5,6,7,15,2,13|14,5,6,7,15,12|14,5,6,7,15,13|14,5,7,12|14,5,7,13|14,5,7,15,1,2,12|14,5,7,15,1,2,13|14,5,7,15,1,13|14,5,7,15,2,1,13|14,5,7,15,2,12|14,5,7,15,2,13|14,5,7,15,12|14,5,7,15,13|14,5,12|14,5,13|14,5,15,1,2,12|14,5,15,1,2,13|14,5,15,1,13|14,5,15,2,1,13|14,5,15,2,12|14,5,15,2,13|14,5,15,7,12|14,5,15,7,13|14,5,15,12|14,5,15,13|14,6,5,7,12|14,6,5,7,13|14,6,5,7,15,1,2,12|14,6,5,7,15,1,2,13|14,6,5,7,15,1,13|14,6,5,7,15,2,1,13|14,6,5,7,15,2,12|14,6,5,7,15,2,13|14,6,5,7,15,12|14,6,5,7,15,13|14,6,5,12|14,6,5,13|14,6,5,15,1,2,12|14,6,5,15,1,2,13|14,6,5,15,1,13|14,6,5,15,2,1,13|14,6,5,15,2,12|14,6,5,15,2,13|14,6,5,15,7,12|14,6,5,15,7,13|14,6,5,15,12|14,6,5,15,13|14,6,7,5,12|14,6,7,5,13|14,6,7,5,15,1,2,12|14,6,7,5,15,1,2,13|14,6,7,5,15,1,13|14,6,7,5,15,2,1,13|14,6,7,5,15,2,12|14,6,7,5,15,2,13|14,6,7,5,15,12|14,6,7,5,15,13|14,6,7,12|14,6,7,13|14,6,7,15,1,2,12|14,6,7,15,1,2,13|14,6,7,15,1,13|14,6,7,15,2,1,13|14,6,7,15,2,12|14,6,7,15,2,13|14,6,7,15,5,12|14,6,7,15,5,13|14,6,7,15,12|14,6,7,15,13|14,7,5,12|14,7,5,13|14,7,5,15,1,2,12|14,7,5,15,1,2,13|14,7,5,15,1,13|14,7,5,15,2,1,13|14,7,5,15,2,12|14,7,5,15,2,13|14,7,5,15,12|14,7,5,15,13|14,7,6,5,12|14,7,6,5,13|14,7,6,5,15,1,2,12|14,7,6,5,15,1,2,13|14,7,6,5,15,1,13|14,7,6,5,15,2,1,13|14,7,6,5,15,2,12|14,7,6,5,15,2,13|14,7,6,5,15,12|14,7,6,5,15,13|14,7,12|14,7,13|14,7,15,1,2,12|14,7,15,1,2,13|14,7,15,1,13|14,7,15,2,1,13|14,7,15,2,12|14,7,15,2,13|14,7,15,5,12|14,7,15,5,13|14,7,15,12|14,7,15,13|15,1,2,12|15,1,2,13|15,1,13|15,2,1,13|15,2,12|15,2,13|15,5,6,7,12|15,5,6,7,13|15,5,6,14,7,12|15,5,6,14,7,13|15,5,7,12|15,5,7,13|15,5,12|15,5,13|15,5,14,6,7,12|15,5,14,6,7,13|15,5,14,7,12|15,5,14,7,13|15,7,5,12|15,7,5,13|15,7,6,5,12|15,7,6,5,13|15,7,6,14,5,12|15,7,6,14,5,13|15,7,12|15,7,13|15,7,14,5,12|15,7,14,5,13|15,7,14,6,5,12|15,7,14,6,5,13|15,12|15,13
14,6,7,5,12|14,6,7,5,13|14,6,7,12|14,6,7,13|14,6,7,15,1,2,12|14,6,7,15,1,13|14,6,7,15,2,1,13|14,6,7,15,2,12|14,6,7,15,12|14,6,7,15,13|14,6,12|14,6,13|14,6,15,1,2,12|14,6,15,1,13|14,6,15,2,1,13|14,6,15,2,12|14,6,15,7,5,12|14,6,15,7,5,13|14,6,15,7,12|14,6,15,7,13|14,6,15,12|14,6,15,13|15,1,2,12|15,1,13|15,2,1,13|15,2,12|15,6,7,5,12|15,6,7,5,13|15,6,7,12|15,6,7,13|15,6,12|15,6,13|15,7,5,12|15,7,5,13|15,7,6,12|15,7,6,13|15,7,12|15,7,13|15,12|15,13
14,5,6,7,10|14,5,6,7,12|14,5,6,7,15,0,2,1,13|14,5,6,7,15,0,2,12|14,5,6,7,15,1,2,12|14,5,6,7,15,1,13|14,5,6,7,15,2,1,13|14,5,6,7,15,2,12|14,5,6,7,15,10|14,5,6,7,15,12|14,5,6,10|14,5,6,12|14,5,6,15,0,2,1,13|14,5,6,15,0,2,12|14,5,6,15,1,2,12|14,5,6,15,1,13|14,5,6,15,2,1,13|14,5,6,15,2,12|14,5,6,15,7,10|14,5,6,15,7,12|14,5,6,15,10|14,5,6,15,12|14,5,7,6,10|14,5,7,6,12|14,5,7,6,15,0,2,1,13|14,5,7,6,15,0,2,12|14,5,7,6,15,1,2,12|14,5,7,6,15,1,13|14,5,7,6,15,2,1,13|14,5,7,6,15,2,12|14,5,7,6,15,10|14,5,7,6,15,12|14,5,7,10|14,5,7,12|14,5,7,15,0,2,1,13|14,5,7,15,0,2,12|14,5,7,15,1,2,12|14,5,7,15,1,13|14,5,7,15,2,1,13|14,5,7,15,2,12|14,5,7,15,6,10|14,5,7,15,6,12|14,5,7,15,10|14,5,7,15,12|14,5,10|14,5,12|14,5,13|14,5,15,0,2,1,13|14,5,15,0,2,12|14,5,15,1,2,12|14,5,15,1,13|14,5,15,2,1,13|14,5,15,2,12|14,5,15,6,7,10|14,5,15,6,7,12|14,5,15,6,10|14,5,15,6,12|14,5,15,7,6,10|14,5,15,7,6,12|14,5,15,7,10|14,5,15,7,12|14,5,15,10|14,5,15,12|15,0,2,1,13|15,0,2,12|15,1,2,12|15,1,13|15,2,1,13|15,2,12|15,5,6,7,10|15,5,6,7,12|15,5,6,10|15,5,6,12|15,5,7,6,10|15,5,7,6,12|15,5,7,10|15,5,7,12|15,5,10|15,5,12|15,5,13|15,6,5,7,10|15,6,5,7,12|15,6,5,10|15,6,5,12|15,6,5,13|15,6,7,5,10|15,6,7,5,12|15,6,7,5,13|15,6,7,10|15,6,7,12|15,6,10|15,6,12|15,7,5,6,10|15,7,5,6,12|15,7,5,10|15,7,5,12|15,7,5,13|15,7,6,5,10|15,7,6,5,12|15,7,6,5,13|15,7,6,10|15,7,6,12|15,7,10|15,7,12|15,10|15,12
15,0,2,1,13|15,0,2,12|15,1,2,12|15,1,13|15,2,1,13|15,2,12|15,10|15,12
14,5,10|14,5,12|14,5,15,0,2,1,12|14,5,15,0,2,1,13|14,5,15,0,2,12|14,5,15,2,1,12|14,5,15,2,1,13|14,5,15,2,12|14,5,15,10|14,5,15,12|15,0,2,1,12|15,0,2,1,13|15,0,2,12|15,2,1,12|15,2,1,13|15,2,12|15,5,10|15,5,12|15,10|15,12
14,6,5,7,9|14,6,5,7,10|14,6,5,9|14,6,5,10|14,6,7,5,9|14,6,7,5,10|14,6,7,9|14,6,7,10|14,6,9|14,6,10|14,7,5,6,9|14,7,5,6,10|14,7,5,9|14,7,5,10|14,7,6,5,9|14,7,6,5,10|14,7,6,9|14,7,6,10|14,7,9|14,7,10|15,0,2,1,12|15,0,2,1,13|15,0,2,12|15,2,1,12|15,2,1,13|15,2,12|15,9|15,10
14,5,9|14,5,10|14,5,15,0,2,1,12|14,5,15,0,2,1,13|14,5,15,0,2,12|14,5,15,9|14,5,15,10|14,6,5,9|14,6,5,10|14,6,5,15,0,2,1,12|14,6,5,15,0,2,1,13|14,6,5,15,0,2,12|14,6,5,15,9|14,6,5,15,10|14,6,7,5,9|14,6,7,5,10|14,6,7,5,15,0,2,1,12|14,6,7,5,15,0,2,1,13|14,6,7,5,15,0,2,12|14,6,7,5,15,9|14,6,7,5,15,10|14,7,5,9|14,7,5,10|14,7,5,15,0,2,1,12|14,7,5,15,0,2,1,13|14,7,5,15,0,2,12|14,7,5,15,9|14,7,5,15,10|14,7,6,5,9|14,7,6,5,10|14,7,6,5,15,0,2,1,12|14,7,6,5,15,0,2,1,13|14,7,6,5,15,0,2,12|14,7,6,5,15,9|14,7,6,5,15,10|15,0,2,1,12|15,0,2,1,13|15,0,2,12|15,5,9|15,5,10|15,9|15,10
14,6,7,9|14,6,7,10|14,6,7,15,0,2,1,12|14,6,7,15,0,2,1,13|14,6,7,15,0,2,12|14,6,7,15,9|14,6,7,15,10|14,6,9|14,6,10|14,6,15,0,2,1,12|14,6,15,0,2,1,13|14,6,15,0,2,12|14,6,15,7,9|14,6,15,7,10|14,6,15,9|14,6,15,10|14,7,6,9|14,7,6,10|14,7,6,15,0,2,1,12|14,7,6,15,0,2,1,13|14,7,6,15,0,2,12|14,7,6,15,9|14,7,6,15,10|14,7,9|14,7,10|14,7,15,0,2,1,12|14,7,15,0,2,1,13|14,7,15,0,2,12|14,7,15,6,9|14,7,15,6,10|14,7,15,9|14,7,15,10|15,0,2,1,12|15,0,2,1,13|15,0,2,12|15,6,7,9|15,6,7,10|15,6,9|15,6,10|15,6,14,7,9|15,6,14,7,10|15,7,6,9|15,7,6,10|15,7,9|15,7,10|15,7,14,6,9|15,7,14,6,10|15,9|15,10
14,5,6,7,9|14,5,6,7,10|14,5,6,7,15,0,2,1,12|14,5,6,7,15,0,2,1,13|14,5,6,7,15,0,2,12|14,5,6,7,15,9|14,5,6,7,15,10|14,5,6,9|14,5,6,10|14,5,6,15,0,2,1,12|14,5,6,15,0,2,1,13|14,5,6,15,0,2,12|14,5,6,15,7,9|14,5,6,15,7,10|14,5,6,15,9|14,5,6,15,10|14,5,7,6,9|14,5,7,6,10|14,5,7,6,15,0,2,1,12|14,5,7,6,15,0,2,1,13|14,5,7,6,15,0,2,12|14,5,7,6,15,9|14,5,7,6,15,10|14,5,7,9|14,5,7,10|14,5,7,15,0,2,1,12|14,5,7,15,0,2,1,13|14,5,7,15,0,2,12|14,5,7,15,6,9|14,5,7,15,6,10|14,5,7,15,9|14,5,7,15,10|14,5,9|14,5,10|14,5,15,0,2,1,12|14,5,15,0,2,1,13|14,5,15,0,2,12|14,5,15,6,7,9|14,5,15,6,7,10|14,5,15,6,9|14,5,15,6,10|14,5,15,7,6,9|14,5,15,7,6,10|14,5,15,7,9|14,5,15,7,10|14,5,15,9|14,5,15,10|14,7,5,6,9|14,7,5,6,10|14,7,5,6,15,0,2,1,12|14,7,5,6,15,0,2,1,13|14,7,5,6,15,0,2,12|14,7,5,6,15,9|14,7,5,6,15,10|14,7,5,9|14,7,5,10|14,7,5,15,0,2,1,12|14,7,5,15,0,2,1,13|14,7,5,15,0,2,12|14,7,5,15,6,9|14,7,5,15,6,10|14,7,5,15,9|14,7,5,15,10|14,7,6,5,9|14,7,6,5,10|14,7,6,5,15,0,2,1,12|14,7,6,5,15,0,2,1,13|14,7,6,5,15,0,2,12|14,7,6,5,15,9|14,7,6,5,15,10|14,7,6,9|14,7,6,10|14,7,6,15,0,2,1,12|14,7,6,15,0,2,1,13|14,7,6,15,0,2,12|14,7,6,15,5,9|14,7,6,15,5,10|14,7,6,15,9|14,7,6,15,10|14,7,9|14,7,10|14,7,15,0,2,1,12|14,7,15,0,2,1,13|14,7,15,0,2,12|14,7,15,5,6,9|14,7,15,5,6,10|14,7,15,5,9|14,7,15,5,10|14,7,15,6,5,9|14,7,15,6,5,10|14,7,15,6,9|14,7,15,6,10|14,7,15,9|14,7,15,10|15,0,2,1,12|15,0,2,1,13|15,0,2,12|15,5,6,7,9|15,5,6,7,10|15,5,6,9|15,5,6,10|15,5,7,6,9|15,5,7,6,10|15,5,7,9|15,5,7,10|15,5,9|15,5,10|15,5,14,7,6,9|15,5,14,7,6,10|15,5,14,7,9|15,5,14,7,10|15,6,5,7,9|15,6,5,7,10|15,6,5,9|15,6,5,10|15,6,5,14,7,9|15,6,5,14,7,10|15,6,7,5,9|15,6,7,5,10|15,6,7,9|15,6,7,10|15,6,7,14,5,9|15,6,7,14,5,10|15,6,9|15,6,10|15,7,5,6,9|15,7,5,6,10|15,7,5,9|15,7,5,10|15,7,6,5,9|15,7,6,5,10|15,7,6,9|15,7,6,10|15,7,9|15,7,10|15,7,14,5,6,9|15,7,14,5,6,10|15,7,14,5,9|15,7,14,5,10|15,9|15,10
15,7,5,6,9|15,7,5,6,10|15,7,5,9|15,7,5,10|15,7,6,5,9|15,7,6,5,10|15,7,6,9|15,7,6,10|15,7,9|15,7,10|15,9|15,10
14,5,7,6,9|14,5,7,6,13|14,5,7,9|14,5,7,13|14,5,7,15,9|14,5,7,15,13|14,5,9|14,5,10|14,5,13|14,5,15,7,6,9|14,5,15,7,6,13|14,5,15,7,9|14,5,15,7,13|14,5,15,9|14,5,15,13|15,5,7,6,9|15,5,7,6,13|15,5,7,9|15,5,7,13|15,5,9|15,5,10|15,5,13|15,7,5,9|15,7,5,10|15,7,5,13|15,7,6,9|15,7,6,13|15,7,9|15,7,13|15,9|15,13
14,6,5,7,9|14,6,5,7,13|14,6,5,9|14,6,5,13|14,6,7,5,9|14,6,7,5,13|14,6,7,9|14,6,7,13|14,6,9|14,6,13|15,1,0,2,12|15,1,2,12|15,1,12|15,9|15,13
14,5,6,7,9|14,5,6,7,13|14,5,9|14,5,13|14,5,15,1,0,2,12|14,5,15,1,2,12|14,5,15,1,12|14,5,15,9|14,5,15,13|14,6,5,9|14,6,5,13|14,6,5,15,1,0,2,12|14,6,5,15,1,2,12|14,6,5,15,1,12|14,6,5,15,9|14,6,5,15,13|14,6,7,9|14,6,7,13|15,1,0,2,12|15,1,2,12|15,1,12|15,5,6,7,9|15,5,6,7,13|15,5,9|15,5,13|15,5,14,6,7,9|15,5,14,6,7,13|15,9|15,13
14,6,7,5,12|14,6,7,5,13|14,6,7,12|14,6,7,13|14,6,12|14,6,13|14,6,15,1,0,2,12|14,6,15,1,2,12|14,6,15,1,12|14,6,15,12|14,6,15,13|14,7,5,12|14,7,5,13|14,7,6,12|14,7,6,13|14,7,6,15,1,0,2,12|14,7,6,15,1,2,12|14,7,6,15,1,12|14,7,6,15,12|14,7,6,15,13|14,7,12|14,7,13|15,1,0,2,12|15,1,2,12|15,1,12|15,6,7,5,12|15,6,7,5,13|15,6,7,12|15,6,7,13|15,6,12|15,6,13|15,6,14,7,5,12|15,6,14,7,5,13|15,6,14,7,12|15,6,14,7,13|15,12|15,13
14,5,6,12|14,5,6,13|14,5,6,15,0,1,12|14,5,6,15,0,2,1,12|14,5,6,15,1,12|14,5,6,15,2,0,1,12|14,5,6,15,2,1,12|14,5,6,15,12|14,5,6,15,13|14,5,7,6,12|14,5,7,6,13|14,5,7,6,15,0,1,12|14,5,7,6,15,0,2,1,12|14,5,7,6,15,1,12|14,5,7,6,15,2,0,1,12|14,5,7,6,15,2,1,12|14,5,7,6,15,12|14,5,7,6,15,13|14,5,12|14,5,13|14,5,15,0,1,12|14,5,15,0,2,1,12|14,5,15,1,12|14,5,15,2,0,1,12|14,5,15,2,1,12|14,5,15,6,12|14,5,15,6,13|14,5,15,12|14,5,15,13|14,7,5,6,12|14,7,5,6,13|14,7,5,6,15,0,1,12|14,7,5,6,15,0,2,1,12|14,7,5,6,15,1,12|14,7,5,6,15,2,0,1,12|14,7,5,6,15,2,1,12|14,7,5,6,15,12|14,7,5,6,15,13|14,7,5,12|14,7,5,13|14,7,5,15,0,1,12|14,7,5,15,0,2,1,12|14,7,5,15,1,12|14,7,5,15,2,0,1,12|14,7,5,15,2,1,12|14,7,5,15,6,12|14,7,5,15,6,13|14,7,5,15,12|14,7,5,15,13|14,7,6,5,12|14,7,6,5,13|14,7,6,5,15,0,1,12|14,7,6,5,15,0,2,1,12|14,7,6,5,15,1,12|14,7,6,5,15,2,0,1,12|14,7,6,5,15,2,1,12|14,7,6,5,15,12|14,7,6,5,15,13|14,7,6,12|14,7,6,13|14,7,6,15,0,1,12|14,7,6,15,0,2,1,12|14,7,6,15,1,12|14,7,6,15,2,0,1,12|14,7,6,15,2,1,12|14,7,6,15,5,12|14,7,6,15,5,13|14,7,6,15,12|14,7,6,15,13|15,0,1,12|15,0,2,1,12|15,1,12|15,2,0,1,12|15,2,1,12|15,5,6,12|15,5,6,13|15,5,7,6,12|15,5,7,6,13|15,5,12|15,5,13|15,5,14,7,6,12|15,5,14,7,6,13|15,6,5,12|15,6,5,13|15,6,7,5,12|15,6,7,5,13|15,6,7,14,5,12|15,6,7,14,5,13|15,6,12|15,6,13|15,12|15,13
14,7,12|14,7,13|14,7,15,0,1,12|14,7,15,0,2,1,12|14,7,15,1,12|14,7,15,2,0,1,12|14,7,15,2,1,12|14,7,15,12|14,7,15,13|15,0,1,12|15,0,2,1,12|15,1,12|15,2,0,1,12|15,2,1,12|15,7,12|15,7,13|15,12|15,13
14,5,7,12|14,5,7,13|14,5,7,15,0,1,12|14,5,7,15,0,2,1,12|14,5,7,15,1,12|14,5,7,15,2,0,1,12|14,5,7,15,2,1,12|14,5,7,15,12|14,5,7,15,13|14,5,12|14,5,13|14,5,15,0,1,12|14,5,15,0,2,1,12|14,5,15,1,12|14,5,15,2,0,1,12|14,5,15,2,1,12|14,5,15,7,12|14,5,15,7,13|14,5,15,12|14,5,15,13|14,7,5,12|14,7,5,13|14,7,5,15,0,1,12|14,7,5,15,0,2,1,12|14,7,5,15,1,12|14,7,5,15,2,0,1,12|14,7,5,15,2,1,12|14,7,5,15,12|14,7,5,15,13|14,7,12|14,7,13|14,7,15,0,1,12|14,7,15,0,2,1,12|14,7,15,1,12|14,7,15,2,0,1,12|14,7,15,2,1,12|14,7,15,5,12|14,7,15,5,13|14,7,15,12|14,7,15,13|15,0,1,12|15,0,2,1,12|15,1,12|15,2,0,1,12|15,2,1,12|15,5,7,12|15,5,7,13|15,5,12|15,5,13|15,5,14,7,12|15,5,14,7,13|15,7,5,12|15,7,5,13|15,7,12|15,7,13|15,7,14,5,12|15,7,14,5,13|15,12|15,13
14,6,5,7,12|14,6,5,7,13|14,6,5,7,15,0,1,12|14,6,5,7,15,0,2,1,12|14,6,5,7,15,1,12|14,6,5,7,15,2,0,1,12|14,6,5,7,15,2,1,12|14,6,5,7,15,12|14,6,5,7,15,13|14,6,5,12|14,6,5,13|14,6,12|14,6,13|15,0,1,12|15,0,2,1,12|15,1,12|15,2,0,1,12|15,2,1,12|15,7,5,6,12|15,7,5,6,13|15,7,5,12|15,7,5,13|15,7,12|15,7,13|15,12|15,13
14,5,7,10|14,5,7,12|14,5,7,15,0,1,12|14,5,7,15,0,2,1,12|14,5,7,15,1,12|14,5,7,15,2,0,1,12|14,5,7,15,2,1,12|14,5,7,15,10|14,5,7,15,12|14,5,10|14,5,12|14,5,13|14,5,15,0,1,12|14,5,15,0,2,1,12|14,5,15,1,12|14,5,15,2,0,1,12|14,5,15,2,1,12|14,5,15,7,10|14,5,15,7,12|14,5,15,10|14,5,15,12|14,6,5,7,10|14,6,5,7,12|14,6,5,7,15,0,1,12|14,6,5,7,15,0,2,1,12|14,6,5,7,15,1,12|14,6,5,7,15,2,0,1,12|14,6,5,7,15,2,1,12|14,6,5,7,15,10|14,6,5,7,15,12|14,6,5,10|14,6,5,12|14,6,5,13|14,6,5,15,0,1,12|14,6,5,15,0,2,1,12|14,6,5,15,1,12|14,6,5,15,2,0,1,12|14,6,5,15,2,1,12|14,6,5,15,7,10|14,6,5,15,7,12|14,6,5,15,10|14,6,5,15,12|15,0,1,12|15,0,2,1,12|15,1,12|15,2,0,1,12|15,2,1,12|15,5,7,10|15,5,7,12|15,5,10|15,5,12|15,5,13|15,7,5,10|15,7,5,12|15,7,5,13|15,7,10|15,7,12|15,10|15,12
14,6,10|14,6,12|14,6,15,0,1,12|14,6,15,0,2,1,12|14,6,15,1,12|14,6,15,2,0,1,12|14,6,15,2,1,12|14,6,15,10|14,6,15,12|15,0,1,12|15,0,2,1,12|15,1,12|15,2,0,1,12|15,2,1,12|15,6,10|15,6,12|15,10|15,12
14,5,6,10|14,5,6,12|14,5,6,15,0,1,12|14,5,6,15,0,2,1,12|14,5,6,15,1,12|14,5,6,15,2,0,1,12|14,5,6,15,2,1,12|14,5,6,15,10|14,5,6,15,12|14,5,10|14,5,12|14,5,15,0,1,12|14,5,15,0,2,1,12|14,5,15,1,12|14,5,15,2,0,1,12|14,5,15,2,1,12|14,5,15,6,10|14,5,15,6,12|14,5,15,10|14,5,15,12|15,0,1,12|15,0,2,1,12|15,1,12|15,2,0,1,12|15,2,1,12|15,5,6,10|15,5,6,12|15,5,10|15,5,12|15,6,5,10|15,6,5,12|15,6,10|15,6,12|15,10|15,12
14,7,5,6,9|14,7,5,6,10|14,7,5,9|14,7,5,10|14,7,9|14,7,10|15,0,1,2,10|15,0,1,12|15,0,2,1,12|15,0,2,10|15,1,0,2,10|15,1,2,10|15,1,12|15,2,0,1,12|15,2,1,12|15,2,10|15,9|15,10
14,5,7,6,9|14,5,7,6,10|14,5,9|14,5,10|14,5,15,0,1,2,10|14,5,15,0,1,12|14,5,15,0,2,1,12|14,5,15,0,2,10|14,5,15,1,0,2,10|14,5,15,1,2,10|14,5,15,1,12|14,5,15,2,0,1,12|14,5,15,2,1,12|14,5,15,2,10|14,5,15,9|14,5,15,10|14,7,5,9|14,7,5,10|14,7,5,15,0,1,2,10|14,7,5,15,0,1,12|14,7,5,15,0,2,1,12|14,7,5,15,0,2,10|14,7,5,15,1,0,2,10|14,7,5,15,1,2,10|14,7,5,15,1,12|14,7,5,15,2,0,1,12|14,7,5,15,2,1,12|14,7,5,15,2,10|14,7,5,15,9|14,7,5,15,10|14,7,6,9|14,7,6,10|15,0,1,2,10|15,0,1,12|15,0,2,1,12|15,0,2,10|15,1,0,2,10|15,1,2,10|15,1,12|15,2,0,1,12|15,2,1,12|15,2,10|15,5,7,6,9|15,5,7,6,10|15,5,9|15,5,10|15,5,14,7,6,9|15,5,14,7,6,10|15,9|15,10
14,6,5,9|14,6,5,10|14,6,7,9|14,6,7,10|14,6,7,15,0,1,2,10|14,6,7,15,0,2,10|14,6,7,15,1,0,2,10|14,6,7,15,1,2,10|14,6,7,15,2,10|14,6,7,15,9|14,6,7,15,10|14,6,9|14,6,10|14,7,6,5,9|14,7,6,5,10|14,7,6,9|14,7,6,10|14,7,9|14,7,10|14,7,15,0,1,2,10|14,7,15,0,2,10|14,7,15,1,0,2,10|14,7,15,1,2,10|14,7,15,2,10|14,7,15,9|14,7,15,10|15,0,1,2,10|15,0,2,10|15,1,0,2,10|15,1,2,10|15,2,10|15,7,6,5,9|15,7,6,5,10|15,7,6,9|15,7,6,10|15,7,9|15,7,10|15,7,14,6,5,9|15,7,14,6,5,10|15,7,14,6,9|15,7,14,6,10|15,9|15,10
14,5,6,7,9|14,5,6,7,10|14,5,6,7,15,0,1,2,10|14,5,6,7,15,0,2,10|14,5,6,7,15,2,10|14,5,6,7,15,9|14,5,6,7,15,10|14,5,7,9|14,5,7,10|14,5,7,15,0,1,2,10|14,5,7,15,0,2,10|14,5,7,15,2,10|14,5,7,15,9|14,5,7,15,10|14,5,9|14,5,10|14,5,15,0,1,2,10|14,5,15,0,2,10|14,5,15,2,10|14,5,15,7,9|14,5,15,7,10|14,5,15,9|14,5,15,10|14,6,5,7,9|14,6,5,7,10|14,6,5,7,15,0,1,2,10|14,6,5,7,15,0,2,10|14,6,5,7,15,2,10|14,6,5,7,15,9|14,6,5,7,15,10|14,6,5,9|14,6,5,10|14,6,5,15,0,1,2,10|14,6,5,15,0,2,10|14,6,5,15,2,10|14,6,5,15,7,9|14,6,5,15,7,10|14,6,5,15,9|14,6,5,15,10|14,6,7,5,9|14,6,7,5,10|14,6,7,5,15,0,1,2,10|14,6,7,5,15,0,2,10|14,6,7,5,15,2,10|14,6,7,5,15,9|14,6,7,5,15,10|14,6,7,9|14,6,7,10|14,6,7,15,0,1,2,10|14,6,7,15,0,2,10|14,6,7,15,2,10|14,6,7,15,5,9|14,6,7,15,5,10|14,6,7,15,9|14,6,7,15,10|14,7,5,9|14,7,5,10|14,7,5,15,0,1,2,10|14,7,5,15,0,2,10|14,7,5,15,2,10|14,7,5,15,9|14,7,5,15,10|14,7,6,5,9|14,7,6,5,10|14,7,6,5,15,0,1,2,10|14,7,6,5,15,0,2,10|14,7,6,5,15,2,10|14,7,6,5,15,9|14,7,6,5,15,10|14,7,9|14,7,10|14,7,15,0,1,2,10|14,7,15,0,2,10|14,7,15,2,10|14,7,15,5,9|14,7,15,5,10|14,7,15,9|14,7,15,10|15,0,1,2,10|15,0,2,10|15,2,10|15,5,6,7,9|15,5,6,7,10|15,5,6,14,7,9|15,5,6,14,7,10|15,5,7,9|15,5,7,10|15,5,9|15,5,10|15,5,14,6,7,9|15,5,14,6,7,10|15,5,14,7,9|15,5,14,7,10|15,7,5,9|15,7,5,10|15,7,6,5,9|15,7,6,5,10|15,7,6,14,5,9|15,7,6,14,5,10|15,7,9|15,7,10|15,7,14,5,9|15,7,14,5,10|15,7,14,6,5,9|15,7,14,6,5,10|15,9|15,10
14,6,7,5,9|14,6,7,5,10|14,6,7,9|14,6,7,10|14,6,7,15,2,10|14,6,7,15,9|14,6,7,15,10|14,6,9|14,6,10|14,6,15,2,10|14,6,15,7,5,9|14,6,15,7,5,10|14,6,15,7,9|14,6,15,7,10|14,6,15,9|14,6,15,10|15,2,10|15,6,7,5,9|15,6,7,5,10|15,6,7,9|15,6,7,10|15,6,9|15,6,10|15,7,5,9|15,7,5,10|15,7,6,9|15,7,6,10|15,7,9|15,7,10|15,9|15,10
14,5,6,7,9|14,5,6,7,13|14,5,6,7,15,9|14,5,6,7,15,13|14,5,6,9|14,5,6,13|14,5,6,15,7,9|14,5,6,15,7,13|14,5,6,15,9|14,5,6,15,13|14,5,7,6,9|14,5,7,6,13|14,5,7,6,15,9|14,5,7,6,15,13|14,5,7,9|14,5,7,13|14,5,7,15,6,9|14,5,7,15,6,13|14,5,7,15,9|14,5,7,15,13|14,5,9|14,5,10|14,5,13|14,5,15,6,7,9|14,5,15,6,7,13|14,5,15,6,9|14,5,15,6,13|14,5,15,7,6,9|14,5,15,7,6,13|14,5,15,7,9|14,5,15,7,13|14,5,15,9|14,5,15,13|15,5,6,7,9|15,5,6,7,13|15,5,6,9|15,5,6,13|15,5,7,6,9|15,5,7,6,13|15,5,7,9|15,5,7,13|15,5,9|15,5,10|15,5,13|15,6,5,7,9|15,6,5,7,13|15,6,5,9|15,6,5,10|15,6,5,13|15,6,7,5,9|15,6,7,5,10|15,6,7,5,13|15,6,7,9|15,6,7,13|15,6,9|15,6,13|15,7,5,6,9|15,7,5,6,13|15,7,5,9|15,7,5,10|15,7,5,13|15,7,6,5,9|15,7,6,5,10|15,7,6,5,13|15,7,6,9|15,7,6,13|15,7,9|15,7,13|15,9|15,13
15,9|15,13
14,5,9|14,5,13|14,5,15,9|14,5,15,13|15,5,9|15,5,13|15,9|15,13
14,6,5,7,12|14,6,5,7,13|14,6,5,12|14,6,5,13|14,6,7,5,12|14,6,7,5,13|14,6,7,12|14,6,7,13|14,6,12|14,6,13|14,7,5,6,12|14,7,5,6,13|14,7,5,12|14,7,5,13|14,7,6,5,12|14,7,6,5,13|14,7,6,12|14,7,6,13|14,7,12|14,7,13|15,12|15,13
14,5,12|14,5,13|14,5,15,0,1,2,10|14,5,15,0,2,10|14,5,15,12|14,5,15,13|14,6,5,12|14,6,5,13|14,6,5,15,0,1,2,10|14,6,5,15,0,2,10|14,6,5,15,12|14,6,5,15,13|14,6,7,5,12|14,6,7,5,13|14,6,7,5,15,0,1,2,10|14,6,7,5,15,0,2,10|14,6,7,5,15,12|14,6,7,5,15,13|14,7,5,12|14,7,5,13|14,7,5,15,0,1,2,10|14,7,5,15,0,2,10|14,7,5,15,12|14,7,5,15,13|14,7,6,5,12|14,7,6,5,13|14,7,6,5,15,0,1,2,10|14,7,6,5,15,0,2,10|14,7,6,5,15,12|14,7,6,5,15,13|15,0,1,2,10|15,0,2,10|15,5,12|15,5,13|15,12|15,13
14,6,7,12|14,6,7,13|14,6,7,15,0,1,2,10|14,6,7,15,0,1,10|14,6,7,15,0,2,1,10|14,6,7,15,0,2,10|14,6,7,15,1,0,2,10|14,6,7,15,1,2,10|14,6,7,15,1,10|14,6,7,15,12|14,6,7,15,13|14,6,12|14,6,13|14,6,15,0,1,2,10|14,6,15,0,1,10|14,6,15,0,2,1,10|14,6,15,0,2,10|14,6,15,1,0,2,10|14,6,15,1,2,10|14,6,15,1,10|14,6,15,7,12|14,6,15,7,13|14,6,15,12|14,6,15,13|14,7,6,12|14,7,6,13|14,7,6,15,0,1,2,10|14,7,6,15,0,1,10|14,7,6,15,0,2,1,10|14,7,6,15,0,2,10|14,7,6,15,1,0,2,10|14,7,6,15,1,2,10|14,7,6,15,1,10|14,7,6,15,12|14,7,6,15,13|14,7,12|14,7,13|14,7,15,0,1,2,10|14,7,15,0,1,10|14,7,15,0,2,1,10|14,7,15,0,2,10|14,7,15,1,0,2,10|14,7,15,1,2,10|14,7,15,1,10|14,7,15,6,12|14,7,15,6,13|14,7,15,12|14,7,15,13|15,0,1,2,10|15,0,1,10|15,0,2,1,10|15,0,2,10|15,1,0,2,10|15,1,2,10|15,1,10|15,6,7,12|15,6,7,13|15,6,12|15,6,13|15,6,14,7,12|15,6,14,7,13|15,7,6,12|15,7,6,13|15,7,12|15,7,13|15,7,14,6,12|15,7,14,6,13|15,12|15,13
14,5,6,7,12|14,5,6,7,13|14,5,6,7,15,0,1,2,10|14,5,6,7,15,0,1,10|14,5,6,7,15,0,2,1,10|14,5,6,7,15,0,2,10|14,5,6,7,15,1,0,2,10|14,5,6,7,15,1,2,10|14,5,6,7,15,1,10|14,5,6,7,15,12|14,5,6,7,15,13|14,5,6,12|14,5,6,13|14,5,6,15,0,1,2,10|14,5,6,15,0,1,10|14,5,6,15,0,2,1,10|14,5,6,15,0,2,10|14,5,6,15,1,0,2,10|14,5,6,15,1,2,10|14,5,6,15,1,10|14,5,6,15,7,12|14,5,6,15,7,13|14,5,6,15,12|14,5,6,15,13|14,5,7,6,12|14,5,7,6,13|14,5,7,6,15,0,1,2,10|14,5,7,6,15,0,1,10|14,5,7,6,15,0,2,1,10|14,5,7,6,15,0,2,10|14,5,7,6,15,1,0,2,10|14,5,7,6,15,1,2,10|14,5,7,6,15,1,10|14,5,7,6,15,12|14,5,7,6,15,13|14,5,7,12|14,5,7,13|14,5,7,15,0,1,2,10|14,5,7,15,0,1,10|14,5,7,15,0,2,1,10|14,5,7,15,0,2,10|14,5,7,15,1,0,2,10|14,5,7,15,1,2,10|14,5,7,15,1,10|14,5,7,15,6,12|14,5,7,15,6,13|14,5,7,15,12|14,5,7,15,13|14,5,12|14,5,13|14,5,15,0,1,2,10|14,5,15,0,1,10|14,5,15,0,2,1,10|14,5,15,0,2,10|14,5,15,1,0,2,10|14,5,15,1,2,10|14,5,15,1,10|14,5,15,6,7,12|14,5,15,6,7,13|14,5,15,6,12|14,5,15,6,13|14,5,15,7,6,12|14,5,15,7,6,13|14,5,15,7,12|14,5,15,7,13|14,5,15,12|14,5,15,13|14,7,5,6,12|14,7,5,6,13|14,7,5,6,15,0,1,2,10|14,7,5,6,15,0,1,10|14,7,5,6,15,0,2,1,10|14,7,5,6,15,0,2,10|14,7,5,6,15,1,0,2,10|14,7,5,6,15,1,2,10|14,7,5,6,15,1,10|14,7,5,6,15,12|14,7,5,6,15,13|14,7,5,12|14,7,5,13|14,7,5,15,0,1,2,10|14,7,5,15,0,1,10|14,7,5,15,0,2,1,10|14,7,5,15,0,2,10|14,7,5,15,1,0,2,10|14,7,5,15,1,2,10|14,7,5,15,1,10|14,7,5,15,6,12|14,7,5,15,6,13|14,7,5,15,12|14,7,5,15,13|14,7,6,5,12|14,7,6,5,13|14,7,6,5,15,0,1,2,10|14,7,6,5,15,0,1,10|14,7,6,5,15,0,2,1,10|14,7,6,5,15,0,2,10|14,7,6,5,15,1,0,2,10|14,7,6,5,15,1,2,10|14,7,6,5,15,1,10|14,7,6,5,15,12|14,7,6,5,15,13|14,7,6,12|14,7,6,13|14,7,6,15,0,1,2,10|14,7,6,15,0,1,10|14,7,6,15,0,2,1,10|14,7,6,15,0,2,10|14,7,6,15,1,0,2,10|14,7,6,15,1,2,10|14,7,6,15,1,10|14,7,6,15,5,12|14,7,6,15,5,13|14,7,6,15,12|14,7,6,15,13|14,7,12|14,7,13|14,7,15,0,1,2,10|14,7,15,0,1,10|14,7,15,0,2,1,10|14,7,15,0,2,10|14,7,15,1,0,2,10|14,7,15,1,2,10|14,7,15,1,10|14,7,15,5,6,12|14,7,15,5,6,13|14,7,15,5,12|14,7,15,5,13|14,7,15,6,5,12|14,7,15,6,5,13|14,7,15,6,12|14,7,15,6,13|14,7,15,12|14,7,15,13|15,0,1,2,10|15,0,1,10|15,0,2,1,10|15,0,2,10|15,1,0,2,10|15,1,2,10|15,1,10|15,5,6,7,12|15,5,6,7,13|15,5,6,12|15,5,6,13|15,5,7,6,12|15,5,7,6,13|15,5,7,12|15,5,7,13|15,5,12|15,5,13|15,5,14,7,6,12|15,5,14,7,6,13|15,5,14,7,12|15,5,14,7,13|15,6,5,7,12|15,6,5,7,13|15,6,5,12|15,6,5,13|15,6,5,14,7,12|15,6,5,14,7,13|15,6,7,5,12|15,6,7,5,13|15,6,7,12|15,6,7,13|15,6,7,14,5,12|15,6,7,14,5,13|15,6,12|15,6,13|15,7,5,6,12|15,7,5,6,13|15,7,5,12|15,7,5,13|15,7,6,5,12|15,7,6,5,13|15,7,6,12|15,7,6,13|15,7,12|15,7,13|15,7,14,5,6,12|15,7,14,5,6,13|15,7,14,5,12|15,7,14,5,13|15,12|15,13
15,0,1,2,10|15,0,1,10|15,1,2,10|15,1,10|15,7,5,6,12|15,7,5,6,13|15,7,5,12|15,7,5,13|15,7,6,5,12|15,7,6,5,13|15,7,6,12|15,7,6,13|15,7,12|15,7,13|15,12|15,13
14,5,7,6,10|14,5,7,6,12|14,5,7,10|14,5,7,12|14,5,7,15,0,1,2,10|14,5,7,15,0,1,10|14,5,7,15,1,2,10|14,5,7,15,1,10|14,5,7,15,2,1,10|14,5,7,15,2,10|14,5,7,15,10|14,5,7,15,12|14,5,10|14,5,12|14,5,13|14,5,15,0,1,2,10|14,5,15,0,1,10|14,5,15,1,2,10|14,5,15,1,10|14,5,15,2,1,10|14,5,15,2,10|14,5,15,7,6,10|14,5,15,7,6,12|14,5,15,7,10|14,5,15,7,12|14,5,15,10|14,5,15,12|15,0,1,2,10|15,0,1,10|15,1,2,10|15,1,10|15,2,1,10|15,2,10|15,5,7,6,10|15,5,7,6,12|15,5,7,10|15,5,7,12|15,5,10|15,5,12|15,5,13|15,7,5,10|15,7,5,12|15,7,5,13|15,7,6,10|15,7,6,12|15,7,10|15,7,12|15,10|15,12
14,6,5,7,10|14,6,5,7,12|14,6,5,10|14,6,5,12|14,6,7,5,10|14,6,7,5,12|14,6,7,10|14,6,7,12|14,6,10|14,6,12|15,0,1,2,9|15,0,1,2,10|15,0,1,10|15,1,2,9|15,1,2,10|15,1,10|15,2,1,10|15,2,9|15,2,10|15,10|15,12
14,5,6,7,10|14,5,6,7,12|14,5,10|14,5,12|14,5,15,0,1,2,9|14,5,15,0,1,2,10|14,5,15,0,1,10|14,5,15,1,2,9|14,5,15,1,2,10|14,5,15,1,10|14,5,15,2,1,10|14,5,15,2,9|14,5,15,2,10|14,5,15,10|14,5,15,12|14,6,5,10|14,6,5,12|14,6,5,15,0,1,2,9|14,6,5,15,0,1,2,10|14,6,5,15,0,1,10|14,6,5,15,1,2,9|14,6,5,15,1,2,10|14,6,5,15,1,10|14,6,5,15,2,1,10|14,6,5,15,2,9|14,6,5,15,2,10|14,6,5,15,10|14,6,5,15,12|14,6,7,10|14,6,7,12|15,0,1,2,9|15,0,1,2,10|15,0,1,10|15,1,2,9|15,1,2,10|15,1,10|15,2,1,10|15,2,9|15,2,10|15,5,6,7,10|15,5,6,7,12|15,5,10|15,5,12|15,5,14,6,7,10|15,5,14,6,7,12|15,10|15,12
14,6,7,5,9|14,6,7,5,10|14,6,7,9|14,6,7,10|14,6,9|14,6,10|14,6,15,0,1,2,9|14,6,15,0,1,2,10|14,6,15,0,1,10|14,6,15,1,2,9|14,6,15,1,2,10|14,6,15,1,10|14,6,15,2,1,10|14,6,15,2,9|14,6,15,2,10|14,6,15,9|14,6,15,10|14,7,5,9|14,7,5,10|14,7,6,9|14,7,6,10|14,7,6,15,0,1,2,9|14,7,6,15,0,1,2,10|14,7,6,15,0,1,10|14,7,6,15,1,2,9|14,7,6,15,1,2,10|14,7,6,15,1,10|14,7,6,15,2,1,10|14,7,6,15,2,9|14,7,6,15,2,10|14,7,6,15,9|14,7,6,15,10|14,7,9|14,7,10|15,0,1,2,9|15,0,1,2,10|15,0,1,10|15,1,2,9|15,1,2,10|15,1,10|15,2,1,10|15,2,9|15,2,10|15,6,7,5,9|15,6,7,5,10|15,6,7,9|15,6,7,10|15,6,9|15,6,10|15,6,14,7,5,9|15,6,14,7,5,10|15,6,14,7,9|15,6,14,7,10|15,9|15,10
14,5,6,9|14,5,6,10|14,5,6,15,0,1,2,9|14,5,6,15,0,1,2,10|14,5,6,15,0,1,10|14,5,6,15,1,2,9|14,5,6,15,1,2,10|14,5,6,15,1,10|14,5,6,15,2,1,10|14,5,6,15,2,9|14,5,6,15,2,10|14,5,6,15,9|14,5,6,15,10|14,5,7,6,9|14,5,7,6,10|14,5,7,6,15,0,1,2,9|14,5,7,6,15,0,1,2,10|14,5,7,6,15,0,1,10|14,5,7,6,15,1,2,9|14,5,7,6,15,1,2,10|14,5,7,6,15,1,10|14,5,7,6,15,2,1,10|14,5,7,6,15,2,9|14,5,7,6,15,2,10|14,5,7,6,15,9|14,5,7,6,15,10|14,5,9|14,5,10|14,5,15,0,1,2,9|14,5,15,0,1,2,10|14,5,15,0,1,10|14,5,15,1,2,9|14,5,15,1,2,10|14,5,15,1,10|14,5,15,2,1,10|14,5,15,2,9|14,5,15,2,10|14,5,15,6,9|14,5,15,6,10|14,5,15,9|14,5,15,10|14,7,5,6,9|14,7,5,6,10|14,7,5,6,15,0,1,2,9|14,7,5,6,15,0,1,2,10|14,7,5,6,15,0,1,10|14,7,5,6,15,1,2,9|14,7,5,6,15,1,2,10|14,7,5,6,15,1,10|14,7,5,6,15,2,1,10|14,7,5,6,15,2,9|14,7,5,6,15,2,10|14,7,5,6,15,9|14,7,5,6,15,10|14,7,5,9|14,7,5,10|14,7,5,15,0,1,2,9|14,7,5,15,0,1,2,10|14,7,5,15,0,1,10|14,7,5,15,1,2,9|14,7,5,15,1,2,10|14,7,5,15,1,10|14,7,5,15,2,1,10|14,7,5,15,2,9|14,7,5,15,2,10|14,7,5,15,6,9|14,7,5,15,6,10|14,7,5,15,9|14,7,5,15,10|14,7,6,5,9|14,7,6,5,10|14,7,6,5,15,0,1,2,9|14,7,6,5,15,0,1,2,10|14,7,6,5,15,0,1,10|14,7,6,5,15,1,2,9|14,7,6,5,15,1,2,10|14,7,6,5,15,1,10|14,7,6,5,15,2,1,10|14,7,6,5,15,2,9|14,7,6,5,15,2,10|14,7,6,5,15,9|14,7,6,5,15,10|14,7,6,9|14,7,6,10|14,7,6,15,0,1,2,9|14,7,6,15,0,1,2,10|14,7,6,15,0,1,10|14,7,6,15,1,2,9|14,7,6,15,1,2,10|14,7,6,15,1,10|14,7,6,15,2,1,10|14,7,6,15,2,9|14,7,6,15,2,10|14,7,6,15,5,9|14,7,6,15,5,10|14,7,6,15,9|14,7,6,15,10|15,0,1,2,9|15,0,1,2,10|15,0,1,10|15,1,2,9|15,1,2,10|15,1,10|15,2,1,10|15,2,9|15,2,10|15,5,6,9|15,5,6,10|15,5,7,6,9|15,5,7,6,10|15,5,9|15,5,10|15,5,14,7,6,9|15,5,14,7,6,10|15,6,5,9|15,6,5,10|15,6,7,5,9|15,6,7,5,10|15,6,7,14,5,9|15,6,7,14,5,10|15,6,9|15,6,10|15,9|15,10
14,7,9|14,7,10|14,7,15,0,1,2,9|14,7,15,0,1,2,10|14,7,15,0,1,10|14,7,15,1,2,9|14,7,15,1,2,10|14,7,15,1,10|14,7,15,2,1,10|14,7,15,2,9|14,7,15,2,10|14,7,15,9|14,7,15,10|15,0,1,2,9|15,0,1,2,10|15,0,1,10|15,1,2,9|15,1,2,10|15,1,10|15,2,1,10|15,2,9|15,2,10|15,7,9|15,7,10|15,9|15,10
14,5,7,9|14,5,7,10|14,5,7,15,0,1,2,9|14,5,7,15,0,1,2,10|14,5,7,15,0,1,10|14,5,7,15,1,2,9|14,5,7,15,1,2,10|14,5,7,15,1,10|14,5,7,15,2,1,10|14,5,7,15,2,9|14,5,7,15,2,10|14,5,7,15,9|14,5,7,15,10|14,5,9|14,5,10|14,5,15,0,1,2,9|14,5,15,0,1,2,10|14,5,15,0,1,10|14,5,15,1,2,9|14,5,15,1,2,10|14,5,15,1,10|14,5,15,2,1,10|14,5,15,2,9|14,5,15,2,10|14,5,15,7,9|14,5,15,7,10|14,5,15,9|14,5,15,10|14,7,5,9|14,7,5,10|14,7,5,15,0,1,2,9|14,7,5,15,0,1,2,10|14,7,5,15,0,1,10|14,7,5,15,1,2,9|14,7,5,15,1,2,10|14,7,5,15,1,10|14,7,5,15,2,1,10|14,7,5,15,2,9|14,7,5,15,2,10|14,7,5,15,9|14,7,5,15,10|14,7,9|14,7,10|14,7,15,0,1,2,9|14,7,15,0,1,2,10|14,7,15,0,1,10|14,7,15,1,2,9|14,7,15,1,2,10|14,7,15,1,10|14,7,15,2,1,10|14,7,15,2,9|14,7,15,2,10|14,7,15,5,9|14,7,15,5,10|14,7,15,9|14,7,15,10|15,0,1,2,9|15,0,1,2,10|15,0,1,10|15,1,2,9|15,1,2,10|15,1,10|15,2,1,10|15,2,9|15,2,10|15,5,7,9|15,5,7,10|15,5,9|15,5,10|15,5,14,7,9|15,5,14,7,10|15,7,5,9|15,7,5,10|15,7,9|15,7,10|15,7,14,5,9|15,7,14,5,10|15,9|15,10
14,6,5,7,9|14,6,5,7,10|14,6,5,7,15,1,2,9|14,6,5,7,15,1,10|14,6,5,7,15,2,1,10|14,6,5,7,15,2,9|14,6,5,7,15,9|14,6,5,7,15,10|14,6,5,9|14,6,5,10|14,6,9|14,6,10|15,1,2,9|15,1,10|15,2,1,10|15,2,9|15,7,5,6,9|15,7,5,6,10|15,7,5,9|15,7,5,10|15,7,9|15,7,10|15,9|15,10
14,5,7,9|14,5,7,13|14,5,7,15,1,2,9|14,5,7,15,1,10|14,5,7,15,2,1,10|14,5,7,15,2,9|14,5,7,15,9|14,5,7,15,13|14,5,9|14,5,10|14,5,13|14,5,15,1,2,9|14,5,15,1,10|14,5,15,2,1,10|14,5,15,2,9|14,5,15,7,9|14,5,15,7,13|14,5,15,9|14,5,15,13|14,6,5,7,9|14,6,5,7,13|14,6,5,7,15,1,2,9|14,6,5,7,15,1,10|14,6,5,7,15,2,1,10|14,6,5,7,15,2,9|14,6,5,7,15,9|14,6,5,7,15,13|14,6,5,9|14,6,5,10|14,6,5,13|14,6,5,15,1,2,9|14,6,5,15,1,10|14,6,5,15,2,1,10|14,6,5,15,2,9|14,6,5,15,7,9|14,6,5,15,7,13|14,6,5,15,9|14,6,5,15,13|15,1,2,9|15,1,10|15,2,1,10|15,2,9|15,5,7,9|15,5,7,13|15,5,9|15,5,10|15,5,13|15,7,5,9|15,7,5,10|15,7,5,13|15,7,9|15,7,13|15,9|15,13
14,6,9|14,6,13|14,6,15,1,2,9|14,6,15,1,10|14,6,15,2,1,10|14,6,15,2,9|14,6,15,9|14,6,15,13|15,1,2,9|15,1,10|15,2,1,10|15,2,9|15,6,9|15,6,13|15,9|15,13
14,5,6,9|14,5,6,13|14,5,6,15,2,1,9|14,5,6,15,2,1,10|14,5,6,15,2,9|14,5,6,15,9|14,5,6,15,13|14,5,9|14,5,13|14,5,15,2,1,9|14,5,15,2,1,10|14,5,15,2,9|14,5,15,6,9|14,5,15,6,13|14,5,15,9|14,5,15,13|15,2,1,9|15,2,1,10|15,2,9|15,5,6,9|15,5,6,13|15,5,9|15,5,13|15,6,5,9|15,6,5,13|15,6,9|15,6,13|15,9|15,13
14,7,5,6,12|14,7,5,6,13|14,7,5,12|14,7,5,13|14,7,12|14,7,13|15,2,1,9|15,2,1,10|15,2,9|15,12|15,13
14,5,7,6,12|14,5,7,6,13|14,5,12|14,5,13|14,5,15,12|14,5,15,13|14,7,5,12|14,7,5,13|14,7,5,15,12|14,7,5,15,13|14,7,6,12|14,7,6,13|15,5,7,6,12|15,5,7,6,13|15,5,12|15,5,13|15,5,14,7,6,12|15,5,14,7,6,13|15,12|15,13
14,6,5,12|14,6,5,13|14,6,7,12|14,6,7,13|14,6,7,15,12|14,6,7,15,13|14,6,12|14,6,13|14,7,6,5,12|14,7,6,5,13|14,7,6,12|14,7,6,13|14,7,12|14,7,13|14,7,15,12|14,7,15,13|15,7,6,5,12|15,7,6,5,13|15,7,6,12|15,7,6,13|15,7,12|15,7,13|15,7,14,6,5,12|15,7,14,6,5,13|15,7,14,6,12|15,7,14,6,13|15,12|15,13
14,5,6,7,12|14,5,6,7,13|14,5,6,7,15,12|14,5,6,7,15,13|14,5,7,12|14,5,7,13|14,5,7,15,12|14,5,7,15,13|14,5,12|14,5,13|14,5,15,7,12|14,5,15,7,13|14,5,15,12|14,5,15,13|14,6,5,7,12|14,6,5,7,13|14,6,5,7,15,12|14,6,5,7,15,13|14,6,5,12|14,6,5,13|14,6,5,15,7,12|14,6,5,15,7,13|14,6,5,15,12|14,6,5,15,13|14,6,7,5,12|14,6,7,5,13|14,6,7,5,15,12|14,6,7,5,15,13|14,6,7,12|14,6,7,13|14,6,7,15,5,12|14,6,7,15,5,13|14,6,7,15,12|14,6,7,15,13|14,7,5,12|14,7,5,13|14,7,5,15,12|14,7,5,15,13|14,7,6,5,12|14,7,6,5,13|14,7,6,5,15,12|14,7,6,5,15,13|14,7,12|14,7,13|14,7,15,5,12|14,7,15,5,13|14,7,15,12|14,7,15,13|15,5,6,7,12|15,5,6,7,13|15,5,6,14,7,12|15,5,6,14,7,13|15,5,7,12|15,5,7,13|15,5,12|15,5,13|15,5,14,6,7,12|15,5,14,6,7,13|15,5,14,7,12|15,5,14,7,13|15,7,5,12|15,7,5,13|15,7,6,5,12|15,7,6,5,13|15,7,6,14,5,12|15,7,6,14,5,13|15,7,12|15,7,13|15,7,14,5,12|15,7,14,5,13|15,7,14,6,5,12|15,7,14,6,5,13|15,12|15,13
14,6,7,5,12|14,6,7,5,13|14,6,7,12|14,6,7,13|14,6,7,15,12|14,6,7,15,13|14,6,12|14,6,13|14,6,15,7,5,12|14,6,15,7,5,13|14,6,15,7,12|14,6,15,7,13|14,6,15,12|14,6,15,13|15,6,7,5,12|15,6,7,5,13|15,6,7,12|15,6,7,13|15,6,12|15,6,13|15,7,5,12|15,7,5,13|15,7,6,12|15,7,6,13|15,7,12|15,7,13|15,12|15,13
14,5,6,7,10|14,5,6,7,12|14,5,6,7,15,10|14,5,6,7,15,12|14,5,6,10|14,5,6,12|14,5,6,15,7,10|14,5,6,15,7,12|14,5,6,15,10|14,5,6,15,12|14,5,7,6,10|14,5,7,6,12|14,5,7,6,15,10|14,5,7,6,15,12|14,5,7,10|14,5,7,12|14,5,7,15,6,10|14,5,7,15,6,12|14,5,7,15,10|14,5,7,15,12|14,5,10|14,5,12|14,5,13|14,5,15,6,7,10|14,5,15,6,7,12|14,5,15,6,10|14,5,15,6,12|14,5,15,7,6,10|14,5,15,7,6,12|14,5,15,7,10|14,5,15,7,12|14,5,15,10|14,5,15,12|15,5,6,7,10|15,5,6,7,12|15,5,6,10|15,5,6,12|15,5,7,6,10|15,5,7,6,12|15,5,7,10|15,5,7,12|15,5,10|15,5,12|15,5,13|15,6,5,7,10|15,6,5,7,12|15,6,5,10|15,6,5,12|15,6,5,13|15,6,7,5,10|15,6,7,5,12|15,6,7,5,13|15,6,7,10|15,6,7,12|15,6,10|15,6,12|15,7,5,6,10|15,7,5,6,12|15,7,5,10|15,7,5,12|15,7,5,13|15,7,6,5,10|15,7,6,5,12|15,7,6,5,13|15,7,6,10|15,7,6,12|15,7,10|15,7,12|15,10|15,12
15,1,2,9|15,1,9|15,10|15,12
14,5,10|14,5,12|14,5,15,1,2,9|14,5,15,1,9|14,5,15,10|14,5,15,12|15,1,2,9|15,1,9|15,5,10|15,5,12|15,10|15,12
14,6,5,7,9|14,6,5,7,10|14,6,5,9|14,6,5,10|14,6,7,5,9|14,6,7,5,10|14,6,7,9|14,6,7,10|14,6,9|14,6,10|14,7,5,6,9|14,7,5,6,10|14,7,5,9|14,7,5,10|14,7,6,5,9|14,7,6,5,10|14,7,6,9|14,7,6,10|14,7,9|14,7,10|15,1,2,9|15,1,9|15,9|15,10
14,5,9|14,5,10|14,5,15,1,9|14,5,15,2,1,9|14,5,15,9|14,5,15,10|14,6,5,9|14,6,5,10|14,6,5,15,1,9|14,6,5,15,2,1,9|14,6,5,15,9|14,6,5,15,10|14,6,7,5,9|14,6,7,5,10|14,6,7,5,15,1,9|14,6,7,5,15,2,1,9|14,6,7,5,15,9|14,6,7,5,15,10|14,7,5,9|14,7,5,10|14,7,5,15,1,9|14,7,5,15,2,1,9|14,7,5,15,9|14,7,5,15,10|14,7,6,5,9|14,7,6,5,10|14,7,6,5,15,1,9|14,7,6,5,15,2,1,9|14,7,6,5,15,9|14,7,6,5,15,10|15,1,9|15,2,1,9|15,5,9|15,5,10|15,9|15,10
14,6,7,9|14,6,7,10|14,6,7,15,1,9|14,6,7,15,2,1,9|14,6,7,15,9|14,6,7,15,10|14,6,9|14,6,10|14,6,15,1,9|14,6,15,2,1,9|14,6,15,7,9|14,6,15,7,10|14,6,15,9|14,6,15,10|14,7,6,9|14,7,6,10|14,7,6,15,1,9|14,7,6,15,2,1,9|14,7,6,15,9|14,7,6,15,10|14,7,9|14,7,10|14,7,15,1,9|14,7,15,2,1,9|14,7,15,6,9|14,7,15,6,10|14,7,15,9|14,7,15,10|15,1,9|15,2,1,9|15,6,7,9|15,6,7,10|15,6,9|15,6,10|15,6,14,7,9|15,6,14,7,10|15,7,6,9|15,7,6,10|15,7,9|15,7,10|15,7,14,6,9|15,7,14,6,10|15,9|15,10
